embryo,batch,n_donor,n_host,n_host_partition,n_donor_partition,sinkhorn,energy,sinkhorn_baseline,energy_baseline,sinkhorn_normalized,energy_normalized
E7.5-R1,0,1032,310,4,21,75.32001495361328,5.354623317718506,25.495786666870117,2.0924172401428223,1.5627744336864773,1.35561452708032
E7.5-R1,1,1032,310,4,21,91.4053955078125,5.9417009353637695,30.24378204345703,1.680391788482666,1.5956407650288535,1.8220783506055778
E7.5-R1,2,1032,310,4,21,85.83240509033203,5.997296333312988,33.93816375732422,2.3902363777160645,1.338613915180793,1.327158962042941
E7.5-R1,3,1032,310,4,21,85.60618591308594,6.759909152984619,56.21356964111328,3.368551731109619,0.6067966187112152,1.004875403057122
E7.5-R1,4,1032,310,4,21,92.8512954711914,6.521907329559326,44.86390686035156,1.943582534790039,1.0493667795770676,1.7465755683954722
E7.5-R1,5,1032,310,3,21,82.21495056152344,6.295029163360596,44.3748779296875,3.1860408782958984,0.8896576170514693,0.9824482842305362
E7.5-R1,6,1032,310,3,21,64.19931030273438,3.942002773284912,34.64178466796875,2.8261804580688477,0.8900445420361827,0.4800752033669934
E7.5-R1,7,1032,310,3,21,79.78720092773438,6.162568092346191,27.17092514038086,2.914797306060791,1.5540936463410995,1.0801361199870008
E7.5-R1,8,1032,310,3,21,93.65934753417969,5.579649925231934,43.584022521972656,2.619129180908203,1.1036236337490735,1.091087390090945
E7.5-R1,9,1032,310,3,21,79.5190658569336,6.7527360916137695,35.762306213378906,2.7269763946533203,1.1528610340886079,1.3081699636435467
E7.5-R1,10,1032,310,3,21,70.0731430053711,4.520522117614746,31.509807586669922,2.7703137397766113,1.153060662560777,0.7064400410334601
E7.5-R1,11,1032,310,3,21,60.006771087646484,2.983734130859375,37.631771087646484,2.353118896484375,0.6731741123127476,0.34254477055146154
E7.5-R1,12,1032,310,3,21,83.23191833496094,7.129123210906982,24.54654312133789,2.2740159034729004,1.7616170241092743,1.6484823110780669
E7.5-R1,13,1032,310,3,21,91.95787048339844,6.842667579650879,16.827632904052734,1.9539189338684082,2.450140806124794,1.8081882496167527
E7.5-R1,14,1032,310,3,21,79.64134216308594,6.435441970825195,40.1018180847168,2.4747133255004883,0.989849889197413,1.3787778217910245
E7.5-R1,15,1032,310,3,21,83.37477111816406,5.591270446777344,58.82616424560547,3.516252040863037,0.5031529272654339,0.669137644153739
E7.5-R1,16,1032,310,3,21,64.58759307861328,4.231902122497559,29.091510772705078,2.293421745300293,1.1506588377074092,0.8838045789576393
E7.5-R1,17,1032,310,3,21,66.15727233886719,4.532339096069336,35.24729919433594,2.291712760925293,0.9083870374869766,0.9838295726535644
E7.5-R1,18,1032,310,3,21,82.989990234375,6.983748435974121,66.8733139038086,4.353629112243652,0.31150672577015476,0.6817830832075248
E7.5-R1,19,1032,310,3,21,90.32305908203125,7.853396415710449,65.4092788696289,4.520843505859375,0.46559903950445586,0.7967247438323274
E7.5-R1,20,1032,310,3,21,85.90336608886719,6.342103958129883,21.384990692138672,2.028857707977295,2.006116084618175,1.644293839334103
E7.5-R1,21,1032,310,3,21,93.95610046386719,7.866058349609375,9.758069038391113,1.5425853729248047,3.2673192417640338,2.350290551910172
E7.5-R1,22,1032,310,3,21,89.85116577148438,7.74066162109375,54.229637145996094,4.816510200500488,0.7284557048441225,0.6844686626136441
E7.5-R1,23,1032,310,3,21,84.05321502685547,6.3867340087890625,35.12837219238281,2.367546558380127,1.258666278143223,1.4316855702648994
E7.5-R1,24,1032,310,3,21,62.360076904296875,3.7872543334960938,38.09687423706055,2.9360780715942383,0.7109500745236191,0.36726197824497153
E7.5-R1,25,1032,310,3,21,52.50506591796875,3.7236275672912598,63.83057403564453,4.431692600250244,-0.2817909951633968,-0.25114903031013086
E7.5-R1,26,1032,310,3,21,67.7666015625,3.8731231689453125,57.423919677734375,3.3203954696655273,0.23892261305118634,0.2221422997740795
E7.5-R1,27,1032,310,3,21,83.25775909423828,6.413766860961914,21.65959930419922,2.0418567657470703,1.9425781746751978,1.6512902469593342
E7.5-R1,28,1032,310,3,21,75.80988311767578,6.054227828979492,32.16015625,2.2620644569396973,1.2371115248217235,1.4203029276655152
E7.5-R1,29,1032,310,3,21,83.64031982421875,7.436935901641846,35.5738525390625,2.977555274963379,1.2333813562154625,1.3205800473776197
E7.5-R1,30,1032,310,3,21,85.71568298339844,7.813290596008301,24.458581924438477,2.3728089332580566,1.809218430634294,1.7193343382211332
E7.5-R1,31,1032,310,3,21,91.86922454833984,6.224086761474609,44.444305419921875,2.916065216064453,1.0475830705918923,1.0938391860589087
E7.5-R1,32,1032,310,3,20,89.63208770751953,7.944583892822266,18.387256622314453,2.1824798583984375,2.285309054458977,1.864003319039685
E7.5-R1,33,1032,310,3,20,64.19224548339844,3.885531425476074,39.62787628173828,2.734037399291992,0.6958833750620395,0.5070789521146993
E7.5-R1,34,1032,310,3,20,54.87346267700195,3.334527015686035,39.029441833496094,2.6233062744140625,0.49154578627964474,0.34609588361090016
E7.5-R1,35,1032,310,3,20,93.82776641845703,6.113042831420898,38.56623077392578,3.0141186714172363,1.2826767694480654,1.0201544558506939
E7.5-R1,36,1032,310,3,20,62.40937042236328,3.920560836791992,37.70550537109375,2.5449090003967285,0.726987471641247,0.6234459767921445
E7.5-R1,37,1032,310,3,20,96.23188781738281,7.40381383895874,44.19683074951172,2.6981492042541504,1.1225721098622181,1.4562984909172854
E7.5-R1,38,1032,310,3,20,81.02487182617188,6.525055408477783,20.063554763793945,2.369842052459717,2.013787594994622,1.461199244409845
E7.5-R1,39,1032,310,3,20,66.89511108398438,3.7678470611572266,33.07257080078125,2.764023780822754,1.0162655841726826,0.4469703781178568
E7.5-R1,40,1032,310,3,20,77.16365814208984,6.035309314727783,13.728912353515625,1.9040603637695312,2.490704204392522,1.6643484955865584
E7.5-R1,41,1032,310,3,20,85.42337036132812,7.691561222076416,9.68100357055664,1.300269603729248,3.1414023045812045,2.5644656749552333
E7.5-R1,42,1032,310,3,20,91.01872253417969,5.982758045196533,70.68505859375,3.7921648025512695,0.3647580475246276,0.6577890554259618
E7.5-R1,43,1032,310,3,20,45.74971389770508,2.7960166931152344,48.41259765625,4.341980934143066,-0.08161978508429348,-0.6349804169298333
E7.5-R1,44,1032,310,3,20,57.30261993408203,4.173140525817871,35.11965560913086,2.291734218597412,0.7063224044092881,0.8646937637577821
E7.5-R1,45,1032,310,3,20,79.03572082519531,6.692584991455078,17.317440032958984,2.062676429748535,2.190279160165854,1.6980460306050915
E7.5-R1,46,1032,310,3,20,76.98985290527344,6.2800140380859375,28.078344345092773,2.2859344482421875,1.4552104454267725,1.4579837508296225
E7.5-R1,47,1032,310,3,20,64.93350219726562,3.6134462356567383,33.568458557128906,2.5656275749206543,0.9518567325248867,0.4940636638350762
E7.5-R1,48,1032,310,3,20,71.40635681152344,5.291962623596191,24.990612030029297,2.212601661682129,1.5146662790485157,1.258059128342114
E7.5-R1,49,1032,310,3,20,76.00132751464844,5.410257339477539,36.19166564941406,2.4926819801330566,1.070367111912702,1.117998384119519
E7.5-R2,0,1322,516,6,27,84.56460571289062,5.896912574768066,12.001558303833008,0.812675952911377,2.8168322134628667,2.859207694861077
E7.5-R2,1,1322,516,6,27,69.40504455566406,4.263045310974121,27.220674514770508,1.477238655090332,1.3503377092353972,1.52898147013937
E7.5-R2,2,1322,516,6,27,79.10729217529297,5.79930305480957,42.02401351928711,2.0812149047851562,0.9125967359181741,1.4784535868727828
E7.5-R2,3,1322,516,6,27,93.11869812011719,5.232330322265625,20.52153778076172,1.063180923461914,2.181932044962221,2.299066498656311
E7.5-R2,4,1322,516,6,27,69.05472564697266,3.79990291595459,27.878089904785156,1.2609481811523438,1.3086084294335385,1.5914535703645727
E7.5-R2,5,1322,516,6,27,72.47657012939453,4.367687225341797,34.88022232055664,1.5802698135375977,1.0551054474754846,1.4666986434484923
E7.5-R2,6,1322,516,6,27,90.44879150390625,7.455845355987549,44.16480255126953,1.9971179962158203,1.0342041653579541,1.90045236250749
E7.5-R2,7,1322,516,6,27,77.87184143066406,5.31391716003418,12.884449005126953,0.8700065612792969,2.5954708993674633,2.6106775510680866
E7.5-R2,8,1322,516,5,27,80.823486328125,5.374539852142334,54.220664978027344,3.0167012214660645,0.5759317767235688,0.8331694249568152
E7.5-R2,9,1322,516,5,27,72.13575744628906,4.602646827697754,47.095672607421875,2.7923593521118164,0.6151200720401055,0.7209791296344052
E7.5-R2,10,1322,516,5,27,76.2042465209961,4.430170059204102,34.43975830078125,1.582808494567871,1.1457963769901882,1.4848753669577834
E7.5-R2,11,1322,516,5,27,80.86224365234375,4.426002502441406,34.58074951171875,2.0993804931640625,1.2254970953991884,1.0760406014632184
E7.5-R2,12,1322,516,5,27,95.97993469238281,6.47829008102417,69.93362426757812,3.342118263244629,0.4567465574824767,0.9548502846227975
E7.5-R2,13,1322,516,5,27,80.03961181640625,5.24936580657959,36.332881927490234,1.6248655319213867,1.139438365349675,1.6918228057160634
E7.5-R2,14,1322,516,5,27,97.4395751953125,6.576735496520996,25.742238998413086,1.4152660369873047,1.9203703023973064,2.216298377508095
E7.5-R2,15,1322,516,5,27,64.54331970214844,3.521923065185547,31.709806442260742,1.6670722961425781,1.0253387116772594,1.0790467232677101
E7.5-R2,16,1322,516,5,27,85.05314636230469,5.511961936950684,12.44694709777832,1.1629810333251953,2.772572675055332,2.2447383569301356
E7.5-R2,17,1322,516,5,27,93.35704040527344,6.375100135803223,25.830265045166016,1.4623355865478516,1.8536963785378824,2.124173574447506
E7.5-R2,18,1322,516,5,27,92.5911636352539,7.205643177032471,52.904052734375,3.336650848388672,0.8074962728346963,1.110726482493769
E7.5-R2,19,1322,516,5,27,49.57008743286133,2.1419286727905273,40.956119537353516,2.2976036071777344,0.2753907724433022,-0.10121948078898058
E7.5-R2,20,1322,516,5,27,70.3935546875,3.4777603149414062,40.81703186035156,1.978266716003418,0.7862720640908955,0.813921558640548
E7.5-R2,21,1322,516,5,27,91.52098846435547,5.766658782958984,36.084747314453125,1.3212413787841797,1.3427134816579984,2.1258416017669712
E7.5-R2,22,1322,516,5,26,70.60081481933594,4.430676460266113,25.611072540283203,1.456808090209961,1.4629171626778752,1.6047161419714553
E7.5-R2,23,1322,516,5,26,78.44357299804688,4.590527534484863,41.164859771728516,2.4452762603759766,0.9302419382741743,0.9086624888917546
E7.5-R2,24,1322,516,5,26,67.01581573486328,3.2001113891601562,34.921043395996094,1.9759483337402344,0.9404049463440132,0.695576898735526
E7.5-R2,25,1322,516,5,26,52.17441940307617,2.294743537902832,38.236595153808594,1.9021730422973633,0.44838857949365485,0.27068443070844145
E7.5-R2,26,1322,516,5,26,55.355953216552734,2.387105941772461,59.734947204589844,2.531932830810547,-0.10983673071378695,-0.08497653641565286
E7.5-R2,27,1322,516,5,26,78.64729309082031,5.465486526489258,60.12394332885742,3.6460952758789062,0.3874574774167755,0.5839976665504751
E7.5-R2,28,1322,516,5,26,89.14582061767578,6.3910722732543945,47.605918884277344,3.309504508972168,0.9050262060475497,0.9494427657663183
E7.5-R2,29,1322,516,5,26,88.57321166992188,6.382196426391602,23.14227294921875,1.6646814346313477,1.9363398644003005,1.9388068922237958
E7.5-R2,30,1322,516,5,26,57.66712188720703,2.4849281311035156,39.771339416503906,2.219432830810547,0.5360198706665349,0.16301307945544435
E7.5-R2,31,1322,516,5,26,91.1016845703125,5.924661636352539,32.63079833984375,1.5231413841247559,1.481243446685993,1.959682897723121
E7.5-R2,32,1322,516,5,26,75.31253051757812,4.744654655456543,27.726064682006836,2.08811616897583,1.4416470598294404,1.1841011068804952
E7.5-R2,33,1322,516,5,26,89.46028900146484,5.450237274169922,45.304710388183594,2.5429229736328125,0.9815863620738735,1.0998312757207624
E7.5-R2,34,1322,516,5,26,87.4901123046875,5.06149959564209,43.46766662597656,2.6962637901306152,1.0091773271333713,0.908603232565214
E7.5-R2,35,1322,516,5,26,90.61332702636719,7.588912010192871,22.713481903076172,1.310755729675293,1.9961743679182624,2.5334942151710926
E7.5-R2,36,1322,516,5,26,64.16136169433594,2.9946908950805664,28.548261642456055,1.5658912658691406,1.1683018605460318,0.9354230625097391
E7.5-R2,37,1322,516,5,26,55.52798080444336,2.271237373352051,51.977882385253906,2.9496841430664062,0.09531707672566729,-0.3770819826275019
E7.5-R2,38,1322,516,5,26,64.3663101196289,3.319647789001465,20.240312576293945,1.3945703506469727,1.669074196784301,1.2512094667740796
E7.5-R2,39,1322,516,5,26,81.16455078125,4.696146011352539,39.61088943481445,1.6911020278930664,1.0349526609129582,1.4735135617163542
E7.5-R2,40,1322,516,5,26,71.72169494628906,4.979321479797363,56.600135803222656,2.4099369049072266,0.34160406818078026,1.046953787660913
E7.5-R2,41,1322,516,5,26,55.90606689453125,2.9369964599609375,56.75163269042969,4.083566665649414,-0.021657045955107104,-0.47548825365041225
E7.5-R2,42,1322,516,5,26,109.76589965820312,8.084041595458984,35.010765075683594,2.3076658248901367,1.6485594363248033,1.8086424237738092
E7.5-R2,43,1322,516,5,26,77.90187072753906,5.25095272064209,45.657928466796875,2.3627214431762695,0.770792568502681,1.1521296552610605
E7.5-R2,44,1322,516,5,26,72.27751922607422,3.894254684448242,36.645294189453125,1.777958869934082,0.979919043208229,1.131125289222016
E7.5-R2,45,1322,516,5,26,87.66949462890625,5.342157363891602,33.129024505615234,1.933833122253418,1.4039792081271423,1.465959169461499
E7.5-R2,46,1322,516,5,26,77.14612579345703,5.1946234703063965,67.67689514160156,3.8480653762817383,0.18893032532851117,0.43288587006393103
E7.5-R2,47,1322,516,5,26,62.38639450073242,3.0233726501464844,45.53560256958008,2.643522262573242,0.454236458784876,0.19369733487013407
E7.5-R2,48,1322,516,5,26,97.766845703125,6.125951766967773,34.94879150390625,1.948653221130371,1.4841027377766383,1.6524566338516058
E7.5-R2,49,1322,516,5,26,81.0466079711914,4.747722625732422,15.868377685546875,1.1524105072021484,2.352597165358268,2.042580931889548
E7.5-R3,0,1417,51,2,57,80.73544311523438,5.380764007568359,53.134403228759766,5.909603595733643,0.6035558868760841,-0.13525032689266364
E7.5-R3,1,1417,51,1,57,92.64984130859375,9.675108909606934,98.35516357421875,14.022534370422363,-0.08621228973270464,-0.5353973127742755
E7.5-R3,2,1417,51,1,57,93.59608459472656,9.716693878173828,6.988945007324219,3.738600730895996,3.743301578831871,1.3779671130668876
E7.5-R3,3,1417,51,1,57,85.45292663574219,8.386626243591309,88.84825897216797,13.330184936523438,-0.05621360326281857,-0.6685343280149407
E7.5-R3,4,1417,51,1,57,99.16658020019531,9.368690490722656,26.93836212158203,7.333410739898682,1.8801918684402168,0.3533630630722069
E7.5-R3,5,1417,51,1,57,155.36276245117188,13.385168075561523,102.43640899658203,14.313283920288086,0.6009121742354456,-0.09671945513994157
E7.5-R3,6,1417,51,1,57,103.47372436523438,10.119535446166992,16.417724609375,5.7235565185546875,2.6559383651189425,0.8221592658932867
E7.5-R3,7,1417,51,1,57,88.82379150390625,9.019103050231934,24.825733184814453,7.039717674255371,1.8391098291681975,0.35746639342235503
E7.5-R3,8,1417,51,1,57,73.91495513916016,7.688551425933838,87.36384582519531,13.218358039855957,-0.24117007327177784,-0.781759263457465
E7.5-R3,9,1417,51,1,57,58.22585678100586,6.73091983795166,101.23303985595703,14.228963851928711,-0.7979483567241855,-1.0799550290734663
E7.5-R3,10,1417,51,1,57,34.51792907714844,3.8498330116271973,81.59955596923828,12.769414901733398,-1.241215389872206,-1.7298246471723255
E7.5-R3,11,1417,51,1,57,54.71327209472656,6.2798380851745605,83.64620971679688,12.930200576782227,-0.612409330696021,-1.0419453875004752
E7.5-R3,12,1417,51,1,57,99.68085479736328,10.190165519714355,102.64147186279297,14.327597618103027,-0.04222541858163291,-0.49161924027870096
E7.5-R3,13,1417,51,1,57,45.858001708984375,5.208911418914795,82.73458862304688,12.860669136047363,-0.8513171091240281,-1.3039118991308256
E7.5-R3,14,1417,51,1,57,149.7064666748047,13.054927825927734,98.94419860839844,14.063333511352539,0.5974495155773174,-0.1073441233544071
E7.5-R3,15,1417,51,1,57,86.4100570678711,8.877435684204102,71.32019805908203,11.943113327026367,0.2768885247286592,-0.4279640586488365
E7.5-R3,16,1417,51,1,57,74.54484558105469,8.069679260253906,209.37796020507812,20.460718154907227,-1.489929081939118,-1.3422735454269978
E7.5-R3,17,1417,51,1,56,41.30421829223633,4.810770511627197,91.17912292480469,13.503899574279785,-1.1424144037626696,-1.4890361949351485
E7.5-R3,18,1417,51,1,56,51.45948791503906,5.785017967224121,86.87014770507812,13.180960655212402,-0.755423389978777,-1.1880621755223228
E7.5-R3,19,1417,51,1,56,90.69048309326172,9.655838012695312,8.073837280273438,4.01175594329834,3.48962474848815,1.2671676317825415
E7.5-R3,20,1417,51,1,56,93.61196899414062,9.317495346069336,80.37197875976562,12.674534797668457,0.22000039949091232,-0.4439186974881278
E7.5-R3,21,1417,51,1,56,102.947998046875,10.125511169433594,21.370548248291016,6.534858703613281,2.2682199501854523,0.6317667942821452
E7.5-R3,22,1417,51,1,56,68.00369262695312,7.26630163192749,84.9425048828125,13.033895492553711,-0.32087356578064585,-0.8429751724810838
E7.5-R3,23,1417,51,1,56,112.46986389160156,10.668481826782227,102.60169219970703,14.324819564819336,0.13248396017521072,-0.4251620781957354
E7.5-R3,24,1417,51,1,56,71.34140014648438,7.565654277801514,102.25080871582031,14.296457290649414,-0.5193008181557889,-0.9181209294734803
E8.0-R1,0,4222,276,3,85,68.85054016113281,6.085714340209961,34.32902526855469,3.2394962310791016,1.0040390786638451,0.9096571368650386
E8.0-R1,1,4222,276,3,85,80.58699035644531,4.209543228149414,67.93634033203125,3.360757827758789,0.24636345093541995,0.3248771094038308
E8.0-R1,2,4222,276,3,85,40.7241325378418,2.2576723098754883,77.14765930175781,5.773561477661133,-0.9217384170542933,-1.3546254328056582
E8.0-R1,3,4222,276,3,85,49.77549743652344,3.0070486068725586,34.036354064941406,2.849641799926758,0.5483592282695732,0.07756760441616353
E8.0-R1,4,4222,276,3,85,69.10458374023438,5.843502998352051,47.76087951660156,3.36673641204834,0.5329520043658059,0.7954827048995943
E8.0-R1,5,4222,276,3,85,49.85860824584961,2.999110698699951,28.752687454223633,2.9570655822753906,0.7941458038936778,0.020368533661159333
E8.0-R1,6,4222,276,3,85,55.08186340332031,3.224604606628418,46.291534423828125,2.9109039306640625,0.2508289818664378,0.14765504493656426
E8.0-R1,7,4222,276,3,85,57.693946838378906,3.3536806106567383,31.217058181762695,2.0368504524230957,0.8860853737151289,0.7194052396127594
E8.0-R1,8,4222,276,3,85,67.30968475341797,4.316762924194336,28.725675582885742,2.292834758758545,1.228473276593505,0.9128174766880023
E8.0-R1,9,4222,276,3,85,55.041778564453125,2.665739059448242,25.30867576599121,2.0709228515625,1.1208950657587466,0.36426175700090435
E8.0-R1,10,4222,276,3,85,64.93766784667969,5.303762912750244,44.80900573730469,3.9803686141967773,0.5352668579815965,0.414114243824594
E8.0-R1,11,4222,276,3,85,62.97358322143555,3.1655149459838867,57.21449279785156,4.402766704559326,0.13836612239734872,-0.47597019297399734
E8.0-R1,12,4222,276,3,85,40.82185363769531,1.8173627853393555,48.338722229003906,3.3095598220825195,-0.24383764413028308,-0.8647929067465814
E8.0-R1,13,4222,276,3,85,69.32783508300781,4.62539005279541,43.48407745361328,4.490655899047852,0.6729474832261557,0.04264885283434256
E8.0-R1,14,4222,276,3,85,68.91019439697266,4.21115779876709,40.050315856933594,2.21567440032959,0.7829038068154321,0.9264710477795247
E8.0-R1,15,4222,276,3,85,30.942947387695312,1.8136749267578125,58.44317626953125,4.659062385559082,-0.9174239644672383,-1.3611237502689046
E8.0-R1,16,4222,276,3,85,35.37744140625,1.5952281951904297,39.84334182739258,3.0815138816833496,-0.1715089452034417,-0.9498764759252918
E8.0-R1,17,4222,276,3,85,50.48150634765625,3.079395294189453,35.87042236328125,2.794501304626465,0.49296022770764747,0.1400562258556153
E8.0-R1,18,4222,276,3,85,66.81808471679688,5.535065650939941,15.915508270263672,1.825423240661621,2.0698053987003253,1.6003694242989916
E8.0-R1,19,4222,276,3,85,57.11565017700195,3.077572822570801,39.99445343017578,3.310220718383789,0.5140861746372013,-0.10513442138347225
E8.0-R1,20,4222,276,3,85,52.08753204345703,2.8780412673950195,46.0319709777832,3.756397247314453,0.17830186585174074,-0.3842623606396165
E8.0-R1,21,4222,276,3,85,44.529541015625,1.9252195358276367,38.04149627685547,2.2995386123657227,0.22718874891851232,-0.25632145473901563
E8.0-R1,22,4222,276,3,84,50.473854064941406,2.5008039474487305,35.549232482910156,3.1307730674743652,0.5057178396237875,-0.32412697852968403
E8.0-R1,23,4222,276,3,84,43.908905029296875,2.1749563217163086,31.095993041992188,2.279611110687256,0.4977848679818791,-0.0678013009053906
E8.0-R1,24,4222,276,3,84,37.929481506347656,1.4975852966308594,44.7042350769043,3.5186290740966797,-0.23709186206614338,-1.2323752608117104
E8.0-R1,25,4222,276,3,84,69.17912292480469,6.041764736175537,27.630435943603516,1.7861318588256836,1.3240783981937843,1.7581314177635536
E8.0-R1,26,4222,276,3,84,58.088199615478516,3.750521659851074,26.50904083251953,1.963028907775879,1.1317606450770707,0.9340098556951505
E8.0-R1,27,4222,276,3,84,56.97087860107422,2.872097969055176,67.22645568847656,4.1616315841674805,-0.23880443431599105,-0.5350442923544723
E8.0-R1,28,4222,276,3,84,61.28256607055664,3.540435791015625,41.95111083984375,2.8944993019104004,0.5467676953035276,0.2906131434508893
E8.0-R1,29,4222,276,3,84,59.207942962646484,3.909883975982666,54.90196228027344,4.017921447753906,0.10893301738350784,-0.039323562130342965
E8.0-R1,30,4222,276,3,84,46.92668914794922,1.9978084564208984,32.73228454589844,2.5935049057006836,0.5196943778430116,-0.37648482990287724
E8.0-R1,31,4222,276,3,84,40.62279510498047,1.7037363052368164,50.54936218261719,4.409600257873535,-0.3154033791462005,-1.3719458169400616
E8.0-R1,32,4222,276,3,84,52.11970138549805,2.898723602294922,11.697887420654297,1.567821979522705,2.1555808082565235,0.8866560208069292
E8.0-R1,33,4222,276,3,84,58.60371398925781,2.8872718811035156,37.371856689453125,2.7297096252441406,0.6490398570875282,0.08095947430120995
E8.0-R1,34,4222,276,3,84,39.242225646972656,1.5215253829956055,22.397567749023438,2.074530601501465,0.8090647950630254,-0.44726653667700444
E8.0-R1,35,4222,276,3,84,72.16997528076172,6.506380081176758,86.86927032470703,8.596224784851074,-0.2674471587595853,-0.40184810634845347
E8.0-R1,36,4222,276,3,84,41.06990051269531,1.7904043197631836,44.391334533691406,3.0524444580078125,-0.11219662840694793,-0.7696796220427397
E8.0-R1,37,4222,276,3,84,66.52652740478516,4.034195899963379,42.1325569152832,3.1485509872436523,0.6589942569793045,0.35759311234756297
E8.0-R1,38,4222,276,2,84,54.49369812011719,3.0858383178710938,36.129425048828125,3.5584535598754883,0.5929151038251341,-0.20558793393051542
E8.0-R1,39,4222,276,2,84,75.1319351196289,4.789121150970459,51.86126708984375,5.460721492767334,0.5347688062357979,-0.18933064641959652
E8.0-R1,40,4222,276,2,84,50.272789001464844,3.144237995147705,32.063140869140625,3.5277018547058105,0.6488619709663235,-0.16601821314922202
E8.0-R1,41,4222,276,2,84,48.86691665649414,3.385819435119629,80.01815795898438,8.45258617401123,-0.7114693397194557,-1.319887782722422
E8.0-R1,42,4222,276,2,84,52.64568328857422,3.124898910522461,30.56948471069336,3.8268980979919434,0.7842230076493625,-0.2923659658657861
E8.0-R1,43,4222,276,2,84,84.37779235839844,4.814342498779297,86.45219421386719,5.492702960968018,-0.03503923918441474,-0.19017749396182593
E8.0-R1,44,4222,276,2,84,53.11742401123047,3.2618846893310547,36.48495864868164,4.132892608642578,0.5418833646355867,-0.34144609408240595
E8.0-R1,45,4222,276,2,84,69.30390930175781,5.1864118576049805,71.9521255493164,8.025680541992188,-0.054100572139286575,-0.6298869550967219
E8.0-R1,46,4222,276,2,84,53.455596923828125,3.542835235595703,19.324012756347656,3.032268524169922,1.467946299091688,0.22450685470635437
E8.0-R1,47,4222,276,2,84,49.24604034423828,3.2806506156921387,40.885009765625,4.306248664855957,0.2684357435660307,-0.39244967330564184
E8.0-R1,48,4222,276,2,84,84.562744140625,7.6479997634887695,44.648231506347656,4.203098297119141,0.921419162227683,0.8636292817648172
E8.0-R1,49,4222,276,2,84,45.731475830078125,2.9339518547058105,52.8714599609375,5.350912570953369,-0.20930168694635046,-0.8669397598057913
E8.0-R2,0,7787,2894,29,156,26.27324676513672,0.3557767868041992,28.335493087768555,0.3825807571411133,-0.10901581291454278,-0.10479192869199308
E8.0-R2,1,7787,2894,29,156,26.085357666015625,0.43125343322753906,25.35588836669922,0.3625354766845703,0.04091939340016925,0.25041376213757105
E8.0-R2,2,7787,2894,29,156,26.619953155517578,0.3989849090576172,24.745363235473633,0.31293678283691406,0.10534981288740032,0.3504629358710824
E8.0-R2,3,7787,2894,29,156,24.486988067626953,0.45940113067626953,25.81494140625,0.37806224822998047,-0.07619099214029401,0.28113061266142103
E8.0-R2,4,7787,2894,29,156,23.88130760192871,0.28078651428222656,24.63611602783203,0.3464012145996094,-0.044892995525001395,-0.30297034163000774
E8.0-R2,5,7787,2894,29,156,26.80771255493164,0.38034915924072266,24.999277114868164,0.3264474868774414,0.10076174430181933,0.22047348091977953
E8.0-R2,6,7787,2894,29,156,23.932598114013672,0.33838462829589844,23.461095809936523,0.34883880615234375,0.02870662415092333,-0.04389650687119546
E8.0-R2,7,7787,2894,29,156,25.751338958740234,0.4781227111816406,23.334491729736328,0.33064842224121094,0.14218340521397166,0.532082918925673
E8.0-R2,8,7787,2894,29,156,27.0303897857666,0.33953285217285156,24.886592864990234,0.2890186309814453,0.11921358650195264,0.23238867599513613
E8.0-R2,9,7787,2894,29,156,23.259389877319336,0.3534116744995117,23.25849151611328,0.30304622650146484,5.572314207949029e-05,0.22181181987231238
E8.0-R2,10,7787,2894,29,156,21.800823211669922,0.23369312286376953,23.246950149536133,0.3630237579345703,-0.09265884328893634,-0.6354486888474982
E8.0-R2,11,7787,2894,29,156,24.55118751525879,0.29541969299316406,26.172313690185547,0.33142757415771484,-0.0922486595656425,-0.16592763619173256
E8.0-R2,12,7787,2894,29,156,24.54878807067871,0.4328756332397461,24.68372344970703,0.40283775329589844,-0.007908233141124479,0.10375369619362257
E8.0-R2,13,7787,2894,29,156,21.812713623046875,0.23647499084472656,24.26426887512207,0.32161998748779297,-0.15366412939009944,-0.4436694525542539
E8.0-R2,14,7787,2894,29,156,27.41580581665039,0.569727897644043,24.487686157226562,0.4383087158203125,0.16295141853399697,0.37832568451612597
E8.0-R2,15,7787,2894,29,156,24.066570281982422,0.2723655700683594,19.46251106262207,0.3475809097290039,0.3063326991828,-0.3518045041001773
E8.0-R2,16,7787,2894,29,156,25.185691833496094,0.45755958557128906,23.583045959472656,0.4118223190307617,0.09485429416542945,0.15193761012755747
E8.0-R2,17,7787,2894,29,156,24.575868606567383,0.4070777893066406,26.29288101196289,0.3656473159790039,-0.0974298243460444,0.1548517362948823
E8.0-R2,18,7787,2894,29,156,23.928802490234375,0.3272743225097656,21.827884674072266,0.3395395278930664,0.13257587296450518,-0.05307912231782745
E8.0-R2,19,7787,2894,29,156,26.886112213134766,0.40335750579833984,26.202545166015625,0.3887367248535156,0.037154199886891365,0.05326569344888127
E8.0-R2,20,7787,2894,29,156,22.01384925842285,0.25948143005371094,27.19756507873535,0.5568275451660156,-0.30506606535498654,-1.1015992853148242
E8.0-R2,21,7787,2894,29,156,27.671754837036133,0.4051389694213867,29.67698097229004,0.5227231979370117,-0.10093019755904475,-0.3676303247495829
E8.0-R2,22,7787,2894,29,156,26.798095703125,0.3841133117675781,23.668201446533203,0.2857217788696289,0.17918040568856938,0.4269209540199292
E8.0-R2,23,7787,2894,29,156,25.120031356811523,0.3129415512084961,24.81932830810547,0.42156314849853516,0.017374193148859983,-0.42985553044000135
E8.0-R2,24,7787,2894,29,156,23.694177627563477,0.32937049865722656,25.340656280517578,0.47263050079345703,-0.09692129925631811,-0.5210013950818881
E8.0-R2,25,7787,2894,29,156,22.740110397338867,0.3421773910522461,25.234378814697266,0.3307771682739258,-0.15015131462962156,0.04888478203336152
E8.0-R2,26,7787,2894,29,156,26.636463165283203,0.4168663024902344,24.326663970947266,0.3119020462036133,0.13086404130245505,0.41849173877675794
E8.0-R2,27,7787,2894,29,156,28.59733009338379,0.5859851837158203,28.802358627319336,0.540034294128418,-0.010306498649784966,0.11781316089750503
E8.0-R2,28,7787,2894,29,156,28.667673110961914,0.5912914276123047,29.25332260131836,0.4802255630493164,-0.029175686651049505,0.30015715924077446
E8.0-R2,29,7787,2894,29,156,27.105403900146484,0.41974925994873047,27.49135398864746,0.38480281829833984,-0.020397458585504485,0.12540841612415773
E8.0-R2,30,7787,2894,29,156,25.821636199951172,0.34630775451660156,23.00055694580078,0.27156639099121094,0.16691162492447684,0.35074974975082224
E8.0-R2,31,7787,2894,29,156,31.16458511352539,0.604008674621582,24.946964263916016,0.36853790283203125,0.32104323847812505,0.7127562662437195
E8.0-R2,32,7787,2894,29,156,31.06717300415039,0.7339763641357422,25.156185150146484,0.4460163116455078,0.3044778086002555,0.7186371322988154
E8.0-R2,33,7787,2894,29,156,25.331436157226562,0.44544410705566406,23.472280502319336,0.28743553161621094,0.10997085551844463,0.6320060052698651
E8.0-R2,34,7787,2894,29,156,23.35781478881836,0.32082271575927734,21.081188201904297,0.29711151123046875,0.14794912691338719,0.11077179326143316
E8.0-R2,35,7787,2894,29,156,28.109066009521484,0.49691295623779297,25.227563858032227,0.35604000091552734,0.156034620768587,0.4809538220614548
E8.0-R2,36,7787,2894,29,156,25.967426300048828,0.3488960266113281,26.707948684692383,0.3556022644042969,-0.04056614162452289,-0.027467343441083276
E8.0-R2,37,7787,2894,29,155,24.30659294128418,0.27965736389160156,29.91283416748047,0.5763721466064453,-0.29941692397920333,-1.0433402988031477
E8.0-R2,38,7787,2894,29,155,22.284740447998047,0.3675222396850586,25.255537033081055,0.4113435745239258,-0.18054356165126295,-0.16251235411592538
E8.0-R2,39,7787,2894,29,155,29.686813354492188,0.728999137878418,21.494808197021484,0.37216854095458984,0.4658340028017985,0.9699609974679216
E8.0-R2,40,7787,2894,29,155,28.26617431640625,0.4444437026977539,20.252500534057617,0.3027162551879883,0.48097658936532994,0.5540345389332957
E8.0-R2,41,7787,2894,29,155,24.858295440673828,0.2839202880859375,28.352306365966797,0.40497684478759766,-0.18973872571795963,-0.5123534785362328
E8.0-R2,42,7787,2894,29,155,24.025798797607422,0.33879661560058594,19.048717498779297,0.23673057556152344,0.33489052975459077,0.5171734097920105
E8.0-R2,43,7787,2894,29,155,25.7061824798584,0.4341278076171875,18.567350387573242,0.2401714324951172,0.46934742395643037,0.8540552779191052
E8.0-R2,44,7787,2894,29,155,27.35627555847168,0.3678112030029297,19.757369995117188,0.2511253356933594,0.46948091158373,0.5505578353541654
E8.0-R2,45,7787,2894,29,155,24.05703353881836,0.3506155014038086,23.746707916259766,0.30640506744384766,0.018731233676244567,0.19444962460379
E8.0-R2,46,7787,2894,29,155,22.168441772460938,0.36441516876220703,22.006668090820312,0.2896575927734375,0.010566635026367172,0.3312345297292432
E8.0-R2,47,7787,2894,28,155,24.55379867553711,0.37266063690185547,23.558746337890625,0.34365272521972656,0.05968346944087761,0.11691103907659188
E8.0-R2,48,7787,2894,28,155,24.041627883911133,0.31825923919677734,24.164670944213867,0.32593822479248047,-0.0073647636398094084,-0.034396159007359005
E8.0-R2,49,7787,2894,28,155,24.398887634277344,0.40859222412109375,22.34920883178711,0.30715179443359375,0.1265916151056334,0.41170993674434786
E8.0-R3,0,5721,1042,11,115,36.503196716308594,0.9582691192626953,23.755306243896484,0.7158069610595703,0.6197730060065129,0.42086030407655683
E8.0-R3,1,5721,1042,11,115,27.565048217773438,0.6646575927734375,33.932861328125,0.9298009872436523,-0.2998429628240532,-0.4843106492911499
E8.0-R3,2,5721,1042,11,115,27.45768165588379,0.5305967330932617,35.557701110839844,1.118454933166504,-0.3729522345008138,-1.0758194278871052
E8.0-R3,3,5721,1042,11,115,30.482742309570312,0.6421699523925781,30.982311248779297,0.8829240798950195,-0.02345207431885515,-0.45933422813118374
E8.0-R3,4,5721,1042,11,115,29.686080932617188,0.7160415649414062,28.426292419433594,0.6929445266723633,0.06256070196775113,0.04730347305072575
E8.0-R3,5,5721,1042,11,115,36.70501708984375,1.1321468353271484,33.02560043334961,1.0451955795288086,0.15239248273029954,0.11528815444664174
E8.0-R3,6,5721,1042,11,115,25.990619659423828,0.5764169692993164,25.49408721923828,0.7197513580322266,0.02782834528202363,-0.3203857978410285
E8.0-R3,7,5721,1042,11,115,36.996604919433594,1.1525516510009766,32.185157775878906,0.9273834228515625,0.2009973433624139,0.3135935621113739
E8.0-R3,8,5721,1042,11,115,29.17696762084961,0.5666437149047852,34.7513313293457,0.8982162475585938,-0.25223829786900875,-0.6646209131112439
E8.0-R3,9,5721,1042,11,115,29.72854995727539,0.553314208984375,24.101285934448242,0.6897926330566406,0.3027389718025958,-0.31806374864532877
E8.0-R3,10,5721,1042,11,115,35.131813049316406,1.0275764465332031,29.099319458007812,0.9129705429077148,0.27179261831288726,0.17060550981072822
E8.0-R3,11,5721,1042,11,115,26.901458740234375,0.5516223907470703,28.80105209350586,0.6966028213500977,-0.09843710832820945,-0.33665529801325916
E8.0-R3,12,5721,1042,11,115,35.595603942871094,1.1389694213867188,31.659090042114258,1.2560462951660156,0.16907928978495637,-0.1411606252030378
E8.0-R3,13,5721,1042,11,115,29.39478302001953,0.6178493499755859,30.910316467285156,0.8229742050170898,-0.07252829636725373,-0.4135921029807294
E8.0-R3,14,5721,1042,11,115,29.586254119873047,0.5950202941894531,33.01061248779297,0.8133182525634766,-0.15800285675485948,-0.45088111650286244
E8.0-R3,15,5721,1042,11,115,27.994007110595703,0.7882204055786133,28.10597038269043,0.9219017028808594,-0.005758614498436669,-0.22601383382911114
E8.0-R3,16,5721,1042,11,115,28.56264877319336,0.58251953125,26.23523712158203,0.7073888778686523,0.12262394517127317,-0.2801971134340736
E8.0-R3,17,5721,1042,11,115,28.194782257080078,0.6535730361938477,31.660245895385742,1.1409873962402344,-0.16724425915099833,-0.8038624851789471
E8.0-R3,18,5721,1042,11,115,30.48312759399414,0.617558479309082,22.914913177490234,0.6029367446899414,0.4117241126415404,0.03456910424169935
E8.0-R3,19,5721,1042,11,115,28.150169372558594,0.6822729110717773,31.917156219482422,1.0620298385620117,-0.1811885122121106,-0.6384034585015698
E8.0-R3,20,5721,1042,11,115,30.725887298583984,0.6557645797729492,31.02547264099121,0.8684749603271484,-0.013998515311691044,-0.40530627544387554
E8.0-R3,21,5721,1042,10,114,37.85887908935547,0.9840831756591797,29.674968719482422,0.8719158172607422,0.35138518781592276,0.1745914079618759
E8.0-R3,22,5721,1042,10,114,35.33741760253906,0.8750753402709961,41.4495849609375,1.1427993774414062,-0.23016104185668396,-0.3850930181336502
E8.0-R3,23,5721,1042,10,114,23.381240844726562,0.5989742279052734,26.74016761779785,0.7492637634277344,-0.19365701296723897,-0.3229797507995729
E8.0-R3,24,5721,1042,10,114,24.614295959472656,0.5601129531860352,28.252716064453125,1.0383596420288086,-0.1988930922668059,-0.8905165186609612
E8.0-R3,25,5721,1042,10,114,31.804731369018555,0.6192750930786133,30.75215721130371,1.1911420822143555,0.04855378460279368,-0.943693183613671
E8.0-R3,26,5721,1042,10,114,27.58112144470215,0.5355796813964844,23.285968780517578,0.6831865310668945,0.24422021309332398,-0.3511783033703811
E8.0-R3,27,5721,1042,10,114,34.80878829956055,1.0080738067626953,30.34023666381836,0.9639129638671875,0.19821925532676807,0.06462648065550085
E8.0-R3,28,5721,1042,10,114,27.48200225830078,0.6236391067504883,38.46513366699219,1.219594955444336,-0.4850642032171303,-0.9676187845624786
E8.0-R3,29,5721,1042,10,114,29.06269073486328,0.6561985015869141,26.717342376708984,0.6559228897094727,0.12139177195502697,0.0006060779090719677
E8.0-R3,30,5721,1042,10,114,24.13297462463379,0.5302562713623047,31.63252067565918,1.0450048446655273,-0.3904027705779455,-0.9787479469059204
E8.0-R3,31,5721,1042,10,114,32.42878341674805,0.6945028305053711,32.1754150390625,1.0075178146362305,0.011316143063248461,-0.5367528691341622
E8.0-R3,32,5721,1042,10,114,27.859176635742188,0.6205301284790039,30.7497615814209,0.9847440719604492,-0.14242260411789265,-0.6662475680680229
E8.0-R3,33,5721,1042,10,114,28.44568634033203,0.7709131240844727,28.38408088684082,1.0902633666992188,0.0031278648987823256,-0.5000364841638907
E8.0-R3,34,5721,1042,10,114,26.423681259155273,0.5256366729736328,26.458419799804688,0.6526069641113281,-0.001895428756723559,-0.3121484487339841
E8.0-R3,35,5721,1042,10,114,37.2335319519043,0.9631710052490234,38.467979431152344,1.4680070877075195,-0.04705557671283397,-0.6079950659012804
E8.0-R3,36,5721,1042,10,114,36.80412292480469,1.0160608291625977,36.58274841308594,1.1847429275512695,0.008703924098171594,-0.22158727323393093
E8.0-R3,37,5721,1042,10,114,37.029998779296875,0.8712673187255859,26.998638153076172,0.6864070892333984,0.45580786428035497,0.34405097550512154
E8.0-R3,38,5721,1042,10,114,34.60597229003906,0.8801975250244141,32.31501388549805,0.8216552734375,0.09881642776781725,0.09929407888620967
E8.0-R3,39,5721,1042,10,114,37.451168060302734,1.039738655090332,28.304561614990234,0.8846349716186523,0.4039761362704765,0.23306676190857387
E8.0-R3,40,5721,1042,10,114,28.126300811767578,0.7068538665771484,32.104331970214844,1.3436384201049805,-0.1908481582899807,-0.9266610624572965
E8.0-R3,41,5721,1042,10,114,27.92667007446289,0.6333627700805664,31.303443908691406,0.9455747604370117,-0.16467782723352956,-0.5781594608893351
E8.0-R3,42,5721,1042,10,114,24.670015335083008,0.5715055465698242,30.84855079650879,0.8731441497802734,-0.32244410359692843,-0.6114523518913159
E8.0-R3,43,5721,1042,10,114,26.973989486694336,0.6367206573486328,32.88690185546875,0.9544219970703125,-0.2859441902487488,-0.5839667231391034
E8.0-R3,44,5721,1042,10,114,25.351055145263672,0.42444419860839844,29.742496490478516,0.8904266357421875,-0.2304799523015086,-1.0689218532225255
E8.0-R3,45,5721,1042,10,114,33.04362106323242,0.8102855682373047,36.42361068725586,1.2249679565429688,-0.14050215214978296,-0.5962416603429014
E8.0-R3,46,5721,1042,10,114,33.28154754638672,0.7270870208740234,35.22782897949219,1.3361015319824219,-0.081993048785523,-0.8778296966472431
E8.0-R3,47,5721,1042,10,114,27.573116302490234,0.7910785675048828,28.593717575073242,1.1110858917236328,-0.05243587291152711,-0.4900774565893236
E8.0-R3,48,5721,1042,10,114,33.65715789794922,0.7604045867919922,35.44236755371094,1.0025930404663086,-0.07456162257155008,-0.3988969852293093
E8.0-R3,49,5721,1042,10,114,35.333152770996094,0.8399209976196289,27.908309936523438,0.7638282775878906,0.34032772566229796,0.13700530461280844
E8.5-R1,0,12109,11326,114,243,23.082653045654297,0.26864147186279297,20.288227081298828,0.10194206237792969,0.186166253803262,1.3979325941617333
E8.5-R1,1,12109,11326,114,243,21.444438934326172,0.23482704162597656,18.194108963012695,0.10638046264648438,0.23713217177381515,1.1423653359510644
E8.5-R1,2,12109,11326,114,243,24.469791412353516,0.22091960906982422,21.08291244506836,0.1078042984008789,0.2149276253538234,1.03510677684338
E8.5-R1,3,12109,11326,114,243,20.29193878173828,0.2313070297241211,20.967838287353516,0.12033462524414062,-0.047271419004345165,0.9427572868079055
E8.5-R1,4,12109,11326,114,243,21.075531005859375,0.2517585754394531,19.705175399780273,0.11010169982910156,0.09699438960924298,1.1932041779339548
E8.5-R1,5,12109,11326,114,243,21.802364349365234,0.206634521484375,19.340782165527344,0.10728168487548828,0.17283845562358283,0.9456774985181897
E8.5-R1,6,12109,11326,114,243,22.05354881286621,0.2871732711791992,19.30261993408203,0.09895133972167969,0.1922141530626693,1.5371303302717951
E8.5-R1,7,12109,11326,114,243,21.74207305908203,0.25885868072509766,18.06344985961914,0.0923318862915039,0.26741605156194986,1.487263833670824
E8.5-R1,8,12109,11326,114,243,21.775131225585938,0.20881938934326172,19.468791961669922,0.09584808349609375,0.16151804547964826,1.123434185276513
E8.5-R1,9,12109,11326,114,242,22.358901977539062,0.2452850341796875,20.932415008544922,0.11968803405761719,0.09511057327323932,1.0351802875169773
E8.5-R1,10,12109,11326,114,242,24.107927322387695,0.29955101013183594,19.741230010986328,0.10474872589111328,0.28829573848359985,1.5158690026585673
E8.5-R1,11,12109,11326,114,242,20.02849578857422,0.20600223541259766,20.00545883178711,0.12141990661621094,0.0016603559302329073,0.7626550240259057
E8.5-R1,12,12109,11326,114,242,20.214889526367188,0.20789718627929688,19.334274291992188,0.10520362854003906,0.06425770518002825,0.9826857676572656
E8.5-R1,13,12109,11326,113,242,21.25543785095215,0.23343944549560547,18.738771438598633,0.10596561431884766,0.18180560869961734,1.139452173065626
E8.5-R1,14,12109,11326,113,242,19.84023094177246,0.1919088363647461,20.230602264404297,0.0826120376586914,-0.028110450621559473,1.2159972196856181
E8.5-R1,15,12109,11326,113,242,23.171627044677734,0.30214881896972656,21.14246368408203,0.13668155670166016,0.13221584908747597,1.1444407186843695
E8.5-R1,16,12109,11326,113,242,22.85317611694336,0.25035572052001953,18.753849029541016,0.08970928192138672,0.2852079599456319,1.480650251913253
E8.5-R1,17,12109,11326,113,242,23.80086898803711,0.24761581420898438,21.536136627197266,0.10870361328125,0.14425478072301895,1.1877035605353647
E8.5-R1,18,12109,11326,113,242,20.165111541748047,0.18593597412109375,19.82056999206543,0.09222984313964844,0.024862934350489776,1.0115003746218638
E8.5-R1,19,12109,11326,113,242,21.210622787475586,0.2593355178833008,19.83843994140625,0.11359310150146484,0.09648840269286894,1.1909445845236308
E8.5-R1,20,12109,11326,113,242,25.71937370300293,0.4050741195678711,20.77507781982422,0.15714263916015625,0.30800163068249664,1.366111217978583
E8.5-R1,21,12109,11326,113,242,21.216014862060547,0.20636272430419922,20.867813110351562,0.113006591796875,0.023874273256614446,0.8687754684553328
E8.5-R1,22,12109,11326,113,242,19.706958770751953,0.1870412826538086,20.327682495117188,0.12298202514648438,-0.044740593643283144,0.6049092594346532
E8.5-R1,23,12109,11326,113,242,20.609294891357422,0.2231464385986328,19.072572708129883,0.10258674621582031,0.11179568402092717,1.1211464287228983
E8.5-R1,24,12109,11326,113,242,22.2921142578125,0.235748291015625,20.222135543823242,0.09151744842529297,0.14059809301389883,1.3651285781903661
E8.5-R1,25,12109,11326,113,242,21.474079132080078,0.2054910659790039,20.37714195251465,0.10703468322753906,0.07564454907780649,0.9409973126588003
E8.5-R1,26,12109,11326,113,242,22.13718032836914,0.2398815155029297,19.883766174316406,0.10097503662109375,0.15488043097420578,1.2483233232103872
E8.5-R1,27,12109,11326,113,242,23.210575103759766,0.32068443298339844,18.75668716430664,0.0956125259399414,0.30737723045593013,1.745882783290837
E8.5-R1,28,12109,11326,113,242,19.513652801513672,0.20049095153808594,19.94935417175293,0.1020355224609375,-0.031858177941359256,0.9744656302572915
E8.5-R1,29,12109,11326,113,242,23.37459945678711,0.26045989990234375,21.23098373413086,0.11760425567626953,0.1387704236031533,1.1471210069021136
E8.5-R1,30,12109,11326,113,242,19.639751434326172,0.20114612579345703,19.444393157958984,0.10331535339355469,0.014422460395276495,0.9611892861366289
E8.5-R1,31,12109,11326,113,242,20.189289093017578,0.21437454223632812,19.866886138916016,0.12117862701416016,0.023224343555282228,0.8229983259823047
E8.5-R1,32,12109,11326,113,242,22.525482177734375,0.2921600341796875,19.231311798095703,0.11034011840820312,0.22810081398669416,1.404801405445531
E8.5-R1,33,12109,11326,113,242,22.057601928710938,0.25124168395996094,19.28622817993164,0.08868980407714844,0.19370492951517126,1.5022356795947502
E8.5-R1,34,12109,11326,113,242,21.575170516967773,0.22845935821533203,20.261756896972656,0.10245227813720703,0.09061268597737983,1.1569854752391422
E8.5-R1,35,12109,11326,113,242,22.71633529663086,0.18120670318603516,19.490676879882812,0.0921487808227539,0.2209459174891459,0.975599340973763
E8.5-R1,36,12109,11326,113,242,21.01467514038086,0.2514381408691406,19.067855834960938,0.0943002700805664,0.14025453159296739,1.4148697020496188
E8.5-R1,37,12109,11326,113,242,20.20527458190918,0.20981884002685547,19.11949920654297,0.12092304229736328,0.07968722175233135,0.7950550447885681
E8.5-R1,38,12109,11326,113,242,20.527172088623047,0.2431201934814453,19.865421295166016,0.0960092544555664,0.047275499620885335,1.34042434722764
E8.5-R1,39,12109,11326,113,242,19.930747985839844,0.1692819595336914,17.79961395263672,0.08396530151367188,0.16314990283827235,1.011563067235646
E8.5-R1,40,12109,11326,113,242,22.256423950195312,0.22600555419921875,19.305917739868164,0.09069156646728516,0.20517866945719915,1.317317924106104
E8.5-R1,41,12109,11326,113,242,22.46224594116211,0.27722740173339844,22.001190185546875,0.15854740142822266,0.02992061575786096,0.8061556314566012
E8.5-R1,42,12109,11326,113,242,22.868648529052734,0.27950382232666016,22.117786407470703,0.16827106475830078,0.04816410418958417,0.732080894901962
E8.5-R1,43,12109,11326,113,242,20.54184341430664,0.26426219940185547,19.24443244934082,0.08556270599365234,0.09412452989109464,1.6269160589284246
E8.5-R1,44,12109,11326,113,242,23.926525115966797,0.2335987091064453,20.001235961914062,0.10849189758300781,0.258521734339682,1.1064449987318188
E8.5-R1,45,12109,11326,113,242,21.666683197021484,0.22812843322753906,20.22195053100586,0.08164024353027344,0.09955615738139735,1.4824938799337999
E8.5-R1,46,12109,11326,113,242,19.34873390197754,0.18438720703125,19.444805145263672,0.10660171508789062,-0.007145612027696371,0.7905079141777847
E8.5-R1,47,12109,11326,113,242,21.840946197509766,0.22048091888427734,19.768585205078125,0.09092330932617188,0.1438257341176274,1.2779317059511694
E8.5-R1,48,12109,11326,113,242,21.502334594726562,0.24478816986083984,19.302459716796875,0.11222076416015625,0.15570860534448783,1.1251941951579818
E8.5-R1,49,12109,11326,113,242,20.15997314453125,0.21946239471435547,18.512664794921875,0.10471248626708984,0.12298113893176878,1.067540268176573
E8.5-R2,0,28195,10021,101,564,21.305374145507812,0.18279647827148438,21.829544067382812,0.11123371124267578,-0.03506461143424262,0.7166441886549527
E8.5-R2,1,28195,10021,101,564,21.47443389892578,0.16515350341796875,21.030189514160156,0.10938262939453125,0.030158249056301014,0.5944239261288528
E8.5-R2,2,28195,10021,101,564,20.183425903320312,0.17756366729736328,19.220861434936523,0.11557960510253906,0.07049808019750399,0.6194495648523672
E8.5-R2,3,28195,10021,101,564,21.525760650634766,0.1816883087158203,20.443340301513672,0.11754512786865234,0.07443327668615768,0.6282508460570229
E8.5-R2,4,28195,10021,101,564,19.675399780273438,0.14476680755615234,20.479476928710938,0.10774040222167969,-0.05778591773940373,0.42617149988775654
E8.5-R2,5,28195,10021,101,564,19.85455322265625,0.16393184661865234,20.86605453491211,0.10393047332763672,-0.07168793683414797,0.6574774231961359
E8.5-R2,6,28195,10021,101,564,19.913509368896484,0.1521902084350586,19.594425201416016,0.13766956329345703,0.02330423803079411,0.1446659060085122
E8.5-R2,7,28195,10021,101,564,22.141685485839844,0.18372249603271484,20.624515533447266,0.10942554473876953,0.10240481712187426,0.7475787231202042
E8.5-R2,8,28195,10021,101,564,20.18030548095703,0.17823505401611328,19.20599937438965,0.1252307891845703,0.07139097779552167,0.5091917976491966
E8.5-R2,9,28195,10021,101,564,19.30938720703125,0.1740436553955078,20.11322784423828,0.11504936218261719,-0.058842248817809556,0.5971962373865558
E8.5-R2,10,28195,10021,101,564,20.953371047973633,0.1992664337158203,19.705692291259766,0.11561775207519531,0.08856993371020326,0.7853357819155157
E8.5-R2,11,28195,10021,100,564,19.425582885742188,0.19101905822753906,18.84259033203125,0.13164520263671875,0.04396057989482741,0.5370616368502398
E8.5-R2,12,28195,10021,100,564,21.11722755432129,0.15697669982910156,24.07149887084961,0.15158748626708984,-0.18890553945374727,0.05039977250665087
E8.5-R2,13,28195,10021,100,564,22.292871475219727,0.197052001953125,20.92441177368164,0.11730194091796875,0.09139539125956873,0.7483495217460225
E8.5-R2,14,28195,10021,100,564,21.959049224853516,0.18808746337890625,20.067249298095703,0.09261322021484375,0.1299727163941989,1.022113638909051
E8.5-R2,15,28195,10021,100,564,23.061742782592773,0.18926334381103516,21.584033966064453,0.1361827850341797,0.09553701827119945,0.4748506767416067
E8.5-R2,16,28195,10021,100,564,21.30396270751953,0.19512557983398438,22.200942993164062,0.11040401458740234,-0.05949914864284643,0.8216102859650919
E8.5-R2,17,28195,10021,100,564,21.29941177368164,0.1690530776977539,21.00979995727539,0.1148214340209961,0.019751162462201505,0.5580843026164904
E8.5-R2,18,28195,10021,100,564,20.817058563232422,0.2002096176147461,22.160785675048828,0.1300210952758789,-0.09024279955660693,0.6227655672901845
E8.5-R2,19,28195,10021,100,564,19.993383407592773,0.1624898910522461,22.0499267578125,0.14014625549316406,-0.1412512288799193,0.21341676872037854
E8.5-R2,20,28195,10021,100,564,21.109172821044922,0.19146060943603516,19.684247970581055,0.09173297882080078,0.10082845077381557,1.0615352128135869
E8.5-R2,21,28195,10021,100,564,20.79693603515625,0.1821146011352539,20.868181228637695,0.10003948211669922,-0.004933872469424586,0.8642771016732008
E8.5-R2,22,28195,10021,100,564,22.56466293334961,0.15606307983398438,22.486488342285156,0.14925003051757812,0.005006851317085075,0.06439804984481064
E8.5-R2,23,28195,10021,100,564,22.003032684326172,0.2222003936767578,20.962108612060547,0.12475299835205078,0.06991853734888606,0.8327868826231885
E8.5-R2,24,28195,10021,100,564,21.67241096496582,0.15671443939208984,20.48818588256836,0.12040042877197266,0.08106740893659181,0.38029758345578774
E8.5-R2,25,28195,10021,100,564,21.4046630859375,0.20337295532226562,20.629230499267578,0.11884689331054688,0.05323511980455525,0.7750236500151422
E8.5-R2,26,28195,10021,100,564,20.647064208984375,0.17321205139160156,21.156875610351562,0.12983131408691406,-0.0351899294450118,0.4159009206962233
E8.5-R2,27,28195,10021,100,564,20.060426712036133,0.1857004165649414,19.510698318481445,0.12210273742675781,0.04008687913612852,0.604881507011368
E8.5-R2,28,28195,10021,100,564,21.744007110595703,0.17143630981445312,20.330230712890625,0.1002645492553711,0.09699124563518506,0.7738611018617968
E8.5-R2,29,28195,10021,100,564,19.906856536865234,0.16839122772216797,19.799667358398438,0.11422443389892578,0.007789232432920931,0.559945691197892
E8.5-R2,30,28195,10021,100,564,21.227436065673828,0.2230081558227539,21.280010223388672,0.1482076644897461,-0.0035687166325752257,0.5894764152802362
E8.5-R2,31,28195,10021,100,564,21.792072296142578,0.2363290786743164,21.79538917541504,0.1846294403076172,-0.00021956980862332875,0.35616453599083475
E8.5-R2,32,28195,10021,100,564,20.58431625366211,0.17035770416259766,20.372514724731445,0.11804771423339844,0.01492145422702307,0.5291970857257584
E8.5-R2,33,28195,10021,100,564,20.27503776550293,0.1560201644897461,20.469520568847656,0.111297607421875,-0.013772710678261227,0.4873099199240646
E8.5-R2,34,28195,10021,100,564,22.41554069519043,0.19554424285888672,21.14847755432129,0.12195587158203125,0.08394548996119516,0.6811358428482608
E8.5-R2,35,28195,10021,100,564,21.098575592041016,0.17290782928466797,19.692594528198242,0.1140279769897461,0.0994924019807142,0.6006153599391666
E8.5-R2,36,28195,10021,100,564,19.79492950439453,0.14522171020507812,19.935474395751953,0.12489986419677734,-0.010207007412763824,0.21748523967941896
E8.5-R2,37,28195,10021,100,564,20.186689376831055,0.18894672393798828,18.708250045776367,0.08494281768798828,0.10972971125539792,1.1534156335017844
E8.5-R2,38,28195,10021,100,564,22.625553131103516,0.19946670532226562,20.151973724365234,0.1355123519897461,0.16703191636738607,0.557723594451686
E8.5-R2,39,28195,10021,100,564,22.88797378540039,0.19718265533447266,21.056957244873047,0.15218448638916016,0.12029277010137311,0.373711355613088
E8.5-R2,40,28195,10021,100,564,20.760177612304688,0.1980266571044922,20.372650146484375,0.12452888488769531,0.027185123237298454,0.6692142309130877
E8.5-R2,41,28195,10021,100,564,21.641963958740234,0.16873645782470703,21.364320755004883,0.10668373107910156,0.018627976854259518,0.661431534695746
E8.5-R2,42,28195,10021,100,564,22.120010375976562,0.19551372528076172,20.26824188232422,0.10501480102539062,0.12613111102852068,0.8966772109335172
E8.5-R2,43,28195,10021,100,564,21.14395523071289,0.1743640899658203,21.755722045898438,0.13062477111816406,-0.0411496235671448,0.41667444043932467
E8.5-R2,44,28195,10021,100,564,21.79712677001953,0.1836099624633789,20.991111755371094,0.14594268798828125,0.05435939760176067,0.33124240900205976
E8.5-R2,45,28195,10021,100,563,22.875267028808594,0.22557640075683594,19.65158462524414,0.08526897430419922,0.21914293410438723,1.4035233367186584
E8.5-R2,46,28195,10021,100,563,19.834558486938477,0.1752157211303711,21.428831100463867,0.11887550354003906,-0.1115368722994701,0.5596807735804893
E8.5-R2,47,28195,10021,100,563,23.193283081054688,0.2548208236694336,19.422382354736328,0.12181472778320312,0.25598687941079834,1.0647946076669266
E8.5-R2,48,28195,10021,100,563,23.24398422241211,0.2587432861328125,21.369659423828125,0.16691970825195312,0.1212934650844142,0.6323671239430007
E8.5-R2,49,28195,10021,100,563,20.478952407836914,0.1756610870361328,18.30765151977539,0.10169410705566406,0.16169518069069286,0.7885585559731753
E8.5-R3,0,25158,2585,26,504,32.79151153564453,0.43663501739501953,39.879638671875,0.7793560028076172,-0.282329933533342,-0.8358546522700672
E8.5-R3,1,25158,2585,26,504,44.94732666015625,0.9801425933837891,32.02244567871094,0.4961967468261719,0.4891518145785849,0.9820793744285686
E8.5-R3,2,25158,2585,26,504,44.37391662597656,0.9376602172851562,32.441070556640625,0.5450105667114258,0.4518904676923621,0.7827810225032653
E8.5-R3,3,25158,2585,26,504,41.82206344604492,0.7604808807373047,30.767839431762695,0.3867368698120117,0.4428411055624015,0.9755596663341186
E8.5-R3,4,25158,2585,26,504,44.595115661621094,0.9106636047363281,30.38214111328125,0.4064502716064453,0.5536621616153591,1.1638393748305356
E8.5-R3,5,25158,2585,26,504,40.888423919677734,0.7944974899291992,33.269317626953125,0.5644388198852539,0.29750017797448625,0.4932254474012462
E8.5-R3,6,25158,2585,26,504,43.07196044921875,0.8863391876220703,27.232818603515625,0.5021896362304688,0.6614026809023256,0.819626644640484
E8.5-R3,7,25158,2585,26,504,39.323883056640625,0.6496553421020508,33.64585876464844,0.5344724655151367,0.22497684392290251,0.28155891006675
E8.5-R3,8,25158,2585,26,503,36.48759460449219,0.5402116775512695,42.9034423828125,0.9524860382080078,-0.23368736151936984,-0.8181731189795423
E8.5-R3,9,25158,2585,26,503,39.90629577636719,0.7780055999755859,26.158700942993164,0.37464427947998047,0.609325472225289,1.0542591167312656
E8.5-R3,10,25158,2585,26,503,41.554351806640625,0.7365579605102539,26.338001251220703,0.3479604721069336,0.657853706158331,1.0818756299454684
E8.5-R3,11,25158,2585,26,503,39.86249542236328,0.6437063217163086,24.411033630371094,0.3482217788696289,0.7074986427122839,0.8863962009170814
E8.5-R3,12,25158,2585,26,503,49.42898941040039,0.8661174774169922,39.76344299316406,0.6102972030639648,0.31391472967673184,0.5050507420984363
E8.5-R3,13,25158,2585,26,503,48.37322235107422,0.8677244186401367,39.27825927734375,0.5864744186401367,0.30047765106321755,0.5651687477498046
E8.5-R3,14,25158,2585,26,503,42.24870300292969,0.8170003890991211,33.03611755371094,0.6052055358886719,0.3548629032636396,0.43291158133730173
E8.5-R3,15,25158,2585,26,503,39.76063537597656,0.6374950408935547,29.028182983398438,0.39319610595703125,0.45388654196872635,0.69716508529087
E8.5-R3,16,25158,2585,26,503,45.38431930541992,0.8980712890625,28.931659698486328,0.4062213897705078,0.6495448318372756,1.1445637635148858
E8.5-R3,17,25158,2585,26,503,42.22021484375,0.7490854263305664,34.61018371582031,0.3989753723144531,0.28673732051293915,0.908830558739844
E8.5-R3,18,25158,2585,26,503,43.56816482543945,0.7872047424316406,36.20890808105469,0.44955921173095703,0.2669296740198185,0.808227765526919
E8.5-R3,19,25158,2585,26,503,45.10236740112305,1.0184078216552734,26.305028915405273,0.32698535919189453,0.7778645258883055,1.639017459252419
E8.5-R3,20,25158,2585,26,503,49.799076080322266,1.1137495040893555,27.85918426513672,0.3638906478881836,0.8379659607779555,1.6138479103478853
E8.5-R3,21,25158,2585,26,503,41.195640563964844,0.7776269912719727,29.450212478637695,0.4130840301513672,0.4842136326166273,0.9126430088472357
E8.5-R3,22,25158,2585,26,503,41.45262908935547,0.8016014099121094,28.756126403808594,0.3630847930908203,0.5275942555166737,1.142578538360041
E8.5-R3,23,25158,2585,26,503,34.915687561035156,0.6002140045166016,31.012351989746094,0.39391231536865234,0.17103243791189687,0.6076024586478843
E8.5-R3,24,25158,2585,26,503,46.04054260253906,1.3103761672973633,27.274402618408203,0.5359258651733398,0.7553572381375927,1.2898756720046316
E8.5-R3,25,25158,2585,26,503,37.99217987060547,0.6863842010498047,26.921382904052734,0.37529468536376953,0.4969499710802231,0.8709924857464044
E8.5-R3,26,25158,2585,26,503,38.583343505859375,0.5407924652099609,29.81005859375,0.4325122833251953,0.37217895696971715,0.32233394508909136
E8.5-R3,27,25158,2585,26,503,37.078041076660156,0.6197423934936523,30.12056541442871,0.41892242431640625,0.2998161727666096,0.5649855476074503
E8.5-R3,28,25158,2585,26,503,40.971797943115234,0.7737140655517578,29.823453903198242,0.5307512283325195,0.45818385502862286,0.5437646962154761
E8.5-R3,29,25158,2585,26,503,44.09162139892578,0.7199573516845703,30.518474578857422,0.39930057525634766,0.5308216777528836,0.8504362973501793
E8.5-R3,30,25158,2585,26,503,42.848018646240234,0.8113679885864258,28.074722290039062,0.4310779571533203,0.6099567417709705,0.9124075908305085
E8.5-R3,31,25158,2585,26,503,40.79821014404297,0.6781940460205078,26.027700424194336,0.3218660354614258,0.6484580075056235,1.0752377726234663
E8.5-R3,32,25158,2585,26,503,41.182777404785156,0.7765579223632812,28.318357467651367,0.33909034729003906,0.5403035418551158,1.1954238207275558
E8.5-R3,33,25158,2585,26,503,41.670265197753906,0.8592624664306641,35.325164794921875,0.5586347579956055,0.23832199079339003,0.6211935375631754
E8.5-R3,34,25158,2585,26,503,40.37981414794922,0.6572160720825195,31.898883819580078,0.38776588439941406,0.3401283273056623,0.7611818806527003
E8.5-R3,35,25158,2585,26,503,46.8897705078125,1.0624074935913086,21.838354110717773,0.28029727935791016,1.1024090892197362,1.9223075813889314
E8.5-R3,36,25158,2585,26,503,42.093238830566406,0.7047767639160156,31.786447525024414,0.3277454376220703,0.40517673205787924,1.1045906626566235
E8.5-R3,37,25158,2585,26,503,41.33000564575195,0.7538814544677734,24.85593605041504,0.3645000457763672,0.7335991259893045,1.0484186862499627
E8.5-R3,38,25158,2585,26,503,46.350830078125,1.0343313217163086,25.470121383666992,0.43405628204345703,0.8637893405992202,1.2527443629110333
E8.5-R3,39,25158,2585,26,503,41.460697174072266,0.6934480667114258,28.3164119720459,0.47664356231689453,0.5501059057106299,0.5408770300710041
E8.5-R3,40,25158,2585,26,503,45.6787109375,0.912653923034668,30.920663833618164,0.3640327453613281,0.5629506454116886,1.3259996670433933
E8.5-R3,41,25158,2585,26,503,41.34305953979492,0.8130006790161133,30.01300048828125,0.4117298126220703,0.46205760087020686,0.9815586418175345
E8.5-R3,42,25158,2585,26,503,45.893882751464844,0.8171415328979492,26.52897071838379,0.425201416015625,0.790733165575518,0.9424395804560881
E8.5-R3,43,25158,2585,25,503,39.2396240234375,0.5293636322021484,32.6165657043457,0.37909603118896484,0.26670633398823196,0.4816957308762086
E8.5-R3,44,25158,2585,25,503,37.03864669799805,0.6321887969970703,42.0114860534668,0.7353782653808594,-0.18175243153638287,-0.2181310678062494
E8.5-R3,45,25158,2585,25,503,51.010414123535156,1.3616466522216797,25.725879669189453,0.4418039321899414,0.987571403783932,1.6238742077646668
E8.5-R3,46,25158,2585,25,503,39.37702941894531,0.6512775421142578,35.7761116027832,0.4444875717163086,0.1383576854825124,0.5511293988086049
E8.5-R3,47,25158,2585,25,503,53.86763000488281,1.4028072357177734,27.772380828857422,0.5232648849487305,0.9557677331814176,1.4227034256726414
E8.5-R3,48,25158,2585,25,503,34.83049011230469,0.47777843475341797,31.010108947753906,0.3871440887451172,0.16761217916919555,0.30347112306802126
E8.5-R3,49,25158,2585,25,503,49.11256790161133,1.1594877243041992,31.784934997558594,0.46699047088623047,0.6277491192928417,1.3120225293839318
E9.0-R1,0,87898,4165,42,1758,44.473793029785156,1.9023284912109375,19.826683044433594,0.22874069213867188,1.1655121144513074,3.055981446207407
E9.0-R1,1,87898,4165,42,1758,45.98731231689453,2.0713186264038086,14.139081954956055,0.16956424713134766,1.7015474337277963,3.610645584518045
E9.0-R1,2,87898,4165,42,1758,43.83000946044922,1.6105175018310547,19.424903869628906,0.1953144073486328,1.1740115312486044,3.043654060350443
E9.0-R1,3,87898,4165,42,1758,41.999786376953125,1.3456554412841797,18.39946746826172,0.23673248291015625,1.1907179786648767,2.506979469155108
E9.0-R1,4,87898,4165,42,1758,43.4715690612793,1.5282783508300781,19.263235092163086,0.20387840270996094,1.174222157573732,2.906126469854413
E9.0-R1,5,87898,4165,42,1758,41.63396072387695,1.523397445678711,17.389108657836914,0.1525440216064453,1.259576827592658,3.319994836725952
E9.0-R1,6,87898,4165,42,1758,40.783050537109375,1.7534685134887695,19.294818878173828,0.25594425201416016,1.0797561904764292,2.7763100129608107
E9.0-R1,7,87898,4165,42,1758,43.002132415771484,1.6392526626586914,17.258453369140625,0.18137454986572266,1.3171050208471682,3.1759942993143784
E9.0-R1,8,87898,4165,42,1758,45.689998626708984,1.609222412109375,18.524810791015625,0.194183349609375,1.3024195919971207,3.050872329798549
E9.0-R1,9,87898,4165,42,1758,42.936546325683594,1.644796371459961,17.11677360534668,0.21465682983398438,1.3267953610022871,2.937805005445163
E9.0-R1,10,87898,4165,42,1758,43.66084289550781,1.5393409729003906,18.18825912475586,0.17822551727294922,1.2633325194328966,3.110537019049816
E9.0-R1,11,87898,4165,42,1758,42.29224395751953,1.447134017944336,18.86688995361328,0.19789981842041016,1.1645364829178122,2.8703563411322532
E9.0-R1,12,87898,4165,42,1758,41.37456512451172,1.1049079895019531,20.70557403564453,0.3253345489501953,0.998724948127043,1.7639302922835756
E9.0-R1,13,87898,4165,42,1758,42.26739501953125,1.3946418762207031,22.497169494628906,0.2731637954711914,0.9098017017716945,2.352056516694555
E9.0-R1,14,87898,4165,42,1758,40.60297393798828,1.319748878479004,16.111003875732422,0.19280242919921875,1.333539009434205,2.7750683060895263
E9.0-R1,15,87898,4165,42,1758,44.243492126464844,1.854471206665039,18.740814208984375,0.210540771484375,1.2392816282365926,3.13883632293513
E9.0-R1,16,87898,4165,42,1758,42.06752014160156,1.414947509765625,18.36663818359375,0.15511322021484375,1.1956191937537481,3.189354977631345
E9.0-R1,17,87898,4165,42,1758,44.88466262817383,1.8585224151611328,20.753467559814453,0.1949596405029297,1.1128701442103002,3.25290868725638
E9.0-R1,18,87898,4165,42,1758,43.734336853027344,1.4152889251708984,22.432754516601562,0.232269287109375,0.963159638565414,2.6072262983506667
E9.0-R1,19,87898,4165,42,1758,45.424400329589844,1.7963695526123047,19.960365295410156,0.2096405029296875,1.1863293451065111,3.0990947943754854
E9.0-R1,20,87898,4165,42,1758,43.9560661315918,1.894460678100586,21.125141143798828,0.24871826171875,1.0571012968741638,2.929202851212672
E9.0-R1,21,87898,4165,42,1758,43.10307312011719,1.5603675842285156,19.907440185546875,0.2216806411743164,1.1144830099557435,2.815331238791139
E9.0-R1,22,87898,4165,42,1758,44.469215393066406,1.5279960632324219,22.288896560668945,0.2724590301513672,0.996481754291964,2.4875296141003944
E9.0-R1,23,87898,4165,42,1758,45.57196044921875,2.148479461669922,15.787155151367188,0.13970518112182617,1.529395214174103,3.9428585549740713
E9.0-R1,24,87898,4165,42,1758,43.682029724121094,1.5457611083984375,15.37813663482666,0.16395092010498047,1.5061591910420902,3.236981469983813
E9.0-R1,25,87898,4165,42,1758,43.52021408081055,1.238372802734375,19.28546714782715,0.25186634063720703,1.1741715608948882,2.2977154537158966
E9.0-R1,26,87898,4165,42,1758,42.606502532958984,1.3355016708374023,21.82137107849121,0.25971317291259766,0.9653318771533831,2.362390684996345
E9.0-R1,27,87898,4165,42,1758,41.67938995361328,1.6638240814208984,19.94918441772461,0.33091163635253906,1.063004395588832,2.3299849739138767
E9.0-R1,28,87898,4165,42,1758,45.823272705078125,1.5289306640625,19.220069885253906,0.23359298706054688,1.2534669179791857,2.710454115646403
E9.0-R1,29,87898,4165,42,1758,43.911319732666016,1.7418708801269531,22.82489776611328,0.2983894348144531,0.9439844962721434,2.545369325499829
E9.0-R1,30,87898,4165,42,1758,45.525230407714844,1.3791074752807617,21.05237579345703,0.2103252410888672,1.1126832659780341,2.7130409888519673
E9.0-R1,31,87898,4165,42,1758,41.94569396972656,1.4924697875976562,19.76335906982422,0.17110633850097656,1.0856945404052674,3.1247366175412936
E9.0-R1,32,87898,4165,42,1758,40.616790771484375,1.3401765823364258,19.864608764648438,0.1725759506225586,1.031875873706168,2.9571197670246585
E9.0-R1,33,87898,4165,41,1758,43.004730224609375,1.7196846008300781,15.619321823120117,0.1759510040283203,1.4611635407556145,3.288898339688913
E9.0-R1,34,87898,4165,41,1758,42.36005783081055,1.4651861190795898,19.761993408203125,0.247528076171875,1.0999760788538253,2.5654198593613735
E9.0-R1,35,87898,4165,41,1758,43.79435729980469,1.3171539306640625,20.853206634521484,0.208160400390625,1.070475750723056,2.661656410346512
E9.0-R1,36,87898,4165,41,1758,41.32258605957031,1.6797704696655273,23.72219467163086,0.3785877227783203,0.8006930563326322,2.149564579286862
E9.0-R1,37,87898,4165,41,1758,41.581642150878906,1.5565252304077148,20.295629501342773,0.28195667266845703,1.0347776463156622,2.46478357159614
E9.0-R1,38,87898,4165,41,1758,42.593017578125,1.1838569641113281,22.744760513305664,0.3132467269897461,0.9050826996841058,1.9181234417896549
E9.0-R1,39,87898,4165,41,1758,44.48084259033203,1.9930601119995117,17.18534278869629,0.1827106475830078,1.372005488140036,3.4473526079322876
E9.0-R1,40,87898,4165,41,1758,44.57353973388672,1.8841791152954102,15.645853042602539,0.1748800277709961,1.5104072154517292,3.4294986777285525
E9.0-R1,41,87898,4165,41,1758,40.94361114501953,1.1061315536499023,19.809459686279297,0.20023822784423828,1.0474488203274108,2.4657336442403577
E9.0-R1,42,87898,4165,41,1758,43.507789611816406,1.8442516326904297,22.803382873535156,0.3489189147949219,0.9320258598998856,2.4020718000018677
E9.0-R1,43,87898,4165,41,1758,42.619964599609375,1.5609264373779297,20.329879760742188,0.1970834732055664,1.067927712293285,2.9855238415107426
E9.0-R1,44,87898,4165,41,1758,43.51365280151367,1.5398225784301758,17.810325622558594,0.23189544677734375,1.2887542374058591,2.7312177318298168
E9.0-R1,45,87898,4165,41,1758,41.767826080322266,1.2428483963012695,17.978639602661133,0.1592426300048828,1.216108196516915,2.964351816978923
E9.0-R1,46,87898,4165,41,1758,49.29430389404297,1.6148138046264648,26.511268615722656,0.2621183395385742,0.8948152408390566,2.623077622381524
E9.0-R1,47,87898,4165,41,1758,41.565574645996094,1.5065202713012695,18.053335189819336,0.16575908660888672,1.2031237704551605,3.1840602220379908
E9.0-R1,48,87898,4165,41,1757,42.307823181152344,1.6121034622192383,18.763521194458008,0.2465667724609375,1.1729938662927721,2.708894037501544
E9.0-R1,49,87898,4165,41,1757,37.87120819091797,1.1082277297973633,20.509117126464844,0.3480091094970703,0.8848360594889725,1.6710573956503112
E9.0-R2,0,96550,3328,34,1931,42.85206604003906,1.477726936340332,19.981414794921875,0.22650814056396484,1.100706025568566,2.705744897973191
E9.0-R2,1,96550,3328,34,1931,41.45732879638672,1.2786169052124023,24.87772560119629,0.30083370208740234,0.7367725670010769,2.0875459688391347
E9.0-R2,2,96550,3328,34,1931,44.74927520751953,1.7690238952636719,22.028076171875,0.28379249572753906,1.0225208132361714,2.6400451894072514
E9.0-R2,3,96550,3328,34,1931,43.49656677246094,1.477961540222168,19.278024673461914,0.24164485931396484,1.1739442989784037,2.6126485191971356
E9.0-R2,4,96550,3328,34,1931,45.0073127746582,1.7338037490844727,18.982383728027344,0.22267532348632812,1.2454982578251315,2.9609270127594014
E9.0-R2,5,96550,3328,34,1931,43.15388488769531,2.0701980590820312,20.751340866088867,0.2972850799560547,1.0562858820311791,2.799849834535717
E9.0-R2,6,96550,3328,34,1931,45.2935905456543,2.0921802520751953,19.941478729248047,0.2666335105895996,1.183534515763412,2.9720771371934807
E9.0-R2,7,96550,3328,34,1931,43.51978302001953,1.184248924255371,21.29319190979004,0.22766494750976562,1.0312791335740124,2.3789882726241403
E9.0-R2,8,96550,3328,34,1931,43.500244140625,1.7458171844482422,20.977869033813477,0.30051136016845703,1.0521553639204893,2.538411058179921
E9.0-R2,9,96550,3328,34,1931,42.696266174316406,1.460348129272461,21.18482208251953,0.3594989776611328,1.0110788979239766,2.0222527580312715
E9.0-R2,10,96550,3328,34,1931,47.90679931640625,2.3193416595458984,21.25861930847168,0.2925128936767578,1.1721825286656433,2.9871432336123087
E9.0-R2,11,96550,3328,34,1931,44.904075622558594,2.0445852279663086,21.938892364501953,0.24339771270751953,1.0333557042459476,3.0704206867353236
E9.0-R2,12,96550,3328,34,1931,46.85637664794922,1.7476997375488281,23.878890991210938,0.30472755432128906,0.9725095615092654,2.5198654812435386
E9.0-R2,13,96550,3328,34,1931,43.98870849609375,1.6330585479736328,22.133182525634766,0.2566709518432617,0.9909223336240665,2.669584578436206
E9.0-R2,14,96550,3328,33,1931,47.77915573120117,1.9051084518432617,23.520002365112305,0.23777008056640625,1.0224931560143504,3.0022340358575645
E9.0-R2,15,96550,3328,33,1931,45.07521057128906,1.5872716903686523,21.980077743530273,0.23778915405273438,1.0361377421932112,2.738794274713478
E9.0-R2,16,96550,3328,33,1931,44.64405822753906,1.5361852645874023,21.66706085205078,0.25090599060058594,1.0429647123984438,2.6141333942983502
E9.0-R2,17,96550,3328,33,1931,42.5404052734375,1.374272346496582,20.518815994262695,0.22142696380615234,1.051886292697079,2.6337651195515694
E9.0-R2,18,96550,3328,33,1931,46.94799041748047,1.8412294387817383,21.59330177307129,0.34372520446777344,1.1204795466405455,2.421341864866381
E9.0-R2,19,96550,3328,33,1931,48.95232009887695,2.2478771209716797,22.939800262451172,0.30797576904296875,1.0935244082707,2.8676744215911243
E9.0-R2,20,96550,3328,33,1931,40.50727081298828,1.0597333908081055,29.606050491333008,0.3262748718261719,0.4522888415423214,1.6995415680682313
E9.0-R2,21,96550,3328,33,1931,47.635650634765625,1.714167594909668,21.237285614013672,0.22253704071044922,1.1654423104058889,2.945390775258282
E9.0-R2,22,96550,3328,33,1931,44.54296875,1.5346975326538086,19.376300811767578,0.1958608627319336,1.2009045479313198,2.970053299052626
E9.0-R2,23,96550,3328,33,1931,47.680931091308594,2.3783912658691406,22.33965301513672,0.27563953399658203,1.0938056306519433,3.1091313417740936
E9.0-R2,24,96550,3328,33,1931,40.850921630859375,1.3687400817871094,28.769689559936523,0.3970928192138672,0.5058189734175427,1.7853003332565238
E9.0-R2,25,96550,3328,33,1931,45.992408752441406,1.3220958709716797,26.337703704833984,0.22620105743408203,0.8042661903294928,2.5471492180862683
E9.0-R2,26,96550,3328,33,1931,42.79092025756836,1.2005586624145508,23.507686614990234,0.2715005874633789,0.8641721350089887,2.144678674319354
E9.0-R2,27,96550,3328,33,1931,44.359989166259766,1.7004632949829102,23.524532318115234,0.31435680389404297,0.9150929715682711,2.43545297131725
E9.0-R2,28,96550,3328,33,1931,47.837730407714844,2.1821956634521484,16.694869995117188,0.20340442657470703,1.5187440855576393,3.423357483447671
E9.0-R2,29,96550,3328,33,1931,39.712982177734375,1.052851676940918,20.696796417236328,0.23913097381591797,0.940203226196993,2.1384292928683295
E9.0-R2,30,96550,3328,33,1931,41.365291595458984,1.146937370300293,28.14117431640625,0.3071098327636719,0.555738219411315,1.900960004586525
E9.0-R2,31,96550,3328,33,1931,45.01109313964844,1.793238639831543,19.27138900756836,0.3268089294433594,1.223820043159774,2.4560481832441092
E9.0-R2,32,96550,3328,33,1931,46.733970642089844,1.966252326965332,17.996639251708984,0.22106647491455078,1.3767440992509872,3.152896313164192
E9.0-R2,33,96550,3328,33,1931,43.23911666870117,1.6377143859863281,22.56560516357422,0.2617511749267578,0.9382115813650954,2.645415857742126
E9.0-R2,34,96550,3328,33,1931,40.75368118286133,1.0098724365234375,29.328845977783203,0.6761398315429688,0.47461007493268215,0.5787795241635574
E9.0-R2,35,96550,3328,33,1931,45.16715621948242,1.6790142059326172,22.35626983642578,0.2573728561401367,1.0145945894492632,2.705682624107227
E9.0-R2,36,96550,3328,33,1931,45.53814697265625,1.5874261856079102,23.241432189941406,0.2475137710571289,0.9703766132354344,2.6811088084264516
E9.0-R2,37,96550,3328,33,1931,44.359527587890625,1.1638622283935547,27.990259170532227,0.32131481170654297,0.6643191560919222,1.8568608984257224
E9.0-R2,38,96550,3328,33,1931,46.947505950927734,1.3585948944091797,20.320411682128906,0.32411766052246094,1.2081188871438098,2.0675258001957637
E9.0-R2,39,96550,3328,33,1931,47.29039001464844,1.5493106842041016,17.790367126464844,0.20810890197753906,1.4104507573524177,2.896215894030614
E9.0-R2,40,96550,3328,33,1931,44.023353576660156,1.3941240310668945,22.22637939453125,0.2492818832397461,0.9859960927740559,2.483508976465537
E9.0-R2,41,96550,3328,33,1931,46.27663803100586,1.5596122741699219,23.451854705810547,0.2547273635864258,0.9805820335874268,2.6141615621935954
E9.0-R2,42,96550,3328,33,1931,41.194580078125,1.142730712890625,22.51922607421875,0.34450244903564453,0.8712972895379314,1.7298993251511936
E9.0-R2,43,96550,3328,33,1931,41.510520935058594,1.7409181594848633,19.99842071533203,0.30053043365478516,1.0535909629200284,2.534265383454124
E9.0-R2,44,96550,3328,33,1931,42.48920440673828,1.4259033203125,22.819377899169922,0.2474355697631836,0.8968368685428825,2.526751353896206
E9.0-R2,45,96550,3328,33,1931,45.07725524902344,1.8221807479858398,21.819095611572266,0.31023311614990234,1.0468083685259466,2.554241470154456
E9.0-R2,46,96550,3328,33,1931,45.514583587646484,1.0799760818481445,30.708097457885742,0.656559944152832,0.5677097496612761,0.7180007206736353
E9.0-R2,47,96550,3328,33,1931,50.239898681640625,2.169351577758789,17.3557071685791,0.17293453216552734,1.5334234049331266,3.6489659983293854
E9.0-R2,48,96550,3328,33,1931,45.0090217590332,1.975168228149414,19.215072631835938,0.24145126342773438,1.2279757793401949,3.032171617354979
E9.0-R2,49,96550,3328,33,1931,42.867958068847656,1.1733179092407227,24.26015281677246,0.3162059783935547,0.8213110606950202,1.8916574134339035
E9.0-R3,0,61057,1810,19,1222,52.47398376464844,1.1960506439208984,30.240249633789062,0.5200309753417969,0.7951322728100543,1.2016090141062723
E9.0-R3,1,61057,1810,19,1222,52.46104431152344,1.4224815368652344,25.30988121032715,0.4356880187988281,1.0515457904767316,1.7070425816330315
E9.0-R3,2,61057,1810,19,1222,50.594261169433594,1.5123376846313477,30.591632843017578,0.4781379699707031,0.7258366379937461,1.6612814270135199
E9.0-R3,3,61057,1810,19,1222,43.03147888183594,1.0604305267333984,29.417236328125,0.6164588928222656,0.5487307073160949,0.7825735068735429
E9.0-R3,4,61057,1810,19,1222,52.560333251953125,1.5139732360839844,27.012672424316406,0.47458362579345703,0.9603380469430938,1.673605471417011
E9.0-R3,5,61057,1810,18,1222,49.90233612060547,1.3044652938842773,32.006858825683594,0.5890283584594727,0.6407262584721121,1.1470495622294685
E9.0-R3,6,61057,1810,18,1222,50.05154037475586,1.63018798828125,20.608158111572266,0.49465370178222656,1.2801989024281826,1.7205475625546758
E9.0-R3,7,61057,1810,18,1221,54.4415283203125,1.726984977722168,30.85047149658203,0.5044765472412109,0.8194150290811673,1.7753964274273366
E9.0-R3,8,61057,1810,18,1221,53.04472732543945,1.9525337219238281,23.642475128173828,0.46446990966796875,1.1658282745898125,2.0716904243169343
E9.0-R3,9,61057,1810,18,1221,43.1932373046875,1.1591310501098633,29.842622756958008,0.5566740036010742,0.5334311153817071,1.0581390683661946
E9.0-R3,10,61057,1810,18,1221,54.359291076660156,1.1936864852905273,26.965381622314453,0.632746696472168,1.0114181899559587,0.9157239957624084
E9.0-R3,11,61057,1810,18,1221,44.11884307861328,0.9266214370727539,34.32827377319336,0.7397022247314453,0.36199764790658606,0.3250354441702209
E9.0-R3,12,61057,1810,18,1221,54.0692253112793,1.9501543045043945,32.42737579345703,0.6694068908691406,0.737595408557318,1.542632973355342
E9.0-R3,13,61057,1810,18,1221,47.365074157714844,1.1522388458251953,27.705970764160156,0.5431528091430664,0.7736267260579512,1.085009757653627
E9.0-R3,14,61057,1810,18,1221,49.82365417480469,1.5138425827026367,24.57524299621582,0.5260334014892578,1.0196251540582535,1.5249888799218319
E9.0-R3,15,61057,1810,18,1221,44.199092864990234,0.8540458679199219,45.545936584472656,1.7853918075561523,-0.04330558834665001,-1.0638552517930149
E9.0-R3,16,61057,1810,18,1221,52.79836654663086,1.3783550262451172,26.73465347290039,0.41028785705566406,0.9817823197414568,1.748239172621603
E9.0-R3,17,61057,1810,18,1221,51.837745666503906,1.180190086364746,34.27931213378906,0.7241725921630859,0.5966648194016928,0.7046137636879811
E9.0-R3,18,61057,1810,18,1221,48.170989990234375,1.221217155456543,34.00603485107422,0.7778358459472656,0.5023737782101595,0.6507821346688593
E9.0-R3,19,61057,1810,18,1221,49.149925231933594,1.6349964141845703,22.244911193847656,0.43915271759033203,1.1437138829077067,1.89649283499563
E9.0-R3,20,61057,1810,18,1221,48.23951721191406,1.945265769958496,31.385984420776367,0.7522859573364258,0.6200950088771296,1.3706142099844267
E9.0-R3,21,61057,1810,18,1221,54.69281005859375,1.4642906188964844,28.83905792236328,0.4958047866821289,0.9233271509208852,1.5623578099312991
E9.0-R3,22,61057,1810,18,1221,51.656944274902344,2.444610595703125,21.95377540588379,0.45381641387939453,1.234493242155779,2.4294239799959545
E9.0-R3,23,61057,1810,18,1221,46.50914001464844,1.1273813247680664,23.174072265625,0.4454536437988281,1.0050026795286144,1.3396283639488502
E9.0-R3,24,61057,1810,18,1221,52.489105224609375,2.169218063354492,22.692474365234375,0.5376272201538086,1.209804076666378,2.012497000057116
E9.0-R3,25,61057,1810,18,1221,43.30284881591797,0.7781076431274414,32.25502014160156,0.5794925689697266,0.42493822262786207,0.42517958974209114
E9.0-R3,26,61057,1810,18,1221,51.283599853515625,1.619028091430664,19.173198699951172,0.4571504592895508,1.419406490975292,1.824387043333681
E9.0-R3,27,61057,1810,18,1221,52.01092529296875,1.9465141296386719,23.882923126220703,0.42906761169433594,1.1228352796133731,2.181615909153712
E9.0-R3,28,61057,1810,18,1221,43.60425567626953,1.1250429153442383,32.570701599121094,0.5746593475341797,0.4208941487507792,0.9692011358625316
E9.0-R3,29,61057,1810,18,1221,50.49228286743164,1.1699447631835938,31.30779266357422,0.4822549819946289,0.6895411105405175,1.2785723697881157
E9.0-R3,30,61057,1810,18,1221,47.463523864746094,1.2608003616333008,34.40719985961914,0.8757543563842773,0.46410872856609203,0.5257416889604047
E9.0-R3,31,61057,1810,18,1221,45.836177825927734,1.234548568725586,31.27337646484375,0.5573177337646484,0.5515517562240385,1.1474116294786478
E9.0-R3,32,61057,1810,18,1221,53.28187561035156,1.8928966522216797,20.16992950439453,0.37554931640625,1.4014388269413913,2.3335213681789964
E9.0-R3,33,61057,1810,18,1221,52.36601257324219,1.6228504180908203,33.37812423706055,0.7123231887817383,0.649727873189281,1.1879261681665128
E9.0-R3,34,61057,1810,18,1221,54.10622024536133,1.8362693786621094,26.81903839111328,0.4259071350097656,1.0125369513096034,2.108166912070762
E9.0-R3,35,61057,1810,18,1221,45.73992919921875,1.572880744934082,32.69968795776367,0.6962509155273438,0.48417726397485117,1.1757300658297944
E9.0-R3,36,61057,1810,18,1221,54.81773376464844,1.2404117584228516,38.551513671875,0.7410030364990234,0.5078551798567993,0.7432677475211005
E9.0-R3,37,61057,1810,18,1221,49.17892074584961,1.1560955047607422,28.684965133666992,0.5758819580078125,0.7777453102644846,1.0054155542434549
E9.0-R3,38,61057,1810,18,1221,52.348541259765625,2.2372589111328125,42.22703552246094,1.6770343780517578,0.3099823669610675,0.41581996128242316
E9.0-R3,39,61057,1810,18,1221,51.839935302734375,2.046602249145508,30.533756256103516,0.7136697769165039,0.7636588372168149,1.5199021638217212
E9.0-R3,40,61057,1810,18,1221,51.892887115478516,1.9101953506469727,26.66181182861328,0.6336631774902344,0.9607619805062154,1.5919320991360297
E9.0-R3,41,61057,1810,18,1221,56.23480987548828,1.8500080108642578,34.62609100341797,0.7456827163696289,0.699603920238922,1.3108977100229182
E9.0-R3,42,61057,1810,18,1221,50.70122528076172,1.833038330078125,29.37848663330078,0.7002334594726562,0.7872605321965486,1.388329048656808
E9.0-R3,43,61057,1810,18,1221,44.59213638305664,0.9303112030029297,38.5911750793457,0.9238090515136719,0.20851834618747714,0.010118718179937689
E9.0-R3,44,61057,1810,18,1221,48.46718215942383,1.1200695037841797,37.27873992919922,1.0865459442138672,0.37865511207247565,0.04383907909688216
E9.0-R3,45,61057,1810,18,1221,47.819557189941406,1.1449127197265625,26.461936950683594,0.5168848037719727,0.8536821034079641,1.147322928061173
E9.0-R3,46,61057,1810,18,1221,49.29095458984375,1.081599235534668,27.17404556274414,0.4377899169921875,0.8590935569410744,1.3048554046275491
E9.0-R3,47,61057,1810,18,1221,47.503143310546875,1.1698102951049805,34.50414276123047,0.5391874313354492,0.46125339020752415,1.1174158186654257
E9.0-R3,48,61057,1810,18,1221,53.77329635620117,1.4413747787475586,30.843994140625,0.46261024475097656,0.8019003139232839,1.6395763856321637
E9.0-R3,49,61057,1810,18,1221,49.59259796142578,1.2956361770629883,23.567668914794922,0.5801706314086914,1.0733157362125794,1.1591114846900978
E9.5-R1,0,284103,99350,994,5683,22.142032623291016,0.1937274932861328,17.391937255859375,0.026353836059570312,0.3483690258676471,2.8779438311934276
E9.5-R1,1,284103,99350,994,5683,21.673397064208984,0.18598556518554688,17.015783309936523,0.025493621826171875,0.3490517312646357,2.8669824006970583
E9.5-R1,2,284103,99350,994,5683,21.276226043701172,0.17372417449951172,17.160396575927734,0.0300750732421875,0.3101593758533727,2.5301583695846017
E9.5-R1,3,284103,99350,994,5682,22.7252140045166,0.19842052459716797,17.069835662841797,0.02872943878173828,0.41284471130432915,2.7879595498800147
E9.5-R1,4,284103,99350,994,5682,22.230484008789062,0.19273662567138672,17.474687576293945,0.034038543701171875,0.34727269709627234,2.501389533047318
E9.5-R1,5,284103,99350,994,5682,21.332502365112305,0.1733551025390625,17.402942657470703,0.025424957275390625,0.2937219364667269,2.76941304662924
E9.5-R1,6,284103,99350,994,5682,22.69469451904297,0.21138286590576172,17.58151626586914,0.029561996459960938,0.36829557225861187,2.8380428308664434
E9.5-R1,7,284103,99350,994,5682,21.02667999267578,0.16955184936523438,17.61304473876953,0.03223419189453125,0.2555767466358773,2.3950627995175777
E9.5-R1,8,284103,99350,994,5682,21.356054306030273,0.1824045181274414,17.433277130126953,0.02777099609375,0.29280132808131676,2.7154906352711463
E9.5-R1,9,284103,99350,994,5682,22.257400512695312,0.21586894989013672,17.141504287719727,0.025880813598632812,0.37679138555954345,3.0602008679957486
E9.5-R1,10,284103,99350,994,5682,21.67591094970703,0.17514705657958984,17.990951538085938,0.029722213745117188,0.2688211328013041,2.558953264644067
E9.5-R1,11,284103,99350,994,5682,21.188976287841797,0.18390846252441406,17.072704315185547,0.02950572967529297,0.311622288584005,2.639920825034086
E9.5-R1,12,284103,99350,994,5682,21.148048400878906,0.17547130584716797,17.206310272216797,0.022645950317382812,0.2975867752207783,2.95391014420501
E9.5-R1,13,284103,99350,994,5682,22.10607147216797,0.18990135192871094,17.158248901367188,0.02349376678466797,0.36554033785128265,3.014900230142494
E9.5-R1,14,284103,99350,994,5682,21.81199073791504,0.16781330108642578,17.518003463745117,0.02444744110107422,0.3162830883742295,2.779101697902002
E9.5-R1,15,284103,99350,994,5682,21.801151275634766,0.18300342559814453,17.77184295654297,0.026544570922851562,0.29481102494881467,2.7853819277733676
E9.5-R1,16,284103,99350,994,5682,22.03428077697754,0.1895580291748047,17.40383529663086,0.020967483520507812,0.3403445373089746,3.176413939249671
E9.5-R1,17,284103,99350,994,5682,21.97435760498047,0.19074535369873047,17.096561431884766,0.025856971740722656,0.36211480008446106,2.8830226875627156
E9.5-R1,18,284103,99350,994,5682,21.572341918945312,0.180999755859375,17.84836196899414,0.03145313262939453,0.2733911284925118,2.5247121342453327
E9.5-R1,19,284103,99350,994,5682,21.833208084106445,0.1879100799560547,16.521434783935547,0.026950836181640625,0.4021851484360614,2.801640518413877
E9.5-R1,20,284103,99350,994,5682,21.860435485839844,0.18608760833740234,17.420841217041016,0.031402587890625,0.32750785106262215,2.5670266270633597
E9.5-R1,21,284103,99350,994,5682,22.51513671875,0.1935281753540039,17.505718231201172,0.026430130004882812,0.36306898377267083,2.87228819409504
E9.5-R1,22,284103,99350,994,5682,22.243959426879883,0.19660186767578125,17.424379348754883,0.025968551635742188,0.3523063421352129,2.920439570220039
E9.5-R1,23,284103,99350,994,5682,22.357227325439453,0.21567344665527344,16.90665626525879,0.026947021484375,0.4031499235000066,3.00065084275767
E9.5-R1,24,284103,99350,994,5682,21.827865600585938,0.1685352325439453,17.44497299194336,0.031528472900390625,0.32335970185619856,2.4183230214382125
E9.5-R1,25,284103,99350,993,5682,21.97203826904297,0.16150379180908203,17.58734893798828,0.035430908203125,0.3211306778788556,2.188487685364045
E9.5-R1,26,284103,99350,993,5682,22.625699996948242,0.1747446060180664,17.415325164794922,0.03098297119140625,0.37760501717425843,2.495700516651172
E9.5-R1,27,284103,99350,993,5682,22.440004348754883,0.17976856231689453,17.676612854003906,0.0332489013671875,0.3442310997453895,2.4347621703491367
E9.5-R1,28,284103,99350,993,5682,22.33059310913086,0.18294048309326172,18.488868713378906,0.0311431884765625,0.2723646175832743,2.5543858040095575
E9.5-R1,29,284103,99350,993,5682,20.920272827148438,0.1913166046142578,17.280536651611328,0.025338172912597656,0.27575364482732795,2.916577689127272
E9.5-R1,30,284103,99350,993,5682,21.60384750366211,0.18972110748291016,17.368494033813477,0.029083251953125,0.3148156017728929,2.7056196963827785
E9.5-R1,31,284103,99350,993,5682,21.332948684692383,0.16451072692871094,17.607051849365234,0.02337646484375,0.2769300293676494,2.8150529812047194
E9.5-R1,32,284103,99350,993,5682,21.85685157775879,0.1819906234741211,18.096887588500977,0.036095619201660156,0.27234400425446603,2.333968463738426
E9.5-R1,33,284103,99350,993,5682,23.3807373046875,0.19968128204345703,17.819705963134766,0.030792236328125,0.39184689391207433,2.6970605480985266
E9.5-R1,34,284103,99350,993,5682,21.728221893310547,0.19516944885253906,17.515270233154297,0.028371810913085938,0.3109568710510059,2.782197093247779
E9.5-R1,35,284103,99350,993,5682,21.38103675842285,0.18007755279541016,17.304161071777344,0.032989501953125,0.3052128110260793,2.4485394535856955
E9.5-R1,36,284103,99350,993,5682,22.07832908630371,0.19040584564208984,17.036048889160156,0.0287322998046875,0.37404021622667327,2.728332391945708
E9.5-R1,37,284103,99350,993,5682,21.010250091552734,0.14873409271240234,17.518131256103516,0.029283523559570312,0.2622444510812068,2.3445743163000565
E9.5-R1,38,284103,99350,993,5682,21.526708602905273,0.1608743667602539,17.5682373046875,0.03614997863769531,0.2931583038194956,2.153867769916948
E9.5-R1,39,284103,99350,993,5682,22.176044464111328,0.18323135375976562,17.125911712646484,0.030910491943359375,0.37282126203904215,2.567497872200505
E9.5-R1,40,284103,99350,993,5682,21.569393157958984,0.1889171600341797,17.119773864746094,0.02616596221923828,0.33332194241031493,2.8519905346519265
E9.5-R1,41,284103,99350,993,5682,22.04383087158203,0.1777505874633789,17.99074935913086,0.028923988342285156,0.29311968378448194,2.619515922928256
E9.5-R1,42,284103,99350,993,5682,21.63286781311035,0.1770477294921875,17.217037200927734,0.03483009338378906,0.32938803483343687,2.3457320962509947
E9.5-R1,43,284103,99350,993,5682,22.33309555053711,0.18966197967529297,18.042829513549805,0.03152179718017578,0.3077576316743341,2.58900880397695
E9.5-R1,44,284103,99350,993,5682,23.00577163696289,0.20212173461914062,17.809101104736328,0.02992725372314453,0.36938114691721363,2.7556926654091516
E9.5-R1,45,284103,99350,993,5682,21.81304931640625,0.2061758041381836,17.079578399658203,0.032896995544433594,0.3529190998268082,2.647847299524183
E9.5-R1,46,284103,99350,993,5682,21.720340728759766,0.18411540985107422,17.442161560058594,0.02105236053466797,0.31646789449362894,3.128556468235708
E9.5-R1,47,284103,99350,993,5682,21.831859588623047,0.20361328125,17.345592498779297,0.03240776062011719,0.3318658993653057,2.6514204295081383
E9.5-R1,48,284103,99350,993,5682,21.772319793701172,0.18465423583984375,17.050121307373047,0.03130340576171875,0.3527131280574055,2.560434823564846
E9.5-R1,49,284103,99350,993,5682,21.358428955078125,0.17486858367919922,16.960433959960938,0.033599853515625,0.3326324477151693,2.379744274190482
E9.5-R2,0,260445,90271,903,5209,21.00240135192871,0.1370849609375,18.335155487060547,0.03170967102050781,0.19594179022598285,2.1120754922373246
E9.5-R2,1,260445,90271,903,5209,22.197757720947266,0.1572885513305664,17.020715713500977,0.026493072509765625,0.38312224889732877,2.569726590387712
E9.5-R2,2,260445,90271,903,5209,22.151962280273438,0.1526622772216797,18.024782180786133,0.02557373046875,0.2974526768152222,2.5776090883054796
E9.5-R2,3,260445,90271,903,5209,22.490585327148438,0.16479873657226562,17.674373626708984,0.030898094177246094,0.3476621210029529,2.415115422922752
E9.5-R2,4,260445,90271,903,5209,21.484577178955078,0.1234283447265625,18.019073486328125,0.030135154724121094,0.2537765529979904,2.034154363311508
E9.5-R2,5,260445,90271,903,5209,21.809886932373047,0.12718963623046875,17.939743041992188,0.024186134338378906,0.28182306460909057,2.3947290131607533
E9.5-R2,6,260445,90271,903,5209,21.691505432128906,0.14147663116455078,18.009525299072266,0.02942180633544922,0.26837002757086686,2.265606043283554
E9.5-R2,7,260445,90271,903,5209,21.55474090576172,0.12845516204833984,18.781356811523438,0.02869129180908203,0.19870393040431236,2.1625800357714215
E9.5-R2,8,260445,90271,903,5209,22.080280303955078,0.14366912841796875,18.526023864746094,0.027509689331054688,0.2532052097581399,2.384738336794068
E9.5-R2,9,260445,90271,903,5209,21.97475814819336,0.1324300765991211,17.80437469482422,0.029420852661132812,0.3036155194288336,2.1703198504231542
E9.5-R2,10,260445,90271,903,5209,21.755672454833984,0.12260723114013672,17.665283203125,0.02495861053466797,0.30047473225509497,2.2964345433446334
E9.5-R2,11,260445,90271,903,5209,22.606101989746094,0.14778614044189453,17.682092666625977,0.027605056762695312,0.35442322001615345,2.4205065054131136
E9.5-R2,12,260445,90271,903,5209,21.833690643310547,0.13877201080322266,17.88921356201172,0.030611038208007812,0.28746605029528816,2.180592735844926
E9.5-R2,13,260445,90271,903,5209,20.994903564453125,0.13674259185791016,17.685466766357422,0.030157089233398438,0.24747486539217745,2.1808935846420106
E9.5-R2,14,260445,90271,903,5209,21.83513641357422,0.13787460327148438,17.856643676757812,0.027593612670898438,0.29019060637868244,2.320950476703162
E9.5-R2,15,260445,90271,903,5209,20.919641494750977,0.13925457000732422,17.74435806274414,0.023522377014160156,0.23749774496685522,2.565618912429604
E9.5-R2,16,260445,90271,903,5209,22.17947769165039,0.16776084899902344,18.01156997680664,0.02752971649169922,0.3003014525220933,2.607344409845429
E9.5-R2,17,260445,90271,903,5209,21.987913131713867,0.15172195434570312,18.066612243652344,0.027487754821777344,0.2833846798446864,2.464568881785939
E9.5-R2,18,260445,90271,903,5209,21.851909637451172,0.14329051971435547,17.89196014404297,0.030712127685546875,0.2884479125679811,2.2220627937709336
E9.5-R2,19,260445,90271,903,5209,21.647525787353516,0.14875125885009766,18.436813354492188,0.02698802947998047,0.23161282115071574,2.462510329721985
E9.5-R2,20,260445,90271,903,5209,21.675048828125,0.14134693145751953,17.778202056884766,0.025712013244628906,0.2859258143857731,2.4587260812227805
E9.5-R2,21,260445,90271,903,5209,20.318042755126953,0.12389755249023438,18.02202606201172,0.028583526611328125,0.17300022332114287,2.115891857303977
E9.5-R2,22,260445,90271,903,5209,22.49665069580078,0.14758014678955078,18.105754852294922,0.033387184143066406,0.31326190292278905,2.1441323284568363
E9.5-R2,23,260445,90271,903,5209,21.574501037597656,0.142730712890625,17.679363250732422,0.02962970733642578,0.28726087918572235,2.2681795268564144
E9.5-R2,24,260445,90271,903,5209,22.093944549560547,0.1429767608642578,17.505094528198242,0.03518104553222656,0.33587616131875864,2.0229104100345108
E9.5-R2,25,260445,90271,903,5209,21.822582244873047,0.1540365219116211,18.06808853149414,0.03202342987060547,0.27237793651931186,2.2660727119419937
E9.5-R2,26,260445,90271,903,5209,21.588119506835938,0.13184356689453125,18.107437133789062,0.030717849731445312,0.25365521237462363,2.1016780436613165
E9.5-R2,27,260445,90271,903,5209,21.796855926513672,0.14346885681152344,18.170833587646484,0.030889511108398438,0.26249544461245655,2.215548658444125
E9.5-R2,28,260445,90271,903,5209,21.262813568115234,0.11978816986083984,18.507963180541992,0.027871131896972656,0.20018637789262328,2.103641937097863
E9.5-R2,29,260445,90271,903,5209,21.506057739257812,0.14452362060546875,18.370084762573242,0.035266876220703125,0.2273848062599506,2.034919603550223
E9.5-R2,30,260445,90271,903,5209,21.981359481811523,0.1400442123413086,17.749523162841797,0.026307106018066406,0.3085003480077138,2.412357906947812
E9.5-R2,31,260445,90271,903,5209,21.698123931884766,0.12507152557373047,18.170516967773438,0.030994415283203125,0.2559708432908976,2.012673182941428
E9.5-R2,32,260445,90271,903,5209,21.83034896850586,0.1589813232421875,17.911949157714844,0.022582054138183594,0.2854128543969714,2.8156086614950464
E9.5-R2,33,260445,90271,903,5209,21.380338668823242,0.11081695556640625,18.113048553466797,0.03932952880859375,0.23925532336969796,1.4944938309237827
E9.5-R2,34,260445,90271,903,5209,21.902381896972656,0.1355428695678711,17.708423614501953,0.030117034912109375,0.3066519817064142,2.1700975744410727
E9.5-R2,35,260445,90271,903,5209,21.680339813232422,0.15030384063720703,18.2479248046875,0.030892372131347656,0.24865496260195308,2.282559313675924
E9.5-R2,36,260445,90271,902,5209,21.76904296875,0.13794231414794922,17.362302780151367,0.028098106384277344,0.32631967719060145,2.29552026374846
E9.5-R2,37,260445,90271,902,5209,22.035018920898438,0.1333293914794922,19.240325927734375,0.033695220947265625,0.19566489710565063,1.984378955908968
E9.5-R2,38,260445,90271,902,5209,21.145156860351562,0.1318960189819336,17.52642059326172,0.02648448944091797,0.27079587696265706,2.316181418150321
E9.5-R2,39,260445,90271,902,5209,21.87267303466797,0.12839317321777344,19.082653045654297,0.03421592712402344,0.19686777929177804,1.9078285504183468
E9.5-R2,40,260445,90271,902,5209,21.22334098815918,0.12835025787353516,17.87039566040039,0.026833534240722656,0.24808020705568512,2.2579772051207807
E9.5-R2,41,260445,90271,902,5209,22.058650970458984,0.13529205322265625,18.025232315063477,0.0282745361328125,0.29132670996115884,2.2585018399447816
E9.5-R2,42,260445,90271,902,5209,22.143253326416016,0.15302753448486328,17.72339630126953,0.02165699005126953,0.32121210969359026,2.8208866104407706
E9.5-R2,43,260445,90271,902,5209,21.91937255859375,0.14060688018798828,17.77838897705078,0.03045177459716797,0.3020819042840294,2.2070689805205643
E9.5-R2,44,260445,90271,902,5209,22.11656951904297,0.14003753662109375,18.49605369567871,0.031612396240234375,0.25791013658311085,2.1472512871501466
E9.5-R2,45,260445,90271,902,5208,21.53559112548828,0.13965129852294922,17.5933837890625,0.02939891815185547,0.2916899369011753,2.247994016779376
E9.5-R2,46,260445,90271,902,5208,20.7823543548584,0.11700820922851562,18.482650756835938,0.02980518341064453,0.16918742003320905,1.972974595724114
E9.5-R2,47,260445,90271,902,5208,22.001272201538086,0.12967586517333984,17.776782989501953,0.025704383850097656,0.30759268091566744,2.3348236598001826
E9.5-R2,48,260445,90271,902,5208,21.575361251831055,0.14740753173828125,18.238773345947266,0.027456283569335938,0.24237601180274373,2.424601976996218
E9.5-R2,49,260445,90271,902,5208,22.211162567138672,0.13677597045898438,18.19993019104004,0.02295398712158203,0.28735199105603715,2.5749981145028134
E9.5-R3,0,325815,17058,171,6517,33.56281280517578,1.0758686065673828,16.167856216430664,0.06497573852539062,1.053735232319847,4.04945695859079
E9.5-R3,1,325815,17058,171,6517,32.60566711425781,1.0214967727661133,15.251507759094238,0.06380462646484375,1.0961708635913718,4.000879798514179
E9.5-R3,2,325815,17058,171,6517,33.243446350097656,0.9536247253417969,16.048873901367188,0.05430030822753906,1.0505978825849156,4.13438934971172
E9.5-R3,3,325815,17058,171,6517,31.44796371459961,0.8543167114257812,15.30646800994873,0.06481742858886719,1.0388251870261502,3.7203173105686003
E9.5-R3,4,325815,17058,171,6517,33.22742462158203,1.0631351470947266,15.940890312194824,0.06324958801269531,1.0596422701963473,4.071125112943783
E9.5-R3,5,325815,17058,171,6517,32.359493255615234,0.9461383819580078,15.43665885925293,0.058319091796875,1.067828488928446,4.020011049340433
E9.5-R3,6,325815,17058,171,6517,33.10618591308594,0.8858299255371094,17.01034164428711,0.06762027740478516,0.9606886936504262,3.7115018960170647
E9.5-R3,7,325815,17058,171,6517,33.213584899902344,1.0206832885742188,16.57350730895996,0.06873226165771484,1.0028945081449125,3.892404033984224
E9.5-R3,8,325815,17058,171,6517,33.497169494628906,0.9792470932006836,17.419658660888672,0.07426929473876953,0.9433228386946317,3.7208351570274014
E9.5-R3,9,325815,17058,171,6517,31.301902770996094,0.8902530670166016,16.25804901123047,0.05886363983154297,0.9450962155878028,3.9187668416777415
E9.5-R3,10,325815,17058,171,6517,33.585731506347656,1.1083440780639648,14.999887466430664,0.054927825927734375,1.162896774304353,4.334724825440472
E9.5-R3,11,325815,17058,171,6517,33.65325164794922,1.100046157836914,16.169702529907227,0.06823158264160156,1.0574527696541325,4.010980569936915
E9.5-R3,12,325815,17058,171,6517,32.61616134643555,1.0295600891113281,15.48249626159668,0.058956146240234375,1.0749489010139865,4.1262419999478315
E9.5-R3,13,325815,17058,171,6517,33.62433624267578,1.080061912536621,14.563239097595215,0.0607147216796875,1.2071745188886216,4.1529238308704
E9.5-R3,14,325815,17058,171,6517,33.95518493652344,1.1272354125976562,15.53670597076416,0.05859851837158203,1.127951228136416,4.265780842718664
E9.5-R3,15,325815,17058,171,6516,31.992618560791016,0.9442119598388672,16.17416000366211,0.06529998779296875,0.9840482917263987,3.8539561297306415
E9.5-R3,16,325815,17058,171,6516,32.14029312133789,0.8642416000366211,17.31737518310547,0.06391716003417969,0.8921628110486878,3.7571594633273215
E9.5-R3,17,325815,17058,171,6516,32.85964584350586,0.9398956298828125,17.634326934814453,0.07948875427246094,0.8979304190356705,3.5636778888754037
E9.5-R3,18,325815,17058,171,6516,31.406707763671875,0.8719673156738281,15.925174713134766,0.06618785858154297,0.97976351891498,3.7196355586251504
E9.5-R3,19,325815,17058,171,6516,32.84019470214844,0.9098348617553711,16.35253143310547,0.06060791015625,1.005948692949552,3.908026712405098
E9.5-R3,20,325815,17058,171,6516,30.662395477294922,0.7261314392089844,16.10637664794922,0.1371631622314453,0.928838434543021,2.404337647957253
E9.5-R3,21,325815,17058,171,6516,32.01072692871094,0.8942852020263672,16.747894287109375,0.07214641571044922,0.9345757223742427,3.631735376183897
E9.5-R3,22,325815,17058,171,6516,32.180931091308594,0.7952070236206055,16.780738830566406,0.12863826751708984,0.9393998313219768,2.6280106177407307
E9.5-R3,23,325815,17058,171,6516,33.213809967041016,1.0388803482055664,15.534414291381836,0.06612205505371094,1.0963153771562522,3.973754129061122
E9.5-R3,24,325815,17058,171,6516,34.94633483886719,1.218947410583496,14.884026527404785,0.05425071716308594,1.2313762872553125,4.489849865170625
E9.5-R3,25,325815,17058,171,6516,31.606868743896484,0.7942819595336914,16.55698013305664,0.07967948913574219,0.9327985559294664,3.3173709331228043
E9.5-R3,26,325815,17058,171,6516,31.70114517211914,0.7665214538574219,15.978896141052246,0.05664253234863281,0.9883672102073988,3.7583685001236478
E9.5-R3,27,325815,17058,171,6516,32.22074890136719,0.793339729309082,17.22140884399414,0.07034778594970703,0.9037868556108184,3.4953618754203215
E9.5-R3,28,325815,17058,171,6516,32.824546813964844,0.9323940277099609,16.458267211914062,0.05775928497314453,0.9959626415421137,4.012814975850476
E9.5-R3,29,325815,17058,170,6516,32.692726135253906,0.8565597534179688,16.37403106689453,0.08157730102539062,0.9975601458415047,3.3923142102540775
E9.5-R3,30,325815,17058,170,6516,34.01872253417969,0.8042945861816406,16.930416107177734,0.054978370666503906,1.0067115346607898,3.870787952062935
E9.5-R3,31,325815,17058,170,6516,33.744327545166016,1.0924367904663086,15.397850036621094,0.07143211364746094,1.1319160790082712,3.93483318534767
E9.5-R3,32,325815,17058,170,6516,32.328582763671875,0.8782072067260742,15.64923095703125,0.048171043395996094,1.0467185020745793,4.188323295041793
E9.5-R3,33,325815,17058,170,6516,33.782569885253906,1.0464839935302734,15.686750411987305,0.04890918731689453,1.1067325582177208,4.419300942014584
E9.5-R3,34,325815,17058,170,6516,31.23865509033203,0.7655229568481445,16.4367733001709,0.07247352600097656,0.9264052312168555,3.400919651044252
E9.5-R3,35,325815,17058,170,6516,32.142913818359375,0.9108266830444336,15.968791007995605,0.06666946411132812,1.00924562717577,3.772078520539754
E9.5-R3,36,325815,17058,170,6516,32.70439910888672,0.9959926605224609,14.7896728515625,0.062079429626464844,1.144894567167348,4.003947903600177
E9.5-R3,37,325815,17058,170,6516,33.76148986816406,0.8755588531494141,16.98980712890625,0.12874889373779297,0.9907090955516514,2.7656441205867646
E9.5-R3,38,325815,17058,170,6516,31.425464630126953,0.733642578125,16.292728424072266,0.0716094970703125,0.9477058535799939,3.356854530570285
E9.5-R3,39,325815,17058,170,6516,33.19755935668945,0.9484567642211914,16.08171272277832,0.056120872497558594,1.0456561167754004,4.0789726658346686
E9.5-R3,40,325815,17058,170,6516,35.26634216308594,1.2362842559814453,15.050159454345703,0.05650043487548828,1.2285131744879587,4.451604714913426
E9.5-R3,41,325815,17058,170,6516,34.85584259033203,1.1362762451171875,17.731231689453125,0.10997295379638672,0.9751077474717637,3.3690929542111796
E9.5-R3,42,325815,17058,170,6516,31.776031494140625,0.9049415588378906,15.897292137145996,0.055156707763671875,0.9991579126816547,4.036216374066144
E9.5-R3,43,325815,17058,170,6516,34.314292907714844,1.1223526000976562,14.984206199645996,0.04635429382324219,1.1953669683629842,4.597679193665003
E9.5-R3,44,325815,17058,170,6516,32.56463623046875,1.0180692672729492,15.8809814453125,0.057976722717285156,1.0360060370124418,4.134218128764747
E9.5-R3,45,325815,17058,170,6516,34.390586853027344,1.0868549346923828,16.64243507385254,0.05541801452636719,1.0471471947623336,4.293660558806454
E9.5-R3,46,325815,17058,170,6516,33.05012512207031,0.9608936309814453,16.205368041992188,0.0577545166015625,1.0281839472956247,4.0563710565986
E9.5-R3,47,325815,17058,170,6516,32.34847640991211,0.8478565216064453,16.454601287841797,0.07363605499267578,0.975206695034387,3.5253359032376905
E9.5-R3,48,325815,17058,170,6516,33.090267181396484,1.0350561141967773,15.860069274902344,0.077392578125,1.0610078679019257,3.741369953506857
E9.5-R3,49,325815,17058,170,6516,33.495906829833984,0.9885215759277344,15.150857925415039,0.0643310546875,1.1445853208962946,3.941685208700762
E10.0-R1,0,319533,28017,281,6391,41.193580627441406,1.280111312866211,14.496526718139648,0.03862953186035156,1.5067122530969443,5.050421261799256
E10.0-R1,1,319533,28017,281,6391,40.37320327758789,1.2698049545288086,15.0110502243042,0.08187103271484375,1.4273731408427621,3.9551100084431474
E10.0-R1,2,319533,28017,281,6391,39.680789947509766,1.1728076934814453,17.2348690032959,0.046874046325683594,1.2031104132564086,4.645033323809492
E10.0-R1,3,319533,28017,281,6391,41.47300720214844,1.4017868041992188,15.325425148010254,0.04874420166015625,1.4362455638773037,4.845892524260313
E10.0-R1,4,319533,28017,281,6391,41.58458709716797,1.3094005584716797,14.528640747070312,0.031909942626953125,1.5171491718687724,5.358756674436518
E10.0-R1,5,319533,28017,281,6391,39.941505432128906,1.45501708984375,16.64609146118164,0.08219146728515625,1.2627052412146473,4.145903659962888
E10.0-R1,6,319533,28017,281,6391,41.820865631103516,1.3562345504760742,16.335412979125977,0.03855133056640625,1.3562199956020322,5.136682238595567
E10.0-R1,7,319533,28017,281,6391,41.94700622558594,1.369257926940918,16.15311050415039,0.04472064971923828,1.3767558461308536,4.936309273874216
E10.0-R1,8,319533,28017,281,6391,40.06648254394531,1.3168630599975586,15.469815254211426,0.04711723327636719,1.372939892690678,4.804706691343058
E10.0-R1,9,319533,28017,280,6391,41.463844299316406,1.5356159210205078,15.502758026123047,0.05257129669189453,1.4193289796533521,4.868398292787102
E10.0-R1,10,319533,28017,280,6391,40.925960540771484,1.4843082427978516,15.36202335357666,0.06889533996582031,1.4136480294930585,4.429240510615445
E10.0-R1,11,319533,28017,280,6391,40.498573303222656,1.2364158630371094,15.501531600952148,0.04923820495605469,1.3854603197363147,4.650242091347986
E10.0-R1,12,319533,28017,280,6391,40.503334045410156,1.4114952087402344,15.952354431152344,0.03668785095214844,1.3442712996464992,5.265778022445686
E10.0-R1,13,319533,28017,280,6391,39.445068359375,1.2396478652954102,15.508932113647461,0.06371688842773438,1.346745586524563,4.282110740720244
E10.0-R1,14,319533,28017,280,6391,40.95940017700195,1.4684104919433594,14.925457000732422,0.061870574951171875,1.4564194823210435,4.5688580768683265
E10.0-R1,15,319533,28017,280,6391,39.56097412109375,1.0641937255859375,15.717529296875,0.045874595642089844,1.331703498176441,4.53592155090792
E10.0-R1,16,319533,28017,280,6391,40.147857666015625,1.3146247863769531,15.848359107971191,0.040635108947753906,1.3409895302596964,5.015780518939458
E10.0-R1,17,319533,28017,280,6391,41.300559997558594,1.2588005065917969,15.413609504699707,0.05745124816894531,1.4219565967415688,4.453567617341508
E10.0-R1,18,319533,28017,280,6391,41.61212921142578,1.319234848022461,15.18518352508545,0.05283164978027344,1.4543397654265475,4.642155141625122
E10.0-R1,19,319533,28017,280,6391,41.82820510864258,1.5332565307617188,13.906615257263184,0.03759765625,1.5887047679295507,5.3498125553203755
E10.0-R1,20,319533,28017,280,6391,40.87757110595703,1.3417959213256836,16.077417373657227,0.04641914367675781,1.346273800608452,4.8533015445835
E10.0-R1,21,319533,28017,280,6391,40.65868377685547,1.3278818130493164,16.293630599975586,0.032599449157714844,1.319255406592982,5.3481353493441635
E10.0-R1,22,319533,28017,280,6391,40.6861572265625,1.3391962051391602,16.69247055053711,0.0709676742553711,1.2853405305309504,4.238061507361502
E10.0-R1,23,319533,28017,280,6391,40.61787414550781,1.1741485595703125,15.627552032470703,0.04465293884277344,1.3780229279446687,4.716716017526619
E10.0-R1,24,319533,28017,280,6391,40.61521911621094,1.4014320373535156,15.79082202911377,0.05063915252685547,1.3629341515347257,4.790504711440168
E10.0-R1,25,319533,28017,280,6391,41.6786003112793,1.4933595657348633,14.831954956054688,0.037841796875,1.4905980608447653,5.30243716893695
E10.0-R1,26,319533,28017,280,6391,42.00316619873047,1.4730758666992188,15.261190414428711,0.05106163024902344,1.46063058163952,4.850448324552759
E10.0-R1,27,319533,28017,280,6391,41.04914093017578,1.3391246795654297,15.067930221557617,0.04124736785888672,1.445870772426987,5.020844420403649
E10.0-R1,28,319533,28017,280,6391,39.33076477050781,1.3780593872070312,14.259620666503906,0.04078102111816406,1.4637226353507498,5.078596352299965
E10.0-R1,29,319533,28017,280,6391,41.08161163330078,1.4514341354370117,15.05027961730957,0.043686866760253906,1.44870248886242,5.054135656411835
E10.0-R1,30,319533,28017,280,6391,40.715538024902344,1.0912151336669922,16.716835021972656,0.07116413116455078,1.2842777369928653,3.938641484360979
E10.0-R1,31,319533,28017,280,6391,40.743309020996094,1.2974395751953125,15.534564971923828,0.049841880798339844,1.3910813144537968,4.7021650303102165
E10.0-R1,32,319533,28017,280,6391,40.29044723510742,1.3087921142578125,15.964309692382812,0.0421905517578125,1.3355876487481781,4.955172195761504
E10.0-R1,33,319533,28017,280,6390,41.32902526855469,1.4941329956054688,13.550779342651367,0.03824424743652344,1.6087795112948673,5.287922001558385
E10.0-R1,34,319533,28017,280,6390,40.49705505371094,1.3697166442871094,14.815498352050781,0.03970623016357422,1.4507098436589243,5.10836826765859
E10.0-R1,35,319533,28017,280,6390,40.573448181152344,1.3298797607421875,15.765874862670898,0.039565086364746094,1.3637306881550404,5.070924095682736
E10.0-R1,36,319533,28017,280,6390,41.91004180908203,1.4010887145996094,14.926212310791016,0.04699420928955078,1.4894478483788849,4.897921501197438
E10.0-R1,37,319533,28017,280,6390,41.99577331542969,1.3782157897949219,15.511261940002441,0.05106163024902344,1.436928070885817,4.754418381404984
E10.0-R1,38,319533,28017,280,6390,40.168128967285156,1.2511825561523438,15.145282745361328,0.04211616516113281,1.4071827502925995,4.8927744143694705
E10.0-R1,39,319533,28017,280,6390,42.49419021606445,1.4345531463623047,15.284186363220215,0.048455238342285156,1.4752258562132112,4.88780496760807
E10.0-R1,40,319533,28017,280,6390,39.704139709472656,1.2546539306640625,14.90318489074707,0.0662984848022461,1.4136687609352563,4.242169773287782
E10.0-R1,41,319533,28017,280,6390,41.456787109375,1.3211660385131836,15.245834350585938,0.055281639099121094,1.4431932061704793,4.578867587283845
E10.0-R1,42,319533,28017,280,6390,41.44439697265625,1.4158086776733398,14.346197128295898,0.036197662353515625,1.5305087116050833,5.289585981794847
E10.0-R1,43,319533,28017,280,6390,41.21089172363281,1.3204364776611328,15.391704559326172,0.04729270935058594,1.4208726688288174,4.8032532944325865
E10.0-R1,44,319533,28017,280,6390,41.491458892822266,1.3811016082763672,15.923433303833008,0.04840850830078125,1.3816629514618044,4.834415014505409
E10.0-R1,45,319533,28017,280,6390,42.32832717895508,1.4540290832519531,15.420171737670898,0.04182147979736328,1.4568046413474016,5.119668205197887
E10.0-R1,46,319533,28017,280,6390,39.36768341064453,1.197554588317871,15.796087265014648,0.1001138687133789,1.317444576618584,3.580377671255908
E10.0-R1,47,319533,28017,280,6390,39.59178161621094,1.231215476989746,15.127134323120117,0.05852031707763672,1.38806227959661,4.3950018756820945
E10.0-R1,48,319533,28017,280,6390,41.15838623046875,1.426854133605957,14.923871994018555,0.04421520233154297,1.4635645261036625,5.012151555500782
E10.0-R1,49,319533,28017,280,6390,40.743568420410156,1.4048538208007812,15.463427543640137,0.04567146301269531,1.3977122055089393,4.942983206442139
