embryo_a,embryo_b,batch,n_a,n_b,sinkhorn,energy
E7.5-R1,E7.5-R2,0,1342,1838,31.57606315612793,0.6562614440917969
E7.5-R1,E7.5-R2,1,1342,1838,28.964988708496094,0.5833978652954102
E7.5-R1,E7.5-R2,2,1342,1838,29.166465759277344,0.6053142547607422
E7.5-R1,E7.5-R2,3,1342,1838,35.31242752075195,0.7948074340820312
E7.5-R1,E7.5-R2,4,1342,1838,25.595935821533203,0.6196441650390625
E7.5-R1,E7.5-R2,5,1342,1838,36.87945556640625,0.7359523773193359
E7.5-R1,E7.5-R2,6,1342,1838,32.76496124267578,0.7260608673095703
E7.5-R1,E7.5-R2,7,1342,1838,32.44886779785156,0.6345663070678711
E7.5-R1,E7.5-R2,8,1342,1838,30.11628532409668,0.7309055328369141
E7.5-R1,E7.5-R2,9,1342,1838,33.422786712646484,0.6651906967163086
E7.5-R1,E7.5-R2,10,1342,1838,30.64501953125,0.6689300537109375
E7.5-R1,E7.5-R2,11,1342,1838,34.95514678955078,0.67620849609375
E7.5-R1,E7.5-R2,12,1342,1838,33.424713134765625,0.8760890960693359
E7.5-R1,E7.5-R2,13,1342,1838,37.19526290893555,1.0074529647827148
E7.5-R1,E7.5-R2,14,1342,1838,30.075828552246094,0.6460866928100586
E7.5-R1,E7.5-R2,15,1342,1838,31.18307876586914,0.6257133483886719
E7.5-R1,E7.5-R2,16,1342,1838,33.8955078125,0.6288232803344727
E7.5-R1,E7.5-R2,17,1342,1838,27.668109893798828,0.6297330856323242
E7.5-R1,E7.5-R2,18,1342,1838,34.00238037109375,0.7464084625244141
E7.5-R1,E7.5-R2,19,1342,1838,32.29231262207031,0.7087268829345703
E7.5-R1,E7.5-R2,20,1342,1838,33.50663375854492,0.5069599151611328
E7.5-R1,E7.5-R2,21,1342,1838,22.33719253540039,0.4868888854980469
E7.5-R1,E7.5-R2,22,1342,1838,25.47771453857422,0.723973274230957
E7.5-R1,E7.5-R2,23,1342,1838,33.68315887451172,0.6761102676391602
E7.5-R1,E7.5-R2,24,1342,1838,35.54153060913086,0.7753324508666992
E7.5-R1,E7.5-R2,25,1342,1838,34.474761962890625,0.7656669616699219
E7.5-R1,E7.5-R2,26,1342,1838,26.801645278930664,0.5886068344116211
E7.5-R1,E7.5-R2,27,1342,1838,27.622783660888672,0.6403236389160156
E7.5-R1,E7.5-R2,28,1342,1838,23.522214889526367,0.5257978439331055
E7.5-R1,E7.5-R2,29,1342,1838,36.08386993408203,0.8260049819946289
E7.5-R1,E7.5-R2,30,1342,1838,31.460525512695312,0.6328001022338867
E7.5-R1,E7.5-R2,31,1342,1838,27.810020446777344,0.7441701889038086
E7.5-R1,E7.5-R2,32,1342,1838,33.91140365600586,0.6740779876708984
E7.5-R1,E7.5-R2,33,1342,1838,35.55187225341797,0.8192415237426758
E7.5-R1,E7.5-R2,34,1342,1838,37.72705841064453,0.9009456634521484
E7.5-R1,E7.5-R2,35,1342,1838,29.81393051147461,0.5812520980834961
E7.5-R1,E7.5-R2,36,1342,1838,33.693145751953125,0.6601800918579102
E7.5-R1,E7.5-R2,37,1342,1838,37.451324462890625,1.0009641647338867
E7.5-R1,E7.5-R2,38,1342,1838,27.590333938598633,0.684239387512207
E7.5-R1,E7.5-R2,39,1342,1838,33.553245544433594,0.6611385345458984
E7.5-R1,E7.5-R2,40,1342,1838,31.05169677734375,0.5286636352539062
E7.5-R1,E7.5-R2,41,1342,1838,32.01575469970703,0.9397468566894531
E7.5-R1,E7.5-R2,42,1342,1838,26.848434448242188,0.659459114074707
E7.5-R1,E7.5-R2,43,1342,1838,26.664186477661133,0.49802303314208984
E7.5-R1,E7.5-R2,44,1342,1838,26.826065063476562,0.5657835006713867
E7.5-R1,E7.5-R2,45,1342,1838,26.82099151611328,0.7020606994628906
E7.5-R1,E7.5-R2,46,1342,1838,23.20099639892578,0.6440601348876953
E7.5-R1,E7.5-R2,47,1342,1838,36.43982696533203,0.9605894088745117
E7.5-R1,E7.5-R2,48,1342,1838,31.255435943603516,0.6434326171875
E7.5-R1,E7.5-R2,49,1342,1838,34.07881164550781,0.7991390228271484
E7.5-R1,E7.5-R3,0,1342,1468,21.03036117553711,0.5256557464599609
E7.5-R1,E7.5-R3,1,1342,1468,20.666824340820312,0.6188325881958008
E7.5-R1,E7.5-R3,2,1342,1468,30.477296829223633,0.8836784362792969
E7.5-R1,E7.5-R3,3,1342,1468,40.81150817871094,1.414754867553711
E7.5-R1,E7.5-R3,4,1342,1468,22.024517059326172,0.5435390472412109
E7.5-R1,E7.5-R3,5,1342,1468,27.56839942932129,0.8305330276489258
E7.5-R1,E7.5-R3,6,1342,1468,29.409326553344727,0.8411245346069336
E7.5-R1,E7.5-R3,7,1342,1468,21.272830963134766,0.4866199493408203
E7.5-R1,E7.5-R3,8,1342,1468,27.73491668701172,0.789886474609375
E7.5-R1,E7.5-R3,9,1342,1468,33.75566482543945,1.2127227783203125
E7.5-R1,E7.5-R3,10,1342,1468,32.44518280029297,0.8202800750732422
E7.5-R1,E7.5-R3,11,1342,1468,26.78089714050293,0.625788688659668
E7.5-R1,E7.5-R3,12,1342,1468,29.692840576171875,0.6889581680297852
E7.5-R1,E7.5-R3,13,1342,1468,31.549423217773438,0.7845916748046875
E7.5-R1,E7.5-R3,14,1342,1468,18.248788833618164,0.4618396759033203
E7.5-R1,E7.5-R3,15,1342,1468,24.29592514038086,0.6653680801391602
E7.5-R1,E7.5-R3,16,1342,1468,31.697486877441406,0.8459110260009766
E7.5-R1,E7.5-R3,17,1342,1468,39.078346252441406,1.6681013107299805
E7.5-R1,E7.5-R3,18,1342,1468,24.050525665283203,0.5871000289916992
E7.5-R1,E7.5-R3,19,1342,1468,27.351795196533203,0.6301364898681641
E7.5-R1,E7.5-R3,20,1342,1468,24.977008819580078,1.028538703918457
E7.5-R1,E7.5-R3,21,1342,1468,32.46481704711914,0.8734035491943359
E7.5-R1,E7.5-R3,22,1342,1468,24.878231048583984,0.6733055114746094
E7.5-R1,E7.5-R3,23,1342,1468,22.295665740966797,0.5836696624755859
E7.5-R1,E7.5-R3,24,1342,1468,32.45684814453125,0.7536582946777344
E7.5-R1,E7.5-R3,25,1342,1468,25.74460220336914,0.9051284790039062
E7.5-R1,E7.5-R3,26,1342,1468,25.56798553466797,0.5369853973388672
E7.5-R1,E7.5-R3,27,1342,1468,35.621192932128906,1.225712776184082
E7.5-R1,E7.5-R3,28,1342,1468,21.83367919921875,0.5437068939208984
E7.5-R1,E7.5-R3,29,1342,1468,34.09638214111328,1.1306228637695312
E7.5-R1,E7.5-R3,30,1342,1468,37.53119659423828,0.8783349990844727
E7.5-R1,E7.5-R3,31,1342,1468,36.42009735107422,1.1484098434448242
E7.5-R1,E7.5-R3,32,1342,1468,25.355850219726562,0.5624485015869141
E7.5-R1,E7.5-R3,33,1342,1468,17.63149642944336,0.42137622833251953
E7.5-R1,E7.5-R3,34,1342,1468,24.31473159790039,0.5929298400878906
E7.5-R1,E7.5-R3,35,1342,1468,30.365055084228516,0.8418903350830078
E7.5-R1,E7.5-R3,36,1342,1468,21.357627868652344,0.4720458984375
E7.5-R1,E7.5-R3,37,1342,1468,28.468952178955078,1.0086936950683594
E7.5-R1,E7.5-R3,38,1342,1468,30.12908935546875,0.7067890167236328
E7.5-R1,E7.5-R3,39,1342,1468,25.414857864379883,0.6087207794189453
E7.5-R1,E7.5-R3,40,1342,1468,22.950105667114258,0.5226287841796875
E7.5-R1,E7.5-R3,41,1342,1468,23.276172637939453,0.5492668151855469
E7.5-R1,E7.5-R3,42,1342,1468,36.879364013671875,0.9290761947631836
E7.5-R1,E7.5-R3,43,1342,1468,30.462661743164062,0.7003993988037109
E7.5-R1,E7.5-R3,44,1342,1468,32.07695388793945,0.7332191467285156
E7.5-R1,E7.5-R3,45,1342,1468,28.819664001464844,1.0566635131835938
E7.5-R1,E7.5-R3,46,1342,1468,20.980581283569336,0.5750846862792969
E7.5-R1,E7.5-R3,47,1342,1468,25.24169158935547,0.6731319427490234
E7.5-R1,E7.5-R3,48,1342,1468,30.250303268432617,0.7722110748291016
E7.5-R1,E7.5-R3,49,1342,1468,27.603805541992188,0.9398422241210938
E7.5-R1,E8.0-R1,0,1342,4498,36.6634521484375,1.3396577835083008
E7.5-R1,E8.0-R1,1,1342,4498,29.479843139648438,0.9329137802124023
E7.5-R1,E8.0-R1,2,1342,4498,32.241416931152344,1.1564502716064453
E7.5-R1,E8.0-R1,3,1342,4498,31.091964721679688,1.1237096786499023
E7.5-R1,E8.0-R1,4,1342,4498,34.41100311279297,1.3252735137939453
E7.5-R1,E8.0-R1,5,1342,4498,35.095298767089844,1.2687873840332031
E7.5-R1,E8.0-R1,6,1342,4498,33.298213958740234,1.219538688659668
E7.5-R1,E8.0-R1,7,1342,4498,35.1527099609375,1.2525138854980469
E7.5-R1,E8.0-R1,8,1342,4498,31.81938934326172,1.2350530624389648
E7.5-R1,E8.0-R1,9,1342,4498,40.456886291503906,1.4619121551513672
E7.5-R1,E8.0-R1,10,1342,4498,35.208839416503906,1.2535219192504883
E7.5-R1,E8.0-R1,11,1342,4498,32.01696014404297,1.3213233947753906
E7.5-R1,E8.0-R1,12,1342,4498,30.708677291870117,1.041661262512207
E7.5-R1,E8.0-R1,13,1342,4498,33.54789733886719,1.193044662475586
E7.5-R1,E8.0-R1,14,1342,4498,32.89771270751953,1.0981769561767578
E7.5-R1,E8.0-R1,15,1342,4498,39.65150451660156,1.3459463119506836
E7.5-R1,E8.0-R1,16,1342,4498,37.738136291503906,1.2585163116455078
E7.5-R1,E8.0-R1,17,1342,4498,32.322147369384766,1.2432842254638672
E7.5-R1,E8.0-R1,18,1342,4498,30.609237670898438,1.1720762252807617
E7.5-R1,E8.0-R1,19,1342,4498,34.8043212890625,1.0057401657104492
E7.5-R1,E8.0-R1,20,1342,4498,35.36632537841797,1.1752653121948242
E7.5-R1,E8.0-R1,21,1342,4498,36.897071838378906,1.4387569427490234
E7.5-R1,E8.0-R1,22,1342,4498,34.25905227661133,1.3222875595092773
E7.5-R1,E8.0-R1,23,1342,4498,33.568450927734375,1.171595573425293
E7.5-R1,E8.0-R1,24,1342,4498,33.84968566894531,1.3076696395874023
E7.5-R1,E8.0-R1,25,1342,4498,32.22048568725586,1.2664480209350586
E7.5-R1,E8.0-R1,26,1342,4498,34.11350631713867,1.14019775390625
E7.5-R1,E8.0-R1,27,1342,4498,28.681535720825195,1.1427640914916992
E7.5-R1,E8.0-R1,28,1342,4498,31.854618072509766,1.2730035781860352
E7.5-R1,E8.0-R1,29,1342,4498,37.947425842285156,1.3880205154418945
E7.5-R1,E8.0-R1,30,1342,4498,35.17325973510742,1.4000473022460938
E7.5-R1,E8.0-R1,31,1342,4498,37.19607162475586,1.4431695938110352
E7.5-R1,E8.0-R1,32,1342,4498,35.95539474487305,1.2996845245361328
E7.5-R1,E8.0-R1,33,1342,4498,28.32985496520996,1.4335136413574219
E7.5-R1,E8.0-R1,34,1342,4498,34.16349792480469,1.449387550354004
E7.5-R1,E8.0-R1,35,1342,4498,39.17165756225586,1.3634519577026367
E7.5-R1,E8.0-R1,36,1342,4498,36.716026306152344,1.324295997619629
E7.5-R1,E8.0-R1,37,1342,4498,32.98113250732422,1.1956920623779297
E7.5-R1,E8.0-R1,38,1342,4498,30.29496955871582,0.9807825088500977
E7.5-R1,E8.0-R1,39,1342,4498,35.936431884765625,1.2354106903076172
E7.5-R1,E8.0-R1,40,1342,4498,33.852439880371094,1.1670207977294922
E7.5-R1,E8.0-R1,41,1342,4498,30.924972534179688,1.1798839569091797
E7.5-R1,E8.0-R1,42,1342,4498,31.59730339050293,1.232316017150879
E7.5-R1,E8.0-R1,43,1342,4498,31.643714904785156,1.229024887084961
E7.5-R1,E8.0-R1,44,1342,4498,38.82868194580078,1.363870620727539
E7.5-R1,E8.0-R1,45,1342,4498,29.265018463134766,1.199814796447754
E7.5-R1,E8.0-R1,46,1342,4498,38.216407775878906,1.2580947875976562
E7.5-R1,E8.0-R1,47,1342,4498,33.934940338134766,1.1622657775878906
E7.5-R1,E8.0-R1,48,1342,4498,40.20520782470703,1.6018562316894531
E7.5-R1,E8.0-R1,49,1342,4498,36.37208557128906,1.2515153884887695
E7.5-R1,E8.0-R2,0,1342,10681,54.0040283203125,2.0573301315307617
E7.5-R1,E8.0-R2,1,1342,10681,52.061065673828125,2.0123214721679688
E7.5-R1,E8.0-R2,2,1342,10681,49.186649322509766,2.198824882507324
E7.5-R1,E8.0-R2,3,1342,10681,45.88404083251953,2.4487180709838867
E7.5-R1,E8.0-R2,4,1342,10681,47.8839111328125,2.083965301513672
E7.5-R1,E8.0-R2,5,1342,10681,53.47190856933594,2.0809717178344727
E7.5-R1,E8.0-R2,6,1342,10681,53.075401306152344,2.139094352722168
E7.5-R1,E8.0-R2,7,1342,10681,53.21685028076172,2.240675926208496
E7.5-R1,E8.0-R2,8,1342,10681,47.53942108154297,2.373467445373535
E7.5-R1,E8.0-R2,9,1342,10681,53.07846450805664,2.1060047149658203
E7.5-R1,E8.0-R2,10,1342,10681,53.74338912963867,2.1456174850463867
E7.5-R1,E8.0-R2,11,1342,10681,46.529747009277344,2.180971145629883
E7.5-R1,E8.0-R2,12,1342,10681,46.159339904785156,2.1631603240966797
E7.5-R1,E8.0-R2,13,1342,10681,52.37443923950195,2.043376922607422
E7.5-R1,E8.0-R2,14,1342,10681,47.2513313293457,1.9198198318481445
E7.5-R1,E8.0-R2,15,1342,10681,49.72076416015625,2.102701187133789
E7.5-R1,E8.0-R2,16,1342,10681,49.453224182128906,1.8548202514648438
E7.5-R1,E8.0-R2,17,1342,10681,48.33250427246094,2.018289566040039
E7.5-R1,E8.0-R2,18,1342,10681,55.38429260253906,2.106363296508789
E7.5-R1,E8.0-R2,19,1342,10681,55.11495590209961,2.448239326477051
E7.5-R1,E8.0-R2,20,1342,10681,53.49295425415039,2.0579833984375
E7.5-R1,E8.0-R2,21,1342,10681,55.283302307128906,2.1425533294677734
E7.5-R1,E8.0-R2,22,1342,10681,58.16184616088867,2.341118812561035
E7.5-R1,E8.0-R2,23,1342,10681,48.26861572265625,2.192408561706543
E7.5-R1,E8.0-R2,24,1342,10681,51.203887939453125,2.107698440551758
E7.5-R1,E8.0-R2,25,1342,10681,49.80685806274414,1.9935836791992188
E7.5-R1,E8.0-R2,26,1342,10681,47.23911666870117,2.080927848815918
E7.5-R1,E8.0-R2,27,1342,10681,52.08941650390625,2.008037567138672
E7.5-R1,E8.0-R2,28,1342,10681,48.99016571044922,2.2342491149902344
E7.5-R1,E8.0-R2,29,1342,10681,47.18152618408203,2.0181713104248047
E7.5-R1,E8.0-R2,30,1342,10681,54.4520263671875,2.127547264099121
E7.5-R1,E8.0-R2,31,1342,10681,49.57441329956055,1.9894018173217773
E7.5-R1,E8.0-R2,32,1342,10681,55.33148956298828,2.3065919876098633
E7.5-R1,E8.0-R2,33,1342,10681,45.4576530456543,2.0949316024780273
E7.5-R1,E8.0-R2,34,1342,10681,47.61895751953125,1.956777572631836
E7.5-R1,E8.0-R2,35,1342,10681,53.86048889160156,2.1842641830444336
E7.5-R1,E8.0-R2,36,1342,10681,49.23535919189453,1.8912391662597656
E7.5-R1,E8.0-R2,37,1342,10681,48.08341979980469,2.0463733673095703
E7.5-R1,E8.0-R2,38,1342,10681,52.97468566894531,2.2789459228515625
E7.5-R1,E8.0-R2,39,1342,10681,52.778663635253906,2.035672187805176
E7.5-R1,E8.0-R2,40,1342,10681,48.14337158203125,1.987767219543457
E7.5-R1,E8.0-R2,41,1342,10681,48.94353485107422,2.205376625061035
E7.5-R1,E8.0-R2,42,1342,10681,50.11597442626953,2.0478878021240234
E7.5-R1,E8.0-R2,43,1342,10681,46.55589294433594,2.0263938903808594
E7.5-R1,E8.0-R2,44,1342,10681,51.466060638427734,2.309772491455078
E7.5-R1,E8.0-R2,45,1342,10681,52.876808166503906,2.1613855361938477
E7.5-R1,E8.0-R2,46,1342,10681,51.77886962890625,2.084505081176758
E7.5-R1,E8.0-R2,47,1342,10681,48.81233215332031,2.086958885192871
E7.5-R1,E8.0-R2,48,1342,10681,51.175010681152344,2.0810089111328125
E7.5-R1,E8.0-R2,49,1342,10681,56.33711242675781,2.0798845291137695
E7.5-R1,E8.0-R3,0,1342,6763,41.21278381347656,1.7088966369628906
E7.5-R1,E8.0-R3,1,1342,6763,42.56971740722656,1.4071884155273438
E7.5-R1,E8.0-R3,2,1342,6763,41.96767044067383,1.5477466583251953
E7.5-R1,E8.0-R3,3,1342,6763,40.59626007080078,2.0726051330566406
E7.5-R1,E8.0-R3,4,1342,6763,44.649471282958984,1.6814470291137695
E7.5-R1,E8.0-R3,5,1342,6763,41.122711181640625,1.2701358795166016
E7.5-R1,E8.0-R3,6,1342,6763,36.7752799987793,1.5713739395141602
E7.5-R1,E8.0-R3,7,1342,6763,47.201148986816406,1.598663330078125
E7.5-R1,E8.0-R3,8,1342,6763,39.596649169921875,1.570887565612793
E7.5-R1,E8.0-R3,9,1342,6763,37.24690246582031,1.7322359085083008
E7.5-R1,E8.0-R3,10,1342,6763,38.12325668334961,1.5665760040283203
E7.5-R1,E8.0-R3,11,1342,6763,39.090110778808594,1.5265178680419922
E7.5-R1,E8.0-R3,12,1342,6763,44.142913818359375,1.6130809783935547
E7.5-R1,E8.0-R3,13,1342,6763,36.81787109375,1.464406967163086
E7.5-R1,E8.0-R3,14,1342,6763,40.466373443603516,1.5391206741333008
E7.5-R1,E8.0-R3,15,1342,6763,40.889835357666016,1.5391550064086914
E7.5-R1,E8.0-R3,16,1342,6763,41.32561111450195,1.5850439071655273
E7.5-R1,E8.0-R3,17,1342,6763,48.305870056152344,1.8129034042358398
E7.5-R1,E8.0-R3,18,1342,6763,42.964195251464844,1.7912702560424805
E7.5-R1,E8.0-R3,19,1342,6763,48.85087585449219,1.7722864151000977
E7.5-R1,E8.0-R3,20,1342,6763,37.79735565185547,1.618927001953125
E7.5-R1,E8.0-R3,21,1342,6763,48.11870574951172,1.8146800994873047
E7.5-R1,E8.0-R3,22,1342,6763,40.06066131591797,1.532668113708496
E7.5-R1,E8.0-R3,23,1342,6763,43.837379455566406,1.7178516387939453
E7.5-R1,E8.0-R3,24,1342,6763,38.421573638916016,1.5257062911987305
E7.5-R1,E8.0-R3,25,1342,6763,44.929107666015625,1.6473140716552734
E7.5-R1,E8.0-R3,26,1342,6763,47.353721618652344,1.8257884979248047
E7.5-R1,E8.0-R3,27,1342,6763,46.45002365112305,1.6530570983886719
E7.5-R1,E8.0-R3,28,1342,6763,44.152217864990234,1.595245361328125
E7.5-R1,E8.0-R3,29,1342,6763,40.678672790527344,1.503631591796875
E7.5-R1,E8.0-R3,30,1342,6763,39.024932861328125,1.6633977890014648
E7.5-R1,E8.0-R3,31,1342,6763,45.720428466796875,1.692453384399414
E7.5-R1,E8.0-R3,32,1342,6763,37.698463439941406,1.3828554153442383
E7.5-R1,E8.0-R3,33,1342,6763,46.36212921142578,1.8196544647216797
E7.5-R1,E8.0-R3,34,1342,6763,39.872840881347656,1.5583772659301758
E7.5-R1,E8.0-R3,35,1342,6763,35.70582962036133,1.4894866943359375
E7.5-R1,E8.0-R3,36,1342,6763,40.13132095336914,1.5591840744018555
E7.5-R1,E8.0-R3,37,1342,6763,39.122337341308594,1.6348419189453125
E7.5-R1,E8.0-R3,38,1342,6763,50.849464416503906,1.9017534255981445
E7.5-R1,E8.0-R3,39,1342,6763,44.546875,1.5596256256103516
E7.5-R1,E8.0-R3,40,1342,6763,40.34741973876953,1.8894290924072266
E7.5-R1,E8.0-R3,41,1342,6763,44.0015869140625,1.663238525390625
E7.5-R1,E8.0-R3,42,1342,6763,43.08971405029297,1.5345258712768555
E7.5-R1,E8.0-R3,43,1342,6763,43.393333435058594,1.539109230041504
E7.5-R1,E8.0-R3,44,1342,6763,42.265010833740234,1.6298942565917969
E7.5-R1,E8.0-R3,45,1342,6763,44.58526611328125,1.647836685180664
E7.5-R1,E8.0-R3,46,1342,6763,42.66160583496094,1.5632104873657227
E7.5-R1,E8.0-R3,47,1342,6763,40.5306396484375,1.5332269668579102
E7.5-R1,E8.0-R3,48,1342,6763,37.54535675048828,1.4835014343261719
E7.5-R1,E8.0-R3,49,1342,6763,38.14807891845703,1.742086410522461
E7.5-R1,E8.5-R1,0,1342,23435,61.988685607910156,2.4764909744262695
E7.5-R1,E8.5-R1,1,1342,23435,55.21267318725586,2.512723922729492
E7.5-R1,E8.5-R1,2,1342,23435,62.61982727050781,2.4313573837280273
E7.5-R1,E8.5-R1,3,1342,23435,63.71894073486328,2.7024459838867188
E7.5-R1,E8.5-R1,4,1342,23435,58.02046203613281,2.290740966796875
E7.5-R1,E8.5-R1,5,1342,23435,65.173828125,2.542778968811035
E7.5-R1,E8.5-R1,6,1342,23435,60.32173156738281,2.617445945739746
E7.5-R1,E8.5-R1,7,1342,23435,65.97474670410156,2.5089645385742188
E7.5-R1,E8.5-R1,8,1342,23435,59.69150924682617,2.475362777709961
E7.5-R1,E8.5-R1,9,1342,23435,61.72174835205078,2.4361438751220703
E7.5-R1,E8.5-R1,10,1342,23435,61.55772399902344,2.446291923522949
E7.5-R1,E8.5-R1,11,1342,23435,61.38892364501953,2.292447090148926
E7.5-R1,E8.5-R1,12,1342,23435,54.37493896484375,2.260629653930664
E7.5-R1,E8.5-R1,13,1342,23435,60.444217681884766,2.6174087524414062
E7.5-R1,E8.5-R1,14,1342,23435,59.44860076904297,2.6076278686523438
E7.5-R1,E8.5-R1,15,1342,23435,62.539737701416016,2.6345510482788086
E7.5-R1,E8.5-R1,16,1342,23435,62.901084899902344,2.5291748046875
E7.5-R1,E8.5-R1,17,1342,23435,63.60246276855469,2.5369386672973633
E7.5-R1,E8.5-R1,18,1342,23435,59.51873779296875,2.419954299926758
E7.5-R1,E8.5-R1,19,1342,23435,57.99302291870117,2.62168025970459
E7.5-R1,E8.5-R1,20,1342,23435,61.810943603515625,2.4864063262939453
E7.5-R1,E8.5-R1,21,1342,23435,58.96220016479492,2.3548049926757812
E7.5-R1,E8.5-R1,22,1342,23435,64.40280151367188,2.6779661178588867
E7.5-R1,E8.5-R1,23,1342,23435,65.71748352050781,2.612698554992676
E7.5-R1,E8.5-R1,24,1342,23435,61.34203338623047,2.4877376556396484
E7.5-R1,E8.5-R1,25,1342,23435,58.211978912353516,2.3726234436035156
E7.5-R1,E8.5-R1,26,1342,23435,61.56163787841797,2.3664073944091797
E7.5-R1,E8.5-R1,27,1342,23435,59.921348571777344,2.648495674133301
E7.5-R1,E8.5-R1,28,1342,23435,55.731048583984375,2.3458900451660156
E7.5-R1,E8.5-R1,29,1342,23435,59.37830352783203,2.4923019409179688
E7.5-R1,E8.5-R1,30,1342,23435,61.78068923950195,2.589531898498535
E7.5-R1,E8.5-R1,31,1342,23435,57.77149963378906,2.4091176986694336
E7.5-R1,E8.5-R1,32,1342,23435,57.87408447265625,2.4638595581054688
E7.5-R1,E8.5-R1,33,1342,23435,60.95137023925781,2.5721845626831055
E7.5-R1,E8.5-R1,34,1342,23435,61.806236267089844,2.4553117752075195
E7.5-R1,E8.5-R1,35,1342,23435,60.999446868896484,2.6166696548461914
E7.5-R1,E8.5-R1,36,1342,23435,65.07565307617188,2.515584945678711
E7.5-R1,E8.5-R1,37,1342,23435,61.99647521972656,2.524104118347168
E7.5-R1,E8.5-R1,38,1342,23435,57.31806945800781,2.443265914916992
E7.5-R1,E8.5-R1,39,1342,23435,65.73507690429688,2.649494171142578
E7.5-R1,E8.5-R1,40,1342,23435,58.67372131347656,2.5773401260375977
E7.5-R1,E8.5-R1,41,1342,23435,60.97002410888672,2.261490821838379
E7.5-R1,E8.5-R1,42,1342,23435,56.00374221801758,2.440143585205078
E7.5-R1,E8.5-R1,43,1342,23435,60.31438446044922,3.0500049591064453
E7.5-R1,E8.5-R1,44,1342,23435,64.39630126953125,2.356968879699707
E7.5-R1,E8.5-R1,45,1342,23435,58.33448791503906,2.4643115997314453
E7.5-R1,E8.5-R1,46,1342,23435,65.59362030029297,2.817032814025879
E7.5-R1,E8.5-R1,47,1342,23435,59.83342742919922,2.453084945678711
E7.5-R1,E8.5-R1,48,1342,23435,58.732749938964844,2.503268241882324
E7.5-R1,E8.5-R1,49,1342,23435,62.56590270996094,2.6234703063964844
E7.5-R1,E8.5-R2,0,1342,38216,62.280494689941406,2.5968923568725586
E7.5-R1,E8.5-R2,1,1342,38216,59.88483428955078,2.513482093811035
E7.5-R1,E8.5-R2,2,1342,38216,69.52742004394531,2.857802391052246
E7.5-R1,E8.5-R2,3,1342,38216,68.96632385253906,2.740316390991211
E7.5-R1,E8.5-R2,4,1342,38216,60.22380447387695,2.496769905090332
E7.5-R1,E8.5-R2,5,1342,38216,65.0238265991211,2.710733413696289
E7.5-R1,E8.5-R2,6,1342,38216,63.22548294067383,2.489980697631836
E7.5-R1,E8.5-R2,7,1342,38216,65.0486831665039,2.7794876098632812
E7.5-R1,E8.5-R2,8,1342,38216,60.59107971191406,2.4669437408447266
E7.5-R1,E8.5-R2,9,1342,38216,57.28284454345703,2.4820966720581055
E7.5-R1,E8.5-R2,10,1342,38216,64.41505432128906,2.678114891052246
E7.5-R1,E8.5-R2,11,1342,38216,63.783355712890625,2.3076257705688477
E7.5-R1,E8.5-R2,12,1342,38216,65.93348693847656,2.595701217651367
E7.5-R1,E8.5-R2,13,1342,38216,58.892250061035156,2.378972053527832
E7.5-R1,E8.5-R2,14,1342,38216,63.97166061401367,2.391969680786133
E7.5-R1,E8.5-R2,15,1342,38216,62.27605056762695,2.444613456726074
E7.5-R1,E8.5-R2,16,1342,38216,67.95648193359375,2.704226493835449
E7.5-R1,E8.5-R2,17,1342,38216,62.61042404174805,2.5947084426879883
E7.5-R1,E8.5-R2,18,1342,38216,63.26154708862305,2.723801612854004
E7.5-R1,E8.5-R2,19,1342,38216,59.6522216796875,2.687419891357422
E7.5-R1,E8.5-R2,20,1342,38216,64.00807189941406,2.755390167236328
E7.5-R1,E8.5-R2,21,1342,38216,60.697757720947266,2.3756580352783203
E7.5-R1,E8.5-R2,22,1342,38216,63.128204345703125,2.6424999237060547
E7.5-R1,E8.5-R2,23,1342,38216,61.833560943603516,2.5651350021362305
E7.5-R1,E8.5-R2,24,1342,38216,64.06440734863281,2.3886051177978516
E7.5-R1,E8.5-R2,25,1342,38216,63.84111022949219,2.6857080459594727
E7.5-R1,E8.5-R2,26,1342,38216,63.48308563232422,2.45560359954834
E7.5-R1,E8.5-R2,27,1342,38216,64.85370635986328,2.7774314880371094
E7.5-R1,E8.5-R2,28,1342,38216,63.19575500488281,2.730854034423828
E7.5-R1,E8.5-R2,29,1342,38216,61.167762756347656,2.876633644104004
E7.5-R1,E8.5-R2,30,1342,38216,57.607879638671875,2.4733800888061523
E7.5-R1,E8.5-R2,31,1342,38216,62.502777099609375,2.525331497192383
E7.5-R1,E8.5-R2,32,1342,38216,57.678558349609375,2.5347795486450195
E7.5-R1,E8.5-R2,33,1342,38216,65.37492370605469,2.7357168197631836
E7.5-R1,E8.5-R2,34,1342,38216,62.274085998535156,2.5811729431152344
E7.5-R1,E8.5-R2,35,1342,38216,65.47821044921875,2.595808982849121
E7.5-R1,E8.5-R2,36,1342,38216,61.259483337402344,2.4118423461914062
E7.5-R1,E8.5-R2,37,1342,38216,65.10993194580078,2.7872543334960938
E7.5-R1,E8.5-R2,38,1342,38216,62.07551574707031,2.6508588790893555
E7.5-R1,E8.5-R2,39,1342,38216,58.734375,2.743819236755371
E7.5-R1,E8.5-R2,40,1342,38216,64.67120361328125,2.763211250305176
E7.5-R1,E8.5-R2,41,1342,38216,61.59660339355469,2.723433494567871
E7.5-R1,E8.5-R2,42,1342,38216,59.60729217529297,2.7592039108276367
E7.5-R1,E8.5-R2,43,1342,38216,57.9940185546875,2.556394577026367
E7.5-R1,E8.5-R2,44,1342,38216,62.77412414550781,2.308565139770508
E7.5-R1,E8.5-R2,45,1342,38216,59.99651336669922,2.810112953186035
E7.5-R1,E8.5-R2,46,1342,38216,59.36347198486328,2.593356132507324
E7.5-R1,E8.5-R2,47,1342,38216,62.996177673339844,2.839336395263672
E7.5-R1,E8.5-R2,48,1342,38216,60.742462158203125,2.6191978454589844
E7.5-R1,E8.5-R2,49,1342,38216,67.39327239990234,2.695925712585449
E7.5-R1,E8.5-R3,0,1342,27743,60.48716735839844,2.5789308547973633
E7.5-R1,E8.5-R3,1,1342,27743,56.270469665527344,2.348322868347168
E7.5-R1,E8.5-R3,2,1342,27743,60.13053894042969,2.402059555053711
E7.5-R1,E8.5-R3,3,1342,27743,56.94068145751953,2.672764778137207
E7.5-R1,E8.5-R3,4,1342,27743,59.587562561035156,2.8446216583251953
E7.5-R1,E8.5-R3,5,1342,27743,60.94043731689453,2.581462860107422
E7.5-R1,E8.5-R3,6,1342,27743,58.77088165283203,2.32320499420166
E7.5-R1,E8.5-R3,7,1342,27743,60.23157501220703,2.5152359008789062
E7.5-R1,E8.5-R3,8,1342,27743,59.483978271484375,2.4513092041015625
E7.5-R1,E8.5-R3,9,1342,27743,58.01219940185547,2.6593189239501953
E7.5-R1,E8.5-R3,10,1342,27743,57.65166473388672,2.3620357513427734
E7.5-R1,E8.5-R3,11,1342,27743,55.02315139770508,2.2048072814941406
E7.5-R1,E8.5-R3,12,1342,27743,56.152618408203125,2.329434394836426
E7.5-R1,E8.5-R3,13,1342,27743,56.08055877685547,2.453646659851074
E7.5-R1,E8.5-R3,14,1342,27743,60.37908172607422,2.5893936157226562
E7.5-R1,E8.5-R3,15,1342,27743,53.75855255126953,2.4220495223999023
E7.5-R1,E8.5-R3,16,1342,27743,60.59275436401367,2.5201025009155273
E7.5-R1,E8.5-R3,17,1342,27743,66.4828872680664,2.628173828125
E7.5-R1,E8.5-R3,18,1342,27743,62.73289108276367,2.417555809020996
E7.5-R1,E8.5-R3,19,1342,27743,62.084354400634766,2.673172950744629
E7.5-R1,E8.5-R3,20,1342,27743,61.45359802246094,2.735692024230957
E7.5-R1,E8.5-R3,21,1342,27743,61.422935485839844,2.465818405151367
E7.5-R1,E8.5-R3,22,1342,27743,58.94178771972656,2.454340934753418
E7.5-R1,E8.5-R3,23,1342,27743,54.97578430175781,2.340609550476074
E7.5-R1,E8.5-R3,24,1342,27743,56.53174591064453,2.324380874633789
E7.5-R1,E8.5-R3,25,1342,27743,58.900634765625,2.387354850769043
E7.5-R1,E8.5-R3,26,1342,27743,64.1120376586914,2.6666250228881836
E7.5-R1,E8.5-R3,27,1342,27743,54.136688232421875,2.462984085083008
E7.5-R1,E8.5-R3,28,1342,27743,58.46772003173828,2.7530136108398438
E7.5-R1,E8.5-R3,29,1342,27743,62.41477966308594,2.549070358276367
E7.5-R1,E8.5-R3,30,1342,27743,57.574363708496094,2.49569034576416
E7.5-R1,E8.5-R3,31,1342,27743,58.992130279541016,2.4692230224609375
E7.5-R1,E8.5-R3,32,1342,27743,64.24786376953125,2.5373764038085938
E7.5-R1,E8.5-R3,33,1342,27743,58.83574676513672,2.288623809814453
E7.5-R1,E8.5-R3,34,1342,27743,58.642845153808594,2.5592079162597656
E7.5-R1,E8.5-R3,35,1342,27743,58.81930923461914,2.601626396179199
E7.5-R1,E8.5-R3,36,1342,27743,58.697566986083984,2.9373531341552734
E7.5-R1,E8.5-R3,37,1342,27743,58.438865661621094,3.0172462463378906
E7.5-R1,E8.5-R3,38,1342,27743,61.23820495605469,2.8468809127807617
E7.5-R1,E8.5-R3,39,1342,27743,59.96706008911133,2.4265785217285156
E7.5-R1,E8.5-R3,40,1342,27743,61.67402267456055,2.6152753829956055
E7.5-R1,E8.5-R3,41,1342,27743,57.577415466308594,2.6887216567993164
E7.5-R1,E8.5-R3,42,1342,27743,57.494476318359375,2.4203414916992188
E7.5-R1,E8.5-R3,43,1342,27743,56.652435302734375,2.620720863342285
E7.5-R1,E8.5-R3,44,1342,27743,63.14485168457031,2.455598831176758
E7.5-R1,E8.5-R3,45,1342,27743,58.958839416503906,2.6842117309570312
E7.5-R1,E8.5-R3,46,1342,27743,58.929386138916016,2.82289981842041
E7.5-R1,E8.5-R3,47,1342,27743,58.13549041748047,2.3445310592651367
E7.5-R1,E8.5-R3,48,1342,27743,59.69804000854492,2.490128517150879
E7.5-R1,E8.5-R3,49,1342,27743,57.99059295654297,2.543231964111328
E7.5-R1,E9.0-R1,0,1342,92063,70.80461120605469,3.1397504806518555
E7.5-R1,E9.0-R1,1,1342,92063,69.15286254882812,2.8613176345825195
E7.5-R1,E9.0-R1,2,1342,92063,69.32173156738281,2.9956493377685547
E7.5-R1,E9.0-R1,3,1342,92063,74.32213592529297,3.2727203369140625
E7.5-R1,E9.0-R1,4,1342,92063,62.946533203125,2.958498001098633
E7.5-R1,E9.0-R1,5,1342,92063,68.01264190673828,2.9523887634277344
E7.5-R1,E9.0-R1,6,1342,92063,70.31137084960938,3.2869834899902344
E7.5-R1,E9.0-R1,7,1342,92063,66.92002868652344,2.890089988708496
E7.5-R1,E9.0-R1,8,1342,92063,70.2345199584961,3.364421844482422
E7.5-R1,E9.0-R1,9,1342,92063,66.15474700927734,2.9086151123046875
E7.5-R1,E9.0-R1,10,1342,92063,66.9692153930664,3.401486396789551
E7.5-R1,E9.0-R1,11,1342,92063,66.98249816894531,3.1140966415405273
E7.5-R1,E9.0-R1,12,1342,92063,67.52667236328125,3.1679763793945312
E7.5-R1,E9.0-R1,13,1342,92063,69.19266510009766,3.0513877868652344
E7.5-R1,E9.0-R1,14,1342,92063,74.39442443847656,3.1101808547973633
E7.5-R1,E9.0-R1,15,1342,92063,68.9415054321289,3.2977771759033203
E7.5-R1,E9.0-R1,16,1342,92063,75.13177490234375,3.3362560272216797
E7.5-R1,E9.0-R1,17,1342,92063,70.1782455444336,3.1596145629882812
E7.5-R1,E9.0-R1,18,1342,92063,66.75926208496094,3.152176856994629
E7.5-R1,E9.0-R1,19,1342,92063,71.66049194335938,3.143282890319824
E7.5-R1,E9.0-R1,20,1342,92063,68.08598327636719,3.1866989135742188
E7.5-R1,E9.0-R1,21,1342,92063,69.23226928710938,3.282881736755371
E7.5-R1,E9.0-R1,22,1342,92063,74.74922180175781,3.460110664367676
E7.5-R1,E9.0-R1,23,1342,92063,68.17863464355469,3.2184314727783203
E7.5-R1,E9.0-R1,24,1342,92063,69.70140075683594,3.2802810668945312
E7.5-R1,E9.0-R1,25,1342,92063,66.08003234863281,3.1065845489501953
E7.5-R1,E9.0-R1,26,1342,92063,66.0269775390625,3.2469329833984375
E7.5-R1,E9.0-R1,27,1342,92063,73.44053649902344,3.187837600708008
E7.5-R1,E9.0-R1,28,1342,92063,71.7903823852539,3.0808496475219727
E7.5-R1,E9.0-R1,29,1342,92063,69.33544921875,3.068192481994629
E7.5-R1,E9.0-R1,30,1342,92063,71.08411407470703,3.204197883605957
E7.5-R1,E9.0-R1,31,1342,92063,68.76815032958984,2.764993667602539
E7.5-R1,E9.0-R1,32,1342,92063,69.26730346679688,3.1651039123535156
E7.5-R1,E9.0-R1,33,1342,92063,71.1551513671875,3.0775022506713867
E7.5-R1,E9.0-R1,34,1342,92063,69.70899200439453,2.7568883895874023
E7.5-R1,E9.0-R1,35,1342,92063,66.61712646484375,3.0502147674560547
E7.5-R1,E9.0-R1,36,1342,92063,71.5009765625,3.054933547973633
E7.5-R1,E9.0-R1,37,1342,92063,66.2960433959961,2.918179512023926
E7.5-R1,E9.0-R1,38,1342,92063,70.97755432128906,3.2909393310546875
E7.5-R1,E9.0-R1,39,1342,92063,69.66573333740234,3.2241029739379883
E7.5-R1,E9.0-R1,40,1342,92063,66.0379638671875,3.296895980834961
E7.5-R1,E9.0-R1,41,1342,92063,67.34263610839844,3.081170082092285
E7.5-R1,E9.0-R1,42,1342,92063,70.62677001953125,3.176471710205078
E7.5-R1,E9.0-R1,43,1342,92063,68.1358642578125,3.144698143005371
E7.5-R1,E9.0-R1,44,1342,92063,70.76536560058594,2.933422088623047
E7.5-R1,E9.0-R1,45,1342,92063,72.94760131835938,3.31417179107666
E7.5-R1,E9.0-R1,46,1342,92063,71.26588439941406,3.0596723556518555
E7.5-R1,E9.0-R1,47,1342,92063,71.0633544921875,3.330082893371582
E7.5-R1,E9.0-R1,48,1342,92063,66.94053649902344,3.328336715698242
E7.5-R1,E9.0-R1,49,1342,92063,60.61878204345703,2.9183483123779297
E7.5-R1,E9.0-R2,0,1342,99878,76.25810241699219,3.7353458404541016
E7.5-R1,E9.0-R2,1,1342,99878,74.61044311523438,3.527682304382324
E7.5-R1,E9.0-R2,2,1342,99878,71.86026000976562,3.5271730422973633
E7.5-R1,E9.0-R2,3,1342,99878,75.42814636230469,3.3027706146240234
E7.5-R1,E9.0-R2,4,1342,99878,69.1687240600586,3.352426528930664
E7.5-R1,E9.0-R2,5,1342,99878,72.06278991699219,3.6061859130859375
E7.5-R1,E9.0-R2,6,1342,99878,71.65220642089844,3.4505233764648438
E7.5-R1,E9.0-R2,7,1342,99878,71.46100616455078,3.3236083984375
E7.5-R1,E9.0-R2,8,1342,99878,74.56393432617188,3.2730236053466797
E7.5-R1,E9.0-R2,9,1342,99878,78.94448852539062,3.409848213195801
E7.5-R1,E9.0-R2,10,1342,99878,72.17233276367188,3.353578567504883
E7.5-R1,E9.0-R2,11,1342,99878,69.28648376464844,3.6985559463500977
E7.5-R1,E9.0-R2,12,1342,99878,78.30899047851562,3.6563520431518555
E7.5-R1,E9.0-R2,13,1342,99878,71.57853698730469,3.4787588119506836
E7.5-R1,E9.0-R2,14,1342,99878,76.29936218261719,3.361844062805176
E7.5-R1,E9.0-R2,15,1342,99878,71.77716064453125,3.2292613983154297
E7.5-R1,E9.0-R2,16,1342,99878,69.02841186523438,3.081120491027832
E7.5-R1,E9.0-R2,17,1342,99878,77.85757446289062,3.4375839233398438
E7.5-R1,E9.0-R2,18,1342,99878,72.41903686523438,3.635713577270508
E7.5-R1,E9.0-R2,19,1342,99878,71.89909362792969,3.266561508178711
E7.5-R1,E9.0-R2,20,1342,99878,73.57218170166016,3.1908912658691406
E7.5-R1,E9.0-R2,21,1342,99878,75.95012664794922,3.5157556533813477
E7.5-R1,E9.0-R2,22,1342,99878,69.65141296386719,3.163299560546875
E7.5-R1,E9.0-R2,23,1342,99878,73.58341217041016,3.31369686126709
E7.5-R1,E9.0-R2,24,1342,99878,72.97627258300781,3.1957197189331055
E7.5-R1,E9.0-R2,25,1342,99878,75.25454711914062,3.3275279998779297
E7.5-R1,E9.0-R2,26,1342,99878,72.58450317382812,3.573810577392578
E7.5-R1,E9.0-R2,27,1342,99878,71.17930603027344,3.225055694580078
E7.5-R1,E9.0-R2,28,1342,99878,72.84339904785156,3.4222116470336914
E7.5-R1,E9.0-R2,29,1342,99878,72.95130157470703,3.388321876525879
E7.5-R1,E9.0-R2,30,1342,99878,70.34231567382812,3.1635026931762695
E7.5-R1,E9.0-R2,31,1342,99878,75.98333740234375,3.660468101501465
E7.5-R1,E9.0-R2,32,1342,99878,72.23854064941406,3.4221277236938477
E7.5-R1,E9.0-R2,33,1342,99878,77.09480285644531,3.3390235900878906
E7.5-R1,E9.0-R2,34,1342,99878,70.25823974609375,3.381265640258789
E7.5-R1,E9.0-R2,35,1342,99878,72.03704833984375,3.436264991760254
E7.5-R1,E9.0-R2,36,1342,99878,73.04710388183594,3.397541046142578
E7.5-R1,E9.0-R2,37,1342,99878,72.3151626586914,3.1530580520629883
E7.5-R1,E9.0-R2,38,1342,99878,70.64320373535156,3.3599185943603516
E7.5-R1,E9.0-R2,39,1342,99878,74.34414672851562,3.6273422241210938
E7.5-R1,E9.0-R2,40,1342,99878,67.6985855102539,3.103303909301758
E7.5-R1,E9.0-R2,41,1342,99878,73.73727416992188,3.57119083404541
E7.5-R1,E9.0-R2,42,1342,99878,74.41287231445312,3.3366918563842773
E7.5-R1,E9.0-R2,43,1342,99878,72.56663513183594,3.723891258239746
E7.5-R1,E9.0-R2,44,1342,99878,71.26630401611328,3.4256839752197266
E7.5-R1,E9.0-R2,45,1342,99878,70.64083099365234,3.1794281005859375
E7.5-R1,E9.0-R2,46,1342,99878,70.01261901855469,3.6483707427978516
E7.5-R1,E9.0-R2,47,1342,99878,75.17170715332031,3.280644416809082
E7.5-R1,E9.0-R2,48,1342,99878,75.03648376464844,3.251082420349121
E7.5-R1,E9.0-R2,49,1342,99878,72.93952941894531,3.3083877563476562
E7.5-R1,E9.0-R3,0,1342,62867,69.28083801269531,2.7092533111572266
E7.5-R1,E9.0-R3,1,1342,62867,65.50912475585938,2.719860076904297
E7.5-R1,E9.0-R3,2,1342,62867,66.3275375366211,3.057941436767578
E7.5-R1,E9.0-R3,3,1342,62867,62.380149841308594,2.8079452514648438
E7.5-R1,E9.0-R3,4,1342,62867,63.32981491088867,2.7510337829589844
E7.5-R1,E9.0-R3,5,1342,62867,63.59917068481445,3.278536796569824
E7.5-R1,E9.0-R3,6,1342,62867,64.67697143554688,3.023853302001953
E7.5-R1,E9.0-R3,7,1342,62867,67.52672576904297,3.1237106323242188
E7.5-R1,E9.0-R3,8,1342,62867,64.24093627929688,2.5932579040527344
E7.5-R1,E9.0-R3,9,1342,62867,65.6268310546875,2.503812789916992
E7.5-R1,E9.0-R3,10,1342,62867,64.54170227050781,2.9849910736083984
E7.5-R1,E9.0-R3,11,1342,62867,63.66016387939453,2.6936702728271484
E7.5-R1,E9.0-R3,12,1342,62867,72.06012725830078,2.921372413635254
E7.5-R1,E9.0-R3,13,1342,62867,65.1924819946289,2.81005859375
E7.5-R1,E9.0-R3,14,1342,62867,66.18933868408203,2.8319406509399414
E7.5-R1,E9.0-R3,15,1342,62867,65.65252685546875,2.708261489868164
E7.5-R1,E9.0-R3,16,1342,62867,69.99223327636719,2.914846420288086
E7.5-R1,E9.0-R3,17,1342,62867,62.61151123046875,2.7927398681640625
E7.5-R1,E9.0-R3,18,1342,62867,69.09632873535156,3.258251190185547
E7.5-R1,E9.0-R3,19,1342,62867,66.1659164428711,3.0271596908569336
E7.5-R1,E9.0-R3,20,1342,62867,67.12093353271484,2.9412784576416016
E7.5-R1,E9.0-R3,21,1342,62867,72.216796875,2.93587589263916
E7.5-R1,E9.0-R3,22,1342,62867,71.37104797363281,2.938258171081543
E7.5-R1,E9.0-R3,23,1342,62867,64.27729034423828,2.7102861404418945
E7.5-R1,E9.0-R3,24,1342,62867,63.999080657958984,3.0016918182373047
E7.5-R1,E9.0-R3,25,1342,62867,65.17915344238281,3.0074148178100586
E7.5-R1,E9.0-R3,26,1342,62867,65.28367614746094,2.732065200805664
E7.5-R1,E9.0-R3,27,1342,62867,64.49720001220703,2.469782829284668
E7.5-R1,E9.0-R3,28,1342,62867,67.8077392578125,2.8061962127685547
E7.5-R1,E9.0-R3,29,1342,62867,68.48336029052734,2.887864112854004
E7.5-R1,E9.0-R3,30,1342,62867,64.5389633178711,2.8502159118652344
E7.5-R1,E9.0-R3,31,1342,62867,64.76657104492188,3.234400749206543
E7.5-R1,E9.0-R3,32,1342,62867,67.76124572753906,2.9371280670166016
E7.5-R1,E9.0-R3,33,1342,62867,67.20332336425781,2.7678050994873047
E7.5-R1,E9.0-R3,34,1342,62867,63.275848388671875,2.8099565505981445
E7.5-R1,E9.0-R3,35,1342,62867,68.41790771484375,2.766890525817871
E7.5-R1,E9.0-R3,36,1342,62867,72.66038513183594,2.974362373352051
E7.5-R1,E9.0-R3,37,1342,62867,62.027442932128906,2.6656274795532227
E7.5-R1,E9.0-R3,38,1342,62867,68.05807495117188,2.88492488861084
E7.5-R1,E9.0-R3,39,1342,62867,67.89561462402344,2.811070442199707
E7.5-R1,E9.0-R3,40,1342,62867,66.66980743408203,2.643648147583008
E7.5-R1,E9.0-R3,41,1342,62867,63.308319091796875,2.6923675537109375
E7.5-R1,E9.0-R3,42,1342,62867,67.32752990722656,2.6030120849609375
E7.5-R1,E9.0-R3,43,1342,62867,63.609867095947266,2.9627151489257812
E7.5-R1,E9.0-R3,44,1342,62867,67.49577331542969,3.1023292541503906
E7.5-R1,E9.0-R3,45,1342,62867,62.190704345703125,2.7155256271362305
E7.5-R1,E9.0-R3,46,1342,62867,62.98483657836914,2.6137704849243164
E7.5-R1,E9.0-R3,47,1342,62867,64.75375366210938,2.7164831161499023
E7.5-R1,E9.0-R3,48,1342,62867,66.49690246582031,2.8684797286987305
E7.5-R1,E9.0-R3,49,1342,62867,71.17525482177734,3.3053903579711914
E7.5-R1,E9.5-R1,0,1342,383453,78.85242462158203,3.8013381958007812
E7.5-R1,E9.5-R1,1,1342,383453,78.27379608154297,3.736581802368164
E7.5-R1,E9.5-R1,2,1342,383453,81.06460571289062,4.195645332336426
E7.5-R1,E9.5-R1,3,1342,383453,80.10504150390625,3.746739387512207
E7.5-R1,E9.5-R1,4,1342,383453,76.07318115234375,4.226395606994629
E7.5-R1,E9.5-R1,5,1342,383453,81.7186279296875,3.901309013366699
E7.5-R1,E9.5-R1,6,1342,383453,75.97894287109375,3.917595863342285
E7.5-R1,E9.5-R1,7,1342,383453,75.230712890625,3.9905433654785156
E7.5-R1,E9.5-R1,8,1342,383453,82.78318786621094,3.823513984680176
E7.5-R1,E9.5-R1,9,1342,383453,77.03314208984375,3.7381086349487305
E7.5-R1,E9.5-R1,10,1342,383453,76.02693176269531,3.952019691467285
E7.5-R1,E9.5-R1,11,1342,383453,84.66143798828125,4.076391220092773
E7.5-R1,E9.5-R1,12,1342,383453,74.28634643554688,3.8099241256713867
E7.5-R1,E9.5-R1,13,1342,383453,80.26860809326172,3.8699235916137695
E7.5-R1,E9.5-R1,14,1342,383453,80.86748504638672,3.933072090148926
E7.5-R1,E9.5-R1,15,1342,383453,83.46867370605469,4.118583679199219
E7.5-R1,E9.5-R1,16,1342,383453,82.15278625488281,3.8506431579589844
E7.5-R1,E9.5-R1,17,1342,383453,82.58207702636719,3.774155616760254
E7.5-R1,E9.5-R1,18,1342,383453,81.68793487548828,3.8368959426879883
E7.5-R1,E9.5-R1,19,1342,383453,80.89718627929688,3.7806472778320312
E7.5-R1,E9.5-R1,20,1342,383453,78.93013763427734,4.277984619140625
E7.5-R1,E9.5-R1,21,1342,383453,77.96882629394531,4.0501508712768555
E7.5-R1,E9.5-R1,22,1342,383453,77.66667938232422,3.900266647338867
E7.5-R1,E9.5-R1,23,1342,383453,82.45353698730469,4.335991859436035
E7.5-R1,E9.5-R1,24,1342,383453,81.44859313964844,3.8900909423828125
E7.5-R1,E9.5-R1,25,1342,383453,82.92945861816406,3.8690719604492188
E7.5-R1,E9.5-R1,26,1342,383453,77.48149108886719,3.712810516357422
E7.5-R1,E9.5-R1,27,1342,383453,77.59304809570312,3.9928131103515625
E7.5-R1,E9.5-R1,28,1342,383453,79.02111053466797,3.8482913970947266
E7.5-R1,E9.5-R1,29,1342,383453,76.65260314941406,4.118477821350098
E7.5-R1,E9.5-R1,30,1342,383453,81.8272705078125,3.942856788635254
E7.5-R1,E9.5-R1,31,1342,383453,79.36734771728516,3.831048011779785
E7.5-R1,E9.5-R1,32,1342,383453,83.65837097167969,3.83975887298584
E7.5-R1,E9.5-R1,33,1342,383453,77.27073669433594,3.7917728424072266
E7.5-R1,E9.5-R1,34,1342,383453,80.68584442138672,3.847553253173828
E7.5-R1,E9.5-R1,35,1342,383453,82.82447052001953,4.024191856384277
E7.5-R1,E9.5-R1,36,1342,383453,79.93086242675781,4.063112258911133
E7.5-R1,E9.5-R1,37,1342,383453,79.71333312988281,3.852828025817871
E7.5-R1,E9.5-R1,38,1342,383453,80.73760223388672,3.7964248657226562
E7.5-R1,E9.5-R1,39,1342,383453,81.72540283203125,3.98602294921875
E7.5-R1,E9.5-R1,40,1342,383453,84.18574523925781,3.9706039428710938
E7.5-R1,E9.5-R1,41,1342,383453,79.50730895996094,4.047305107116699
E7.5-R1,E9.5-R1,42,1342,383453,80.81613159179688,3.9141435623168945
E7.5-R1,E9.5-R1,43,1342,383453,76.4941635131836,3.901765823364258
E7.5-R1,E9.5-R1,44,1342,383453,79.93186950683594,3.867791175842285
E7.5-R1,E9.5-R1,45,1342,383453,75.73896026611328,3.5260238647460938
E7.5-R1,E9.5-R1,46,1342,383453,78.02345275878906,3.9132862091064453
E7.5-R1,E9.5-R1,47,1342,383453,81.09078216552734,4.118127822875977
E7.5-R1,E9.5-R1,48,1342,383453,77.65760040283203,3.8242034912109375
E7.5-R1,E9.5-R1,49,1342,383453,75.58226013183594,4.0027570724487305
E7.5-R1,E9.5-R2,0,1342,350716,80.05606842041016,3.8374719619750977
E7.5-R1,E9.5-R2,1,1342,350716,84.75072479248047,4.246413230895996
E7.5-R1,E9.5-R2,2,1342,350716,84.2510757446289,3.799433708190918
E7.5-R1,E9.5-R2,3,1342,350716,80.81474304199219,3.9404821395874023
E7.5-R1,E9.5-R2,4,1342,350716,78.123291015625,3.794905662536621
E7.5-R1,E9.5-R2,5,1342,350716,79.31776428222656,3.717637062072754
E7.5-R1,E9.5-R2,6,1342,350716,82.0328140258789,3.882740020751953
E7.5-R1,E9.5-R2,7,1342,350716,77.00093078613281,3.6388444900512695
E7.5-R1,E9.5-R2,8,1342,350716,79.27289581298828,3.976877212524414
E7.5-R1,E9.5-R2,9,1342,350716,77.48208618164062,3.8238534927368164
E7.5-R1,E9.5-R2,10,1342,350716,77.9918212890625,3.7202987670898438
E7.5-R1,E9.5-R2,11,1342,350716,82.98179626464844,4.00938606262207
E7.5-R1,E9.5-R2,12,1342,350716,79.65786743164062,3.9295310974121094
E7.5-R1,E9.5-R2,13,1342,350716,78.3575210571289,3.771071434020996
E7.5-R1,E9.5-R2,14,1342,350716,79.12953186035156,3.9218482971191406
E7.5-R1,E9.5-R2,15,1342,350716,79.7781982421875,3.8097763061523438
E7.5-R1,E9.5-R2,16,1342,350716,80.79458618164062,4.007555961608887
E7.5-R1,E9.5-R2,17,1342,350716,83.3901138305664,4.5097856521606445
E7.5-R1,E9.5-R2,18,1342,350716,87.92278289794922,3.9221906661987305
E7.5-R1,E9.5-R2,19,1342,350716,81.6866455078125,4.0821380615234375
E7.5-R1,E9.5-R2,20,1342,350716,79.69741821289062,3.763920783996582
E7.5-R1,E9.5-R2,21,1342,350716,81.17631530761719,3.7826061248779297
E7.5-R1,E9.5-R2,22,1342,350716,82.50518035888672,3.693784713745117
E7.5-R1,E9.5-R2,23,1342,350716,84.3975830078125,3.906449317932129
E7.5-R1,E9.5-R2,24,1342,350716,85.05445861816406,3.8856029510498047
E7.5-R1,E9.5-R2,25,1342,350716,81.7760238647461,3.9336671829223633
E7.5-R1,E9.5-R2,26,1342,350716,81.26040649414062,3.846071243286133
E7.5-R1,E9.5-R2,27,1342,350716,76.33964538574219,4.134526252746582
E7.5-R1,E9.5-R2,28,1342,350716,76.66629028320312,4.35687255859375
E7.5-R1,E9.5-R2,29,1342,350716,81.74227905273438,4.0919904708862305
E7.5-R1,E9.5-R2,30,1342,350716,81.4848403930664,3.82100772857666
E7.5-R1,E9.5-R2,31,1342,350716,75.46831512451172,3.920900344848633
E7.5-R1,E9.5-R2,32,1342,350716,77.86820983886719,3.9796533584594727
E7.5-R1,E9.5-R2,33,1342,350716,80.44523620605469,3.869614601135254
E7.5-R1,E9.5-R2,34,1342,350716,76.88334655761719,3.615053176879883
E7.5-R1,E9.5-R2,35,1342,350716,81.41543579101562,3.7336435317993164
E7.5-R1,E9.5-R2,36,1342,350716,81.79535675048828,3.707246780395508
E7.5-R1,E9.5-R2,37,1342,350716,75.76615905761719,3.663130760192871
E7.5-R1,E9.5-R2,38,1342,350716,79.21049499511719,4.070401191711426
E7.5-R1,E9.5-R2,39,1342,350716,82.24369812011719,3.672689437866211
E7.5-R1,E9.5-R2,40,1342,350716,76.24345397949219,3.676420211791992
E7.5-R1,E9.5-R2,41,1342,350716,80.19892883300781,3.823518753051758
E7.5-R1,E9.5-R2,42,1342,350716,86.66919708251953,4.01249885559082
E7.5-R1,E9.5-R2,43,1342,350716,75.76004028320312,3.7432727813720703
E7.5-R1,E9.5-R2,44,1342,350716,81.03477478027344,3.8504323959350586
E7.5-R1,E9.5-R2,45,1342,350716,79.67465209960938,3.7749147415161133
E7.5-R1,E9.5-R2,46,1342,350716,85.67222595214844,4.136064529418945
E7.5-R1,E9.5-R2,47,1342,350716,91.88082885742188,3.822606086730957
E7.5-R1,E9.5-R2,48,1342,350716,76.7913818359375,3.8983678817749023
E7.5-R1,E9.5-R2,49,1342,350716,86.05545043945312,3.879446029663086
E7.5-R1,E9.5-R3,0,1342,342873,77.00316619873047,3.9864635467529297
E7.5-R1,E9.5-R3,1,1342,342873,77.50553894042969,4.369768142700195
E7.5-R1,E9.5-R3,2,1342,342873,80.98727416992188,3.717479705810547
E7.5-R1,E9.5-R3,3,1342,342873,78.86212158203125,3.7277746200561523
E7.5-R1,E9.5-R3,4,1342,342873,84.67310333251953,4.008648872375488
E7.5-R1,E9.5-R3,5,1342,342873,77.84723663330078,3.5365161895751953
E7.5-R1,E9.5-R3,6,1342,342873,82.05448913574219,3.9962377548217773
E7.5-R1,E9.5-R3,7,1342,342873,78.67288208007812,3.7045392990112305
E7.5-R1,E9.5-R3,8,1342,342873,77.94017791748047,4.208982467651367
E7.5-R1,E9.5-R3,9,1342,342873,76.39617919921875,4.141402244567871
E7.5-R1,E9.5-R3,10,1342,342873,82.61427307128906,4.055665969848633
E7.5-R1,E9.5-R3,11,1342,342873,78.72174072265625,3.9426679611206055
E7.5-R1,E9.5-R3,12,1342,342873,83.08677673339844,4.152622222900391
E7.5-R1,E9.5-R3,13,1342,342873,80.21063232421875,3.8612804412841797
E7.5-R1,E9.5-R3,14,1342,342873,77.29986572265625,3.8817501068115234
E7.5-R1,E9.5-R3,15,1342,342873,76.52362823486328,4.003155708312988
E7.5-R1,E9.5-R3,16,1342,342873,83.9217300415039,4.136330604553223
E7.5-R1,E9.5-R3,17,1342,342873,84.22782135009766,3.986553192138672
E7.5-R1,E9.5-R3,18,1342,342873,77.50962829589844,3.8973770141601562
E7.5-R1,E9.5-R3,19,1342,342873,82.29287719726562,3.736069679260254
E7.5-R1,E9.5-R3,20,1342,342873,86.02753448486328,3.9574356079101562
E7.5-R1,E9.5-R3,21,1342,342873,81.44602966308594,4.0127105712890625
E7.5-R1,E9.5-R3,22,1342,342873,82.58155822753906,4.018459320068359
E7.5-R1,E9.5-R3,23,1342,342873,77.92750549316406,3.624283790588379
E7.5-R1,E9.5-R3,24,1342,342873,79.79206848144531,3.8770294189453125
E7.5-R1,E9.5-R3,25,1342,342873,81.31192016601562,4.017843246459961
E7.5-R1,E9.5-R3,26,1342,342873,78.2938461303711,3.88192081451416
E7.5-R1,E9.5-R3,27,1342,342873,82.83482360839844,4.337983131408691
E7.5-R1,E9.5-R3,28,1342,342873,79.78363037109375,3.8574914932250977
E7.5-R1,E9.5-R3,29,1342,342873,79.37091827392578,3.902827262878418
E7.5-R1,E9.5-R3,30,1342,342873,82.41770935058594,4.009146690368652
E7.5-R1,E9.5-R3,31,1342,342873,79.370849609375,3.868165969848633
E7.5-R1,E9.5-R3,32,1342,342873,81.33583068847656,3.7782344818115234
E7.5-R1,E9.5-R3,33,1342,342873,75.74453735351562,3.8634729385375977
E7.5-R1,E9.5-R3,34,1342,342873,87.13316345214844,4.108668327331543
E7.5-R1,E9.5-R3,35,1342,342873,77.623779296875,3.89377498626709
E7.5-R1,E9.5-R3,36,1342,342873,82.20405578613281,4.384988784790039
E7.5-R1,E9.5-R3,37,1342,342873,79.00582885742188,4.139233589172363
E7.5-R1,E9.5-R3,38,1342,342873,80.44439697265625,3.82979679107666
E7.5-R1,E9.5-R3,39,1342,342873,76.89189147949219,4.192591667175293
E7.5-R1,E9.5-R3,40,1342,342873,77.65367889404297,4.181573867797852
E7.5-R1,E9.5-R3,41,1342,342873,81.35189819335938,4.0507354736328125
E7.5-R1,E9.5-R3,42,1342,342873,73.89326477050781,3.9917402267456055
E7.5-R1,E9.5-R3,43,1342,342873,82.82038879394531,4.069849014282227
E7.5-R1,E9.5-R3,44,1342,342873,83.06806182861328,4.176105499267578
E7.5-R1,E9.5-R3,45,1342,342873,77.83416748046875,4.142439842224121
E7.5-R1,E9.5-R3,46,1342,342873,81.37992858886719,3.9020605087280273
E7.5-R1,E9.5-R3,47,1342,342873,83.0457992553711,3.936997413635254
E7.5-R1,E9.5-R3,48,1342,342873,82.30812072753906,4.104936599731445
E7.5-R1,E9.5-R3,49,1342,342873,78.68363952636719,3.8371362686157227
E7.5-R1,E10.0-R1,0,1342,347550,85.37109375,3.926211357116699
E7.5-R1,E10.0-R1,1,1342,347550,81.64849853515625,3.849832534790039
E7.5-R1,E10.0-R1,2,1342,347550,84.87945556640625,4.352889060974121
E7.5-R1,E10.0-R1,3,1342,347550,88.88118743896484,4.082365989685059
E7.5-R1,E10.0-R1,4,1342,347550,79.35897064208984,4.0503034591674805
E7.5-R1,E10.0-R1,5,1342,347550,85.32408142089844,4.0375471115112305
E7.5-R1,E10.0-R1,6,1342,347550,86.96270751953125,3.812284469604492
E7.5-R1,E10.0-R1,7,1342,347550,87.14677429199219,4.031402587890625
E7.5-R1,E10.0-R1,8,1342,347550,80.10377502441406,3.8142271041870117
E7.5-R1,E10.0-R1,9,1342,347550,87.07453155517578,4.3552961349487305
E7.5-R1,E10.0-R1,10,1342,347550,84.24623107910156,3.8006553649902344
E7.5-R1,E10.0-R1,11,1342,347550,86.16249084472656,4.109832763671875
E7.5-R1,E10.0-R1,12,1342,347550,84.3448486328125,3.9713563919067383
E7.5-R1,E10.0-R1,13,1342,347550,83.61415100097656,3.896493911743164
E7.5-R1,E10.0-R1,14,1342,347550,79.78689575195312,4.073676109313965
E7.5-R1,E10.0-R1,15,1342,347550,87.16484069824219,4.173601150512695
E7.5-R1,E10.0-R1,16,1342,347550,92.79876708984375,4.4169511795043945
E7.5-R1,E10.0-R1,17,1342,347550,82.60319519042969,3.8888587951660156
E7.5-R1,E10.0-R1,18,1342,347550,82.23809814453125,3.844834327697754
E7.5-R1,E10.0-R1,19,1342,347550,86.54389953613281,3.905898094177246
E7.5-R1,E10.0-R1,20,1342,347550,83.8497085571289,3.688007354736328
E7.5-R1,E10.0-R1,21,1342,347550,81.07865905761719,3.921710968017578
E7.5-R1,E10.0-R1,22,1342,347550,85.22625732421875,3.8996715545654297
E7.5-R1,E10.0-R1,23,1342,347550,87.410400390625,3.9441299438476562
E7.5-R1,E10.0-R1,24,1342,347550,84.0272216796875,3.92215633392334
E7.5-R1,E10.0-R1,25,1342,347550,88.62004089355469,3.951899528503418
E7.5-R1,E10.0-R1,26,1342,347550,85.67220306396484,3.8347368240356445
E7.5-R1,E10.0-R1,27,1342,347550,83.75848388671875,3.9946699142456055
E7.5-R1,E10.0-R1,28,1342,347550,86.9345932006836,3.8602828979492188
E7.5-R1,E10.0-R1,29,1342,347550,84.46762084960938,3.9208173751831055
E7.5-R1,E10.0-R1,30,1342,347550,86.47881317138672,4.035003662109375
E7.5-R1,E10.0-R1,31,1342,347550,85.26081848144531,4.23448371887207
E7.5-R1,E10.0-R1,32,1342,347550,78.5162353515625,3.727860450744629
E7.5-R1,E10.0-R1,33,1342,347550,79.89923095703125,3.763643264770508
E7.5-R1,E10.0-R1,34,1342,347550,86.73098754882812,4.000432968139648
E7.5-R1,E10.0-R1,35,1342,347550,82.09601593017578,3.979771614074707
E7.5-R1,E10.0-R1,36,1342,347550,81.33796691894531,3.9270687103271484
E7.5-R1,E10.0-R1,37,1342,347550,85.43997192382812,4.101346015930176
E7.5-R1,E10.0-R1,38,1342,347550,85.610107421875,4.012738227844238
E7.5-R1,E10.0-R1,39,1342,347550,80.31797790527344,3.881821632385254
E7.5-R1,E10.0-R1,40,1342,347550,82.65126037597656,4.152707099914551
E7.5-R1,E10.0-R1,41,1342,347550,91.65852355957031,4.046907424926758
E7.5-R1,E10.0-R1,42,1342,347550,85.1748046875,4.05839729309082
E7.5-R1,E10.0-R1,43,1342,347550,86.30764770507812,3.816953659057617
E7.5-R1,E10.0-R1,44,1342,347550,89.6966781616211,4.125200271606445
E7.5-R1,E10.0-R1,45,1342,347550,88.52176666259766,4.0730743408203125
E7.5-R1,E10.0-R1,46,1342,347550,85.09819793701172,4.0787153244018555
E7.5-R1,E10.0-R1,47,1342,347550,89.37026977539062,4.205885887145996
E7.5-R1,E10.0-R1,48,1342,347550,86.10052490234375,3.95902156829834
E7.5-R1,E10.0-R1,49,1342,347550,84.82523345947266,3.851290702819824
E7.5-R2,E7.5-R3,0,1838,1468,21.893789291381836,0.6372585296630859
E7.5-R2,E7.5-R3,1,1838,1468,40.20305252075195,0.932002067565918
E7.5-R2,E7.5-R3,2,1838,1468,34.379920959472656,0.8607416152954102
E7.5-R2,E7.5-R3,3,1838,1468,30.404939651489258,0.692439079284668
E7.5-R2,E7.5-R3,4,1838,1468,27.476943969726562,0.653080940246582
E7.5-R2,E7.5-R3,5,1838,1468,25.557518005371094,0.7359170913696289
E7.5-R2,E7.5-R3,6,1838,1468,30.569046020507812,0.8101787567138672
E7.5-R2,E7.5-R3,7,1838,1468,26.79438018798828,0.6475696563720703
E7.5-R2,E7.5-R3,8,1838,1468,30.461286544799805,0.8935298919677734
E7.5-R2,E7.5-R3,9,1838,1468,28.467731475830078,0.6393861770629883
E7.5-R2,E7.5-R3,10,1838,1468,29.002052307128906,0.6477041244506836
E7.5-R2,E7.5-R3,11,1838,1468,29.286914825439453,0.8610105514526367
E7.5-R2,E7.5-R3,12,1838,1468,30.246749877929688,0.7045450210571289
E7.5-R2,E7.5-R3,13,1838,1468,27.187171936035156,0.7500457763671875
E7.5-R2,E7.5-R3,14,1838,1468,31.403274536132812,0.59625244140625
E7.5-R2,E7.5-R3,15,1838,1468,25.506336212158203,0.6734771728515625
E7.5-R2,E7.5-R3,16,1838,1468,37.63376235961914,1.154362678527832
E7.5-R2,E7.5-R3,17,1838,1468,33.33332443237305,0.8161888122558594
E7.5-R2,E7.5-R3,18,1838,1468,32.122684478759766,1.045710563659668
E7.5-R2,E7.5-R3,19,1838,1468,28.703947067260742,0.8274745941162109
E7.5-R2,E7.5-R3,20,1838,1468,39.94486999511719,1.104745864868164
E7.5-R2,E7.5-R3,21,1838,1468,30.481502532958984,0.6615772247314453
E7.5-R2,E7.5-R3,22,1838,1468,31.682758331298828,0.7879800796508789
E7.5-R2,E7.5-R3,23,1838,1468,36.82420349121094,0.9509372711181641
E7.5-R2,E7.5-R3,24,1838,1468,32.055076599121094,0.9885883331298828
E7.5-R2,E7.5-R3,25,1838,1468,35.422760009765625,0.99188232421875
E7.5-R2,E7.5-R3,26,1838,1468,39.98615646362305,1.2703924179077148
E7.5-R2,E7.5-R3,27,1838,1468,27.36200714111328,0.6760711669921875
E7.5-R2,E7.5-R3,28,1838,1468,31.65609359741211,0.8489847183227539
E7.5-R2,E7.5-R3,29,1838,1468,22.068859100341797,0.6257610321044922
E7.5-R2,E7.5-R3,30,1838,1468,30.064422607421875,0.7372035980224609
E7.5-R2,E7.5-R3,31,1838,1468,38.378761291503906,1.1749286651611328
E7.5-R2,E7.5-R3,32,1838,1468,35.59123229980469,1.106562614440918
E7.5-R2,E7.5-R3,33,1838,1468,28.659393310546875,0.9158744812011719
E7.5-R2,E7.5-R3,34,1838,1468,32.60199737548828,0.6948413848876953
E7.5-R2,E7.5-R3,35,1838,1468,26.454219818115234,0.7366065979003906
E7.5-R2,E7.5-R3,36,1838,1468,33.45458984375,0.850703239440918
E7.5-R2,E7.5-R3,37,1838,1468,26.90938949584961,0.6505155563354492
E7.5-R2,E7.5-R3,38,1838,1468,26.700096130371094,0.5813655853271484
E7.5-R2,E7.5-R3,39,1838,1468,39.433258056640625,1.1334648132324219
E7.5-R2,E7.5-R3,40,1838,1468,28.515384674072266,0.6979198455810547
E7.5-R2,E7.5-R3,41,1838,1468,27.023962020874023,0.6367759704589844
E7.5-R2,E7.5-R3,42,1838,1468,30.847684860229492,0.8885498046875
E7.5-R2,E7.5-R3,43,1838,1468,29.3430233001709,0.7833166122436523
E7.5-R2,E7.5-R3,44,1838,1468,32.09380340576172,0.7348318099975586
E7.5-R2,E7.5-R3,45,1838,1468,32.478031158447266,0.7466497421264648
E7.5-R2,E7.5-R3,46,1838,1468,26.414321899414062,0.6635980606079102
E7.5-R2,E7.5-R3,47,1838,1468,27.818222045898438,0.6537771224975586
E7.5-R2,E7.5-R3,48,1838,1468,26.438472747802734,0.6928806304931641
E7.5-R2,E7.5-R3,49,1838,1468,28.890277862548828,0.8096914291381836
E7.5-R2,E8.0-R1,0,1838,4498,28.450971603393555,0.6697587966918945
E7.5-R2,E8.0-R1,1,1838,4498,40.04033660888672,0.9880437850952148
E7.5-R2,E8.0-R1,2,1838,4498,31.922182083129883,0.8529596328735352
E7.5-R2,E8.0-R1,3,1838,4498,28.448869705200195,0.7428741455078125
E7.5-R2,E8.0-R1,4,1838,4498,33.84748840332031,0.9177761077880859
E7.5-R2,E8.0-R1,5,1838,4498,26.95183753967285,0.7111492156982422
E7.5-R2,E8.0-R1,6,1838,4498,25.775096893310547,0.6410675048828125
E7.5-R2,E8.0-R1,7,1838,4498,37.29862976074219,1.0236711502075195
E7.5-R2,E8.0-R1,8,1838,4498,31.365493774414062,0.8264675140380859
E7.5-R2,E8.0-R1,9,1838,4498,35.50950622558594,0.863560676574707
E7.5-R2,E8.0-R1,10,1838,4498,33.900970458984375,0.8312559127807617
E7.5-R2,E8.0-R1,11,1838,4498,31.583765029907227,0.8692464828491211
E7.5-R2,E8.0-R1,12,1838,4498,28.80399513244629,0.6946821212768555
E7.5-R2,E8.0-R1,13,1838,4498,34.35203170776367,0.8803853988647461
E7.5-R2,E8.0-R1,14,1838,4498,30.280595779418945,0.7528295516967773
E7.5-R2,E8.0-R1,15,1838,4498,40.69658660888672,1.2042388916015625
E7.5-R2,E8.0-R1,16,1838,4498,40.21519470214844,1.0171222686767578
E7.5-R2,E8.0-R1,17,1838,4498,35.33865737915039,1.0675859451293945
E7.5-R2,E8.0-R1,18,1838,4498,38.98435974121094,1.1188526153564453
E7.5-R2,E8.0-R1,19,1838,4498,32.27190399169922,0.8055553436279297
E7.5-R2,E8.0-R1,20,1838,4498,45.991241455078125,1.543309211730957
E7.5-R2,E8.0-R1,21,1838,4498,34.18708801269531,0.8227720260620117
E7.5-R2,E8.0-R1,22,1838,4498,39.865272521972656,1.0605230331420898
E7.5-R2,E8.0-R1,23,1838,4498,39.289695739746094,1.0135631561279297
E7.5-R2,E8.0-R1,24,1838,4498,37.13157653808594,0.939265251159668
E7.5-R2,E8.0-R1,25,1838,4498,29.679279327392578,0.6745538711547852
E7.5-R2,E8.0-R1,26,1838,4498,32.785438537597656,0.8167839050292969
E7.5-R2,E8.0-R1,27,1838,4498,33.3552360534668,0.8171777725219727
E7.5-R2,E8.0-R1,28,1838,4498,34.23677062988281,0.8693685531616211
E7.5-R2,E8.0-R1,29,1838,4498,37.658111572265625,1.1192502975463867
E7.5-R2,E8.0-R1,30,1838,4498,32.769805908203125,0.8500452041625977
E7.5-R2,E8.0-R1,31,1838,4498,36.51258850097656,1.0279321670532227
E7.5-R2,E8.0-R1,32,1838,4498,33.230430603027344,0.8243608474731445
E7.5-R2,E8.0-R1,33,1838,4498,35.626670837402344,0.9875717163085938
E7.5-R2,E8.0-R1,34,1838,4498,35.94646453857422,0.9317083358764648
E7.5-R2,E8.0-R1,35,1838,4498,31.195371627807617,0.7885837554931641
E7.5-R2,E8.0-R1,36,1838,4498,45.44779586791992,1.4852333068847656
E7.5-R2,E8.0-R1,37,1838,4498,32.1148681640625,0.8566913604736328
E7.5-R2,E8.0-R1,38,1838,4498,34.43390655517578,0.9384794235229492
E7.5-R2,E8.0-R1,39,1838,4498,29.19582176208496,0.7346096038818359
E7.5-R2,E8.0-R1,40,1838,4498,36.731773376464844,0.8482561111450195
E7.5-R2,E8.0-R1,41,1838,4498,36.52338790893555,1.0149497985839844
E7.5-R2,E8.0-R1,42,1838,4498,34.53501510620117,0.8983793258666992
E7.5-R2,E8.0-R1,43,1838,4498,31.52716827392578,0.6887588500976562
E7.5-R2,E8.0-R1,44,1838,4498,31.45740509033203,0.7935400009155273
E7.5-R2,E8.0-R1,45,1838,4498,30.080629348754883,0.7452735900878906
E7.5-R2,E8.0-R1,46,1838,4498,27.415063858032227,0.7240591049194336
E7.5-R2,E8.0-R1,47,1838,4498,26.00644302368164,0.6466741561889648
E7.5-R2,E8.0-R1,48,1838,4498,31.236045837402344,0.8298139572143555
E7.5-R2,E8.0-R1,49,1838,4498,34.5362548828125,0.9730186462402344
E7.5-R2,E8.0-R2,0,1838,10681,47.678218841552734,1.5767850875854492
E7.5-R2,E8.0-R2,1,1838,10681,43.26832962036133,1.4555444717407227
E7.5-R2,E8.0-R2,2,1838,10681,41.809165954589844,1.4544239044189453
E7.5-R2,E8.0-R2,3,1838,10681,44.51172637939453,1.522181510925293
E7.5-R2,E8.0-R2,4,1838,10681,43.38182067871094,1.6236791610717773
E7.5-R2,E8.0-R2,5,1838,10681,49.618011474609375,1.5883054733276367
E7.5-R2,E8.0-R2,6,1838,10681,42.497230529785156,1.3821630477905273
E7.5-R2,E8.0-R2,7,1838,10681,45.776119232177734,1.4389848709106445
E7.5-R2,E8.0-R2,8,1838,10681,44.00041198730469,1.5454788208007812
E7.5-R2,E8.0-R2,9,1838,10681,44.38496398925781,1.4582147598266602
E7.5-R2,E8.0-R2,10,1838,10681,51.071739196777344,1.721257209777832
E7.5-R2,E8.0-R2,11,1838,10681,45.614524841308594,1.3661260604858398
E7.5-R2,E8.0-R2,12,1838,10681,45.9698486328125,1.5556869506835938
E7.5-R2,E8.0-R2,13,1838,10681,44.340206146240234,1.5367870330810547
E7.5-R2,E8.0-R2,14,1838,10681,44.496917724609375,1.4220247268676758
E7.5-R2,E8.0-R2,15,1838,10681,49.15040588378906,1.65478515625
E7.5-R2,E8.0-R2,16,1838,10681,41.0344123840332,1.3116941452026367
E7.5-R2,E8.0-R2,17,1838,10681,49.363037109375,1.7994251251220703
E7.5-R2,E8.0-R2,18,1838,10681,49.85005187988281,1.662154197692871
E7.5-R2,E8.0-R2,19,1838,10681,48.65647888183594,1.6051874160766602
E7.5-R2,E8.0-R2,20,1838,10681,52.51737976074219,1.646341323852539
E7.5-R2,E8.0-R2,21,1838,10681,44.075767517089844,1.3336820602416992
E7.5-R2,E8.0-R2,22,1838,10681,45.09446334838867,1.3733940124511719
E7.5-R2,E8.0-R2,23,1838,10681,51.674617767333984,1.7911529541015625
E7.5-R2,E8.0-R2,24,1838,10681,42.12693786621094,1.3848896026611328
E7.5-R2,E8.0-R2,25,1838,10681,40.513877868652344,1.3554706573486328
E7.5-R2,E8.0-R2,26,1838,10681,45.114139556884766,1.4726581573486328
E7.5-R2,E8.0-R2,27,1838,10681,51.00553894042969,1.7307472229003906
E7.5-R2,E8.0-R2,28,1838,10681,46.92931365966797,1.7167778015136719
E7.5-R2,E8.0-R2,29,1838,10681,54.68531799316406,1.8707599639892578
E7.5-R2,E8.0-R2,30,1838,10681,44.926326751708984,1.5583772659301758
E7.5-R2,E8.0-R2,31,1838,10681,46.62715148925781,1.4163379669189453
E7.5-R2,E8.0-R2,32,1838,10681,44.11307907104492,1.4807729721069336
E7.5-R2,E8.0-R2,33,1838,10681,46.09467315673828,1.4888238906860352
E7.5-R2,E8.0-R2,34,1838,10681,50.300533294677734,1.6050291061401367
E7.5-R2,E8.0-R2,35,1838,10681,44.30670928955078,1.6268157958984375
E7.5-R2,E8.0-R2,36,1838,10681,44.5258903503418,1.4553022384643555
E7.5-R2,E8.0-R2,37,1838,10681,41.690338134765625,1.5551109313964844
E7.5-R2,E8.0-R2,38,1838,10681,48.860496520996094,1.5473403930664062
E7.5-R2,E8.0-R2,39,1838,10681,48.225608825683594,1.4496307373046875
E7.5-R2,E8.0-R2,40,1838,10681,43.5202751159668,1.482961654663086
E7.5-R2,E8.0-R2,41,1838,10681,46.43778991699219,1.4479694366455078
E7.5-R2,E8.0-R2,42,1838,10681,44.34220504760742,1.6170673370361328
E7.5-R2,E8.0-R2,43,1838,10681,49.295989990234375,1.6194868087768555
E7.5-R2,E8.0-R2,44,1838,10681,44.69823455810547,1.3881893157958984
E7.5-R2,E8.0-R2,45,1838,10681,43.483970642089844,1.467153549194336
E7.5-R2,E8.0-R2,46,1838,10681,44.28120422363281,1.5218353271484375
E7.5-R2,E8.0-R2,47,1838,10681,46.24663543701172,1.4992523193359375
E7.5-R2,E8.0-R2,48,1838,10681,49.245845794677734,1.6775732040405273
E7.5-R2,E8.0-R2,49,1838,10681,47.73179244995117,1.6953258514404297
E7.5-R2,E8.0-R3,0,1838,6763,41.002967834472656,1.2178831100463867
E7.5-R2,E8.0-R3,1,1838,6763,37.01770782470703,1.0575885772705078
E7.5-R2,E8.0-R3,2,1838,6763,42.395660400390625,1.0558395385742188
E7.5-R2,E8.0-R3,3,1838,6763,43.14088821411133,1.247483253479004
E7.5-R2,E8.0-R3,4,1838,6763,33.36309051513672,0.8924026489257812
E7.5-R2,E8.0-R3,5,1838,6763,36.578582763671875,1.1594305038452148
E7.5-R2,E8.0-R3,6,1838,6763,36.858333587646484,1.0183954238891602
E7.5-R2,E8.0-R3,7,1838,6763,44.831275939941406,1.5375356674194336
E7.5-R2,E8.0-R3,8,1838,6763,35.58497619628906,1.1483783721923828
E7.5-R2,E8.0-R3,9,1838,6763,46.153743743896484,1.5299720764160156
E7.5-R2,E8.0-R3,10,1838,6763,41.31647491455078,1.301081657409668
E7.5-R2,E8.0-R3,11,1838,6763,42.85956954956055,1.2987451553344727
E7.5-R2,E8.0-R3,12,1838,6763,39.3138313293457,1.064809799194336
E7.5-R2,E8.0-R3,13,1838,6763,39.581085205078125,1.0603399276733398
E7.5-R2,E8.0-R3,14,1838,6763,38.96958923339844,1.1436700820922852
E7.5-R2,E8.0-R3,15,1838,6763,39.07114791870117,1.2280502319335938
E7.5-R2,E8.0-R3,16,1838,6763,41.219329833984375,1.2192325592041016
E7.5-R2,E8.0-R3,17,1838,6763,33.54175567626953,1.1507892608642578
E7.5-R2,E8.0-R3,18,1838,6763,41.333457946777344,1.1366596221923828
E7.5-R2,E8.0-R3,19,1838,6763,44.828792572021484,1.5471982955932617
E7.5-R2,E8.0-R3,20,1838,6763,35.70578384399414,0.9167633056640625
E7.5-R2,E8.0-R3,21,1838,6763,37.52485656738281,1.075469970703125
E7.5-R2,E8.0-R3,22,1838,6763,40.472957611083984,1.2052431106567383
E7.5-R2,E8.0-R3,23,1838,6763,38.57441711425781,1.118870735168457
E7.5-R2,E8.0-R3,24,1838,6763,39.002174377441406,1.0066900253295898
E7.5-R2,E8.0-R3,25,1838,6763,37.02082824707031,1.081460952758789
E7.5-R2,E8.0-R3,26,1838,6763,35.77300262451172,1.0459117889404297
E7.5-R2,E8.0-R3,27,1838,6763,38.8255615234375,1.2423944473266602
E7.5-R2,E8.0-R3,28,1838,6763,37.167022705078125,0.9642410278320312
E7.5-R2,E8.0-R3,29,1838,6763,43.623817443847656,1.3133773803710938
E7.5-R2,E8.0-R3,30,1838,6763,45.36476516723633,1.4196319580078125
E7.5-R2,E8.0-R3,31,1838,6763,36.637176513671875,1.1626396179199219
E7.5-R2,E8.0-R3,32,1838,6763,40.18606948852539,1.124481201171875
E7.5-R2,E8.0-R3,33,1838,6763,44.726837158203125,1.3524150848388672
E7.5-R2,E8.0-R3,34,1838,6763,47.93402862548828,1.42626953125
E7.5-R2,E8.0-R3,35,1838,6763,43.693763732910156,1.3277626037597656
E7.5-R2,E8.0-R3,36,1838,6763,42.91549301147461,1.3017473220825195
E7.5-R2,E8.0-R3,37,1838,6763,41.36101531982422,1.2249956130981445
E7.5-R2,E8.0-R3,38,1838,6763,41.37499237060547,1.091268539428711
E7.5-R2,E8.0-R3,39,1838,6763,39.8011474609375,1.1855697631835938
E7.5-R2,E8.0-R3,40,1838,6763,34.073028564453125,1.0304946899414062
E7.5-R2,E8.0-R3,41,1838,6763,44.84624481201172,1.604940414428711
E7.5-R2,E8.0-R3,42,1838,6763,41.61224365234375,1.161860466003418
E7.5-R2,E8.0-R3,43,1838,6763,31.3477783203125,1.0171699523925781
E7.5-R2,E8.0-R3,44,1838,6763,41.56257629394531,1.3299016952514648
E7.5-R2,E8.0-R3,45,1838,6763,38.165260314941406,0.9942731857299805
E7.5-R2,E8.0-R3,46,1838,6763,39.21843719482422,1.0911083221435547
E7.5-R2,E8.0-R3,47,1838,6763,41.813629150390625,1.2698802947998047
E7.5-R2,E8.0-R3,48,1838,6763,38.97581481933594,1.0816421508789062
E7.5-R2,E8.0-R3,49,1838,6763,43.15686798095703,1.38739013671875
E7.5-R2,E8.5-R1,0,1838,23435,55.363468170166016,1.8675975799560547
E7.5-R2,E8.5-R1,1,1838,23435,55.04633331298828,1.8932247161865234
E7.5-R2,E8.5-R1,2,1838,23435,50.80671691894531,1.6977624893188477
E7.5-R2,E8.5-R1,3,1838,23435,60.02222442626953,1.8988981246948242
E7.5-R2,E8.5-R1,4,1838,23435,48.934715270996094,1.8780479431152344
E7.5-R2,E8.5-R1,5,1838,23435,54.732913970947266,1.8638629913330078
E7.5-R2,E8.5-R1,6,1838,23435,53.66253662109375,1.9492759704589844
E7.5-R2,E8.5-R1,7,1838,23435,55.5205078125,2.0148067474365234
E7.5-R2,E8.5-R1,8,1838,23435,56.982398986816406,1.917703628540039
E7.5-R2,E8.5-R1,9,1838,23435,51.2843132019043,1.7398605346679688
E7.5-R2,E8.5-R1,10,1838,23435,57.07533645629883,2.2251291275024414
E7.5-R2,E8.5-R1,11,1838,23435,55.922603607177734,1.8352317810058594
E7.5-R2,E8.5-R1,12,1838,23435,51.9786262512207,1.9661083221435547
E7.5-R2,E8.5-R1,13,1838,23435,52.523895263671875,1.8356475830078125
E7.5-R2,E8.5-R1,14,1838,23435,58.48212432861328,2.057973861694336
E7.5-R2,E8.5-R1,15,1838,23435,55.33065414428711,1.8655977249145508
E7.5-R2,E8.5-R1,16,1838,23435,62.88451385498047,2.2024126052856445
E7.5-R2,E8.5-R1,17,1838,23435,67.17323303222656,2.4653329849243164
E7.5-R2,E8.5-R1,18,1838,23435,58.36146545410156,2.247645378112793
E7.5-R2,E8.5-R1,19,1838,23435,54.16692352294922,1.8803520202636719
E7.5-R2,E8.5-R1,20,1838,23435,53.88896179199219,1.816507339477539
E7.5-R2,E8.5-R1,21,1838,23435,58.691471099853516,2.2709217071533203
E7.5-R2,E8.5-R1,22,1838,23435,54.05950927734375,2.124788284301758
E7.5-R2,E8.5-R1,23,1838,23435,64.09278869628906,2.3530960083007812
E7.5-R2,E8.5-R1,24,1838,23435,52.70978546142578,2.0003528594970703
E7.5-R2,E8.5-R1,25,1838,23435,54.873687744140625,1.8459043502807617
E7.5-R2,E8.5-R1,26,1838,23435,57.838645935058594,2.0631980895996094
E7.5-R2,E8.5-R1,27,1838,23435,56.435821533203125,1.950993537902832
E7.5-R2,E8.5-R1,28,1838,23435,53.66044616699219,2.043828010559082
E7.5-R2,E8.5-R1,29,1838,23435,61.48430633544922,2.053098678588867
E7.5-R2,E8.5-R1,30,1838,23435,58.46259307861328,1.9323434829711914
E7.5-R2,E8.5-R1,31,1838,23435,60.609779357910156,2.31368350982666
E7.5-R2,E8.5-R1,32,1838,23435,49.38483810424805,1.827651023864746
E7.5-R2,E8.5-R1,33,1838,23435,59.659706115722656,2.145599365234375
E7.5-R2,E8.5-R1,34,1838,23435,64.43706512451172,2.4024009704589844
E7.5-R2,E8.5-R1,35,1838,23435,48.78443145751953,1.961775779724121
E7.5-R2,E8.5-R1,36,1838,23435,61.77278518676758,2.2098007202148438
E7.5-R2,E8.5-R1,37,1838,23435,52.66828918457031,1.8635406494140625
E7.5-R2,E8.5-R1,38,1838,23435,61.73310089111328,2.396611213684082
E7.5-R2,E8.5-R1,39,1838,23435,57.08909606933594,2.0194177627563477
E7.5-R2,E8.5-R1,40,1838,23435,63.85712432861328,2.276516914367676
E7.5-R2,E8.5-R1,41,1838,23435,55.718116760253906,1.9253549575805664
E7.5-R2,E8.5-R1,42,1838,23435,58.55952453613281,2.1880855560302734
E7.5-R2,E8.5-R1,43,1838,23435,55.56721496582031,2.009988784790039
E7.5-R2,E8.5-R1,44,1838,23435,60.19114685058594,2.124542236328125
E7.5-R2,E8.5-R1,45,1838,23435,55.29917907714844,1.755722999572754
E7.5-R2,E8.5-R1,46,1838,23435,49.05961990356445,1.737919807434082
E7.5-R2,E8.5-R1,47,1838,23435,49.81867980957031,1.7750558853149414
E7.5-R2,E8.5-R1,48,1838,23435,55.44224166870117,1.9130802154541016
E7.5-R2,E8.5-R1,49,1838,23435,57.36204147338867,2.0409536361694336
E7.5-R2,E8.5-R2,0,1838,38216,50.18251037597656,1.9394750595092773
E7.5-R2,E8.5-R2,1,1838,38216,60.67670440673828,2.263363838195801
E7.5-R2,E8.5-R2,2,1838,38216,57.286231994628906,1.988987922668457
E7.5-R2,E8.5-R2,3,1838,38216,53.57438659667969,2.2180986404418945
E7.5-R2,E8.5-R2,4,1838,38216,59.3914680480957,2.0232505798339844
E7.5-R2,E8.5-R2,5,1838,38216,54.46122741699219,1.8990707397460938
E7.5-R2,E8.5-R2,6,1838,38216,57.20970153808594,2.059107780456543
E7.5-R2,E8.5-R2,7,1838,38216,61.41356658935547,2.013735771179199
E7.5-R2,E8.5-R2,8,1838,38216,60.402870178222656,2.0420684814453125
E7.5-R2,E8.5-R2,9,1838,38216,57.339378356933594,2.0345849990844727
E7.5-R2,E8.5-R2,10,1838,38216,57.75735855102539,2.30856990814209
E7.5-R2,E8.5-R2,11,1838,38216,62.69376754760742,2.215449333190918
E7.5-R2,E8.5-R2,12,1838,38216,57.894466400146484,2.2747459411621094
E7.5-R2,E8.5-R2,13,1838,38216,62.68162536621094,2.012472152709961
E7.5-R2,E8.5-R2,14,1838,38216,53.80293273925781,1.8872489929199219
E7.5-R2,E8.5-R2,15,1838,38216,52.82939147949219,1.9648494720458984
E7.5-R2,E8.5-R2,16,1838,38216,60.12230682373047,2.333667755126953
E7.5-R2,E8.5-R2,17,1838,38216,60.58335876464844,1.9324617385864258
E7.5-R2,E8.5-R2,18,1838,38216,55.72462463378906,1.9517765045166016
E7.5-R2,E8.5-R2,19,1838,38216,58.74919128417969,1.9197759628295898
E7.5-R2,E8.5-R2,20,1838,38216,61.182071685791016,2.2248592376708984
E7.5-R2,E8.5-R2,21,1838,38216,56.11058044433594,1.8825664520263672
E7.5-R2,E8.5-R2,22,1838,38216,54.840476989746094,2.034536361694336
E7.5-R2,E8.5-R2,23,1838,38216,63.57656478881836,2.1735334396362305
E7.5-R2,E8.5-R2,24,1838,38216,56.904170989990234,1.8391494750976562
E7.5-R2,E8.5-R2,25,1838,38216,59.34822082519531,2.0637378692626953
E7.5-R2,E8.5-R2,26,1838,38216,57.39995574951172,2.072032928466797
E7.5-R2,E8.5-R2,27,1838,38216,52.033897399902344,1.9585914611816406
E7.5-R2,E8.5-R2,28,1838,38216,61.153541564941406,2.259401321411133
E7.5-R2,E8.5-R2,29,1838,38216,54.36003875732422,1.8100919723510742
E7.5-R2,E8.5-R2,30,1838,38216,55.91088104248047,2.0847930908203125
E7.5-R2,E8.5-R2,31,1838,38216,56.28575897216797,1.9674978256225586
E7.5-R2,E8.5-R2,32,1838,38216,67.84973907470703,2.535228729248047
E7.5-R2,E8.5-R2,33,1838,38216,58.07610321044922,2.1212539672851562
E7.5-R2,E8.5-R2,34,1838,38216,58.01458740234375,2.1267404556274414
E7.5-R2,E8.5-R2,35,1838,38216,51.77729797363281,1.8422107696533203
E7.5-R2,E8.5-R2,36,1838,38216,52.074127197265625,2.08577823638916
E7.5-R2,E8.5-R2,37,1838,38216,57.07931137084961,2.0859861373901367
E7.5-R2,E8.5-R2,38,1838,38216,59.12601852416992,2.4270153045654297
E7.5-R2,E8.5-R2,39,1838,38216,59.192073822021484,2.099872589111328
E7.5-R2,E8.5-R2,40,1838,38216,54.931312561035156,2.0961971282958984
E7.5-R2,E8.5-R2,41,1838,38216,58.481605529785156,2.0047435760498047
E7.5-R2,E8.5-R2,42,1838,38216,56.58857727050781,2.0228042602539062
E7.5-R2,E8.5-R2,43,1838,38216,50.224365234375,2.069840431213379
E7.5-R2,E8.5-R2,44,1838,38216,57.51244354248047,2.027963638305664
E7.5-R2,E8.5-R2,45,1838,38216,57.00926971435547,1.9950733184814453
E7.5-R2,E8.5-R2,46,1838,38216,59.843605041503906,2.1990442276000977
E7.5-R2,E8.5-R2,47,1838,38216,63.248130798339844,2.212778091430664
E7.5-R2,E8.5-R2,48,1838,38216,60.81372833251953,2.0935564041137695
E7.5-R2,E8.5-R2,49,1838,38216,59.28321075439453,2.1782264709472656
E7.5-R2,E8.5-R3,0,1838,27743,56.01641082763672,1.9703474044799805
E7.5-R2,E8.5-R3,1,1838,27743,58.83841323852539,1.9599542617797852
E7.5-R2,E8.5-R3,2,1838,27743,56.81926727294922,2.0534095764160156
E7.5-R2,E8.5-R3,3,1838,27743,53.967227935791016,1.8469352722167969
E7.5-R2,E8.5-R3,4,1838,27743,50.78618240356445,1.8735389709472656
E7.5-R2,E8.5-R3,5,1838,27743,55.46660614013672,1.9680824279785156
E7.5-R2,E8.5-R3,6,1838,27743,54.82555389404297,2.0248985290527344
E7.5-R2,E8.5-R3,7,1838,27743,51.73735809326172,1.9100284576416016
E7.5-R2,E8.5-R3,8,1838,27743,51.91368103027344,1.964202880859375
E7.5-R2,E8.5-R3,9,1838,27743,58.25901794433594,1.944204330444336
E7.5-R2,E8.5-R3,10,1838,27743,52.86561584472656,2.08292293548584
E7.5-R2,E8.5-R3,11,1838,27743,48.53319549560547,1.7915277481079102
E7.5-R2,E8.5-R3,12,1838,27743,59.60533142089844,2.179354667663574
E7.5-R2,E8.5-R3,13,1838,27743,54.086082458496094,1.8303709030151367
E7.5-R2,E8.5-R3,14,1838,27743,62.37983703613281,2.157853126525879
E7.5-R2,E8.5-R3,15,1838,27743,62.960975646972656,2.301541328430176
E7.5-R2,E8.5-R3,16,1838,27743,60.57868576049805,2.234661102294922
E7.5-R2,E8.5-R3,17,1838,27743,56.0292854309082,1.9409675598144531
E7.5-R2,E8.5-R3,18,1838,27743,58.768714904785156,2.0425939559936523
E7.5-R2,E8.5-R3,19,1838,27743,52.43597412109375,1.9544239044189453
E7.5-R2,E8.5-R3,20,1838,27743,55.676055908203125,1.8868646621704102
E7.5-R2,E8.5-R3,21,1838,27743,53.70793914794922,1.710714340209961
E7.5-R2,E8.5-R3,22,1838,27743,69.71830749511719,2.7340431213378906
E7.5-R2,E8.5-R3,23,1838,27743,52.646034240722656,1.9243793487548828
E7.5-R2,E8.5-R3,24,1838,27743,56.08431625366211,2.025247573852539
E7.5-R2,E8.5-R3,25,1838,27743,51.805572509765625,2.0134048461914062
E7.5-R2,E8.5-R3,26,1838,27743,53.5878791809082,1.9911346435546875
E7.5-R2,E8.5-R3,27,1838,27743,58.176902770996094,2.057394027709961
E7.5-R2,E8.5-R3,28,1838,27743,54.98054122924805,2.18023681640625
E7.5-R2,E8.5-R3,29,1838,27743,61.249961853027344,2.3382034301757812
E7.5-R2,E8.5-R3,30,1838,27743,55.58197021484375,2.05963134765625
E7.5-R2,E8.5-R3,31,1838,27743,52.01442337036133,1.8939533233642578
E7.5-R2,E8.5-R3,32,1838,27743,52.78744888305664,1.8206672668457031
E7.5-R2,E8.5-R3,33,1838,27743,53.7655143737793,2.077411651611328
E7.5-R2,E8.5-R3,34,1838,27743,56.228363037109375,2.1607208251953125
E7.5-R2,E8.5-R3,35,1838,27743,52.00307083129883,2.1435937881469727
E7.5-R2,E8.5-R3,36,1838,27743,56.0184440612793,1.992842674255371
E7.5-R2,E8.5-R3,37,1838,27743,57.79547882080078,1.9950847625732422
E7.5-R2,E8.5-R3,38,1838,27743,58.97923278808594,2.155773162841797
E7.5-R2,E8.5-R3,39,1838,27743,52.25838088989258,1.8489952087402344
E7.5-R2,E8.5-R3,40,1838,27743,59.97085952758789,2.1164283752441406
E7.5-R2,E8.5-R3,41,1838,27743,60.398807525634766,2.0802736282348633
E7.5-R2,E8.5-R3,42,1838,27743,57.73828125,2.0172643661499023
E7.5-R2,E8.5-R3,43,1838,27743,60.67068862915039,2.1826696395874023
E7.5-R2,E8.5-R3,44,1838,27743,48.05570983886719,1.766953468322754
E7.5-R2,E8.5-R3,45,1838,27743,56.18733215332031,2.0746660232543945
E7.5-R2,E8.5-R3,46,1838,27743,53.98932647705078,2.1887311935424805
E7.5-R2,E8.5-R3,47,1838,27743,50.076934814453125,1.9450912475585938
E7.5-R2,E8.5-R3,48,1838,27743,57.41545867919922,2.140657424926758
E7.5-R2,E8.5-R3,49,1838,27743,54.943870544433594,2.0076608657836914
E7.5-R2,E9.0-R1,0,1838,92063,64.4547348022461,2.410825729370117
E7.5-R2,E9.0-R1,1,1838,92063,60.38517761230469,2.3727407455444336
E7.5-R2,E9.0-R1,2,1838,92063,61.41667175292969,2.286081314086914
E7.5-R2,E9.0-R1,3,1838,92063,62.435211181640625,2.36932373046875
E7.5-R2,E9.0-R1,4,1838,92063,65.68582153320312,2.617433547973633
E7.5-R2,E9.0-R1,5,1838,92063,61.67753601074219,2.5293102264404297
E7.5-R2,E9.0-R1,6,1838,92063,63.12190246582031,2.267624855041504
E7.5-R2,E9.0-R1,7,1838,92063,73.93651580810547,2.738032341003418
E7.5-R2,E9.0-R1,8,1838,92063,62.934574127197266,2.2916030883789062
E7.5-R2,E9.0-R1,9,1838,92063,62.60295104980469,2.433037757873535
E7.5-R2,E9.0-R1,10,1838,92063,57.45063781738281,2.2631139755249023
E7.5-R2,E9.0-R1,11,1838,92063,62.30644989013672,2.5634384155273438
E7.5-R2,E9.0-R1,12,1838,92063,68.04664611816406,2.540996551513672
E7.5-R2,E9.0-R1,13,1838,92063,59.97287368774414,2.4293594360351562
E7.5-R2,E9.0-R1,14,1838,92063,63.258949279785156,2.3941431045532227
E7.5-R2,E9.0-R1,15,1838,92063,60.81242370605469,2.5203046798706055
E7.5-R2,E9.0-R1,16,1838,92063,58.62023162841797,2.311248779296875
E7.5-R2,E9.0-R1,17,1838,92063,58.58307647705078,2.237645149230957
E7.5-R2,E9.0-R1,18,1838,92063,63.438865661621094,2.4554805755615234
E7.5-R2,E9.0-R1,19,1838,92063,57.3697509765625,2.393310546875
E7.5-R2,E9.0-R1,20,1838,92063,56.548641204833984,2.342036247253418
E7.5-R2,E9.0-R1,21,1838,92063,60.579315185546875,2.3120460510253906
E7.5-R2,E9.0-R1,22,1838,92063,60.92669677734375,2.5362110137939453
E7.5-R2,E9.0-R1,23,1838,92063,65.18310546875,2.3996829986572266
E7.5-R2,E9.0-R1,24,1838,92063,62.238929748535156,2.297334671020508
E7.5-R2,E9.0-R1,25,1838,92063,58.24602508544922,2.4164962768554688
E7.5-R2,E9.0-R1,26,1838,92063,62.549034118652344,2.4070262908935547
E7.5-R2,E9.0-R1,27,1838,92063,62.52175521850586,2.489800453186035
E7.5-R2,E9.0-R1,28,1838,92063,60.85037612915039,2.451199531555176
E7.5-R2,E9.0-R1,29,1838,92063,64.71583557128906,2.5536346435546875
E7.5-R2,E9.0-R1,30,1838,92063,65.57200622558594,2.535281181335449
E7.5-R2,E9.0-R1,31,1838,92063,61.63276290893555,2.421693801879883
E7.5-R2,E9.0-R1,32,1838,92063,60.04478073120117,2.2966651916503906
E7.5-R2,E9.0-R1,33,1838,92063,60.889286041259766,2.3838768005371094
E7.5-R2,E9.0-R1,34,1838,92063,61.800655364990234,2.2413835525512695
E7.5-R2,E9.0-R1,35,1838,92063,60.045875549316406,2.316526412963867
E7.5-R2,E9.0-R1,36,1838,92063,64.16785430908203,2.3904151916503906
E7.5-R2,E9.0-R1,37,1838,92063,67.97222137451172,2.6635379791259766
E7.5-R2,E9.0-R1,38,1838,92063,65.6328353881836,2.511777877807617
E7.5-R2,E9.0-R1,39,1838,92063,61.38677215576172,2.2804698944091797
E7.5-R2,E9.0-R1,40,1838,92063,59.564476013183594,2.3765945434570312
E7.5-R2,E9.0-R1,41,1838,92063,69.02633666992188,2.6225719451904297
E7.5-R2,E9.0-R1,42,1838,92063,62.441165924072266,2.3526620864868164
E7.5-R2,E9.0-R1,43,1838,92063,57.376686096191406,2.4407405853271484
E7.5-R2,E9.0-R1,44,1838,92063,61.09633255004883,2.2347164154052734
E7.5-R2,E9.0-R1,45,1838,92063,61.76239013671875,2.398202896118164
E7.5-R2,E9.0-R1,46,1838,92063,57.56532669067383,2.338852882385254
E7.5-R2,E9.0-R1,47,1838,92063,58.380252838134766,2.7170162200927734
E7.5-R2,E9.0-R1,48,1838,92063,62.43342590332031,2.4662914276123047
E7.5-R2,E9.0-R1,49,1838,92063,64.98466491699219,2.516221046447754
E7.5-R2,E9.0-R2,0,1838,99878,66.10264587402344,2.7676448822021484
E7.5-R2,E9.0-R2,1,1838,99878,73.22857666015625,3.003279685974121
E7.5-R2,E9.0-R2,2,1838,99878,69.20848083496094,2.776566505432129
E7.5-R2,E9.0-R2,3,1838,99878,69.98199462890625,2.743588447570801
E7.5-R2,E9.0-R2,4,1838,99878,62.584068298339844,2.6388044357299805
E7.5-R2,E9.0-R2,5,1838,99878,70.70125579833984,3.0103416442871094
E7.5-R2,E9.0-R2,6,1838,99878,63.58833312988281,2.5313987731933594
E7.5-R2,E9.0-R2,7,1838,99878,67.80833435058594,2.7461891174316406
E7.5-R2,E9.0-R2,8,1838,99878,65.65158081054688,2.727560043334961
E7.5-R2,E9.0-R2,9,1838,99878,59.37656784057617,2.6630477905273438
E7.5-R2,E9.0-R2,10,1838,99878,60.84455871582031,2.4935455322265625
E7.5-R2,E9.0-R2,11,1838,99878,68.67965698242188,2.8105297088623047
E7.5-R2,E9.0-R2,12,1838,99878,66.09414672851562,2.6278467178344727
E7.5-R2,E9.0-R2,13,1838,99878,63.839237213134766,2.73781681060791
E7.5-R2,E9.0-R2,14,1838,99878,65.95954132080078,2.957522392272949
E7.5-R2,E9.0-R2,15,1838,99878,67.70011901855469,2.8574609756469727
E7.5-R2,E9.0-R2,16,1838,99878,66.64797973632812,2.7831954956054688
E7.5-R2,E9.0-R2,17,1838,99878,67.63859558105469,2.9315996170043945
E7.5-R2,E9.0-R2,18,1838,99878,65.69026947021484,2.7225732803344727
E7.5-R2,E9.0-R2,19,1838,99878,72.76582336425781,2.8121538162231445
E7.5-R2,E9.0-R2,20,1838,99878,65.14596557617188,2.6146726608276367
E7.5-R2,E9.0-R2,21,1838,99878,66.99205780029297,2.653862953186035
E7.5-R2,E9.0-R2,22,1838,99878,64.61785888671875,2.5453052520751953
E7.5-R2,E9.0-R2,23,1838,99878,68.51126861572266,2.8676223754882812
E7.5-R2,E9.0-R2,24,1838,99878,63.48020935058594,2.709914207458496
E7.5-R2,E9.0-R2,25,1838,99878,72.71946716308594,2.980133056640625
E7.5-R2,E9.0-R2,26,1838,99878,69.61935424804688,2.8018598556518555
E7.5-R2,E9.0-R2,27,1838,99878,62.4747314453125,2.6573257446289062
E7.5-R2,E9.0-R2,28,1838,99878,64.20527648925781,2.5828781127929688
E7.5-R2,E9.0-R2,29,1838,99878,65.537109375,2.6341190338134766
E7.5-R2,E9.0-R2,30,1838,99878,71.1358642578125,2.925908088684082
E7.5-R2,E9.0-R2,31,1838,99878,67.6195297241211,2.841825485229492
E7.5-R2,E9.0-R2,32,1838,99878,67.3542251586914,2.8517704010009766
E7.5-R2,E9.0-R2,33,1838,99878,71.5639877319336,2.7829456329345703
E7.5-R2,E9.0-R2,34,1838,99878,65.13613891601562,2.75799560546875
E7.5-R2,E9.0-R2,35,1838,99878,61.65373992919922,2.4480743408203125
E7.5-R2,E9.0-R2,36,1838,99878,70.03750610351562,2.823801040649414
E7.5-R2,E9.0-R2,37,1838,99878,64.08238220214844,2.616546630859375
E7.5-R2,E9.0-R2,38,1838,99878,60.330116271972656,2.690340995788574
E7.5-R2,E9.0-R2,39,1838,99878,65.0692138671875,2.5688209533691406
E7.5-R2,E9.0-R2,40,1838,99878,63.70319366455078,2.678635597229004
E7.5-R2,E9.0-R2,41,1838,99878,69.95040893554688,3.1474971771240234
E7.5-R2,E9.0-R2,42,1838,99878,75.59199523925781,2.975231170654297
E7.5-R2,E9.0-R2,43,1838,99878,67.19051361083984,2.9769840240478516
E7.5-R2,E9.0-R2,44,1838,99878,69.89801025390625,2.7038536071777344
E7.5-R2,E9.0-R2,45,1838,99878,66.13764190673828,2.6394357681274414
E7.5-R2,E9.0-R2,46,1838,99878,66.79051208496094,2.583494186401367
E7.5-R2,E9.0-R2,47,1838,99878,66.11917877197266,2.8403244018554688
E7.5-R2,E9.0-R2,48,1838,99878,74.34825134277344,2.9968948364257812
E7.5-R2,E9.0-R2,49,1838,99878,70.84487915039062,2.758514404296875
E7.5-R2,E9.0-R3,0,1838,62867,62.45253372192383,2.1500778198242188
E7.5-R2,E9.0-R3,1,1838,62867,58.23424530029297,2.179438591003418
E7.5-R2,E9.0-R3,2,1838,62867,58.97832489013672,2.224763870239258
E7.5-R2,E9.0-R3,3,1838,62867,57.28875732421875,2.016054153442383
E7.5-R2,E9.0-R3,4,1838,62867,59.45689392089844,2.144763946533203
E7.5-R2,E9.0-R3,5,1838,62867,64.92495727539062,2.2495689392089844
E7.5-R2,E9.0-R3,6,1838,62867,64.03717041015625,2.4394493103027344
E7.5-R2,E9.0-R3,7,1838,62867,58.21012878417969,2.3484058380126953
E7.5-R2,E9.0-R3,8,1838,62867,54.486976623535156,2.073354721069336
E7.5-R2,E9.0-R3,9,1838,62867,51.888946533203125,1.9297800064086914
E7.5-R2,E9.0-R3,10,1838,62867,61.519718170166016,2.23647403717041
E7.5-R2,E9.0-R3,11,1838,62867,62.20802688598633,2.0572280883789062
E7.5-R2,E9.0-R3,12,1838,62867,56.585655212402344,2.42543888092041
E7.5-R2,E9.0-R3,13,1838,62867,61.674598693847656,2.256359100341797
E7.5-R2,E9.0-R3,14,1838,62867,53.84695816040039,1.9541873931884766
E7.5-R2,E9.0-R3,15,1838,62867,66.62042236328125,2.533268928527832
E7.5-R2,E9.0-R3,16,1838,62867,61.047767639160156,2.275437355041504
E7.5-R2,E9.0-R3,17,1838,62867,65.78958129882812,2.400069236755371
E7.5-R2,E9.0-R3,18,1838,62867,59.90427017211914,2.144852638244629
E7.5-R2,E9.0-R3,19,1838,62867,56.76060104370117,2.018521308898926
E7.5-R2,E9.0-R3,20,1838,62867,58.836891174316406,2.164773941040039
E7.5-R2,E9.0-R3,21,1838,62867,62.510597229003906,2.2078628540039062
E7.5-R2,E9.0-R3,22,1838,62867,58.390533447265625,2.2700796127319336
E7.5-R2,E9.0-R3,23,1838,62867,59.30511474609375,2.1261215209960938
E7.5-R2,E9.0-R3,24,1838,62867,58.792930603027344,2.048752784729004
E7.5-R2,E9.0-R3,25,1838,62867,62.89691925048828,2.2686452865600586
E7.5-R2,E9.0-R3,26,1838,62867,60.648643493652344,2.300421714782715
E7.5-R2,E9.0-R3,27,1838,62867,57.96369171142578,2.007615089416504
E7.5-R2,E9.0-R3,28,1838,62867,54.89851379394531,2.214169502258301
E7.5-R2,E9.0-R3,29,1838,62867,55.940185546875,1.9560317993164062
E7.5-R2,E9.0-R3,30,1838,62867,58.23839569091797,2.138401985168457
E7.5-R2,E9.0-R3,31,1838,62867,57.676761627197266,2.271328926086426
E7.5-R2,E9.0-R3,32,1838,62867,56.43410110473633,2.107569694519043
E7.5-R2,E9.0-R3,33,1838,62867,57.690765380859375,2.246830940246582
E7.5-R2,E9.0-R3,34,1838,62867,63.4312744140625,2.4454517364501953
E7.5-R2,E9.0-R3,35,1838,62867,58.666168212890625,2.209641456604004
E7.5-R2,E9.0-R3,36,1838,62867,60.46824645996094,2.0924816131591797
E7.5-R2,E9.0-R3,37,1838,62867,65.65215301513672,2.370685577392578
E7.5-R2,E9.0-R3,38,1838,62867,59.53593444824219,2.3813276290893555
E7.5-R2,E9.0-R3,39,1838,62867,65.5625228881836,2.228984832763672
E7.5-R2,E9.0-R3,40,1838,62867,56.92473602294922,2.047079086303711
E7.5-R2,E9.0-R3,41,1838,62867,55.58922576904297,2.0524215698242188
E7.5-R2,E9.0-R3,42,1838,62867,64.75688171386719,2.4540414810180664
E7.5-R2,E9.0-R3,43,1838,62867,54.1248664855957,1.9695014953613281
E7.5-R2,E9.0-R3,44,1838,62867,62.336177825927734,2.2832632064819336
E7.5-R2,E9.0-R3,45,1838,62867,57.222572326660156,2.234358787536621
E7.5-R2,E9.0-R3,46,1838,62867,63.686790466308594,2.3086414337158203
E7.5-R2,E9.0-R3,47,1838,62867,53.48915481567383,1.9200019836425781
E7.5-R2,E9.0-R3,48,1838,62867,62.215782165527344,2.270380973815918
E7.5-R2,E9.0-R3,49,1838,62867,56.25260925292969,2.004486083984375
E7.5-R2,E9.5-R1,0,1838,383453,71.01311492919922,3.1129684448242188
E7.5-R2,E9.5-R1,1,1838,383453,72.01708221435547,3.4057693481445312
E7.5-R2,E9.5-R1,2,1838,383453,72.28251647949219,3.0628795623779297
E7.5-R2,E9.5-R1,3,1838,383453,74.12820434570312,3.2418270111083984
E7.5-R2,E9.5-R1,4,1838,383453,76.46688842773438,3.4321250915527344
E7.5-R2,E9.5-R1,5,1838,383453,75.52852630615234,3.285022735595703
E7.5-R2,E9.5-R1,6,1838,383453,74.18678283691406,3.083925247192383
E7.5-R2,E9.5-R1,7,1838,383453,73.8068618774414,3.046825408935547
E7.5-R2,E9.5-R1,8,1838,383453,73.19438171386719,2.992375373840332
E7.5-R2,E9.5-R1,9,1838,383453,73.52748107910156,3.2130813598632812
E7.5-R2,E9.5-R1,10,1838,383453,73.65189361572266,3.2937803268432617
E7.5-R2,E9.5-R1,11,1838,383453,71.27066040039062,3.1409711837768555
E7.5-R2,E9.5-R1,12,1838,383453,70.33674621582031,3.194027900695801
E7.5-R2,E9.5-R1,13,1838,383453,73.73204040527344,3.0935020446777344
E7.5-R2,E9.5-R1,14,1838,383453,73.15640258789062,3.2185096740722656
E7.5-R2,E9.5-R1,15,1838,383453,73.97331237792969,3.249296188354492
E7.5-R2,E9.5-R1,16,1838,383453,71.4932861328125,3.159456253051758
E7.5-R2,E9.5-R1,17,1838,383453,75.99370574951172,3.151651382446289
E7.5-R2,E9.5-R1,18,1838,383453,74.25094604492188,3.2417678833007812
E7.5-R2,E9.5-R1,19,1838,383453,69.48757934570312,3.0762529373168945
E7.5-R2,E9.5-R1,20,1838,383453,70.20185852050781,3.332369804382324
E7.5-R2,E9.5-R1,21,1838,383453,73.78305053710938,3.1423206329345703
E7.5-R2,E9.5-R1,22,1838,383453,71.92515563964844,3.0449657440185547
E7.5-R2,E9.5-R1,23,1838,383453,70.78128051757812,3.235391616821289
E7.5-R2,E9.5-R1,24,1838,383453,71.32785034179688,3.108745574951172
E7.5-R2,E9.5-R1,25,1838,383453,77.80970764160156,3.3437318801879883
E7.5-R2,E9.5-R1,26,1838,383453,71.45499420166016,3.19278621673584
E7.5-R2,E9.5-R1,27,1838,383453,71.28933715820312,3.0964746475219727
E7.5-R2,E9.5-R1,28,1838,383453,72.5595703125,3.1994524002075195
E7.5-R2,E9.5-R1,29,1838,383453,70.65040588378906,2.9379663467407227
E7.5-R2,E9.5-R1,30,1838,383453,70.08477783203125,3.0331344604492188
E7.5-R2,E9.5-R1,31,1838,383453,67.54241943359375,3.0185070037841797
E7.5-R2,E9.5-R1,32,1838,383453,77.12271118164062,3.11114501953125
E7.5-R2,E9.5-R1,33,1838,383453,75.52349853515625,3.3489465713500977
E7.5-R2,E9.5-R1,34,1838,383453,78.0261459350586,3.2852258682250977
E7.5-R2,E9.5-R1,35,1838,383453,68.13792419433594,3.139110565185547
E7.5-R2,E9.5-R1,36,1838,383453,71.60636138916016,3.119570732116699
E7.5-R2,E9.5-R1,37,1838,383453,76.60069274902344,3.2513608932495117
E7.5-R2,E9.5-R1,38,1838,383453,72.2481689453125,3.1152849197387695
E7.5-R2,E9.5-R1,39,1838,383453,68.50288391113281,3.0289077758789062
E7.5-R2,E9.5-R1,40,1838,383453,66.85780334472656,3.148707389831543
E7.5-R2,E9.5-R1,41,1838,383453,71.73905944824219,2.944565773010254
E7.5-R2,E9.5-R1,42,1838,383453,69.55854797363281,3.2305727005004883
E7.5-R2,E9.5-R1,43,1838,383453,68.400146484375,3.099015235900879
E7.5-R2,E9.5-R1,44,1838,383453,71.41952514648438,3.1434078216552734
E7.5-R2,E9.5-R1,45,1838,383453,76.08392333984375,3.2892026901245117
E7.5-R2,E9.5-R1,46,1838,383453,73.04420471191406,3.0515918731689453
E7.5-R2,E9.5-R1,47,1838,383453,71.85842895507812,3.0453920364379883
E7.5-R2,E9.5-R1,48,1838,383453,67.19181823730469,3.0083322525024414
E7.5-R2,E9.5-R1,49,1838,383453,72.78878021240234,2.99800968170166
E7.5-R2,E9.5-R2,0,1838,350716,72.28936004638672,3.0583486557006836
E7.5-R2,E9.5-R2,1,1838,350716,76.19764709472656,3.4504013061523438
E7.5-R2,E9.5-R2,2,1838,350716,70.8975601196289,3.046182632446289
E7.5-R2,E9.5-R2,3,1838,350716,74.39271545410156,2.924565315246582
E7.5-R2,E9.5-R2,4,1838,350716,71.95848083496094,3.0703649520874023
E7.5-R2,E9.5-R2,5,1838,350716,72.5675048828125,3.189664840698242
E7.5-R2,E9.5-R2,6,1838,350716,71.7222900390625,2.9597043991088867
E7.5-R2,E9.5-R2,7,1838,350716,71.13078308105469,3.2118568420410156
E7.5-R2,E9.5-R2,8,1838,350716,75.39893341064453,3.0249109268188477
E7.5-R2,E9.5-R2,9,1838,350716,68.24259948730469,3.036740303039551
E7.5-R2,E9.5-R2,10,1838,350716,76.10518646240234,3.1404762268066406
E7.5-R2,E9.5-R2,11,1838,350716,80.26460266113281,3.2422046661376953
E7.5-R2,E9.5-R2,12,1838,350716,80.29634094238281,3.321621894836426
E7.5-R2,E9.5-R2,13,1838,350716,68.07817840576172,3.1682729721069336
E7.5-R2,E9.5-R2,14,1838,350716,68.40833282470703,3.207768440246582
E7.5-R2,E9.5-R2,15,1838,350716,69.80020904541016,3.0125207901000977
E7.5-R2,E9.5-R2,16,1838,350716,72.88269805908203,3.0768795013427734
E7.5-R2,E9.5-R2,17,1838,350716,72.67549133300781,3.028440475463867
E7.5-R2,E9.5-R2,18,1838,350716,69.77766418457031,2.8565797805786133
E7.5-R2,E9.5-R2,19,1838,350716,74.79721069335938,3.1362228393554688
E7.5-R2,E9.5-R2,20,1838,350716,71.68236541748047,3.202350616455078
E7.5-R2,E9.5-R2,21,1838,350716,72.98367309570312,3.0104503631591797
E7.5-R2,E9.5-R2,22,1838,350716,71.68997955322266,3.105343818664551
E7.5-R2,E9.5-R2,23,1838,350716,71.3798828125,3.022183418273926
E7.5-R2,E9.5-R2,24,1838,350716,68.98492431640625,3.098407745361328
E7.5-R2,E9.5-R2,25,1838,350716,73.31326293945312,2.9870595932006836
E7.5-R2,E9.5-R2,26,1838,350716,73.03564453125,3.0478296279907227
E7.5-R2,E9.5-R2,27,1838,350716,73.83224487304688,3.0205907821655273
E7.5-R2,E9.5-R2,28,1838,350716,69.68693542480469,3.2278528213500977
E7.5-R2,E9.5-R2,29,1838,350716,72.14883422851562,2.8876209259033203
E7.5-R2,E9.5-R2,30,1838,350716,70.56591796875,3.043163299560547
E7.5-R2,E9.5-R2,31,1838,350716,76.76528930664062,3.2457046508789062
E7.5-R2,E9.5-R2,32,1838,350716,73.68768310546875,3.13397216796875
E7.5-R2,E9.5-R2,33,1838,350716,75.93263244628906,3.0449304580688477
E7.5-R2,E9.5-R2,34,1838,350716,68.60940551757812,3.1292829513549805
E7.5-R2,E9.5-R2,35,1838,350716,75.5561752319336,3.035935401916504
E7.5-R2,E9.5-R2,36,1838,350716,75.79747009277344,3.1170244216918945
E7.5-R2,E9.5-R2,37,1838,350716,71.20878601074219,3.104999542236328
E7.5-R2,E9.5-R2,38,1838,350716,74.23084259033203,3.099637031555176
E7.5-R2,E9.5-R2,39,1838,350716,68.43223571777344,3.102231025695801
E7.5-R2,E9.5-R2,40,1838,350716,70.23980712890625,2.991130828857422
E7.5-R2,E9.5-R2,41,1838,350716,72.83860778808594,3.0230703353881836
E7.5-R2,E9.5-R2,42,1838,350716,78.98719787597656,3.3408241271972656
E7.5-R2,E9.5-R2,43,1838,350716,76.8499755859375,2.991029739379883
E7.5-R2,E9.5-R2,44,1838,350716,72.8609848022461,3.0244970321655273
E7.5-R2,E9.5-R2,45,1838,350716,74.17571258544922,3.2649707794189453
E7.5-R2,E9.5-R2,46,1838,350716,74.01615905761719,3.0586681365966797
E7.5-R2,E9.5-R2,47,1838,350716,70.96661376953125,3.065981864929199
E7.5-R2,E9.5-R2,48,1838,350716,69.01708984375,2.982804298400879
E7.5-R2,E9.5-R2,49,1838,350716,76.40391540527344,2.9360265731811523
E7.5-R2,E9.5-R3,0,1838,342873,72.48137664794922,3.0883378982543945
E7.5-R2,E9.5-R3,1,1838,342873,76.97782135009766,3.289499282836914
E7.5-R2,E9.5-R3,2,1838,342873,71.30503845214844,3.226363182067871
E7.5-R2,E9.5-R3,3,1838,342873,78.71585083007812,3.264267921447754
E7.5-R2,E9.5-R3,4,1838,342873,74.70159912109375,3.201197624206543
E7.5-R2,E9.5-R3,5,1838,342873,70.61463928222656,3.201261520385742
E7.5-R2,E9.5-R3,6,1838,342873,69.796630859375,3.280369758605957
E7.5-R2,E9.5-R3,7,1838,342873,79.30992126464844,3.248584747314453
E7.5-R2,E9.5-R3,8,1838,342873,77.3416519165039,3.2981605529785156
E7.5-R2,E9.5-R3,9,1838,342873,65.2591552734375,3.2110910415649414
E7.5-R2,E9.5-R3,10,1838,342873,66.72004699707031,2.9300365447998047
E7.5-R2,E9.5-R3,11,1838,342873,75.15975189208984,3.32818603515625
E7.5-R2,E9.5-R3,12,1838,342873,71.07389831542969,3.201639175415039
E7.5-R2,E9.5-R3,13,1838,342873,73.29939270019531,3.3507957458496094
E7.5-R2,E9.5-R3,14,1838,342873,78.20575714111328,3.3887939453125
E7.5-R2,E9.5-R3,15,1838,342873,70.9783935546875,3.2967329025268555
E7.5-R2,E9.5-R3,16,1838,342873,73.88555145263672,3.282136917114258
E7.5-R2,E9.5-R3,17,1838,342873,72.89529418945312,3.277524948120117
E7.5-R2,E9.5-R3,18,1838,342873,67.69578552246094,3.238279342651367
E7.5-R2,E9.5-R3,19,1838,342873,75.2087631225586,3.3683910369873047
E7.5-R2,E9.5-R3,20,1838,342873,78.91134643554688,3.3629627227783203
E7.5-R2,E9.5-R3,21,1838,342873,70.08198547363281,3.2641916275024414
E7.5-R2,E9.5-R3,22,1838,342873,72.5025634765625,3.1411256790161133
E7.5-R2,E9.5-R3,23,1838,342873,75.5253677368164,3.2519655227661133
E7.5-R2,E9.5-R3,24,1838,342873,71.55406188964844,3.0011606216430664
E7.5-R2,E9.5-R3,25,1838,342873,69.03555297851562,2.9531774520874023
E7.5-R2,E9.5-R3,26,1838,342873,72.74711608886719,3.2273035049438477
E7.5-R2,E9.5-R3,27,1838,342873,72.77485656738281,3.176692008972168
E7.5-R2,E9.5-R3,28,1838,342873,73.84368896484375,3.3739852905273438
E7.5-R2,E9.5-R3,29,1838,342873,74.55668640136719,3.318659782409668
E7.5-R2,E9.5-R3,30,1838,342873,78.26060485839844,3.3080263137817383
E7.5-R2,E9.5-R3,31,1838,342873,77.58882141113281,3.3981781005859375
E7.5-R2,E9.5-R3,32,1838,342873,70.74827575683594,3.2744922637939453
E7.5-R2,E9.5-R3,33,1838,342873,67.30596160888672,3.1278953552246094
E7.5-R2,E9.5-R3,34,1838,342873,71.01683044433594,3.2086572647094727
E7.5-R2,E9.5-R3,35,1838,342873,68.6380615234375,3.1822643280029297
E7.5-R2,E9.5-R3,36,1838,342873,71.27590942382812,3.2733325958251953
E7.5-R2,E9.5-R3,37,1838,342873,71.55439758300781,3.305685043334961
E7.5-R2,E9.5-R3,38,1838,342873,72.06790161132812,3.1907434463500977
E7.5-R2,E9.5-R3,39,1838,342873,75.45423889160156,3.3475894927978516
E7.5-R2,E9.5-R3,40,1838,342873,75.13002014160156,3.121479034423828
E7.5-R2,E9.5-R3,41,1838,342873,72.52622985839844,3.2880640029907227
E7.5-R2,E9.5-R3,42,1838,342873,75.49032592773438,3.0699214935302734
E7.5-R2,E9.5-R3,43,1838,342873,72.10931396484375,3.2024192810058594
E7.5-R2,E9.5-R3,44,1838,342873,74.57649230957031,3.2725162506103516
E7.5-R2,E9.5-R3,45,1838,342873,72.1097412109375,3.0808467864990234
E7.5-R2,E9.5-R3,46,1838,342873,73.68846893310547,3.156749725341797
E7.5-R2,E9.5-R3,47,1838,342873,67.67689514160156,3.004659652709961
E7.5-R2,E9.5-R3,48,1838,342873,70.61100769042969,3.188243865966797
E7.5-R2,E9.5-R3,49,1838,342873,71.16102600097656,3.2118091583251953
E7.5-R2,E10.0-R1,0,1838,347550,76.26482391357422,3.1310272216796875
E7.5-R2,E10.0-R1,1,1838,347550,83.6451416015625,3.3174543380737305
E7.5-R2,E10.0-R1,2,1838,347550,78.18434143066406,3.1759395599365234
E7.5-R2,E10.0-R1,3,1838,347550,77.68875122070312,3.2062082290649414
E7.5-R2,E10.0-R1,4,1838,347550,76.3956527709961,3.168673515319824
E7.5-R2,E10.0-R1,5,1838,347550,68.99810791015625,3.0888261795043945
E7.5-R2,E10.0-R1,6,1838,347550,76.396240234375,3.2645111083984375
E7.5-R2,E10.0-R1,7,1838,347550,77.77775573730469,3.1867847442626953
E7.5-R2,E10.0-R1,8,1838,347550,76.74693298339844,3.269463539123535
E7.5-R2,E10.0-R1,9,1838,347550,81.8479232788086,3.316647529602051
E7.5-R2,E10.0-R1,10,1838,347550,74.60729217529297,3.232236862182617
E7.5-R2,E10.0-R1,11,1838,347550,85.20028686523438,3.700230598449707
E7.5-R2,E10.0-R1,12,1838,347550,81.46029663085938,3.2089548110961914
E7.5-R2,E10.0-R1,13,1838,347550,77.85326385498047,3.1295909881591797
E7.5-R2,E10.0-R1,14,1838,347550,79.52066040039062,3.280074119567871
E7.5-R2,E10.0-R1,15,1838,347550,76.30311584472656,3.132040023803711
E7.5-R2,E10.0-R1,16,1838,347550,76.01763916015625,3.2767953872680664
E7.5-R2,E10.0-R1,17,1838,347550,79.47579193115234,3.3752822875976562
E7.5-R2,E10.0-R1,18,1838,347550,79.87796783447266,3.291672706604004
E7.5-R2,E10.0-R1,19,1838,347550,75.36016845703125,3.1468048095703125
E7.5-R2,E10.0-R1,20,1838,347550,74.74492645263672,3.086348533630371
E7.5-R2,E10.0-R1,21,1838,347550,75.46478271484375,3.0570411682128906
E7.5-R2,E10.0-R1,22,1838,347550,78.45834350585938,3.184727668762207
E7.5-R2,E10.0-R1,23,1838,347550,73.72591400146484,3.1877145767211914
E7.5-R2,E10.0-R1,24,1838,347550,78.30453491210938,3.2030439376831055
E7.5-R2,E10.0-R1,25,1838,347550,73.79422760009766,3.0737476348876953
E7.5-R2,E10.0-R1,26,1838,347550,76.19957733154297,3.409360885620117
E7.5-R2,E10.0-R1,27,1838,347550,71.06851196289062,3.153371810913086
E7.5-R2,E10.0-R1,28,1838,347550,77.58534240722656,3.187692642211914
E7.5-R2,E10.0-R1,29,1838,347550,77.12266540527344,3.226665496826172
E7.5-R2,E10.0-R1,30,1838,347550,74.75154113769531,3.2755279541015625
E7.5-R2,E10.0-R1,31,1838,347550,77.53071594238281,3.302713394165039
E7.5-R2,E10.0-R1,32,1838,347550,75.77821350097656,3.2460947036743164
E7.5-R2,E10.0-R1,33,1838,347550,76.53395080566406,3.167947769165039
E7.5-R2,E10.0-R1,34,1838,347550,87.45510864257812,3.4047746658325195
E7.5-R2,E10.0-R1,35,1838,347550,71.95977783203125,3.2389116287231445
E7.5-R2,E10.0-R1,36,1838,347550,82.21975708007812,3.4542388916015625
E7.5-R2,E10.0-R1,37,1838,347550,75.58528900146484,3.288980484008789
E7.5-R2,E10.0-R1,38,1838,347550,76.38381958007812,3.098581314086914
E7.5-R2,E10.0-R1,39,1838,347550,79.23127746582031,3.4850635528564453
E7.5-R2,E10.0-R1,40,1838,347550,79.78076934814453,3.3304920196533203
E7.5-R2,E10.0-R1,41,1838,347550,75.96154022216797,3.22017765045166
E7.5-R2,E10.0-R1,42,1838,347550,77.30630493164062,3.2152957916259766
E7.5-R2,E10.0-R1,43,1838,347550,74.04019927978516,3.122342109680176
E7.5-R2,E10.0-R1,44,1838,347550,80.09152221679688,3.17333984375
E7.5-R2,E10.0-R1,45,1838,347550,76.52950286865234,3.3775711059570312
E7.5-R2,E10.0-R1,46,1838,347550,73.54928588867188,3.2110280990600586
E7.5-R2,E10.0-R1,47,1838,347550,74.703369140625,3.2601451873779297
E7.5-R2,E10.0-R1,48,1838,347550,77.3763427734375,3.2397022247314453
E7.5-R2,E10.0-R1,49,1838,347550,82.97794342041016,3.3302507400512695
E7.5-R3,E8.0-R1,0,1468,4498,24.13651466369629,1.0765485763549805
E7.5-R3,E8.0-R1,1,1468,4498,28.834985733032227,1.2046327590942383
E7.5-R3,E8.0-R1,2,1468,4498,28.938499450683594,1.1626338958740234
E7.5-R3,E8.0-R1,3,1468,4498,28.789813995361328,1.2621793746948242
E7.5-R3,E8.0-R1,4,1468,4498,29.949003219604492,1.2441596984863281
E7.5-R3,E8.0-R1,5,1468,4498,30.19639015197754,1.1058788299560547
E7.5-R3,E8.0-R1,6,1468,4498,28.613056182861328,1.253265380859375
E7.5-R3,E8.0-R1,7,1468,4498,30.066329956054688,1.1551876068115234
E7.5-R3,E8.0-R1,8,1468,4498,30.99039077758789,1.2429132461547852
E7.5-R3,E8.0-R1,9,1468,4498,28.46931266784668,1.147883415222168
E7.5-R3,E8.0-R1,10,1468,4498,32.35697937011719,1.2811307907104492
E7.5-R3,E8.0-R1,11,1468,4498,31.998271942138672,1.1921663284301758
E7.5-R3,E8.0-R1,12,1468,4498,28.69186782836914,1.341324806213379
E7.5-R3,E8.0-R1,13,1468,4498,30.414222717285156,1.3255376815795898
E7.5-R3,E8.0-R1,14,1468,4498,31.399463653564453,1.2240867614746094
E7.5-R3,E8.0-R1,15,1468,4498,27.420238494873047,1.1363143920898438
E7.5-R3,E8.0-R1,16,1468,4498,28.81852912902832,1.2794723510742188
E7.5-R3,E8.0-R1,17,1468,4498,27.70891571044922,1.0124568939208984
E7.5-R3,E8.0-R1,18,1468,4498,27.846725463867188,0.9870204925537109
E7.5-R3,E8.0-R1,19,1468,4498,28.025901794433594,1.185318946838379
E7.5-R3,E8.0-R1,20,1468,4498,29.052265167236328,0.9795894622802734
E7.5-R3,E8.0-R1,21,1468,4498,27.03768539428711,1.1433629989624023
E7.5-R3,E8.0-R1,22,1468,4498,26.875808715820312,1.072035789489746
E7.5-R3,E8.0-R1,23,1468,4498,27.487648010253906,1.3088712692260742
E7.5-R3,E8.0-R1,24,1468,4498,27.250085830688477,1.0826005935668945
E7.5-R3,E8.0-R1,25,1468,4498,27.947223663330078,1.1061363220214844
E7.5-R3,E8.0-R1,26,1468,4498,29.044788360595703,1.0989494323730469
E7.5-R3,E8.0-R1,27,1468,4498,27.840991973876953,1.2462224960327148
E7.5-R3,E8.0-R1,28,1468,4498,26.99842643737793,1.1936569213867188
E7.5-R3,E8.0-R1,29,1468,4498,28.992679595947266,1.1535654067993164
E7.5-R3,E8.0-R1,30,1468,4498,26.166473388671875,1.2619438171386719
E7.5-R3,E8.0-R1,31,1468,4498,34.1318359375,1.3288593292236328
E7.5-R3,E8.0-R1,32,1468,4498,30.95553207397461,1.3107843399047852
E7.5-R3,E8.0-R1,33,1468,4498,29.523178100585938,1.1382732391357422
E7.5-R3,E8.0-R1,34,1468,4498,26.686002731323242,1.131525993347168
E7.5-R3,E8.0-R1,35,1468,4498,26.621023178100586,1.1055583953857422
E7.5-R3,E8.0-R1,36,1468,4498,28.145591735839844,0.9500808715820312
E7.5-R3,E8.0-R1,37,1468,4498,32.954566955566406,1.2215576171875
E7.5-R3,E8.0-R1,38,1468,4498,26.92084503173828,1.1290435791015625
E7.5-R3,E8.0-R1,39,1468,4498,30.569374084472656,1.3316640853881836
E7.5-R3,E8.0-R1,40,1468,4498,35.1132698059082,1.113687515258789
E7.5-R3,E8.0-R1,41,1468,4498,32.59928894042969,1.220423698425293
E7.5-R3,E8.0-R1,42,1468,4498,29.0172119140625,1.1722640991210938
E7.5-R3,E8.0-R1,43,1468,4498,31.860576629638672,1.0811195373535156
E7.5-R3,E8.0-R1,44,1468,4498,31.46242904663086,1.0741157531738281
E7.5-R3,E8.0-R1,45,1468,4498,30.460285186767578,1.1214094161987305
E7.5-R3,E8.0-R1,46,1468,4498,28.62840461730957,1.4706811904907227
E7.5-R3,E8.0-R1,47,1468,4498,29.58139419555664,1.3508844375610352
E7.5-R3,E8.0-R1,48,1468,4498,31.993080139160156,1.4141807556152344
E7.5-R3,E8.0-R1,49,1468,4498,32.38917922973633,1.3086214065551758
E7.5-R3,E8.0-R2,0,1468,10681,41.67197799682617,1.9689159393310547
E7.5-R3,E8.0-R2,1,1468,10681,44.831600189208984,2.036975860595703
E7.5-R3,E8.0-R2,2,1468,10681,44.882179260253906,1.8881044387817383
E7.5-R3,E8.0-R2,3,1468,10681,42.75094223022461,2.235396385192871
E7.5-R3,E8.0-R2,4,1468,10681,41.92455291748047,2.068492889404297
E7.5-R3,E8.0-R2,5,1468,10681,47.149959564208984,2.6964292526245117
E7.5-R3,E8.0-R2,6,1468,10681,49.82853698730469,2.314284324645996
E7.5-R3,E8.0-R2,7,1468,10681,44.35670471191406,2.11383056640625
E7.5-R3,E8.0-R2,8,1468,10681,44.29927062988281,1.9171009063720703
E7.5-R3,E8.0-R2,9,1468,10681,43.52013397216797,1.9927387237548828
E7.5-R3,E8.0-R2,10,1468,10681,44.27101135253906,1.7931137084960938
E7.5-R3,E8.0-R2,11,1468,10681,42.609375,1.9629297256469727
E7.5-R3,E8.0-R2,12,1468,10681,45.33342361450195,2.092813491821289
E7.5-R3,E8.0-R2,13,1468,10681,44.48925018310547,1.6955909729003906
E7.5-R3,E8.0-R2,14,1468,10681,43.125709533691406,2.085916519165039
E7.5-R3,E8.0-R2,15,1468,10681,44.400840759277344,2.0546865463256836
E7.5-R3,E8.0-R2,16,1468,10681,41.412986755371094,2.063746452331543
E7.5-R3,E8.0-R2,17,1468,10681,45.10402297973633,2.0270814895629883
E7.5-R3,E8.0-R2,18,1468,10681,40.36151885986328,1.7151432037353516
E7.5-R3,E8.0-R2,19,1468,10681,42.72783660888672,1.9880456924438477
E7.5-R3,E8.0-R2,20,1468,10681,46.2746467590332,2.5875492095947266
E7.5-R3,E8.0-R2,21,1468,10681,45.33528518676758,2.1362571716308594
E7.5-R3,E8.0-R2,22,1468,10681,47.07975769042969,2.360292434692383
E7.5-R3,E8.0-R2,23,1468,10681,46.254329681396484,2.009775161743164
E7.5-R3,E8.0-R2,24,1468,10681,47.31182861328125,2.00052547454834
E7.5-R3,E8.0-R2,25,1468,10681,44.02193069458008,1.9793510437011719
E7.5-R3,E8.0-R2,26,1468,10681,43.08101272583008,1.8053197860717773
E7.5-R3,E8.0-R2,27,1468,10681,44.3401985168457,1.9070329666137695
E7.5-R3,E8.0-R2,28,1468,10681,43.06724548339844,2.1831178665161133
E7.5-R3,E8.0-R2,29,1468,10681,49.01603698730469,2.1617088317871094
E7.5-R3,E8.0-R2,30,1468,10681,40.92328643798828,2.2215919494628906
E7.5-R3,E8.0-R2,31,1468,10681,43.69533920288086,2.0096378326416016
E7.5-R3,E8.0-R2,32,1468,10681,40.096214294433594,1.9080018997192383
E7.5-R3,E8.0-R2,33,1468,10681,44.99549865722656,1.8152780532836914
E7.5-R3,E8.0-R2,34,1468,10681,42.89231872558594,1.8730125427246094
E7.5-R3,E8.0-R2,35,1468,10681,48.60929489135742,2.3616418838500977
E7.5-R3,E8.0-R2,36,1468,10681,42.84547424316406,1.8364505767822266
E7.5-R3,E8.0-R2,37,1468,10681,45.716461181640625,1.9324111938476562
E7.5-R3,E8.0-R2,38,1468,10681,42.150970458984375,2.096475601196289
E7.5-R3,E8.0-R2,39,1468,10681,42.8887939453125,2.041184425354004
E7.5-R3,E8.0-R2,40,1468,10681,44.935787200927734,1.9737615585327148
E7.5-R3,E8.0-R2,41,1468,10681,43.28330612182617,2.137908935546875
E7.5-R3,E8.0-R2,42,1468,10681,40.65095138549805,1.8657197952270508
E7.5-R3,E8.0-R2,43,1468,10681,47.76280975341797,1.9784164428710938
E7.5-R3,E8.0-R2,44,1468,10681,46.12178039550781,2.3478593826293945
E7.5-R3,E8.0-R2,45,1468,10681,44.30711364746094,2.1575279235839844
E7.5-R3,E8.0-R2,46,1468,10681,44.798675537109375,2.2073593139648438
E7.5-R3,E8.0-R2,47,1468,10681,41.80304718017578,2.005950927734375
E7.5-R3,E8.0-R2,48,1468,10681,48.513267517089844,2.147110939025879
E7.5-R3,E8.0-R2,49,1468,10681,44.36448669433594,2.2198448181152344
E7.5-R3,E8.0-R3,0,1468,6763,35.65227508544922,1.6007156372070312
E7.5-R3,E8.0-R3,1,1468,6763,34.264129638671875,1.585744857788086
E7.5-R3,E8.0-R3,2,1468,6763,34.77655029296875,1.4485416412353516
E7.5-R3,E8.0-R3,3,1468,6763,35.8326416015625,1.4497652053833008
E7.5-R3,E8.0-R3,4,1468,6763,33.58635711669922,1.3570013046264648
E7.5-R3,E8.0-R3,5,1468,6763,33.21636199951172,1.6355924606323242
E7.5-R3,E8.0-R3,6,1468,6763,33.64065933227539,1.3462505340576172
E7.5-R3,E8.0-R3,7,1468,6763,35.1683349609375,1.5823259353637695
E7.5-R3,E8.0-R3,8,1468,6763,37.40675735473633,1.4639616012573242
E7.5-R3,E8.0-R3,9,1468,6763,37.632015228271484,1.5242414474487305
E7.5-R3,E8.0-R3,10,1468,6763,32.59934616088867,1.4047164916992188
E7.5-R3,E8.0-R3,11,1468,6763,38.86888885498047,1.6454668045043945
E7.5-R3,E8.0-R3,12,1468,6763,34.6694221496582,1.4548187255859375
E7.5-R3,E8.0-R3,13,1468,6763,38.75202178955078,1.9853792190551758
E7.5-R3,E8.0-R3,14,1468,6763,36.867591857910156,1.7736701965332031
E7.5-R3,E8.0-R3,15,1468,6763,38.431068420410156,1.4018192291259766
E7.5-R3,E8.0-R3,16,1468,6763,36.1480712890625,1.6245880126953125
E7.5-R3,E8.0-R3,17,1468,6763,38.290557861328125,1.6949234008789062
E7.5-R3,E8.0-R3,18,1468,6763,39.364158630371094,1.658193588256836
E7.5-R3,E8.0-R3,19,1468,6763,35.43033981323242,1.6885766983032227
E7.5-R3,E8.0-R3,20,1468,6763,34.82658004760742,1.6523065567016602
E7.5-R3,E8.0-R3,21,1468,6763,41.686553955078125,1.9277887344360352
E7.5-R3,E8.0-R3,22,1468,6763,35.03354263305664,1.4053230285644531
E7.5-R3,E8.0-R3,23,1468,6763,34.98564910888672,1.3978900909423828
E7.5-R3,E8.0-R3,24,1468,6763,34.84650421142578,1.5643692016601562
E7.5-R3,E8.0-R3,25,1468,6763,38.25244903564453,1.5910301208496094
E7.5-R3,E8.0-R3,26,1468,6763,32.997657775878906,1.3668813705444336
E7.5-R3,E8.0-R3,27,1468,6763,35.24736022949219,1.4222068786621094
E7.5-R3,E8.0-R3,28,1468,6763,35.50071716308594,1.5447807312011719
E7.5-R3,E8.0-R3,29,1468,6763,38.8045539855957,1.8833189010620117
E7.5-R3,E8.0-R3,30,1468,6763,33.3837890625,1.2803544998168945
E7.5-R3,E8.0-R3,31,1468,6763,40.13837432861328,1.4918899536132812
E7.5-R3,E8.0-R3,32,1468,6763,38.928672790527344,1.431875228881836
E7.5-R3,E8.0-R3,33,1468,6763,32.75995635986328,1.5320806503295898
E7.5-R3,E8.0-R3,34,1468,6763,35.96500778198242,1.4350595474243164
E7.5-R3,E8.0-R3,35,1468,6763,34.03325271606445,1.618269920349121
E7.5-R3,E8.0-R3,36,1468,6763,35.300743103027344,1.4133920669555664
E7.5-R3,E8.0-R3,37,1468,6763,35.98991012573242,1.5387630462646484
E7.5-R3,E8.0-R3,38,1468,6763,36.19328308105469,1.6304283142089844
E7.5-R3,E8.0-R3,39,1468,6763,35.681678771972656,1.7192621231079102
E7.5-R3,E8.0-R3,40,1468,6763,40.58033752441406,1.4369945526123047
E7.5-R3,E8.0-R3,41,1468,6763,35.95524215698242,1.3079471588134766
E7.5-R3,E8.0-R3,42,1468,6763,33.442832946777344,1.3621692657470703
E7.5-R3,E8.0-R3,43,1468,6763,39.64314270019531,1.5144529342651367
E7.5-R3,E8.0-R3,44,1468,6763,34.586639404296875,1.3667030334472656
E7.5-R3,E8.0-R3,45,1468,6763,36.7005615234375,1.6099281311035156
E7.5-R3,E8.0-R3,46,1468,6763,35.398685455322266,1.525522232055664
E7.5-R3,E8.0-R3,47,1468,6763,35.531089782714844,1.5399131774902344
E7.5-R3,E8.0-R3,48,1468,6763,33.39033508300781,1.6735429763793945
E7.5-R3,E8.0-R3,49,1468,6763,35.352474212646484,1.4414596557617188
E7.5-R3,E8.5-R1,0,1468,23435,57.44111633300781,2.8603782653808594
E7.5-R3,E8.5-R1,1,1468,23435,55.80543518066406,2.495245933532715
E7.5-R3,E8.5-R1,2,1468,23435,54.75782775878906,2.3913049697875977
E7.5-R3,E8.5-R1,3,1468,23435,54.91322326660156,2.6435680389404297
E7.5-R3,E8.5-R1,4,1468,23435,54.771339416503906,2.6621837615966797
E7.5-R3,E8.5-R1,5,1468,23435,53.96099090576172,2.7516698837280273
E7.5-R3,E8.5-R1,6,1468,23435,54.640045166015625,2.441534996032715
E7.5-R3,E8.5-R1,7,1468,23435,53.48802185058594,2.586811065673828
E7.5-R3,E8.5-R1,8,1468,23435,52.98211669921875,2.389547348022461
E7.5-R3,E8.5-R1,9,1468,23435,58.012718200683594,2.4388160705566406
E7.5-R3,E8.5-R1,10,1468,23435,52.623291015625,2.6276702880859375
E7.5-R3,E8.5-R1,11,1468,23435,52.36073303222656,2.3926591873168945
E7.5-R3,E8.5-R1,12,1468,23435,52.57891082763672,2.7148256301879883
E7.5-R3,E8.5-R1,13,1468,23435,53.96404266357422,2.2566089630126953
E7.5-R3,E8.5-R1,14,1468,23435,52.37923812866211,2.4819841384887695
E7.5-R3,E8.5-R1,15,1468,23435,55.850311279296875,2.826239585876465
E7.5-R3,E8.5-R1,16,1468,23435,55.62422180175781,2.6374311447143555
E7.5-R3,E8.5-R1,17,1468,23435,56.584991455078125,2.8308229446411133
E7.5-R3,E8.5-R1,18,1468,23435,57.96920394897461,2.6463499069213867
E7.5-R3,E8.5-R1,19,1468,23435,55.566001892089844,2.3702096939086914
E7.5-R3,E8.5-R1,20,1468,23435,60.328857421875,2.768390655517578
E7.5-R3,E8.5-R1,21,1468,23435,54.28030776977539,2.423661231994629
E7.5-R3,E8.5-R1,22,1468,23435,57.08142852783203,2.6290206909179688
E7.5-R3,E8.5-R1,23,1468,23435,54.39655303955078,2.4636878967285156
E7.5-R3,E8.5-R1,24,1468,23435,55.412384033203125,2.683478355407715
E7.5-R3,E8.5-R1,25,1468,23435,58.91518020629883,2.662372589111328
E7.5-R3,E8.5-R1,26,1468,23435,54.75262451171875,2.607306480407715
E7.5-R3,E8.5-R1,27,1468,23435,54.61867904663086,2.5507001876831055
E7.5-R3,E8.5-R1,28,1468,23435,56.458152770996094,2.653435707092285
E7.5-R3,E8.5-R1,29,1468,23435,54.36993408203125,2.5195531845092773
E7.5-R3,E8.5-R1,30,1468,23435,52.401084899902344,2.533524513244629
E7.5-R3,E8.5-R1,31,1468,23435,56.29287338256836,2.88492488861084
E7.5-R3,E8.5-R1,32,1468,23435,62.63081359863281,2.9327850341796875
E7.5-R3,E8.5-R1,33,1468,23435,53.075687408447266,2.473295211791992
E7.5-R3,E8.5-R1,34,1468,23435,54.57241439819336,2.6240081787109375
E7.5-R3,E8.5-R1,35,1468,23435,55.82666015625,2.699796676635742
E7.5-R3,E8.5-R1,36,1468,23435,55.776180267333984,2.563417434692383
E7.5-R3,E8.5-R1,37,1468,23435,53.960105895996094,2.3854293823242188
E7.5-R3,E8.5-R1,38,1468,23435,56.61070251464844,2.6999034881591797
E7.5-R3,E8.5-R1,39,1468,23435,54.99137878417969,2.3840627670288086
E7.5-R3,E8.5-R1,40,1468,23435,58.613624572753906,2.8845605850219727
E7.5-R3,E8.5-R1,41,1468,23435,55.593379974365234,2.568370819091797
E7.5-R3,E8.5-R1,42,1468,23435,59.03279113769531,2.900331497192383
E7.5-R3,E8.5-R1,43,1468,23435,54.1007194519043,2.348841667175293
E7.5-R3,E8.5-R1,44,1468,23435,51.934783935546875,2.556058883666992
E7.5-R3,E8.5-R1,45,1468,23435,56.11473083496094,2.511442184448242
E7.5-R3,E8.5-R1,46,1468,23435,57.2981071472168,2.4982519149780273
E7.5-R3,E8.5-R1,47,1468,23435,55.46098327636719,2.641437530517578
E7.5-R3,E8.5-R1,48,1468,23435,57.93177032470703,2.846034049987793
E7.5-R3,E8.5-R1,49,1468,23435,56.49950408935547,2.613740921020508
E7.5-R3,E8.5-R2,0,1468,38216,54.817344665527344,2.9482383728027344
E7.5-R3,E8.5-R2,1,1468,38216,56.637359619140625,2.49945068359375
E7.5-R3,E8.5-R2,2,1468,38216,60.035099029541016,2.791825294494629
E7.5-R3,E8.5-R2,3,1468,38216,54.5010871887207,2.5675411224365234
E7.5-R3,E8.5-R2,4,1468,38216,61.187564849853516,2.8802309036254883
E7.5-R3,E8.5-R2,5,1468,38216,59.56953811645508,2.4295854568481445
E7.5-R3,E8.5-R2,6,1468,38216,54.76429748535156,2.50685977935791
E7.5-R3,E8.5-R2,7,1468,38216,58.53553009033203,3.004049301147461
E7.5-R3,E8.5-R2,8,1468,38216,52.20527267456055,2.668745994567871
E7.5-R3,E8.5-R2,9,1468,38216,61.36945343017578,3.175473213195801
E7.5-R3,E8.5-R2,10,1468,38216,56.853214263916016,2.6154356002807617
E7.5-R3,E8.5-R2,11,1468,38216,57.009700775146484,2.726006507873535
E7.5-R3,E8.5-R2,12,1468,38216,58.57034683227539,2.8783035278320312
E7.5-R3,E8.5-R2,13,1468,38216,56.531822204589844,2.7555904388427734
E7.5-R3,E8.5-R2,14,1468,38216,56.0618896484375,2.854884147644043
E7.5-R3,E8.5-R2,15,1468,38216,57.90681838989258,2.7141714096069336
E7.5-R3,E8.5-R2,16,1468,38216,56.78565979003906,2.6131668090820312
E7.5-R3,E8.5-R2,17,1468,38216,54.44533920288086,2.534860610961914
E7.5-R3,E8.5-R2,18,1468,38216,56.31941223144531,2.7915544509887695
E7.5-R3,E8.5-R2,19,1468,38216,55.92420959472656,2.543619155883789
E7.5-R3,E8.5-R2,20,1468,38216,56.88340759277344,2.6321029663085938
E7.5-R3,E8.5-R2,21,1468,38216,59.480712890625,2.756439208984375
E7.5-R3,E8.5-R2,22,1468,38216,54.21479415893555,2.413066864013672
E7.5-R3,E8.5-R2,23,1468,38216,55.84553909301758,2.7131214141845703
E7.5-R3,E8.5-R2,24,1468,38216,56.17817687988281,2.5692548751831055
E7.5-R3,E8.5-R2,25,1468,38216,53.80403137207031,2.6225547790527344
E7.5-R3,E8.5-R2,26,1468,38216,56.44770812988281,2.84847354888916
E7.5-R3,E8.5-R2,27,1468,38216,55.96354293823242,2.8086891174316406
E7.5-R3,E8.5-R2,28,1468,38216,57.14474868774414,2.6274919509887695
E7.5-R3,E8.5-R2,29,1468,38216,55.97694396972656,2.7520837783813477
E7.5-R3,E8.5-R2,30,1468,38216,55.98749542236328,2.6268367767333984
E7.5-R3,E8.5-R2,31,1468,38216,58.026512145996094,2.5803356170654297
E7.5-R3,E8.5-R2,32,1468,38216,61.63848114013672,3.076620101928711
E7.5-R3,E8.5-R2,33,1468,38216,55.560302734375,2.6955947875976562
E7.5-R3,E8.5-R2,34,1468,38216,59.3967170715332,2.801957130432129
E7.5-R3,E8.5-R2,35,1468,38216,58.479339599609375,2.6459884643554688
E7.5-R3,E8.5-R2,36,1468,38216,55.70033264160156,2.4632301330566406
E7.5-R3,E8.5-R2,37,1468,38216,56.36488342285156,2.935239791870117
E7.5-R3,E8.5-R2,38,1468,38216,54.232666015625,2.54144287109375
E7.5-R3,E8.5-R2,39,1468,38216,52.47508239746094,2.480759620666504
E7.5-R3,E8.5-R2,40,1468,38216,56.97148132324219,2.825261116027832
E7.5-R3,E8.5-R2,41,1468,38216,57.73466491699219,2.809990882873535
E7.5-R3,E8.5-R2,42,1468,38216,55.144004821777344,2.527627944946289
E7.5-R3,E8.5-R2,43,1468,38216,52.39659881591797,2.3416175842285156
E7.5-R3,E8.5-R2,44,1468,38216,54.01374053955078,2.4048166275024414
E7.5-R3,E8.5-R2,45,1468,38216,57.124671936035156,2.868279457092285
E7.5-R3,E8.5-R2,46,1468,38216,57.530189514160156,2.622631072998047
E7.5-R3,E8.5-R2,47,1468,38216,60.04718780517578,2.483156204223633
E7.5-R3,E8.5-R2,48,1468,38216,57.80934143066406,2.8913326263427734
E7.5-R3,E8.5-R2,49,1468,38216,54.834617614746094,2.622042655944824
E7.5-R3,E8.5-R3,0,1468,27743,55.607391357421875,2.558415412902832
E7.5-R3,E8.5-R3,1,1468,27743,52.82804870605469,2.551323890686035
E7.5-R3,E8.5-R3,2,1468,27743,52.53485107421875,2.445509910583496
E7.5-R3,E8.5-R3,3,1468,27743,59.45703887939453,2.5687599182128906
E7.5-R3,E8.5-R3,4,1468,27743,50.80013656616211,2.325320243835449
E7.5-R3,E8.5-R3,5,1468,27743,53.118553161621094,2.546262741088867
E7.5-R3,E8.5-R3,6,1468,27743,54.27758026123047,2.420530319213867
E7.5-R3,E8.5-R3,7,1468,27743,51.91302490234375,2.463390350341797
E7.5-R3,E8.5-R3,8,1468,27743,52.884613037109375,2.725081443786621
E7.5-R3,E8.5-R3,9,1468,27743,52.549713134765625,2.6224517822265625
E7.5-R3,E8.5-R3,10,1468,27743,57.309730529785156,3.076237678527832
E7.5-R3,E8.5-R3,11,1468,27743,56.40171432495117,2.854790687561035
E7.5-R3,E8.5-R3,12,1468,27743,56.03614044189453,2.8779296875
E7.5-R3,E8.5-R3,13,1468,27743,55.680450439453125,2.531538963317871
E7.5-R3,E8.5-R3,14,1468,27743,54.5069694519043,2.4283838272094727
E7.5-R3,E8.5-R3,15,1468,27743,54.56061553955078,2.5309619903564453
E7.5-R3,E8.5-R3,16,1468,27743,52.98667907714844,2.2725954055786133
E7.5-R3,E8.5-R3,17,1468,27743,52.68865966796875,2.672940254211426
E7.5-R3,E8.5-R3,18,1468,27743,50.831756591796875,2.3479537963867188
E7.5-R3,E8.5-R3,19,1468,27743,55.52397918701172,2.6715240478515625
E7.5-R3,E8.5-R3,20,1468,27743,53.219696044921875,2.7032432556152344
E7.5-R3,E8.5-R3,21,1468,27743,58.12916564941406,2.5808639526367188
E7.5-R3,E8.5-R3,22,1468,27743,55.876380920410156,2.437832832336426
E7.5-R3,E8.5-R3,23,1468,27743,50.19622802734375,2.3320960998535156
E7.5-R3,E8.5-R3,24,1468,27743,52.44063186645508,2.3119516372680664
E7.5-R3,E8.5-R3,25,1468,27743,52.167510986328125,2.64023494720459
E7.5-R3,E8.5-R3,26,1468,27743,49.77387619018555,2.3778953552246094
E7.5-R3,E8.5-R3,27,1468,27743,52.53493881225586,2.3769054412841797
E7.5-R3,E8.5-R3,28,1468,27743,52.46971893310547,2.4019765853881836
E7.5-R3,E8.5-R3,29,1468,27743,53.77466583251953,2.295145034790039
E7.5-R3,E8.5-R3,30,1468,27743,52.93862533569336,2.3365535736083984
E7.5-R3,E8.5-R3,31,1468,27743,53.162044525146484,2.4770736694335938
E7.5-R3,E8.5-R3,32,1468,27743,52.54316711425781,3.005986213684082
E7.5-R3,E8.5-R3,33,1468,27743,53.84210968017578,2.3493385314941406
E7.5-R3,E8.5-R3,34,1468,27743,50.9692268371582,2.267134666442871
E7.5-R3,E8.5-R3,35,1468,27743,54.179161071777344,2.6043996810913086
E7.5-R3,E8.5-R3,36,1468,27743,55.975059509277344,2.615926742553711
E7.5-R3,E8.5-R3,37,1468,27743,53.343780517578125,2.341525077819824
E7.5-R3,E8.5-R3,38,1468,27743,53.15869140625,2.362128257751465
E7.5-R3,E8.5-R3,39,1468,27743,51.6427001953125,2.439833641052246
E7.5-R3,E8.5-R3,40,1468,27743,55.140533447265625,2.4277143478393555
E7.5-R3,E8.5-R3,41,1468,27743,56.22295379638672,2.672438621520996
E7.5-R3,E8.5-R3,42,1468,27743,53.64838409423828,2.70877742767334
E7.5-R3,E8.5-R3,43,1468,27743,51.12317657470703,2.438136100769043
E7.5-R3,E8.5-R3,44,1468,27743,56.38016128540039,2.962381362915039
E7.5-R3,E8.5-R3,45,1468,27743,55.7982177734375,2.53997802734375
E7.5-R3,E8.5-R3,46,1468,27743,51.46464538574219,2.351433753967285
E7.5-R3,E8.5-R3,47,1468,27743,53.08024215698242,2.328908920288086
E7.5-R3,E8.5-R3,48,1468,27743,57.74607849121094,2.4691896438598633
E7.5-R3,E8.5-R3,49,1468,27743,52.199729919433594,2.6659345626831055
E7.5-R3,E9.0-R1,0,1468,92063,63.17790603637695,2.9014806747436523
E7.5-R3,E9.0-R1,1,1468,92063,58.38090515136719,2.8201189041137695
E7.5-R3,E9.0-R1,2,1468,92063,61.141605377197266,3.1142778396606445
E7.5-R3,E9.0-R1,3,1468,92063,66.08917236328125,2.944610595703125
E7.5-R3,E9.0-R1,4,1468,92063,59.91093444824219,3.3444719314575195
E7.5-R3,E9.0-R1,5,1468,92063,60.96047592163086,3.430974006652832
E7.5-R3,E9.0-R1,6,1468,92063,60.97543716430664,3.12984561920166
E7.5-R3,E9.0-R1,7,1468,92063,61.59406280517578,2.8312807083129883
E7.5-R3,E9.0-R1,8,1468,92063,58.21692657470703,2.954644203186035
E7.5-R3,E9.0-R1,9,1468,92063,62.25917053222656,3.5686826705932617
E7.5-R3,E9.0-R1,10,1468,92063,59.61688232421875,3.0416746139526367
E7.5-R3,E9.0-R1,11,1468,92063,61.635101318359375,2.916902542114258
E7.5-R3,E9.0-R1,12,1468,92063,59.291526794433594,2.990964889526367
E7.5-R3,E9.0-R1,13,1468,92063,56.52289581298828,2.760824203491211
E7.5-R3,E9.0-R1,14,1468,92063,60.48286056518555,2.89285945892334
E7.5-R3,E9.0-R1,15,1468,92063,58.97645568847656,2.8845815658569336
E7.5-R3,E9.0-R1,16,1468,92063,65.25560760498047,3.207900047302246
E7.5-R3,E9.0-R1,17,1468,92063,60.754066467285156,3.2545604705810547
E7.5-R3,E9.0-R1,18,1468,92063,60.923980712890625,2.849895477294922
E7.5-R3,E9.0-R1,19,1468,92063,60.19286346435547,3.0569934844970703
E7.5-R3,E9.0-R1,20,1468,92063,61.86455535888672,3.217132568359375
E7.5-R3,E9.0-R1,21,1468,92063,59.70387649536133,2.937591552734375
E7.5-R3,E9.0-R1,22,1468,92063,64.70634460449219,2.902010917663574
E7.5-R3,E9.0-R1,23,1468,92063,59.85874938964844,3.0442514419555664
E7.5-R3,E9.0-R1,24,1468,92063,60.292213439941406,3.0765256881713867
E7.5-R3,E9.0-R1,25,1468,92063,64.53620147705078,3.249113082885742
E7.5-R3,E9.0-R1,26,1468,92063,65.2911148071289,3.3790531158447266
E7.5-R3,E9.0-R1,27,1468,92063,62.37548065185547,3.3682613372802734
E7.5-R3,E9.0-R1,28,1468,92063,60.4454460144043,3.0956201553344727
E7.5-R3,E9.0-R1,29,1468,92063,59.05071258544922,3.009855270385742
E7.5-R3,E9.0-R1,30,1468,92063,63.101200103759766,3.0964670181274414
E7.5-R3,E9.0-R1,31,1468,92063,62.290252685546875,3.2956619262695312
E7.5-R3,E9.0-R1,32,1468,92063,56.32201385498047,2.6531333923339844
E7.5-R3,E9.0-R1,33,1468,92063,63.058815002441406,3.183622360229492
E7.5-R3,E9.0-R1,34,1468,92063,61.354591369628906,2.884854316711426
E7.5-R3,E9.0-R1,35,1468,92063,62.55140686035156,3.1565780639648438
E7.5-R3,E9.0-R1,36,1468,92063,62.243804931640625,3.021552085876465
E7.5-R3,E9.0-R1,37,1468,92063,60.876956939697266,2.9752559661865234
E7.5-R3,E9.0-R1,38,1468,92063,60.157039642333984,3.050999641418457
E7.5-R3,E9.0-R1,39,1468,92063,61.15509033203125,2.8299808502197266
E7.5-R3,E9.0-R1,40,1468,92063,59.31332778930664,3.3899431228637695
E7.5-R3,E9.0-R1,41,1468,92063,59.254119873046875,3.036996841430664
E7.5-R3,E9.0-R1,42,1468,92063,60.924781799316406,3.111821174621582
E7.5-R3,E9.0-R1,43,1468,92063,62.95915603637695,3.202792167663574
E7.5-R3,E9.0-R1,44,1468,92063,61.73527145385742,2.936260223388672
E7.5-R3,E9.0-R1,45,1468,92063,59.468048095703125,3.017894744873047
E7.5-R3,E9.0-R1,46,1468,92063,62.662322998046875,2.921417236328125
E7.5-R3,E9.0-R1,47,1468,92063,60.192100524902344,3.0738296508789062
E7.5-R3,E9.0-R1,48,1468,92063,61.45087432861328,3.1487913131713867
E7.5-R3,E9.0-R1,49,1468,92063,61.78779220581055,2.9698915481567383
E7.5-R3,E9.0-R2,0,1468,99878,63.003292083740234,3.5850048065185547
E7.5-R3,E9.0-R2,1,1468,99878,65.19304656982422,3.2021360397338867
E7.5-R3,E9.0-R2,2,1468,99878,62.98524475097656,2.925501823425293
E7.5-R3,E9.0-R2,3,1468,99878,64.90254974365234,3.2520980834960938
E7.5-R3,E9.0-R2,4,1468,99878,59.4306640625,3.0202808380126953
E7.5-R3,E9.0-R2,5,1468,99878,71.52645874023438,3.7846813201904297
E7.5-R3,E9.0-R2,6,1468,99878,61.622703552246094,3.5113296508789062
E7.5-R3,E9.0-R2,7,1468,99878,65.91926574707031,3.37825870513916
E7.5-R3,E9.0-R2,8,1468,99878,66.48178100585938,3.4184341430664062
E7.5-R3,E9.0-R2,9,1468,99878,69.32564544677734,3.446681022644043
E7.5-R3,E9.0-R2,10,1468,99878,62.848541259765625,3.0069761276245117
E7.5-R3,E9.0-R2,11,1468,99878,64.83670043945312,3.5601320266723633
E7.5-R3,E9.0-R2,12,1468,99878,63.911521911621094,3.038360595703125
E7.5-R3,E9.0-R2,13,1468,99878,65.95950317382812,3.393606185913086
E7.5-R3,E9.0-R2,14,1468,99878,65.40321350097656,3.3378524780273438
E7.5-R3,E9.0-R2,15,1468,99878,70.15345764160156,3.611391067504883
E7.5-R3,E9.0-R2,16,1468,99878,65.41899108886719,3.3212051391601562
E7.5-R3,E9.0-R2,17,1468,99878,64.01253509521484,3.2685604095458984
E7.5-R3,E9.0-R2,18,1468,99878,68.01905059814453,3.280244827270508
E7.5-R3,E9.0-R2,19,1468,99878,65.06983947753906,3.330378532409668
E7.5-R3,E9.0-R2,20,1468,99878,63.312774658203125,3.3348026275634766
E7.5-R3,E9.0-R2,21,1468,99878,63.181907653808594,3.4601736068725586
E7.5-R3,E9.0-R2,22,1468,99878,66.4040756225586,3.6468381881713867
E7.5-R3,E9.0-R2,23,1468,99878,65.35136413574219,3.56009578704834
E7.5-R3,E9.0-R2,24,1468,99878,61.7049674987793,3.228451728820801
E7.5-R3,E9.0-R2,25,1468,99878,64.05045318603516,3.361112594604492
E7.5-R3,E9.0-R2,26,1468,99878,67.95858764648438,3.6224632263183594
E7.5-R3,E9.0-R2,27,1468,99878,69.40945434570312,3.745020866394043
E7.5-R3,E9.0-R2,28,1468,99878,68.51074981689453,3.452779769897461
E7.5-R3,E9.0-R2,29,1468,99878,66.50482177734375,3.334493637084961
E7.5-R3,E9.0-R2,30,1468,99878,67.9724349975586,3.517505645751953
E7.5-R3,E9.0-R2,31,1468,99878,65.25194549560547,3.615823745727539
E7.5-R3,E9.0-R2,32,1468,99878,66.38676452636719,3.52655029296875
E7.5-R3,E9.0-R2,33,1468,99878,67.34515380859375,3.220828056335449
E7.5-R3,E9.0-R2,34,1468,99878,64.67015075683594,3.2498207092285156
E7.5-R3,E9.0-R2,35,1468,99878,73.22157287597656,3.7528295516967773
E7.5-R3,E9.0-R2,36,1468,99878,69.47197723388672,4.0078840255737305
E7.5-R3,E9.0-R2,37,1468,99878,63.86201095581055,3.5092153549194336
E7.5-R3,E9.0-R2,38,1468,99878,66.07075500488281,3.255168914794922
E7.5-R3,E9.0-R2,39,1468,99878,63.608619689941406,3.326303482055664
E7.5-R3,E9.0-R2,40,1468,99878,66.4167251586914,3.581300735473633
E7.5-R3,E9.0-R2,41,1468,99878,63.25614929199219,3.2641210556030273
E7.5-R3,E9.0-R2,42,1468,99878,66.80966186523438,4.059809684753418
E7.5-R3,E9.0-R2,43,1468,99878,65.55360412597656,3.5400962829589844
E7.5-R3,E9.0-R2,44,1468,99878,65.92752075195312,3.492161750793457
E7.5-R3,E9.0-R2,45,1468,99878,65.00647735595703,3.422208786010742
E7.5-R3,E9.0-R2,46,1468,99878,68.21455383300781,3.6489763259887695
E7.5-R3,E9.0-R2,47,1468,99878,62.02753448486328,3.296299934387207
E7.5-R3,E9.0-R2,48,1468,99878,68.4365234375,3.5082712173461914
E7.5-R3,E9.0-R2,49,1468,99878,61.28273391723633,3.4554386138916016
E7.5-R3,E9.0-R3,0,1468,62867,57.29743957519531,2.658078193664551
E7.5-R3,E9.0-R3,1,1468,62867,60.89550018310547,2.9394569396972656
E7.5-R3,E9.0-R3,2,1468,62867,63.10384750366211,3.174942970275879
E7.5-R3,E9.0-R3,3,1468,62867,56.69016647338867,2.728278160095215
E7.5-R3,E9.0-R3,4,1468,62867,59.987091064453125,2.7757959365844727
E7.5-R3,E9.0-R3,5,1468,62867,57.457923889160156,2.7762069702148438
E7.5-R3,E9.0-R3,6,1468,62867,62.35845947265625,2.804920196533203
E7.5-R3,E9.0-R3,7,1468,62867,57.16706848144531,2.836822509765625
E7.5-R3,E9.0-R3,8,1468,62867,60.56175231933594,2.963010787963867
E7.5-R3,E9.0-R3,9,1468,62867,60.57650375366211,3.009097099304199
E7.5-R3,E9.0-R3,10,1468,62867,62.13206481933594,2.7855148315429688
E7.5-R3,E9.0-R3,11,1468,62867,63.68163299560547,2.643695831298828
E7.5-R3,E9.0-R3,12,1468,62867,59.5004768371582,2.9308385848999023
E7.5-R3,E9.0-R3,13,1468,62867,58.61162567138672,2.7396936416625977
E7.5-R3,E9.0-R3,14,1468,62867,57.5616455078125,2.8320884704589844
E7.5-R3,E9.0-R3,15,1468,62867,60.54737854003906,3.2964305877685547
E7.5-R3,E9.0-R3,16,1468,62867,59.23316192626953,2.9588537216186523
E7.5-R3,E9.0-R3,17,1468,62867,59.84272003173828,2.8049135208129883
E7.5-R3,E9.0-R3,18,1468,62867,60.350852966308594,3.1103763580322266
E7.5-R3,E9.0-R3,19,1468,62867,59.87334442138672,3.08245849609375
E7.5-R3,E9.0-R3,20,1468,62867,57.07225036621094,3.0337228775024414
E7.5-R3,E9.0-R3,21,1468,62867,60.91236877441406,2.944459915161133
E7.5-R3,E9.0-R3,22,1468,62867,61.323448181152344,3.0839614868164062
E7.5-R3,E9.0-R3,23,1468,62867,59.457271575927734,2.706051826477051
E7.5-R3,E9.0-R3,24,1468,62867,61.91170120239258,3.383281707763672
E7.5-R3,E9.0-R3,25,1468,62867,61.57412338256836,3.0698204040527344
E7.5-R3,E9.0-R3,26,1468,62867,59.05657196044922,2.553781509399414
E7.5-R3,E9.0-R3,27,1468,62867,63.70106506347656,3.285259246826172
E7.5-R3,E9.0-R3,28,1468,62867,61.59589385986328,3.215754508972168
E7.5-R3,E9.0-R3,29,1468,62867,58.58697509765625,2.987717628479004
E7.5-R3,E9.0-R3,30,1468,62867,59.32341003417969,2.9770689010620117
E7.5-R3,E9.0-R3,31,1468,62867,61.05447769165039,3.044961929321289
E7.5-R3,E9.0-R3,32,1468,62867,59.58948516845703,2.802639961242676
E7.5-R3,E9.0-R3,33,1468,62867,60.919036865234375,3.1430158615112305
E7.5-R3,E9.0-R3,34,1468,62867,58.87076950073242,2.89627742767334
E7.5-R3,E9.0-R3,35,1468,62867,58.114784240722656,2.5333356857299805
E7.5-R3,E9.0-R3,36,1468,62867,57.58455276489258,2.9280052185058594
E7.5-R3,E9.0-R3,37,1468,62867,62.56940460205078,2.775631904602051
E7.5-R3,E9.0-R3,38,1468,62867,58.48210144042969,2.778207778930664
E7.5-R3,E9.0-R3,39,1468,62867,59.67242431640625,2.791351318359375
E7.5-R3,E9.0-R3,40,1468,62867,59.73213195800781,3.000730514526367
E7.5-R3,E9.0-R3,41,1468,62867,60.39543151855469,3.081362724304199
E7.5-R3,E9.0-R3,42,1468,62867,61.2290153503418,3.122293472290039
E7.5-R3,E9.0-R3,43,1468,62867,66.53836059570312,2.844851493835449
E7.5-R3,E9.0-R3,44,1468,62867,60.03864669799805,3.075558662414551
E7.5-R3,E9.0-R3,45,1468,62867,63.806488037109375,2.981595039367676
E7.5-R3,E9.0-R3,46,1468,62867,58.67860412597656,2.9821815490722656
E7.5-R3,E9.0-R3,47,1468,62867,55.903404235839844,2.6801881790161133
E7.5-R3,E9.0-R3,48,1468,62867,59.537315368652344,2.7497129440307617
E7.5-R3,E9.0-R3,49,1468,62867,59.77783966064453,2.8153562545776367
E7.5-R3,E9.5-R1,0,1468,383453,67.62428283691406,3.8551855087280273
E7.5-R3,E9.5-R1,1,1468,383453,69.34370422363281,3.894589424133301
E7.5-R3,E9.5-R1,2,1468,383453,70.83050537109375,3.6877193450927734
E7.5-R3,E9.5-R1,3,1468,383453,68.2864990234375,3.7231922149658203
E7.5-R3,E9.5-R1,4,1468,383453,70.05329895019531,3.6713123321533203
E7.5-R3,E9.5-R1,5,1468,383453,73.06349182128906,3.660684585571289
E7.5-R3,E9.5-R1,6,1468,383453,70.97895812988281,3.7259674072265625
E7.5-R3,E9.5-R1,7,1468,383453,71.876220703125,3.908961296081543
E7.5-R3,E9.5-R1,8,1468,383453,70.89610290527344,3.9774999618530273
E7.5-R3,E9.5-R1,9,1468,383453,72.9217300415039,3.516179084777832
E7.5-R3,E9.5-R1,10,1468,383453,68.19601440429688,3.5456018447875977
E7.5-R3,E9.5-R1,11,1468,383453,67.56996154785156,3.5734386444091797
E7.5-R3,E9.5-R1,12,1468,383453,68.24751281738281,3.7866287231445312
E7.5-R3,E9.5-R1,13,1468,383453,71.02609252929688,4.062112808227539
E7.5-R3,E9.5-R1,14,1468,383453,69.69976806640625,3.928485870361328
E7.5-R3,E9.5-R1,15,1468,383453,68.97322082519531,3.5661487579345703
E7.5-R3,E9.5-R1,16,1468,383453,70.9775390625,3.600156784057617
E7.5-R3,E9.5-R1,17,1468,383453,67.76101684570312,3.796553611755371
E7.5-R3,E9.5-R1,18,1468,383453,67.33792114257812,3.7447595596313477
E7.5-R3,E9.5-R1,19,1468,383453,69.49569702148438,3.5878171920776367
E7.5-R3,E9.5-R1,20,1468,383453,70.02947998046875,3.9189224243164062
E7.5-R3,E9.5-R1,21,1468,383453,73.81663513183594,3.865833282470703
E7.5-R3,E9.5-R1,22,1468,383453,69.86372375488281,3.9543771743774414
E7.5-R3,E9.5-R1,23,1468,383453,69.49166870117188,3.9823951721191406
E7.5-R3,E9.5-R1,24,1468,383453,66.29640197753906,3.4253692626953125
E7.5-R3,E9.5-R1,25,1468,383453,68.23638916015625,3.7561464309692383
E7.5-R3,E9.5-R1,26,1468,383453,65.75254821777344,3.539109230041504
E7.5-R3,E9.5-R1,27,1468,383453,67.91970825195312,3.829953193664551
E7.5-R3,E9.5-R1,28,1468,383453,71.2837905883789,3.978856086730957
E7.5-R3,E9.5-R1,29,1468,383453,74.46804809570312,3.7093992233276367
E7.5-R3,E9.5-R1,30,1468,383453,70.01414489746094,4.03877067565918
E7.5-R3,E9.5-R1,31,1468,383453,69.42774963378906,3.7547569274902344
E7.5-R3,E9.5-R1,32,1468,383453,74.11630249023438,3.8340272903442383
E7.5-R3,E9.5-R1,33,1468,383453,68.61231994628906,3.362049102783203
E7.5-R3,E9.5-R1,34,1468,383453,70.6082992553711,3.801830291748047
E7.5-R3,E9.5-R1,35,1468,383453,68.71346282958984,3.526791572570801
E7.5-R3,E9.5-R1,36,1468,383453,75.68434143066406,3.5739660263061523
E7.5-R3,E9.5-R1,37,1468,383453,68.84022521972656,3.551314353942871
E7.5-R3,E9.5-R1,38,1468,383453,72.79693603515625,3.6191234588623047
E7.5-R3,E9.5-R1,39,1468,383453,68.94001007080078,3.7587127685546875
E7.5-R3,E9.5-R1,40,1468,383453,70.14021301269531,3.6726179122924805
E7.5-R3,E9.5-R1,41,1468,383453,71.56756591796875,3.9071130752563477
E7.5-R3,E9.5-R1,42,1468,383453,65.83659362792969,3.679676055908203
E7.5-R3,E9.5-R1,43,1468,383453,69.1414566040039,3.4407243728637695
E7.5-R3,E9.5-R1,44,1468,383453,66.75473022460938,3.881258010864258
E7.5-R3,E9.5-R1,45,1468,383453,70.84153747558594,3.9419689178466797
E7.5-R3,E9.5-R1,46,1468,383453,72.41853332519531,3.549736976623535
E7.5-R3,E9.5-R1,47,1468,383453,67.43150329589844,3.586130142211914
E7.5-R3,E9.5-R1,48,1468,383453,66.24388122558594,3.8793163299560547
E7.5-R3,E9.5-R1,49,1468,383453,68.07608032226562,3.463019371032715
E7.5-R3,E9.5-R2,0,1468,350716,75.96478271484375,3.8190317153930664
E7.5-R3,E9.5-R2,1,1468,350716,76.06346130371094,3.7953948974609375
E7.5-R3,E9.5-R2,2,1468,350716,74.24488830566406,3.6954879760742188
E7.5-R3,E9.5-R2,3,1468,350716,69.74095916748047,3.712466239929199
E7.5-R3,E9.5-R2,4,1468,350716,72.29811096191406,4.081433296203613
E7.5-R3,E9.5-R2,5,1468,350716,73.30741882324219,3.484890937805176
E7.5-R3,E9.5-R2,6,1468,350716,68.09933471679688,3.829792022705078
E7.5-R3,E9.5-R2,7,1468,350716,72.85882568359375,3.5612058639526367
E7.5-R3,E9.5-R2,8,1468,350716,68.50694274902344,3.4482460021972656
E7.5-R3,E9.5-R2,9,1468,350716,68.42593383789062,4.050361633300781
E7.5-R3,E9.5-R2,10,1468,350716,72.44209289550781,3.7786693572998047
E7.5-R3,E9.5-R2,11,1468,350716,81.40084075927734,4.003508567810059
E7.5-R3,E9.5-R2,12,1468,350716,69.54418182373047,3.8237171173095703
E7.5-R3,E9.5-R2,13,1468,350716,74.16560363769531,3.641143798828125
E7.5-R3,E9.5-R2,14,1468,350716,75.58576202392578,3.750657081604004
E7.5-R3,E9.5-R2,15,1468,350716,70.19358825683594,3.761153221130371
E7.5-R3,E9.5-R2,16,1468,350716,74.88580322265625,3.678539276123047
E7.5-R3,E9.5-R2,17,1468,350716,70.21078491210938,3.9143905639648438
E7.5-R3,E9.5-R2,18,1468,350716,70.0130615234375,3.7120723724365234
E7.5-R3,E9.5-R2,19,1468,350716,77.82599639892578,3.8175411224365234
E7.5-R3,E9.5-R2,20,1468,350716,70.92042541503906,3.757443428039551
E7.5-R3,E9.5-R2,21,1468,350716,73.00332641601562,3.9157543182373047
E7.5-R3,E9.5-R2,22,1468,350716,69.83355712890625,3.817000389099121
E7.5-R3,E9.5-R2,23,1468,350716,68.80142974853516,3.589975357055664
E7.5-R3,E9.5-R2,24,1468,350716,68.76365661621094,3.563572883605957
E7.5-R3,E9.5-R2,25,1468,350716,76.2490005493164,3.820328712463379
E7.5-R3,E9.5-R2,26,1468,350716,68.86858367919922,3.6970291137695312
E7.5-R3,E9.5-R2,27,1468,350716,72.92694091796875,3.5756759643554688
E7.5-R3,E9.5-R2,28,1468,350716,71.41590881347656,4.089780807495117
E7.5-R3,E9.5-R2,29,1468,350716,70.8084716796875,3.931337356567383
E7.5-R3,E9.5-R2,30,1468,350716,71.07920837402344,3.6046314239501953
E7.5-R3,E9.5-R2,31,1468,350716,74.7033920288086,3.661531448364258
E7.5-R3,E9.5-R2,32,1468,350716,70.99413299560547,3.8878650665283203
E7.5-R3,E9.5-R2,33,1468,350716,72.021728515625,3.821763038635254
E7.5-R3,E9.5-R2,34,1468,350716,70.5540542602539,3.9379310607910156
E7.5-R3,E9.5-R2,35,1468,350716,67.58856964111328,3.5726757049560547
E7.5-R3,E9.5-R2,36,1468,350716,70.91023254394531,3.8321380615234375
E7.5-R3,E9.5-R2,37,1468,350716,71.02462768554688,3.8744659423828125
E7.5-R3,E9.5-R2,38,1468,350716,73.3460693359375,3.8291940689086914
E7.5-R3,E9.5-R2,39,1468,350716,72.02066040039062,3.5761938095092773
E7.5-R3,E9.5-R2,40,1468,350716,70.28201293945312,3.85086727142334
E7.5-R3,E9.5-R2,41,1468,350716,71.33988189697266,3.4461259841918945
E7.5-R3,E9.5-R2,42,1468,350716,76.32266998291016,3.685211181640625
E7.5-R3,E9.5-R2,43,1468,350716,67.041259765625,3.670938491821289
E7.5-R3,E9.5-R2,44,1468,350716,70.82294464111328,3.546842575073242
E7.5-R3,E9.5-R2,45,1468,350716,69.21672058105469,4.101140022277832
E7.5-R3,E9.5-R2,46,1468,350716,71.57485961914062,3.870908737182617
E7.5-R3,E9.5-R2,47,1468,350716,71.07505798339844,4.008729934692383
E7.5-R3,E9.5-R2,48,1468,350716,72.57270812988281,3.717233657836914
E7.5-R3,E9.5-R2,49,1468,350716,71.53910827636719,3.7013778686523438
E7.5-R3,E9.5-R3,0,1468,342873,69.27920532226562,4.184528350830078
E7.5-R3,E9.5-R3,1,1468,342873,69.66181945800781,3.739187240600586
E7.5-R3,E9.5-R3,2,1468,342873,70.14512634277344,3.89571475982666
E7.5-R3,E9.5-R3,3,1468,342873,65.56918334960938,3.594590187072754
E7.5-R3,E9.5-R3,4,1468,342873,70.24026489257812,3.837100028991699
E7.5-R3,E9.5-R3,5,1468,342873,68.82786560058594,3.6844139099121094
E7.5-R3,E9.5-R3,6,1468,342873,69.63200378417969,3.915790557861328
E7.5-R3,E9.5-R3,7,1468,342873,71.86483764648438,3.765265464782715
E7.5-R3,E9.5-R3,8,1468,342873,72.24036407470703,3.6567888259887695
E7.5-R3,E9.5-R3,9,1468,342873,76.89122009277344,3.69150447845459
E7.5-R3,E9.5-R3,10,1468,342873,69.34031677246094,4.056118011474609
E7.5-R3,E9.5-R3,11,1468,342873,70.74832153320312,4.178349494934082
E7.5-R3,E9.5-R3,12,1468,342873,69.78265380859375,3.6066226959228516
E7.5-R3,E9.5-R3,13,1468,342873,69.21846771240234,3.769651412963867
E7.5-R3,E9.5-R3,14,1468,342873,71.01097106933594,3.977649688720703
E7.5-R3,E9.5-R3,15,1468,342873,68.67314147949219,3.481020927429199
E7.5-R3,E9.5-R3,16,1468,342873,67.95733642578125,3.759690284729004
E7.5-R3,E9.5-R3,17,1468,342873,69.61028289794922,3.5832386016845703
E7.5-R3,E9.5-R3,18,1468,342873,72.7408218383789,4.210661888122559
E7.5-R3,E9.5-R3,19,1468,342873,72.17153930664062,4.005426406860352
E7.5-R3,E9.5-R3,20,1468,342873,70.00822448730469,3.572298049926758
E7.5-R3,E9.5-R3,21,1468,342873,64.94446563720703,3.6213817596435547
E7.5-R3,E9.5-R3,22,1468,342873,68.88116455078125,3.811748504638672
E7.5-R3,E9.5-R3,23,1468,342873,72.79781341552734,4.010166168212891
E7.5-R3,E9.5-R3,24,1468,342873,71.03977966308594,4.104227066040039
E7.5-R3,E9.5-R3,25,1468,342873,65.80119323730469,3.5631561279296875
E7.5-R3,E9.5-R3,26,1468,342873,69.93772888183594,4.107155799865723
E7.5-R3,E9.5-R3,27,1468,342873,70.47970581054688,3.845046043395996
E7.5-R3,E9.5-R3,28,1468,342873,68.38859558105469,3.828268051147461
E7.5-R3,E9.5-R3,29,1468,342873,68.08255004882812,4.102513313293457
E7.5-R3,E9.5-R3,30,1468,342873,68.66072082519531,3.7777156829833984
E7.5-R3,E9.5-R3,31,1468,342873,74.4710464477539,3.71518611907959
E7.5-R3,E9.5-R3,32,1468,342873,68.42402648925781,3.7893896102905273
E7.5-R3,E9.5-R3,33,1468,342873,72.62818908691406,3.6950578689575195
E7.5-R3,E9.5-R3,34,1468,342873,71.45890808105469,3.686281204223633
E7.5-R3,E9.5-R3,35,1468,342873,71.80653381347656,3.6580810546875
E7.5-R3,E9.5-R3,36,1468,342873,70.03410339355469,3.9036359786987305
E7.5-R3,E9.5-R3,37,1468,342873,78.64762878417969,3.721118927001953
E7.5-R3,E9.5-R3,38,1468,342873,69.93447875976562,3.6630239486694336
E7.5-R3,E9.5-R3,39,1468,342873,72.78215026855469,3.48935604095459
E7.5-R3,E9.5-R3,40,1468,342873,79.14614868164062,3.829906463623047
E7.5-R3,E9.5-R3,41,1468,342873,69.26814270019531,4.0637922286987305
E7.5-R3,E9.5-R3,42,1468,342873,68.04448699951172,3.654895782470703
E7.5-R3,E9.5-R3,43,1468,342873,68.32796478271484,3.8855695724487305
E7.5-R3,E9.5-R3,44,1468,342873,70.59999084472656,3.7482452392578125
E7.5-R3,E9.5-R3,45,1468,342873,74.49382019042969,3.830902099609375
E7.5-R3,E9.5-R3,46,1468,342873,67.65296173095703,3.7269392013549805
E7.5-R3,E9.5-R3,47,1468,342873,66.75411987304688,3.802448272705078
E7.5-R3,E9.5-R3,48,1468,342873,68.91838073730469,3.5141944885253906
E7.5-R3,E9.5-R3,49,1468,342873,72.6334457397461,3.8343420028686523
E7.5-R3,E10.0-R1,0,1468,347550,73.89411163330078,3.556210517883301
E7.5-R3,E10.0-R1,1,1468,347550,81.0592269897461,4.118814468383789
E7.5-R3,E10.0-R1,2,1468,347550,74.37503814697266,3.8046483993530273
E7.5-R3,E10.0-R1,3,1468,347550,72.46566772460938,3.7127742767333984
E7.5-R3,E10.0-R1,4,1468,347550,73.29786682128906,4.013514518737793
E7.5-R3,E10.0-R1,5,1468,347550,76.05247497558594,3.755931854248047
E7.5-R3,E10.0-R1,6,1468,347550,72.15284729003906,3.729519844055176
E7.5-R3,E10.0-R1,7,1468,347550,74.77662658691406,3.940802574157715
E7.5-R3,E10.0-R1,8,1468,347550,76.21363067626953,4.292818069458008
E7.5-R3,E10.0-R1,9,1468,347550,73.88839721679688,3.463899612426758
E7.5-R3,E10.0-R1,10,1468,347550,75.03474426269531,3.8886966705322266
E7.5-R3,E10.0-R1,11,1468,347550,77.50508117675781,4.127224922180176
E7.5-R3,E10.0-R1,12,1468,347550,75.35729217529297,3.8462724685668945
E7.5-R3,E10.0-R1,13,1468,347550,74.68833923339844,3.8854026794433594
E7.5-R3,E10.0-R1,14,1468,347550,76.73423767089844,3.524534225463867
E7.5-R3,E10.0-R1,15,1468,347550,74.86274719238281,3.899237632751465
E7.5-R3,E10.0-R1,16,1468,347550,72.4631118774414,4.006313323974609
E7.5-R3,E10.0-R1,17,1468,347550,73.60415649414062,3.533327102661133
E7.5-R3,E10.0-R1,18,1468,347550,76.50161743164062,4.053130149841309
E7.5-R3,E10.0-R1,19,1468,347550,75.12211608886719,4.032868385314941
E7.5-R3,E10.0-R1,20,1468,347550,73.20077514648438,3.6854372024536133
E7.5-R3,E10.0-R1,21,1468,347550,79.17646026611328,3.8603343963623047
E7.5-R3,E10.0-R1,22,1468,347550,78.36412048339844,3.7109146118164062
E7.5-R3,E10.0-R1,23,1468,347550,75.6598892211914,4.150879859924316
E7.5-R3,E10.0-R1,24,1468,347550,76.81301879882812,3.891437530517578
E7.5-R3,E10.0-R1,25,1468,347550,75.65828704833984,3.941497802734375
E7.5-R3,E10.0-R1,26,1468,347550,73.77897644042969,3.7723445892333984
E7.5-R3,E10.0-R1,27,1468,347550,73.48725891113281,3.9343385696411133
E7.5-R3,E10.0-R1,28,1468,347550,74.52801513671875,4.08039665222168
E7.5-R3,E10.0-R1,29,1468,347550,77.19364929199219,3.9828624725341797
E7.5-R3,E10.0-R1,30,1468,347550,73.79588317871094,3.854015350341797
E7.5-R3,E10.0-R1,31,1468,347550,75.79564666748047,4.122262954711914
E7.5-R3,E10.0-R1,32,1468,347550,71.2889404296875,3.675518035888672
E7.5-R3,E10.0-R1,33,1468,347550,75.82374572753906,3.4675397872924805
E7.5-R3,E10.0-R1,34,1468,347550,74.80830383300781,3.5277090072631836
E7.5-R3,E10.0-R1,35,1468,347550,78.1700439453125,3.8067846298217773
E7.5-R3,E10.0-R1,36,1468,347550,73.3620834350586,3.6627674102783203
E7.5-R3,E10.0-R1,37,1468,347550,76.07874298095703,3.5613937377929688
E7.5-R3,E10.0-R1,38,1468,347550,77.6370849609375,3.7116613388061523
E7.5-R3,E10.0-R1,39,1468,347550,73.40827178955078,3.6950225830078125
E7.5-R3,E10.0-R1,40,1468,347550,74.99725341796875,3.636622428894043
E7.5-R3,E10.0-R1,41,1468,347550,71.93907165527344,3.7357568740844727
E7.5-R3,E10.0-R1,42,1468,347550,78.32263946533203,3.679166793823242
E7.5-R3,E10.0-R1,43,1468,347550,75.79135131835938,4.043883323669434
E7.5-R3,E10.0-R1,44,1468,347550,73.03309631347656,4.148462295532227
E7.5-R3,E10.0-R1,45,1468,347550,76.01777648925781,3.7596731185913086
E7.5-R3,E10.0-R1,46,1468,347550,72.4476318359375,3.792156219482422
E7.5-R3,E10.0-R1,47,1468,347550,78.18292999267578,3.815296173095703
E7.5-R3,E10.0-R1,48,1468,347550,74.287353515625,3.668778419494629
E7.5-R3,E10.0-R1,49,1468,347550,76.24028015136719,3.9987783432006836
E8.0-R1,E8.0-R2,0,4498,10681,23.35272979736328,0.5544919967651367
E8.0-R1,E8.0-R2,1,4498,10681,23.935705184936523,0.6655368804931641
E8.0-R1,E8.0-R2,2,4498,10681,23.702892303466797,0.5096454620361328
E8.0-R1,E8.0-R2,3,4498,10681,22.583898544311523,0.5421895980834961
E8.0-R1,E8.0-R2,4,4498,10681,24.31702423095703,0.5684375762939453
E8.0-R1,E8.0-R2,5,4498,10681,22.774770736694336,0.6123580932617188
E8.0-R1,E8.0-R2,6,4498,10681,22.705493927001953,0.5338649749755859
E8.0-R1,E8.0-R2,7,4498,10681,24.532390594482422,0.6523323059082031
E8.0-R1,E8.0-R2,8,4498,10681,23.770809173583984,0.5187606811523438
E8.0-R1,E8.0-R2,9,4498,10681,23.754928588867188,0.6283893585205078
E8.0-R1,E8.0-R2,10,4498,10681,23.889062881469727,0.5816049575805664
E8.0-R1,E8.0-R2,11,4498,10681,24.43613052368164,0.6090631484985352
E8.0-R1,E8.0-R2,12,4498,10681,22.633514404296875,0.5821552276611328
E8.0-R1,E8.0-R2,13,4498,10681,25.851818084716797,0.5924825668334961
E8.0-R1,E8.0-R2,14,4498,10681,25.712339401245117,0.640106201171875
E8.0-R1,E8.0-R2,15,4498,10681,25.369657516479492,0.6519041061401367
E8.0-R1,E8.0-R2,16,4498,10681,24.314964294433594,0.6229133605957031
E8.0-R1,E8.0-R2,17,4498,10681,24.172161102294922,0.6044244766235352
E8.0-R1,E8.0-R2,18,4498,10681,22.98166275024414,0.5522441864013672
E8.0-R1,E8.0-R2,19,4498,10681,22.906147003173828,0.5546550750732422
E8.0-R1,E8.0-R2,20,4498,10681,22.718997955322266,0.5389995574951172
E8.0-R1,E8.0-R2,21,4498,10681,23.09967803955078,0.5572052001953125
E8.0-R1,E8.0-R2,22,4498,10681,24.716127395629883,0.6476335525512695
E8.0-R1,E8.0-R2,23,4498,10681,24.9056396484375,0.5479278564453125
E8.0-R1,E8.0-R2,24,4498,10681,24.849992752075195,0.6731538772583008
E8.0-R1,E8.0-R2,25,4498,10681,23.41421890258789,0.5883855819702148
E8.0-R1,E8.0-R2,26,4498,10681,23.326141357421875,0.6985158920288086
E8.0-R1,E8.0-R2,27,4498,10681,23.568668365478516,0.6134185791015625
E8.0-R1,E8.0-R2,28,4498,10681,23.66470718383789,0.5643587112426758
E8.0-R1,E8.0-R2,29,4498,10681,23.188335418701172,0.5700511932373047
E8.0-R1,E8.0-R2,30,4498,10681,25.313777923583984,0.5367088317871094
E8.0-R1,E8.0-R2,31,4498,10681,23.319496154785156,0.5250186920166016
E8.0-R1,E8.0-R2,32,4498,10681,23.25010108947754,0.5669279098510742
E8.0-R1,E8.0-R2,33,4498,10681,22.605609893798828,0.552032470703125
E8.0-R1,E8.0-R2,34,4498,10681,23.055862426757812,0.5627374649047852
E8.0-R1,E8.0-R2,35,4498,10681,21.576778411865234,0.4515256881713867
E8.0-R1,E8.0-R2,36,4498,10681,23.003820419311523,0.6083545684814453
E8.0-R1,E8.0-R2,37,4498,10681,25.15267562866211,0.5952053070068359
E8.0-R1,E8.0-R2,38,4498,10681,23.97391128540039,0.5644350051879883
E8.0-R1,E8.0-R2,39,4498,10681,22.743240356445312,0.5932607650756836
E8.0-R1,E8.0-R2,40,4498,10681,24.493396759033203,0.5755147933959961
E8.0-R1,E8.0-R2,41,4498,10681,23.520174026489258,0.5063438415527344
E8.0-R1,E8.0-R2,42,4498,10681,22.753597259521484,0.559326171875
E8.0-R1,E8.0-R2,43,4498,10681,24.753101348876953,0.5873908996582031
E8.0-R1,E8.0-R2,44,4498,10681,23.586097717285156,0.5148649215698242
E8.0-R1,E8.0-R2,45,4498,10681,23.209739685058594,0.5644445419311523
E8.0-R1,E8.0-R2,46,4498,10681,24.001220703125,0.5054359436035156
E8.0-R1,E8.0-R2,47,4498,10681,23.559974670410156,0.5698280334472656
E8.0-R1,E8.0-R2,48,4498,10681,24.34549331665039,0.6407365798950195
E8.0-R1,E8.0-R2,49,4498,10681,22.647037506103516,0.479339599609375
E8.0-R1,E8.0-R3,0,4498,6763,21.992938995361328,0.4275951385498047
E8.0-R1,E8.0-R3,1,4498,6763,17.875911712646484,0.3408937454223633
E8.0-R1,E8.0-R3,2,4498,6763,18.72441864013672,0.3953876495361328
E8.0-R1,E8.0-R3,3,4498,6763,18.49765396118164,0.38960838317871094
E8.0-R1,E8.0-R3,4,4498,6763,18.811981201171875,0.3587150573730469
E8.0-R1,E8.0-R3,5,4498,6763,17.824230194091797,0.3159942626953125
E8.0-R1,E8.0-R3,6,4498,6763,21.122535705566406,0.3863801956176758
E8.0-R1,E8.0-R3,7,4498,6763,18.071304321289062,0.31395721435546875
E8.0-R1,E8.0-R3,8,4498,6763,18.607524871826172,0.4052276611328125
E8.0-R1,E8.0-R3,9,4498,6763,17.907756805419922,0.3351001739501953
E8.0-R1,E8.0-R3,10,4498,6763,18.14148712158203,0.38288211822509766
E8.0-R1,E8.0-R3,11,4498,6763,16.720993041992188,0.2732219696044922
E8.0-R1,E8.0-R3,12,4498,6763,17.250682830810547,0.3113222122192383
E8.0-R1,E8.0-R3,13,4498,6763,19.376296997070312,0.36792850494384766
E8.0-R1,E8.0-R3,14,4498,6763,18.54964828491211,0.3715190887451172
E8.0-R1,E8.0-R3,15,4498,6763,17.39430046081543,0.3194580078125
E8.0-R1,E8.0-R3,16,4498,6763,18.205303192138672,0.37788963317871094
E8.0-R1,E8.0-R3,17,4498,6763,18.031597137451172,0.3413667678833008
E8.0-R1,E8.0-R3,18,4498,6763,18.13629913330078,0.29186248779296875
E8.0-R1,E8.0-R3,19,4498,6763,17.56740379333496,0.26941967010498047
E8.0-R1,E8.0-R3,20,4498,6763,18.932811737060547,0.359222412109375
E8.0-R1,E8.0-R3,21,4498,6763,18.941131591796875,0.34316158294677734
E8.0-R1,E8.0-R3,22,4498,6763,19.174707412719727,0.3822822570800781
E8.0-R1,E8.0-R3,23,4498,6763,17.360998153686523,0.2967844009399414
E8.0-R1,E8.0-R3,24,4498,6763,19.309383392333984,0.3500480651855469
E8.0-R1,E8.0-R3,25,4498,6763,17.539329528808594,0.34223270416259766
E8.0-R1,E8.0-R3,26,4498,6763,17.08769989013672,0.3414011001586914
E8.0-R1,E8.0-R3,27,4498,6763,18.95156478881836,0.4521036148071289
E8.0-R1,E8.0-R3,28,4498,6763,17.136962890625,0.34570789337158203
E8.0-R1,E8.0-R3,29,4498,6763,18.209800720214844,0.33246421813964844
E8.0-R1,E8.0-R3,30,4498,6763,19.485637664794922,0.3663311004638672
E8.0-R1,E8.0-R3,31,4498,6763,18.00897979736328,0.24411869049072266
E8.0-R1,E8.0-R3,32,4498,6763,19.71132469177246,0.3595705032348633
E8.0-R1,E8.0-R3,33,4498,6763,19.314254760742188,0.38913726806640625
E8.0-R1,E8.0-R3,34,4498,6763,18.568021774291992,0.3586874008178711
E8.0-R1,E8.0-R3,35,4498,6763,19.870079040527344,0.3439769744873047
E8.0-R1,E8.0-R3,36,4498,6763,17.190807342529297,0.29093265533447266
E8.0-R1,E8.0-R3,37,4498,6763,19.837459564208984,0.36930179595947266
E8.0-R1,E8.0-R3,38,4498,6763,18.860538482666016,0.36260223388671875
E8.0-R1,E8.0-R3,39,4498,6763,17.33618927001953,0.3441133499145508
E8.0-R1,E8.0-R3,40,4498,6763,16.9558048248291,0.32286930084228516
E8.0-R1,E8.0-R3,41,4498,6763,19.047786712646484,0.34833335876464844
E8.0-R1,E8.0-R3,42,4498,6763,17.463773727416992,0.3423881530761719
E8.0-R1,E8.0-R3,43,4498,6763,19.781524658203125,0.40860939025878906
E8.0-R1,E8.0-R3,44,4498,6763,19.38265609741211,0.3822898864746094
E8.0-R1,E8.0-R3,45,4498,6763,18.37284278869629,0.3244800567626953
E8.0-R1,E8.0-R3,46,4498,6763,18.024885177612305,0.30747032165527344
E8.0-R1,E8.0-R3,47,4498,6763,16.853050231933594,0.30112552642822266
E8.0-R1,E8.0-R3,48,4498,6763,17.680185317993164,0.33831310272216797
E8.0-R1,E8.0-R3,49,4498,6763,18.91460418701172,0.37140560150146484
E8.0-R1,E8.5-R1,0,4498,23435,36.0604362487793,1.3289403915405273
E8.0-R1,E8.5-R1,1,4498,23435,35.331390380859375,1.1538667678833008
E8.0-R1,E8.5-R1,2,4498,23435,37.222496032714844,1.4738330841064453
E8.0-R1,E8.5-R1,3,4498,23435,36.116180419921875,1.2414922714233398
E8.0-R1,E8.5-R1,4,4498,23435,36.23687744140625,1.2477121353149414
E8.0-R1,E8.5-R1,5,4498,23435,35.21169662475586,1.3074769973754883
E8.0-R1,E8.5-R1,6,4498,23435,36.283164978027344,1.3951654434204102
E8.0-R1,E8.5-R1,7,4498,23435,36.52465057373047,1.3442153930664062
E8.0-R1,E8.5-R1,8,4498,23435,36.624549865722656,1.3420524597167969
E8.0-R1,E8.5-R1,9,4498,23435,37.422000885009766,1.2973155975341797
E8.0-R1,E8.5-R1,10,4498,23435,37.787471771240234,1.351365089416504
E8.0-R1,E8.5-R1,11,4498,23435,35.07298278808594,1.3088874816894531
E8.0-R1,E8.5-R1,12,4498,23435,37.334373474121094,1.3979148864746094
E8.0-R1,E8.5-R1,13,4498,23435,37.436824798583984,1.1703052520751953
E8.0-R1,E8.5-R1,14,4498,23435,35.81719207763672,1.424825668334961
E8.0-R1,E8.5-R1,15,4498,23435,37.08313751220703,1.4267921447753906
E8.0-R1,E8.5-R1,16,4498,23435,36.36333465576172,1.2725591659545898
E8.0-R1,E8.5-R1,17,4498,23435,36.99738311767578,1.3419389724731445
E8.0-R1,E8.5-R1,18,4498,23435,36.455665588378906,1.329751968383789
E8.0-R1,E8.5-R1,19,4498,23435,37.117340087890625,1.3907995223999023
E8.0-R1,E8.5-R1,20,4498,23435,37.60978698730469,1.4081134796142578
E8.0-R1,E8.5-R1,21,4498,23435,37.34648132324219,1.2933845520019531
E8.0-R1,E8.5-R1,22,4498,23435,34.703365325927734,1.3825950622558594
E8.0-R1,E8.5-R1,23,4498,23435,37.592864990234375,1.4362812042236328
E8.0-R1,E8.5-R1,24,4498,23435,35.26028060913086,1.3527212142944336
E8.0-R1,E8.5-R1,25,4498,23435,37.94475173950195,1.4547786712646484
E8.0-R1,E8.5-R1,26,4498,23435,37.63530731201172,1.412881851196289
E8.0-R1,E8.5-R1,27,4498,23435,36.96295928955078,1.2746171951293945
E8.0-R1,E8.5-R1,28,4498,23435,35.84712219238281,1.3012657165527344
E8.0-R1,E8.5-R1,29,4498,23435,37.42650604248047,1.4236993789672852
E8.0-R1,E8.5-R1,30,4498,23435,37.826499938964844,1.4385929107666016
E8.0-R1,E8.5-R1,31,4498,23435,38.45112609863281,1.455087661743164
E8.0-R1,E8.5-R1,32,4498,23435,36.83262634277344,1.2595109939575195
E8.0-R1,E8.5-R1,33,4498,23435,36.58525466918945,1.3624277114868164
E8.0-R1,E8.5-R1,34,4498,23435,36.498130798339844,1.473872184753418
E8.0-R1,E8.5-R1,35,4498,23435,37.385398864746094,1.2854690551757812
E8.0-R1,E8.5-R1,36,4498,23435,38.43826675415039,1.3125133514404297
E8.0-R1,E8.5-R1,37,4498,23435,35.81242752075195,1.1877765655517578
E8.0-R1,E8.5-R1,38,4498,23435,38.152587890625,1.4222965240478516
E8.0-R1,E8.5-R1,39,4498,23435,35.97950744628906,1.249587059020996
E8.0-R1,E8.5-R1,40,4498,23435,34.425254821777344,1.219740867614746
E8.0-R1,E8.5-R1,41,4498,23435,35.270660400390625,1.2460384368896484
E8.0-R1,E8.5-R1,42,4498,23435,37.76408767700195,1.3033676147460938
E8.0-R1,E8.5-R1,43,4498,23435,35.429443359375,1.3389205932617188
E8.0-R1,E8.5-R1,44,4498,23435,36.02923583984375,1.2932300567626953
E8.0-R1,E8.5-R1,45,4498,23435,35.65403747558594,1.3419742584228516
E8.0-R1,E8.5-R1,46,4498,23435,36.26049041748047,1.2996711730957031
E8.0-R1,E8.5-R1,47,4498,23435,38.8505859375,1.5275259017944336
E8.0-R1,E8.5-R1,48,4498,23435,34.76784896850586,1.303274154663086
E8.0-R1,E8.5-R1,49,4498,23435,37.19942855834961,1.391921043395996
E8.0-R1,E8.5-R2,0,4498,38216,37.89970397949219,1.4774599075317383
E8.0-R1,E8.5-R2,1,4498,38216,36.66690444946289,1.232192039489746
E8.0-R1,E8.5-R2,2,4498,38216,38.657615661621094,1.4029455184936523
E8.0-R1,E8.5-R2,3,4498,38216,35.730743408203125,1.3403148651123047
E8.0-R1,E8.5-R2,4,4498,38216,36.99618148803711,1.3584470748901367
E8.0-R1,E8.5-R2,5,4498,38216,39.173545837402344,1.3010997772216797
E8.0-R1,E8.5-R2,6,4498,38216,36.01464080810547,1.288813591003418
E8.0-R1,E8.5-R2,7,4498,38216,38.139801025390625,1.3149089813232422
E8.0-R1,E8.5-R2,8,4498,38216,36.876068115234375,1.3471879959106445
E8.0-R1,E8.5-R2,9,4498,38216,37.10183334350586,1.3937921524047852
E8.0-R1,E8.5-R2,10,4498,38216,38.577491760253906,1.3711023330688477
E8.0-R1,E8.5-R2,11,4498,38216,38.94975280761719,1.427229881286621
E8.0-R1,E8.5-R2,12,4498,38216,36.764434814453125,1.4232721328735352
E8.0-R1,E8.5-R2,13,4498,38216,37.59696960449219,1.2738780975341797
E8.0-R1,E8.5-R2,14,4498,38216,36.87966537475586,1.3263301849365234
E8.0-R1,E8.5-R2,15,4498,38216,38.036251068115234,1.365757942199707
E8.0-R1,E8.5-R2,16,4498,38216,39.473854064941406,1.6370906829833984
E8.0-R1,E8.5-R2,17,4498,38216,38.65093994140625,1.3688678741455078
E8.0-R1,E8.5-R2,18,4498,38216,36.82358169555664,1.3546819686889648
E8.0-R1,E8.5-R2,19,4498,38216,36.977195739746094,1.4014415740966797
E8.0-R1,E8.5-R2,20,4498,38216,37.98711395263672,1.3615846633911133
E8.0-R1,E8.5-R2,21,4498,38216,35.297401428222656,1.10162353515625
E8.0-R1,E8.5-R2,22,4498,38216,39.330970764160156,1.3902158737182617
E8.0-R1,E8.5-R2,23,4498,38216,38.75981140136719,1.441666603088379
E8.0-R1,E8.5-R2,24,4498,38216,38.142513275146484,1.3560819625854492
E8.0-R1,E8.5-R2,25,4498,38216,37.77934646606445,1.4461050033569336
E8.0-R1,E8.5-R2,26,4498,38216,36.238182067871094,1.3138704299926758
E8.0-R1,E8.5-R2,27,4498,38216,36.44891357421875,1.3396148681640625
E8.0-R1,E8.5-R2,28,4498,38216,36.373085021972656,1.337601661682129
E8.0-R1,E8.5-R2,29,4498,38216,37.458824157714844,1.3349523544311523
E8.0-R1,E8.5-R2,30,4498,38216,35.85317611694336,1.2761077880859375
E8.0-R1,E8.5-R2,31,4498,38216,37.64405059814453,1.2513713836669922
E8.0-R1,E8.5-R2,32,4498,38216,37.89360809326172,1.3972816467285156
E8.0-R1,E8.5-R2,33,4498,38216,36.09754943847656,1.3183975219726562
E8.0-R1,E8.5-R2,34,4498,38216,36.55605697631836,1.3744850158691406
E8.0-R1,E8.5-R2,35,4498,38216,39.791748046875,1.4499750137329102
E8.0-R1,E8.5-R2,36,4498,38216,36.61183166503906,1.260584831237793
E8.0-R1,E8.5-R2,37,4498,38216,38.86454772949219,1.482461929321289
E8.0-R1,E8.5-R2,38,4498,38216,38.325111389160156,1.4571456909179688
E8.0-R1,E8.5-R2,39,4498,38216,37.616207122802734,1.3234062194824219
E8.0-R1,E8.5-R2,40,4498,38216,39.179359436035156,1.5535898208618164
E8.0-R1,E8.5-R2,41,4498,38216,36.1160888671875,1.29815673828125
E8.0-R1,E8.5-R2,42,4498,38216,38.06037139892578,1.480586051940918
E8.0-R1,E8.5-R2,43,4498,38216,40.112247467041016,1.4480876922607422
E8.0-R1,E8.5-R2,44,4498,38216,38.04215621948242,1.3973617553710938
E8.0-R1,E8.5-R2,45,4498,38216,35.97563171386719,1.2122917175292969
E8.0-R1,E8.5-R2,46,4498,38216,36.70465087890625,1.4025163650512695
E8.0-R1,E8.5-R2,47,4498,38216,38.43598556518555,1.288926124572754
E8.0-R1,E8.5-R2,48,4498,38216,36.180450439453125,1.3194284439086914
E8.0-R1,E8.5-R2,49,4498,38216,36.39799880981445,1.4355134963989258
E8.0-R1,E8.5-R3,0,4498,27743,35.05828857421875,1.3403358459472656
E8.0-R1,E8.5-R3,1,4498,27743,35.3606071472168,1.2898530960083008
E8.0-R1,E8.5-R3,2,4498,27743,36.244956970214844,1.3510065078735352
E8.0-R1,E8.5-R3,3,4498,27743,36.17002487182617,1.274942398071289
E8.0-R1,E8.5-R3,4,4498,27743,34.39226531982422,1.115187644958496
E8.0-R1,E8.5-R3,5,4498,27743,36.322452545166016,1.3333864212036133
E8.0-R1,E8.5-R3,6,4498,27743,35.68645477294922,1.397618293762207
E8.0-R1,E8.5-R3,7,4498,27743,34.737728118896484,1.2146100997924805
E8.0-R1,E8.5-R3,8,4498,27743,35.829017639160156,1.2498083114624023
E8.0-R1,E8.5-R3,9,4498,27743,33.16017532348633,1.279886245727539
E8.0-R1,E8.5-R3,10,4498,27743,34.74288558959961,1.3132266998291016
E8.0-R1,E8.5-R3,11,4498,27743,34.79669952392578,1.2457761764526367
E8.0-R1,E8.5-R3,12,4498,27743,35.335296630859375,1.1916418075561523
E8.0-R1,E8.5-R3,13,4498,27743,34.83949279785156,1.2418994903564453
E8.0-R1,E8.5-R3,14,4498,27743,32.34107208251953,1.175440788269043
E8.0-R1,E8.5-R3,15,4498,27743,34.781768798828125,1.210057258605957
E8.0-R1,E8.5-R3,16,4498,27743,36.464744567871094,1.3297300338745117
E8.0-R1,E8.5-R3,17,4498,27743,35.282310485839844,1.111668586730957
E8.0-R1,E8.5-R3,18,4498,27743,36.81151580810547,1.3697223663330078
E8.0-R1,E8.5-R3,19,4498,27743,35.516014099121094,1.3471345901489258
E8.0-R1,E8.5-R3,20,4498,27743,34.75657272338867,1.3026905059814453
E8.0-R1,E8.5-R3,21,4498,27743,35.98853302001953,1.2869186401367188
E8.0-R1,E8.5-R3,22,4498,27743,37.80876922607422,1.274026870727539
E8.0-R1,E8.5-R3,23,4498,27743,35.43684387207031,1.354323387145996
E8.0-R1,E8.5-R3,24,4498,27743,34.92752456665039,1.3303728103637695
E8.0-R1,E8.5-R3,25,4498,27743,35.170318603515625,1.2951974868774414
E8.0-R1,E8.5-R3,26,4498,27743,33.516517639160156,1.1768617630004883
E8.0-R1,E8.5-R3,27,4498,27743,34.87195587158203,1.347031593322754
E8.0-R1,E8.5-R3,28,4498,27743,34.599830627441406,1.1982908248901367
E8.0-R1,E8.5-R3,29,4498,27743,33.628761291503906,1.2724294662475586
E8.0-R1,E8.5-R3,30,4498,27743,35.2963752746582,1.2944002151489258
E8.0-R1,E8.5-R3,31,4498,27743,35.66728973388672,1.3306140899658203
E8.0-R1,E8.5-R3,32,4498,27743,35.73637008666992,1.2638912200927734
E8.0-R1,E8.5-R3,33,4498,27743,34.134620666503906,1.2636795043945312
E8.0-R1,E8.5-R3,34,4498,27743,35.13145446777344,1.362264633178711
E8.0-R1,E8.5-R3,35,4498,27743,35.813018798828125,1.300058364868164
E8.0-R1,E8.5-R3,36,4498,27743,35.85581970214844,1.3799915313720703
E8.0-R1,E8.5-R3,37,4498,27743,34.613948822021484,1.207223892211914
E8.0-R1,E8.5-R3,38,4498,27743,36.761871337890625,1.2530097961425781
E8.0-R1,E8.5-R3,39,4498,27743,35.93414306640625,1.2745132446289062
E8.0-R1,E8.5-R3,40,4498,27743,34.153961181640625,1.2509803771972656
E8.0-R1,E8.5-R3,41,4498,27743,35.479671478271484,1.2217254638671875
E8.0-R1,E8.5-R3,42,4498,27743,34.33299255371094,1.2737712860107422
E8.0-R1,E8.5-R3,43,4498,27743,36.63573455810547,1.3247804641723633
E8.0-R1,E8.5-R3,44,4498,27743,35.176231384277344,1.2118072509765625
E8.0-R1,E8.5-R3,45,4498,27743,34.98027038574219,1.209024429321289
E8.0-R1,E8.5-R3,46,4498,27743,33.460391998291016,1.2515926361083984
E8.0-R1,E8.5-R3,47,4498,27743,34.5046272277832,1.2756271362304688
E8.0-R1,E8.5-R3,48,4498,27743,34.83739471435547,1.2657585144042969
E8.0-R1,E8.5-R3,49,4498,27743,35.66832733154297,1.321995735168457
E8.0-R1,E9.0-R1,0,4498,92063,42.15409851074219,1.6101446151733398
E8.0-R1,E9.0-R1,1,4498,92063,43.410343170166016,1.671299934387207
E8.0-R1,E9.0-R1,2,4498,92063,42.48845672607422,1.6005163192749023
E8.0-R1,E9.0-R1,3,4498,92063,42.66374588012695,1.6974430084228516
E8.0-R1,E9.0-R1,4,4498,92063,42.578895568847656,1.6204843521118164
E8.0-R1,E9.0-R1,5,4498,92063,41.515960693359375,1.6379642486572266
E8.0-R1,E9.0-R1,6,4498,92063,39.7053337097168,1.6083011627197266
E8.0-R1,E9.0-R1,7,4498,92063,42.05348587036133,1.59796142578125
E8.0-R1,E9.0-R1,8,4498,92063,43.406532287597656,1.6726808547973633
E8.0-R1,E9.0-R1,9,4498,92063,41.22914123535156,1.5992107391357422
E8.0-R1,E9.0-R1,10,4498,92063,41.8861083984375,1.740736961364746
E8.0-R1,E9.0-R1,11,4498,92063,40.7723388671875,1.5712318420410156
E8.0-R1,E9.0-R1,12,4498,92063,41.22829055786133,1.5662822723388672
E8.0-R1,E9.0-R1,13,4498,92063,42.40780258178711,1.6282310485839844
E8.0-R1,E9.0-R1,14,4498,92063,42.402198791503906,1.633641242980957
E8.0-R1,E9.0-R1,15,4498,92063,40.63362503051758,1.5735225677490234
E8.0-R1,E9.0-R1,16,4498,92063,41.497684478759766,1.717184066772461
E8.0-R1,E9.0-R1,17,4498,92063,41.931488037109375,1.5350017547607422
E8.0-R1,E9.0-R1,18,4498,92063,41.0906982421875,1.6454362869262695
E8.0-R1,E9.0-R1,19,4498,92063,42.451866149902344,1.5170269012451172
E8.0-R1,E9.0-R1,20,4498,92063,41.60757064819336,1.5159006118774414
E8.0-R1,E9.0-R1,21,4498,92063,40.793487548828125,1.6118202209472656
E8.0-R1,E9.0-R1,22,4498,92063,41.26292419433594,1.6250905990600586
E8.0-R1,E9.0-R1,23,4498,92063,41.30558395385742,1.5827083587646484
E8.0-R1,E9.0-R1,24,4498,92063,41.58341979980469,1.5535078048706055
E8.0-R1,E9.0-R1,25,4498,92063,41.27364730834961,1.5885486602783203
E8.0-R1,E9.0-R1,26,4498,92063,40.365379333496094,1.4956598281860352
E8.0-R1,E9.0-R1,27,4498,92063,40.102752685546875,1.500802993774414
E8.0-R1,E9.0-R1,28,4498,92063,41.022438049316406,1.4612436294555664
E8.0-R1,E9.0-R1,29,4498,92063,40.88742446899414,1.5219087600708008
E8.0-R1,E9.0-R1,30,4498,92063,41.662925720214844,1.6148262023925781
E8.0-R1,E9.0-R1,31,4498,92063,40.67826843261719,1.6365785598754883
E8.0-R1,E9.0-R1,32,4498,92063,40.67417526245117,1.6113872528076172
E8.0-R1,E9.0-R1,33,4498,92063,40.63579177856445,1.5098810195922852
E8.0-R1,E9.0-R1,34,4498,92063,42.0277099609375,1.6474390029907227
E8.0-R1,E9.0-R1,35,4498,92063,40.33390808105469,1.64013671875
E8.0-R1,E9.0-R1,36,4498,92063,42.18729782104492,1.5818815231323242
E8.0-R1,E9.0-R1,37,4498,92063,42.00010681152344,1.7812395095825195
E8.0-R1,E9.0-R1,38,4498,92063,42.391204833984375,1.6773395538330078
E8.0-R1,E9.0-R1,39,4498,92063,41.444725036621094,1.700057029724121
E8.0-R1,E9.0-R1,40,4498,92063,40.914344787597656,1.5433416366577148
E8.0-R1,E9.0-R1,41,4498,92063,40.7415657043457,1.5777502059936523
E8.0-R1,E9.0-R1,42,4498,92063,40.64105224609375,1.460519790649414
E8.0-R1,E9.0-R1,43,4498,92063,40.15496826171875,1.6549444198608398
E8.0-R1,E9.0-R1,44,4498,92063,42.032779693603516,1.610198974609375
E8.0-R1,E9.0-R1,45,4498,92063,41.196754455566406,1.631795883178711
E8.0-R1,E9.0-R1,46,4498,92063,41.20448303222656,1.611647605895996
E8.0-R1,E9.0-R1,47,4498,92063,41.90185546875,1.601853370666504
E8.0-R1,E9.0-R1,48,4498,92063,40.949501037597656,1.5327215194702148
E8.0-R1,E9.0-R1,49,4498,92063,42.433624267578125,1.7151069641113281
E8.0-R1,E9.0-R2,0,4498,99878,44.76354217529297,1.7136707305908203
E8.0-R1,E9.0-R2,1,4498,99878,44.7004508972168,1.7313041687011719
E8.0-R1,E9.0-R2,2,4498,99878,45.99653625488281,1.8724212646484375
E8.0-R1,E9.0-R2,3,4498,99878,43.74212646484375,1.6612215042114258
E8.0-R1,E9.0-R2,4,4498,99878,42.219451904296875,1.7368888854980469
E8.0-R1,E9.0-R2,5,4498,99878,43.012786865234375,1.722752571105957
E8.0-R1,E9.0-R2,6,4498,99878,43.48354721069336,1.6981611251831055
E8.0-R1,E9.0-R2,7,4498,99878,45.00520324707031,1.844985008239746
E8.0-R1,E9.0-R2,8,4498,99878,45.78300094604492,1.823674201965332
E8.0-R1,E9.0-R2,9,4498,99878,43.71796798706055,1.8471059799194336
E8.0-R1,E9.0-R2,10,4498,99878,43.46900177001953,1.786198616027832
E8.0-R1,E9.0-R2,11,4498,99878,43.087039947509766,1.720245361328125
E8.0-R1,E9.0-R2,12,4498,99878,43.0654296875,1.752976417541504
E8.0-R1,E9.0-R2,13,4498,99878,42.92460632324219,1.7093133926391602
E8.0-R1,E9.0-R2,14,4498,99878,42.87790298461914,1.8014097213745117
E8.0-R1,E9.0-R2,15,4498,99878,42.141700744628906,1.7726631164550781
E8.0-R1,E9.0-R2,16,4498,99878,43.83647918701172,1.663015365600586
E8.0-R1,E9.0-R2,17,4498,99878,41.95183563232422,1.7520999908447266
E8.0-R1,E9.0-R2,18,4498,99878,44.06324768066406,1.8428840637207031
E8.0-R1,E9.0-R2,19,4498,99878,45.36602783203125,1.935826301574707
E8.0-R1,E9.0-R2,20,4498,99878,42.47658157348633,1.7861804962158203
E8.0-R1,E9.0-R2,21,4498,99878,44.30685043334961,1.7116279602050781
E8.0-R1,E9.0-R2,22,4498,99878,43.33559036254883,1.756913185119629
E8.0-R1,E9.0-R2,23,4498,99878,45.15874481201172,1.7317733764648438
E8.0-R1,E9.0-R2,24,4498,99878,42.574440002441406,1.6372270584106445
E8.0-R1,E9.0-R2,25,4498,99878,44.12570571899414,1.894674301147461
E8.0-R1,E9.0-R2,26,4498,99878,43.26409912109375,1.768533706665039
E8.0-R1,E9.0-R2,27,4498,99878,45.030860900878906,1.8006315231323242
E8.0-R1,E9.0-R2,28,4498,99878,44.040435791015625,1.8001680374145508
E8.0-R1,E9.0-R2,29,4498,99878,42.958717346191406,1.687220573425293
E8.0-R1,E9.0-R2,30,4498,99878,45.98210906982422,1.7907819747924805
E8.0-R1,E9.0-R2,31,4498,99878,40.796958923339844,1.6030759811401367
E8.0-R1,E9.0-R2,32,4498,99878,42.425601959228516,1.719435691833496
E8.0-R1,E9.0-R2,33,4498,99878,47.55168151855469,1.874049186706543
E8.0-R1,E9.0-R2,34,4498,99878,42.95552062988281,1.6747446060180664
E8.0-R1,E9.0-R2,35,4498,99878,43.005043029785156,1.7842636108398438
E8.0-R1,E9.0-R2,36,4498,99878,44.00749588012695,1.8001947402954102
E8.0-R1,E9.0-R2,37,4498,99878,46.4095458984375,1.6403541564941406
E8.0-R1,E9.0-R2,38,4498,99878,44.65204620361328,1.827855110168457
E8.0-R1,E9.0-R2,39,4498,99878,42.553924560546875,1.7658977508544922
E8.0-R1,E9.0-R2,40,4498,99878,42.09440612792969,1.68463134765625
E8.0-R1,E9.0-R2,41,4498,99878,42.79710388183594,1.8703670501708984
E8.0-R1,E9.0-R2,42,4498,99878,43.23802185058594,1.8299903869628906
E8.0-R1,E9.0-R2,43,4498,99878,42.12933349609375,1.78802490234375
E8.0-R1,E9.0-R2,44,4498,99878,42.683990478515625,1.8028078079223633
E8.0-R1,E9.0-R2,45,4498,99878,44.529754638671875,1.862696647644043
E8.0-R1,E9.0-R2,46,4498,99878,43.72397994995117,1.730112075805664
E8.0-R1,E9.0-R2,47,4498,99878,45.74766159057617,1.7193994522094727
E8.0-R1,E9.0-R2,48,4498,99878,43.732452392578125,1.772613525390625
E8.0-R1,E9.0-R2,49,4498,99878,43.6085205078125,1.8627586364746094
E8.0-R1,E9.0-R3,0,4498,62867,37.16176223754883,1.1169586181640625
E8.0-R1,E9.0-R3,1,4498,62867,37.42462158203125,1.3656063079833984
E8.0-R1,E9.0-R3,2,4498,62867,37.76313018798828,1.2648687362670898
E8.0-R1,E9.0-R3,3,4498,62867,35.190147399902344,1.2086601257324219
E8.0-R1,E9.0-R3,4,4498,62867,37.651512145996094,1.3831920623779297
E8.0-R1,E9.0-R3,5,4498,62867,36.804298400878906,1.203561782836914
E8.0-R1,E9.0-R3,6,4498,62867,36.76692199707031,1.2086601257324219
E8.0-R1,E9.0-R3,7,4498,62867,36.76922607421875,1.2325191497802734
E8.0-R1,E9.0-R3,8,4498,62867,38.11304473876953,1.3690004348754883
E8.0-R1,E9.0-R3,9,4498,62867,36.85581588745117,1.2132129669189453
E8.0-R1,E9.0-R3,10,4498,62867,36.27755355834961,1.1592092514038086
E8.0-R1,E9.0-R3,11,4498,62867,39.063148498535156,1.290144920349121
E8.0-R1,E9.0-R3,12,4498,62867,39.47625732421875,1.4971141815185547
E8.0-R1,E9.0-R3,13,4498,62867,37.3530387878418,1.273580551147461
E8.0-R1,E9.0-R3,14,4498,62867,37.25025939941406,1.2129478454589844
E8.0-R1,E9.0-R3,15,4498,62867,37.20894241333008,1.33111572265625
E8.0-R1,E9.0-R3,16,4498,62867,38.844825744628906,1.3159160614013672
E8.0-R1,E9.0-R3,17,4498,62867,36.775691986083984,1.1985492706298828
E8.0-R1,E9.0-R3,18,4498,62867,37.643550872802734,1.3091716766357422
E8.0-R1,E9.0-R3,19,4498,62867,38.364105224609375,1.288797378540039
E8.0-R1,E9.0-R3,20,4498,62867,36.4268913269043,1.218801498413086
E8.0-R1,E9.0-R3,21,4498,62867,36.47577667236328,1.1952238082885742
E8.0-R1,E9.0-R3,22,4498,62867,38.090824127197266,1.3595991134643555
E8.0-R1,E9.0-R3,23,4498,62867,38.828208923339844,1.4071063995361328
E8.0-R1,E9.0-R3,24,4498,62867,36.6531982421875,1.2574806213378906
E8.0-R1,E9.0-R3,25,4498,62867,37.571983337402344,1.241715431213379
E8.0-R1,E9.0-R3,26,4498,62867,36.57917022705078,1.2336177825927734
E8.0-R1,E9.0-R3,27,4498,62867,39.203392028808594,1.2470502853393555
E8.0-R1,E9.0-R3,28,4498,62867,37.28351593017578,1.320704460144043
E8.0-R1,E9.0-R3,29,4498,62867,37.209041595458984,1.3048877716064453
E8.0-R1,E9.0-R3,30,4498,62867,37.83183670043945,1.3534002304077148
E8.0-R1,E9.0-R3,31,4498,62867,37.93019104003906,1.4344797134399414
E8.0-R1,E9.0-R3,32,4498,62867,35.938720703125,1.253981590270996
E8.0-R1,E9.0-R3,33,4498,62867,37.01341247558594,1.3061580657958984
E8.0-R1,E9.0-R3,34,4498,62867,37.008419036865234,1.1776952743530273
E8.0-R1,E9.0-R3,35,4498,62867,36.827754974365234,1.069772720336914
E8.0-R1,E9.0-R3,36,4498,62867,37.578102111816406,1.3469982147216797
E8.0-R1,E9.0-R3,37,4498,62867,37.92920684814453,1.228989601135254
E8.0-R1,E9.0-R3,38,4498,62867,36.658103942871094,1.1787405014038086
E8.0-R1,E9.0-R3,39,4498,62867,34.947696685791016,1.164504051208496
E8.0-R1,E9.0-R3,40,4498,62867,37.23805618286133,1.3648252487182617
E8.0-R1,E9.0-R3,41,4498,62867,37.225242614746094,1.24017333984375
E8.0-R1,E9.0-R3,42,4498,62867,37.56289291381836,1.2465095520019531
E8.0-R1,E9.0-R3,43,4498,62867,37.644371032714844,1.3544225692749023
E8.0-R1,E9.0-R3,44,4498,62867,36.921844482421875,1.1630678176879883
E8.0-R1,E9.0-R3,45,4498,62867,38.754150390625,1.2410860061645508
E8.0-R1,E9.0-R3,46,4498,62867,37.15196228027344,1.203420639038086
E8.0-R1,E9.0-R3,47,4498,62867,37.83061218261719,1.2793912887573242
E8.0-R1,E9.0-R3,48,4498,62867,37.94253921508789,1.266188621520996
E8.0-R1,E9.0-R3,49,4498,62867,38.318336486816406,1.3101615905761719
E8.0-R1,E9.5-R1,0,4498,383453,49.70093536376953,2.361424446105957
E8.0-R1,E9.5-R1,1,4498,383453,50.52278518676758,2.2593164443969727
E8.0-R1,E9.5-R1,2,4498,383453,49.81120300292969,2.4379777908325195
E8.0-R1,E9.5-R1,3,4498,383453,52.58464050292969,2.3975210189819336
E8.0-R1,E9.5-R1,4,4498,383453,51.269065856933594,2.266336441040039
E8.0-R1,E9.5-R1,5,4498,383453,49.951385498046875,2.278714179992676
E8.0-R1,E9.5-R1,6,4498,383453,51.212615966796875,2.3959474563598633
E8.0-R1,E9.5-R1,7,4498,383453,51.044151306152344,2.271550178527832
E8.0-R1,E9.5-R1,8,4498,383453,51.92485809326172,2.298853874206543
E8.0-R1,E9.5-R1,9,4498,383453,49.78953170776367,2.371066093444824
E8.0-R1,E9.5-R1,10,4498,383453,50.4827880859375,2.3311471939086914
E8.0-R1,E9.5-R1,11,4498,383453,52.291927337646484,2.2778730392456055
E8.0-R1,E9.5-R1,12,4498,383453,49.931724548339844,2.194263458251953
E8.0-R1,E9.5-R1,13,4498,383453,49.84911346435547,2.297344207763672
E8.0-R1,E9.5-R1,14,4498,383453,50.538970947265625,2.1869115829467773
E8.0-R1,E9.5-R1,15,4498,383453,51.584686279296875,2.309478759765625
E8.0-R1,E9.5-R1,16,4498,383453,51.03729248046875,2.292141914367676
E8.0-R1,E9.5-R1,17,4498,383453,51.02915954589844,2.280095100402832
E8.0-R1,E9.5-R1,18,4498,383453,52.288780212402344,2.199276924133301
E8.0-R1,E9.5-R1,19,4498,383453,51.98210906982422,2.298710823059082
E8.0-R1,E9.5-R1,20,4498,383453,51.13148498535156,2.390303611755371
E8.0-R1,E9.5-R1,21,4498,383453,50.059417724609375,2.265547752380371
E8.0-R1,E9.5-R1,22,4498,383453,51.479427337646484,2.3128185272216797
E8.0-R1,E9.5-R1,23,4498,383453,51.6918830871582,2.328104019165039
E8.0-R1,E9.5-R1,24,4498,383453,52.305137634277344,2.25946044921875
E8.0-R1,E9.5-R1,25,4498,383453,49.89411163330078,2.2570114135742188
E8.0-R1,E9.5-R1,26,4498,383453,49.734153747558594,2.335174560546875
E8.0-R1,E9.5-R1,27,4498,383453,51.617794036865234,2.2854909896850586
E8.0-R1,E9.5-R1,28,4498,383453,49.989723205566406,2.3221616744995117
E8.0-R1,E9.5-R1,29,4498,383453,50.88543701171875,2.277341842651367
E8.0-R1,E9.5-R1,30,4498,383453,52.84123992919922,2.2859106063842773
E8.0-R1,E9.5-R1,31,4498,383453,50.24100875854492,2.318775177001953
E8.0-R1,E9.5-R1,32,4498,383453,50.408599853515625,2.2690019607543945
E8.0-R1,E9.5-R1,33,4498,383453,52.652008056640625,2.387134552001953
E8.0-R1,E9.5-R1,34,4498,383453,51.81609344482422,2.3589677810668945
E8.0-R1,E9.5-R1,35,4498,383453,51.077903747558594,2.180521011352539
E8.0-R1,E9.5-R1,36,4498,383453,52.896995544433594,2.3357725143432617
E8.0-R1,E9.5-R1,37,4498,383453,50.0434684753418,2.2318716049194336
E8.0-R1,E9.5-R1,38,4498,383453,48.73851013183594,2.2950172424316406
E8.0-R1,E9.5-R1,39,4498,383453,52.481788635253906,2.3790769577026367
E8.0-R1,E9.5-R1,40,4498,383453,49.92933654785156,2.1876583099365234
E8.0-R1,E9.5-R1,41,4498,383453,49.119056701660156,2.2425460815429688
E8.0-R1,E9.5-R1,42,4498,383453,52.498817443847656,2.298433303833008
E8.0-R1,E9.5-R1,43,4498,383453,49.94845199584961,2.2842483520507812
E8.0-R1,E9.5-R1,44,4498,383453,50.45951461791992,2.2734451293945312
E8.0-R1,E9.5-R1,45,4498,383453,49.41191101074219,2.2652359008789062
E8.0-R1,E9.5-R1,46,4498,383453,49.83261489868164,2.2667884826660156
E8.0-R1,E9.5-R1,47,4498,383453,49.636634826660156,2.2095680236816406
E8.0-R1,E9.5-R1,48,4498,383453,51.5123291015625,2.328463554382324
E8.0-R1,E9.5-R1,49,4498,383453,48.99335861206055,2.2685489654541016
E8.0-R1,E9.5-R2,0,4498,350716,51.41322326660156,2.37493896484375
E8.0-R1,E9.5-R2,1,4498,350716,51.43403625488281,2.1519432067871094
E8.0-R1,E9.5-R2,2,4498,350716,50.553466796875,2.2420473098754883
E8.0-R1,E9.5-R2,3,4498,350716,51.0278205871582,2.20035457611084
E8.0-R1,E9.5-R2,4,4498,350716,52.85818099975586,2.279374122619629
E8.0-R1,E9.5-R2,5,4498,350716,51.9647216796875,2.191592216491699
E8.0-R1,E9.5-R2,6,4498,350716,49.72417068481445,2.2237186431884766
E8.0-R1,E9.5-R2,7,4498,350716,52.389747619628906,2.2482471466064453
E8.0-R1,E9.5-R2,8,4498,350716,52.534297943115234,2.2326440811157227
E8.0-R1,E9.5-R2,9,4498,350716,51.29514694213867,2.2122631072998047
E8.0-R1,E9.5-R2,10,4498,350716,49.95053482055664,2.1379575729370117
E8.0-R1,E9.5-R2,11,4498,350716,49.90455627441406,2.1930408477783203
E8.0-R1,E9.5-R2,12,4498,350716,50.136802673339844,2.206477165222168
E8.0-R1,E9.5-R2,13,4498,350716,49.70869445800781,2.3269119262695312
E8.0-R1,E9.5-R2,14,4498,350716,50.402069091796875,2.1590757369995117
E8.0-R1,E9.5-R2,15,4498,350716,51.34844207763672,2.2293519973754883
E8.0-R1,E9.5-R2,16,4498,350716,51.66759490966797,2.2446670532226562
E8.0-R1,E9.5-R2,17,4498,350716,49.43183898925781,2.2114429473876953
E8.0-R1,E9.5-R2,18,4498,350716,50.361305236816406,2.2277088165283203
E8.0-R1,E9.5-R2,19,4498,350716,51.33806610107422,2.3058719635009766
E8.0-R1,E9.5-R2,20,4498,350716,51.42657470703125,2.3142051696777344
E8.0-R1,E9.5-R2,21,4498,350716,52.388240814208984,2.317164421081543
E8.0-R1,E9.5-R2,22,4498,350716,52.180259704589844,2.264965057373047
E8.0-R1,E9.5-R2,23,4498,350716,50.56351852416992,2.2668285369873047
E8.0-R1,E9.5-R2,24,4498,350716,49.85993957519531,2.169689178466797
E8.0-R1,E9.5-R2,25,4498,350716,51.03763198852539,2.2584285736083984
E8.0-R1,E9.5-R2,26,4498,350716,52.131309509277344,2.2132720947265625
E8.0-R1,E9.5-R2,27,4498,350716,49.9693489074707,2.2471485137939453
E8.0-R1,E9.5-R2,28,4498,350716,52.40312957763672,2.2968263626098633
E8.0-R1,E9.5-R2,29,4498,350716,51.86979675292969,2.268092155456543
E8.0-R1,E9.5-R2,30,4498,350716,49.110801696777344,2.207150459289551
E8.0-R1,E9.5-R2,31,4498,350716,51.79428482055664,2.229074478149414
E8.0-R1,E9.5-R2,32,4498,350716,51.781856536865234,2.240468978881836
E8.0-R1,E9.5-R2,33,4498,350716,50.0475959777832,2.19284725189209
E8.0-R1,E9.5-R2,34,4498,350716,53.102577209472656,2.2210731506347656
E8.0-R1,E9.5-R2,35,4498,350716,50.75498962402344,2.167879104614258
E8.0-R1,E9.5-R2,36,4498,350716,51.233680725097656,2.1572675704956055
E8.0-R1,E9.5-R2,37,4498,350716,50.94744110107422,2.2579879760742188
E8.0-R1,E9.5-R2,38,4498,350716,53.985557556152344,2.141482353210449
E8.0-R1,E9.5-R2,39,4498,350716,50.9158935546875,2.2605390548706055
E8.0-R1,E9.5-R2,40,4498,350716,53.18479537963867,2.231032371520996
E8.0-R1,E9.5-R2,41,4498,350716,52.5277099609375,2.2095584869384766
E8.0-R1,E9.5-R2,42,4498,350716,50.646156311035156,2.2006044387817383
E8.0-R1,E9.5-R2,43,4498,350716,50.33114242553711,2.154049873352051
E8.0-R1,E9.5-R2,44,4498,350716,51.157958984375,2.129148483276367
E8.0-R1,E9.5-R2,45,4498,350716,51.46084976196289,2.2084102630615234
E8.0-R1,E9.5-R2,46,4498,350716,52.16351318359375,2.310232162475586
E8.0-R1,E9.5-R2,47,4498,350716,50.50634002685547,2.2497310638427734
E8.0-R1,E9.5-R2,48,4498,350716,52.071144104003906,2.178232192993164
E8.0-R1,E9.5-R2,49,4498,350716,50.09933853149414,2.196094512939453
E8.0-R1,E9.5-R3,0,4498,342873,52.33757400512695,2.5287399291992188
E8.0-R1,E9.5-R3,1,4498,342873,49.126991271972656,2.333268165588379
E8.0-R1,E9.5-R3,2,4498,342873,51.7127685546875,2.400933265686035
E8.0-R1,E9.5-R3,3,4498,342873,51.73149108886719,2.2383298873901367
E8.0-R1,E9.5-R3,4,4498,342873,50.06256866455078,2.3958959579467773
E8.0-R1,E9.5-R3,5,4498,342873,51.670860290527344,2.3551530838012695
E8.0-R1,E9.5-R3,6,4498,342873,49.71686553955078,2.2476062774658203
E8.0-R1,E9.5-R3,7,4498,342873,50.195167541503906,2.283466339111328
E8.0-R1,E9.5-R3,8,4498,342873,51.84858322143555,2.356149673461914
E8.0-R1,E9.5-R3,9,4498,342873,52.30303192138672,2.334653854370117
E8.0-R1,E9.5-R3,10,4498,342873,51.902381896972656,2.399618148803711
E8.0-R1,E9.5-R3,11,4498,342873,51.21049880981445,2.3603105545043945
E8.0-R1,E9.5-R3,12,4498,342873,49.888458251953125,2.362656593322754
E8.0-R1,E9.5-R3,13,4498,342873,50.32624053955078,2.3145980834960938
E8.0-R1,E9.5-R3,14,4498,342873,51.3801155090332,2.2777175903320312
E8.0-R1,E9.5-R3,15,4498,342873,51.09211730957031,2.42008113861084
E8.0-R1,E9.5-R3,16,4498,342873,52.99425506591797,2.431173324584961
E8.0-R1,E9.5-R3,17,4498,342873,51.74097442626953,2.40218448638916
E8.0-R1,E9.5-R3,18,4498,342873,53.177974700927734,2.4151525497436523
E8.0-R1,E9.5-R3,19,4498,342873,52.841217041015625,2.444425582885742
E8.0-R1,E9.5-R3,20,4498,342873,49.67916488647461,2.3109664916992188
E8.0-R1,E9.5-R3,21,4498,342873,51.3885383605957,2.3944053649902344
E8.0-R1,E9.5-R3,22,4498,342873,50.459983825683594,2.331594467163086
E8.0-R1,E9.5-R3,23,4498,342873,51.86998748779297,2.482137680053711
E8.0-R1,E9.5-R3,24,4498,342873,51.06417465209961,2.239682197570801
E8.0-R1,E9.5-R3,25,4498,342873,51.15240478515625,2.2925901412963867
E8.0-R1,E9.5-R3,26,4498,342873,50.57352828979492,2.2976512908935547
E8.0-R1,E9.5-R3,27,4498,342873,51.419189453125,2.3376102447509766
E8.0-R1,E9.5-R3,28,4498,342873,52.80780029296875,2.4606218338012695
E8.0-R1,E9.5-R3,29,4498,342873,51.21415328979492,2.3954553604125977
E8.0-R1,E9.5-R3,30,4498,342873,53.10956954956055,2.426738739013672
E8.0-R1,E9.5-R3,31,4498,342873,51.79802703857422,2.445241928100586
E8.0-R1,E9.5-R3,32,4498,342873,50.66383361816406,2.4480886459350586
E8.0-R1,E9.5-R3,33,4498,342873,51.08784484863281,2.287700653076172
E8.0-R1,E9.5-R3,34,4498,342873,52.92317199707031,2.3699913024902344
E8.0-R1,E9.5-R3,35,4498,342873,50.14547348022461,2.4384231567382812
E8.0-R1,E9.5-R3,36,4498,342873,51.33319854736328,2.465700149536133
E8.0-R1,E9.5-R3,37,4498,342873,52.72613525390625,2.4414167404174805
E8.0-R1,E9.5-R3,38,4498,342873,50.639991760253906,2.288501739501953
E8.0-R1,E9.5-R3,39,4498,342873,50.6076774597168,2.1838207244873047
E8.0-R1,E9.5-R3,40,4498,342873,51.869239807128906,2.2935609817504883
E8.0-R1,E9.5-R3,41,4498,342873,51.1951789855957,2.379817008972168
E8.0-R1,E9.5-R3,42,4498,342873,53.65666198730469,2.420804977416992
E8.0-R1,E9.5-R3,43,4498,342873,51.52708435058594,2.379110336303711
E8.0-R1,E9.5-R3,44,4498,342873,49.86912536621094,2.3608264923095703
E8.0-R1,E9.5-R3,45,4498,342873,52.65414047241211,2.3719520568847656
E8.0-R1,E9.5-R3,46,4498,342873,51.135581970214844,2.361933708190918
E8.0-R1,E9.5-R3,47,4498,342873,53.428497314453125,2.4039506912231445
E8.0-R1,E9.5-R3,48,4498,342873,52.612525939941406,2.3443603515625
E8.0-R1,E9.5-R3,49,4498,342873,51.019474029541016,2.334768295288086
E8.0-R1,E10.0-R1,0,4498,347550,58.50482940673828,2.4828948974609375
E8.0-R1,E10.0-R1,1,4498,347550,55.685386657714844,2.431199073791504
E8.0-R1,E10.0-R1,2,4498,347550,57.86592483520508,2.520221710205078
E8.0-R1,E10.0-R1,3,4498,347550,55.773345947265625,2.3357973098754883
E8.0-R1,E10.0-R1,4,4498,347550,57.29602813720703,2.4787607192993164
E8.0-R1,E10.0-R1,5,4498,347550,58.08568572998047,2.4899091720581055
E8.0-R1,E10.0-R1,6,4498,347550,56.34904479980469,2.4058027267456055
E8.0-R1,E10.0-R1,7,4498,347550,55.444305419921875,2.4049673080444336
E8.0-R1,E10.0-R1,8,4498,347550,55.917686462402344,2.4736061096191406
E8.0-R1,E10.0-R1,9,4498,347550,56.29922103881836,2.4411487579345703
E8.0-R1,E10.0-R1,10,4498,347550,56.29136657714844,2.4614391326904297
E8.0-R1,E10.0-R1,11,4498,347550,58.08647155761719,2.381132125854492
E8.0-R1,E10.0-R1,12,4498,347550,57.141868591308594,2.400693893432617
E8.0-R1,E10.0-R1,13,4498,347550,57.30743408203125,2.467543601989746
E8.0-R1,E10.0-R1,14,4498,347550,56.30116271972656,2.526975631713867
E8.0-R1,E10.0-R1,15,4498,347550,55.32576370239258,2.2704992294311523
E8.0-R1,E10.0-R1,16,4498,347550,54.23405456542969,2.38362979888916
E8.0-R1,E10.0-R1,17,4498,347550,56.91154479980469,2.5835914611816406
E8.0-R1,E10.0-R1,18,4498,347550,55.52030563354492,2.325122833251953
E8.0-R1,E10.0-R1,19,4498,347550,55.14751434326172,2.5238943099975586
E8.0-R1,E10.0-R1,20,4498,347550,55.11384201049805,2.3724355697631836
E8.0-R1,E10.0-R1,21,4498,347550,57.1104736328125,2.542813301086426
E8.0-R1,E10.0-R1,22,4498,347550,55.99419403076172,2.3604230880737305
E8.0-R1,E10.0-R1,23,4498,347550,57.958045959472656,2.4832849502563477
E8.0-R1,E10.0-R1,24,4498,347550,56.542579650878906,2.482487678527832
E8.0-R1,E10.0-R1,25,4498,347550,55.950538635253906,2.4278202056884766
E8.0-R1,E10.0-R1,26,4498,347550,54.538970947265625,2.4259958267211914
E8.0-R1,E10.0-R1,27,4498,347550,56.20003128051758,2.54221248626709
E8.0-R1,E10.0-R1,28,4498,347550,55.922637939453125,2.572575569152832
E8.0-R1,E10.0-R1,29,4498,347550,56.96293640136719,2.6506662368774414
E8.0-R1,E10.0-R1,30,4498,347550,57.089351654052734,2.3904476165771484
E8.0-R1,E10.0-R1,31,4498,347550,56.34091567993164,2.46563720703125
E8.0-R1,E10.0-R1,32,4498,347550,57.186763763427734,2.5647811889648438
E8.0-R1,E10.0-R1,33,4498,347550,57.703369140625,2.3882274627685547
E8.0-R1,E10.0-R1,34,4498,347550,57.75390625,2.5203962326049805
E8.0-R1,E10.0-R1,35,4498,347550,57.62602233886719,2.526827812194824
E8.0-R1,E10.0-R1,36,4498,347550,56.89213180541992,2.407360076904297
E8.0-R1,E10.0-R1,37,4498,347550,56.66115188598633,2.5093116760253906
E8.0-R1,E10.0-R1,38,4498,347550,56.97393798828125,2.493986129760742
E8.0-R1,E10.0-R1,39,4498,347550,58.55774688720703,2.3826799392700195
E8.0-R1,E10.0-R1,40,4498,347550,56.541587829589844,2.4329137802124023
E8.0-R1,E10.0-R1,41,4498,347550,56.17594909667969,2.4921741485595703
E8.0-R1,E10.0-R1,42,4498,347550,57.54685974121094,2.54959774017334
E8.0-R1,E10.0-R1,43,4498,347550,54.27534484863281,2.503437042236328
E8.0-R1,E10.0-R1,44,4498,347550,57.894065856933594,2.484127998352051
E8.0-R1,E10.0-R1,45,4498,347550,57.1517333984375,2.4887866973876953
E8.0-R1,E10.0-R1,46,4498,347550,55.425968170166016,2.4103145599365234
E8.0-R1,E10.0-R1,47,4498,347550,58.73014831542969,2.5720481872558594
E8.0-R1,E10.0-R1,48,4498,347550,54.71393585205078,2.3430604934692383
E8.0-R1,E10.0-R1,49,4498,347550,56.36469268798828,2.489264488220215
E8.0-R2,E8.0-R3,0,10681,6763,18.94021987915039,0.27551841735839844
E8.0-R2,E8.0-R3,1,10681,6763,19.248035430908203,0.3096885681152344
E8.0-R2,E8.0-R3,2,10681,6763,17.929821014404297,0.2737283706665039
E8.0-R2,E8.0-R3,3,10681,6763,19.564659118652344,0.26562023162841797
E8.0-R2,E8.0-R3,4,10681,6763,18.940204620361328,0.287139892578125
E8.0-R2,E8.0-R3,5,10681,6763,19.188175201416016,0.3067770004272461
E8.0-R2,E8.0-R3,6,10681,6763,18.955856323242188,0.26467418670654297
E8.0-R2,E8.0-R3,7,10681,6763,19.860824584960938,0.3015460968017578
E8.0-R2,E8.0-R3,8,10681,6763,17.989215850830078,0.26554298400878906
E8.0-R2,E8.0-R3,9,10681,6763,18.96906089782715,0.22171306610107422
E8.0-R2,E8.0-R3,10,10681,6763,19.205921173095703,0.2721061706542969
E8.0-R2,E8.0-R3,11,10681,6763,18.146636962890625,0.2607383728027344
E8.0-R2,E8.0-R3,12,10681,6763,18.75771713256836,0.27632904052734375
E8.0-R2,E8.0-R3,13,10681,6763,17.606157302856445,0.3080425262451172
E8.0-R2,E8.0-R3,14,10681,6763,18.33348846435547,0.24595928192138672
E8.0-R2,E8.0-R3,15,10681,6763,17.9908447265625,0.2529296875
E8.0-R2,E8.0-R3,16,10681,6763,17.887025833129883,0.24851226806640625
E8.0-R2,E8.0-R3,17,10681,6763,18.60287094116211,0.2510957717895508
E8.0-R2,E8.0-R3,18,10681,6763,18.45025634765625,0.27619171142578125
E8.0-R2,E8.0-R3,19,10681,6763,18.755226135253906,0.2754383087158203
E8.0-R2,E8.0-R3,20,10681,6763,18.217212677001953,0.32646751403808594
E8.0-R2,E8.0-R3,21,10681,6763,19.00077247619629,0.28850746154785156
E8.0-R2,E8.0-R3,22,10681,6763,18.209983825683594,0.26381778717041016
E8.0-R2,E8.0-R3,23,10681,6763,20.1729736328125,0.3254852294921875
E8.0-R2,E8.0-R3,24,10681,6763,18.85675811767578,0.26053810119628906
E8.0-R2,E8.0-R3,25,10681,6763,18.118236541748047,0.24977874755859375
E8.0-R2,E8.0-R3,26,10681,6763,19.515954971313477,0.2629413604736328
E8.0-R2,E8.0-R3,27,10681,6763,18.07889747619629,0.2756185531616211
E8.0-R2,E8.0-R3,28,10681,6763,19.067344665527344,0.28949546813964844
E8.0-R2,E8.0-R3,29,10681,6763,18.87594223022461,0.2632102966308594
E8.0-R2,E8.0-R3,30,10681,6763,19.136871337890625,0.32210254669189453
E8.0-R2,E8.0-R3,31,10681,6763,18.45086669921875,0.25859642028808594
E8.0-R2,E8.0-R3,32,10681,6763,17.741104125976562,0.28905391693115234
E8.0-R2,E8.0-R3,33,10681,6763,18.812997817993164,0.27274322509765625
E8.0-R2,E8.0-R3,34,10681,6763,19.700210571289062,0.3901376724243164
E8.0-R2,E8.0-R3,35,10681,6763,17.595491409301758,0.3067178726196289
E8.0-R2,E8.0-R3,36,10681,6763,18.875341415405273,0.2755126953125
E8.0-R2,E8.0-R3,37,10681,6763,17.454910278320312,0.26336002349853516
E8.0-R2,E8.0-R3,38,10681,6763,17.6173095703125,0.2426738739013672
E8.0-R2,E8.0-R3,39,10681,6763,17.902870178222656,0.2688283920288086
E8.0-R2,E8.0-R3,40,10681,6763,19.666664123535156,0.2835350036621094
E8.0-R2,E8.0-R3,41,10681,6763,18.677349090576172,0.2623443603515625
E8.0-R2,E8.0-R3,42,10681,6763,18.40606689453125,0.26032447814941406
E8.0-R2,E8.0-R3,43,10681,6763,18.48694610595703,0.3014640808105469
E8.0-R2,E8.0-R3,44,10681,6763,18.888225555419922,0.2690162658691406
E8.0-R2,E8.0-R3,45,10681,6763,19.246417999267578,0.3035268783569336
E8.0-R2,E8.0-R3,46,10681,6763,17.94849395751953,0.25244998931884766
E8.0-R2,E8.0-R3,47,10681,6763,18.99649429321289,0.27715206146240234
E8.0-R2,E8.0-R3,48,10681,6763,18.79707145690918,0.26117515563964844
E8.0-R2,E8.0-R3,49,10681,6763,18.824466705322266,0.26056861877441406
E8.0-R2,E8.5-R1,0,10681,23435,22.12038803100586,0.48661231994628906
E8.0-R2,E8.5-R1,1,10681,23435,23.59811782836914,0.5427913665771484
E8.0-R2,E8.5-R1,2,10681,23435,23.35533332824707,0.5206527709960938
E8.0-R2,E8.5-R1,3,10681,23435,21.419069290161133,0.4542350769042969
E8.0-R2,E8.5-R1,4,10681,23435,23.745811462402344,0.5336570739746094
E8.0-R2,E8.5-R1,5,10681,23435,22.565162658691406,0.5153684616088867
E8.0-R2,E8.5-R1,6,10681,23435,22.319679260253906,0.5099563598632812
E8.0-R2,E8.5-R1,7,10681,23435,23.540241241455078,0.5119485855102539
E8.0-R2,E8.5-R1,8,10681,23435,22.759620666503906,0.5023946762084961
E8.0-R2,E8.5-R1,9,10681,23435,22.750629425048828,0.5005712509155273
E8.0-R2,E8.5-R1,10,10681,23435,21.584651947021484,0.4792976379394531
E8.0-R2,E8.5-R1,11,10681,23435,22.221202850341797,0.49016475677490234
E8.0-R2,E8.5-R1,12,10681,23435,22.90569305419922,0.49793529510498047
E8.0-R2,E8.5-R1,13,10681,23435,22.93999671936035,0.4765510559082031
E8.0-R2,E8.5-R1,14,10681,23435,23.103496551513672,0.5089082717895508
E8.0-R2,E8.5-R1,15,10681,23435,22.695392608642578,0.4896974563598633
E8.0-R2,E8.5-R1,16,10681,23435,23.316055297851562,0.4656982421875
E8.0-R2,E8.5-R1,17,10681,23435,23.422740936279297,0.5364465713500977
E8.0-R2,E8.5-R1,18,10681,23435,22.4910888671875,0.5113458633422852
E8.0-R2,E8.5-R1,19,10681,23435,22.1234130859375,0.48992061614990234
E8.0-R2,E8.5-R1,20,10681,23435,22.71197509765625,0.5067939758300781
E8.0-R2,E8.5-R1,21,10681,23435,22.818708419799805,0.5056753158569336
E8.0-R2,E8.5-R1,22,10681,23435,22.025846481323242,0.5046396255493164
E8.0-R2,E8.5-R1,23,10681,23435,23.12237548828125,0.5298776626586914
E8.0-R2,E8.5-R1,24,10681,23435,22.395017623901367,0.49750328063964844
E8.0-R2,E8.5-R1,25,10681,23435,22.15743064880371,0.4915895462036133
E8.0-R2,E8.5-R1,26,10681,23435,23.206592559814453,0.5202655792236328
E8.0-R2,E8.5-R1,27,10681,23435,23.427722930908203,0.5218954086303711
E8.0-R2,E8.5-R1,28,10681,23435,23.706382751464844,0.5084009170532227
E8.0-R2,E8.5-R1,29,10681,23435,22.613887786865234,0.4759683609008789
E8.0-R2,E8.5-R1,30,10681,23435,22.413768768310547,0.47939205169677734
E8.0-R2,E8.5-R1,31,10681,23435,22.460004806518555,0.5188217163085938
E8.0-R2,E8.5-R1,32,10681,23435,22.797155380249023,0.4931936264038086
E8.0-R2,E8.5-R1,33,10681,23435,22.45801544189453,0.49065399169921875
E8.0-R2,E8.5-R1,34,10681,23435,21.985614776611328,0.46764373779296875
E8.0-R2,E8.5-R1,35,10681,23435,23.17226791381836,0.4980192184448242
E8.0-R2,E8.5-R1,36,10681,23435,22.58810043334961,0.46091747283935547
E8.0-R2,E8.5-R1,37,10681,23435,23.088062286376953,0.5203676223754883
E8.0-R2,E8.5-R1,38,10681,23435,22.410531997680664,0.46240234375
E8.0-R2,E8.5-R1,39,10681,23435,23.335800170898438,0.4902935028076172
E8.0-R2,E8.5-R1,40,10681,23435,23.088199615478516,0.4864616394042969
E8.0-R2,E8.5-R1,41,10681,23435,23.04154396057129,0.49013423919677734
E8.0-R2,E8.5-R1,42,10681,23435,22.74657440185547,0.4677562713623047
E8.0-R2,E8.5-R1,43,10681,23435,22.478424072265625,0.49630260467529297
E8.0-R2,E8.5-R1,44,10681,23435,22.883113861083984,0.520808219909668
E8.0-R2,E8.5-R1,45,10681,23435,23.070541381835938,0.4950237274169922
E8.0-R2,E8.5-R1,46,10681,23435,22.32721710205078,0.5072002410888672
E8.0-R2,E8.5-R1,47,10681,23435,23.005603790283203,0.5191287994384766
E8.0-R2,E8.5-R1,48,10681,23435,22.30480194091797,0.5010700225830078
E8.0-R2,E8.5-R1,49,10681,23435,22.35079574584961,0.47377681732177734
E8.0-R2,E8.5-R2,0,10681,38216,22.505136489868164,0.4630279541015625
E8.0-R2,E8.5-R2,1,10681,38216,23.423667907714844,0.4956827163696289
E8.0-R2,E8.5-R2,2,10681,38216,23.688186645507812,0.46282100677490234
E8.0-R2,E8.5-R2,3,10681,38216,23.516586303710938,0.4925689697265625
E8.0-R2,E8.5-R2,4,10681,38216,23.28091812133789,0.4762554168701172
E8.0-R2,E8.5-R2,5,10681,38216,22.54012680053711,0.4870109558105469
E8.0-R2,E8.5-R2,6,10681,38216,22.265541076660156,0.4586782455444336
E8.0-R2,E8.5-R2,7,10681,38216,22.127281188964844,0.44875049591064453
E8.0-R2,E8.5-R2,8,10681,38216,22.31723403930664,0.4534873962402344
E8.0-R2,E8.5-R2,9,10681,38216,22.54251480102539,0.45766448974609375
E8.0-R2,E8.5-R2,10,10681,38216,23.422283172607422,0.46686553955078125
E8.0-R2,E8.5-R2,11,10681,38216,22.58699607849121,0.46423816680908203
E8.0-R2,E8.5-R2,12,10681,38216,22.421186447143555,0.45810794830322266
E8.0-R2,E8.5-R2,13,10681,38216,22.545969009399414,0.4578104019165039
E8.0-R2,E8.5-R2,14,10681,38216,21.682231903076172,0.4018096923828125
E8.0-R2,E8.5-R2,15,10681,38216,23.3265380859375,0.4997987747192383
E8.0-R2,E8.5-R2,16,10681,38216,23.052940368652344,0.46439361572265625
E8.0-R2,E8.5-R2,17,10681,38216,22.566604614257812,0.45566844940185547
E8.0-R2,E8.5-R2,18,10681,38216,21.774925231933594,0.44644927978515625
E8.0-R2,E8.5-R2,19,10681,38216,22.53602409362793,0.4640073776245117
E8.0-R2,E8.5-R2,20,10681,38216,23.140804290771484,0.4641580581665039
E8.0-R2,E8.5-R2,21,10681,38216,22.837013244628906,0.47728633880615234
E8.0-R2,E8.5-R2,22,10681,38216,22.03430938720703,0.4449634552001953
E8.0-R2,E8.5-R2,23,10681,38216,22.4871826171875,0.4630317687988281
E8.0-R2,E8.5-R2,24,10681,38216,21.992252349853516,0.42089080810546875
E8.0-R2,E8.5-R2,25,10681,38216,22.28954315185547,0.42350196838378906
E8.0-R2,E8.5-R2,26,10681,38216,22.78911781311035,0.44083309173583984
E8.0-R2,E8.5-R2,27,10681,38216,22.917465209960938,0.42035770416259766
E8.0-R2,E8.5-R2,28,10681,38216,24.157352447509766,0.48738861083984375
E8.0-R2,E8.5-R2,29,10681,38216,23.55318832397461,0.46933650970458984
E8.0-R2,E8.5-R2,30,10681,38216,22.784948348999023,0.4722156524658203
E8.0-R2,E8.5-R2,31,10681,38216,22.878662109375,0.45790672302246094
E8.0-R2,E8.5-R2,32,10681,38216,22.030235290527344,0.4396095275878906
E8.0-R2,E8.5-R2,33,10681,38216,22.879911422729492,0.4844636917114258
E8.0-R2,E8.5-R2,34,10681,38216,22.63650894165039,0.49874019622802734
E8.0-R2,E8.5-R2,35,10681,38216,23.557584762573242,0.45433998107910156
E8.0-R2,E8.5-R2,36,10681,38216,22.83124542236328,0.45008182525634766
E8.0-R2,E8.5-R2,37,10681,38216,22.967662811279297,0.4719057083129883
E8.0-R2,E8.5-R2,38,10681,38216,22.53194808959961,0.42095375061035156
E8.0-R2,E8.5-R2,39,10681,38216,21.653778076171875,0.46154308319091797
E8.0-R2,E8.5-R2,40,10681,38216,22.44275665283203,0.45240211486816406
E8.0-R2,E8.5-R2,41,10681,38216,22.741207122802734,0.4957456588745117
E8.0-R2,E8.5-R2,42,10681,38216,22.323312759399414,0.46319007873535156
E8.0-R2,E8.5-R2,43,10681,38216,22.21699333190918,0.4653053283691406
E8.0-R2,E8.5-R2,44,10681,38216,23.674320220947266,0.4658927917480469
E8.0-R2,E8.5-R2,45,10681,38216,23.86154556274414,0.4813957214355469
E8.0-R2,E8.5-R2,46,10681,38216,22.87908172607422,0.48370838165283203
E8.0-R2,E8.5-R2,47,10681,38216,22.213340759277344,0.4556312561035156
E8.0-R2,E8.5-R2,48,10681,38216,22.813766479492188,0.44286251068115234
E8.0-R2,E8.5-R2,49,10681,38216,21.983043670654297,0.466827392578125
E8.0-R2,E8.5-R3,0,10681,27743,22.6452579498291,0.44245243072509766
E8.0-R2,E8.5-R3,1,10681,27743,20.967514038085938,0.40850353240966797
E8.0-R2,E8.5-R3,2,10681,27743,22.06957244873047,0.3729066848754883
E8.0-R2,E8.5-R3,3,10681,27743,20.414104461669922,0.3655891418457031
E8.0-R2,E8.5-R3,4,10681,27743,21.713359832763672,0.4253063201904297
E8.0-R2,E8.5-R3,5,10681,27743,21.734941482543945,0.39185237884521484
E8.0-R2,E8.5-R3,6,10681,27743,21.800922393798828,0.4244871139526367
E8.0-R2,E8.5-R3,7,10681,27743,22.17278289794922,0.3974342346191406
E8.0-R2,E8.5-R3,8,10681,27743,21.95112419128418,0.40721893310546875
E8.0-R2,E8.5-R3,9,10681,27743,23.8023681640625,0.3868408203125
E8.0-R2,E8.5-R3,10,10681,27743,21.39535140991211,0.3853921890258789
E8.0-R2,E8.5-R3,11,10681,27743,20.403514862060547,0.38742923736572266
E8.0-R2,E8.5-R3,12,10681,27743,21.568328857421875,0.40010738372802734
E8.0-R2,E8.5-R3,13,10681,27743,21.947616577148438,0.35100650787353516
E8.0-R2,E8.5-R3,14,10681,27743,22.190189361572266,0.36635303497314453
E8.0-R2,E8.5-R3,15,10681,27743,22.384607315063477,0.4325141906738281
E8.0-R2,E8.5-R3,16,10681,27743,21.569515228271484,0.3634796142578125
E8.0-R2,E8.5-R3,17,10681,27743,22.182476043701172,0.38583850860595703
E8.0-R2,E8.5-R3,18,10681,27743,22.88570785522461,0.4568138122558594
E8.0-R2,E8.5-R3,19,10681,27743,22.897483825683594,0.4138956069946289
E8.0-R2,E8.5-R3,20,10681,27743,21.19670295715332,0.39623546600341797
E8.0-R2,E8.5-R3,21,10681,27743,22.67517852783203,0.4215250015258789
E8.0-R2,E8.5-R3,22,10681,27743,23.28036117553711,0.4493751525878906
E8.0-R2,E8.5-R3,23,10681,27743,22.750558853149414,0.40424060821533203
E8.0-R2,E8.5-R3,24,10681,27743,22.09792709350586,0.3751258850097656
E8.0-R2,E8.5-R3,25,10681,27743,21.015090942382812,0.35638904571533203
E8.0-R2,E8.5-R3,26,10681,27743,22.45259666442871,0.44032859802246094
E8.0-R2,E8.5-R3,27,10681,27743,21.862506866455078,0.40384387969970703
E8.0-R2,E8.5-R3,28,10681,27743,22.20285415649414,0.37977027893066406
E8.0-R2,E8.5-R3,29,10681,27743,22.407535552978516,0.37721729278564453
E8.0-R2,E8.5-R3,30,10681,27743,22.224143981933594,0.3787117004394531
E8.0-R2,E8.5-R3,31,10681,27743,22.254039764404297,0.40087032318115234
E8.0-R2,E8.5-R3,32,10681,27743,22.329017639160156,0.3827219009399414
E8.0-R2,E8.5-R3,33,10681,27743,21.653953552246094,0.4063072204589844
E8.0-R2,E8.5-R3,34,10681,27743,21.583175659179688,0.35668373107910156
E8.0-R2,E8.5-R3,35,10681,27743,22.828739166259766,0.4164438247680664
E8.0-R2,E8.5-R3,36,10681,27743,22.013168334960938,0.3961324691772461
E8.0-R2,E8.5-R3,37,10681,27743,22.60714340209961,0.4063282012939453
E8.0-R2,E8.5-R3,38,10681,27743,22.79922866821289,0.4111461639404297
E8.0-R2,E8.5-R3,39,10681,27743,21.248319625854492,0.3586702346801758
E8.0-R2,E8.5-R3,40,10681,27743,22.483137130737305,0.4001493453979492
E8.0-R2,E8.5-R3,41,10681,27743,22.798076629638672,0.4093132019042969
E8.0-R2,E8.5-R3,42,10681,27743,21.117298126220703,0.39608001708984375
E8.0-R2,E8.5-R3,43,10681,27743,22.34640121459961,0.4004240036010742
E8.0-R2,E8.5-R3,44,10681,27743,21.197742462158203,0.3760824203491211
E8.0-R2,E8.5-R3,45,10681,27743,22.947708129882812,0.43550872802734375
E8.0-R2,E8.5-R3,46,10681,27743,21.060745239257812,0.3725452423095703
E8.0-R2,E8.5-R3,47,10681,27743,22.195072174072266,0.3667764663696289
E8.0-R2,E8.5-R3,48,10681,27743,23.36432647705078,0.44026947021484375
E8.0-R2,E8.5-R3,49,10681,27743,21.05071449279785,0.3653097152709961
E8.0-R2,E9.0-R1,0,10681,92063,27.60905647277832,0.6719779968261719
E8.0-R2,E9.0-R1,1,10681,92063,27.581623077392578,0.6725797653198242
E8.0-R2,E9.0-R1,2,10681,92063,27.33014678955078,0.6758384704589844
E8.0-R2,E9.0-R1,3,10681,92063,27.847562789916992,0.6412887573242188
E8.0-R2,E9.0-R1,4,10681,92063,26.99199676513672,0.6223573684692383
E8.0-R2,E9.0-R1,5,10681,92063,27.745676040649414,0.6691503524780273
E8.0-R2,E9.0-R1,6,10681,92063,28.46460723876953,0.6573657989501953
E8.0-R2,E9.0-R1,7,10681,92063,28.226165771484375,0.6508369445800781
E8.0-R2,E9.0-R1,8,10681,92063,27.847900390625,0.6719179153442383
E8.0-R2,E9.0-R1,9,10681,92063,28.758628845214844,0.7092714309692383
E8.0-R2,E9.0-R1,10,10681,92063,26.96220588684082,0.6864833831787109
E8.0-R2,E9.0-R1,11,10681,92063,27.210844039916992,0.6467771530151367
E8.0-R2,E9.0-R1,12,10681,92063,27.810800552368164,0.700831413269043
E8.0-R2,E9.0-R1,13,10681,92063,27.522920608520508,0.6323070526123047
E8.0-R2,E9.0-R1,14,10681,92063,27.40727996826172,0.640355110168457
E8.0-R2,E9.0-R1,15,10681,92063,27.936811447143555,0.6826066970825195
E8.0-R2,E9.0-R1,16,10681,92063,27.608997344970703,0.7050495147705078
E8.0-R2,E9.0-R1,17,10681,92063,27.984882354736328,0.6929597854614258
E8.0-R2,E9.0-R1,18,10681,92063,27.24253273010254,0.6349945068359375
E8.0-R2,E9.0-R1,19,10681,92063,27.739276885986328,0.7126474380493164
E8.0-R2,E9.0-R1,20,10681,92063,27.01610565185547,0.6853103637695312
E8.0-R2,E9.0-R1,21,10681,92063,28.019371032714844,0.6692705154418945
E8.0-R2,E9.0-R1,22,10681,92063,28.432025909423828,0.6670866012573242
E8.0-R2,E9.0-R1,23,10681,92063,29.143024444580078,0.7472333908081055
E8.0-R2,E9.0-R1,24,10681,92063,28.456024169921875,0.7205486297607422
E8.0-R2,E9.0-R1,25,10681,92063,27.70352554321289,0.6615610122680664
E8.0-R2,E9.0-R1,26,10681,92063,27.71739959716797,0.6713809967041016
E8.0-R2,E9.0-R1,27,10681,92063,27.42584991455078,0.6917629241943359
E8.0-R2,E9.0-R1,28,10681,92063,27.084423065185547,0.7014751434326172
E8.0-R2,E9.0-R1,29,10681,92063,26.539443969726562,0.6571817398071289
E8.0-R2,E9.0-R1,30,10681,92063,27.843290328979492,0.6886234283447266
E8.0-R2,E9.0-R1,31,10681,92063,27.055850982666016,0.6564350128173828
E8.0-R2,E9.0-R1,32,10681,92063,28.049930572509766,0.6954326629638672
E8.0-R2,E9.0-R1,33,10681,92063,27.04710578918457,0.6801128387451172
E8.0-R2,E9.0-R1,34,10681,92063,27.980005264282227,0.6558914184570312
E8.0-R2,E9.0-R1,35,10681,92063,27.923952102661133,0.6875858306884766
E8.0-R2,E9.0-R1,36,10681,92063,27.780925750732422,0.6593599319458008
E8.0-R2,E9.0-R1,37,10681,92063,28.354955673217773,0.7128257751464844
E8.0-R2,E9.0-R1,38,10681,92063,27.36983871459961,0.639979362487793
E8.0-R2,E9.0-R1,39,10681,92063,26.943981170654297,0.6648674011230469
E8.0-R2,E9.0-R1,40,10681,92063,28.422151565551758,0.7142457962036133
E8.0-R2,E9.0-R1,41,10681,92063,27.919803619384766,0.6746959686279297
E8.0-R2,E9.0-R1,42,10681,92063,28.592422485351562,0.6489763259887695
E8.0-R2,E9.0-R1,43,10681,92063,28.072315216064453,0.6664981842041016
E8.0-R2,E9.0-R1,44,10681,92063,28.100643157958984,0.6859092712402344
E8.0-R2,E9.0-R1,45,10681,92063,28.073759078979492,0.6873493194580078
E8.0-R2,E9.0-R1,46,10681,92063,28.29010009765625,0.716609001159668
E8.0-R2,E9.0-R1,47,10681,92063,28.54323387145996,0.7151126861572266
E8.0-R2,E9.0-R1,48,10681,92063,27.952041625976562,0.6935558319091797
E8.0-R2,E9.0-R1,49,10681,92063,27.4281005859375,0.6893901824951172
E8.0-R2,E9.0-R2,0,10681,99878,28.364704132080078,0.8007736206054688
E8.0-R2,E9.0-R2,1,10681,99878,28.437877655029297,0.7726583480834961
E8.0-R2,E9.0-R2,2,10681,99878,29.37540626525879,0.8148822784423828
E8.0-R2,E9.0-R2,3,10681,99878,28.73968505859375,0.7943706512451172
E8.0-R2,E9.0-R2,4,10681,99878,29.03638458251953,0.8544683456420898
E8.0-R2,E9.0-R2,5,10681,99878,28.814762115478516,0.7504673004150391
E8.0-R2,E9.0-R2,6,10681,99878,29.630435943603516,0.8084402084350586
E8.0-R2,E9.0-R2,7,10681,99878,28.439918518066406,0.7412853240966797
E8.0-R2,E9.0-R2,8,10681,99878,30.033050537109375,0.8522415161132812
E8.0-R2,E9.0-R2,9,10681,99878,28.254688262939453,0.7192182540893555
E8.0-R2,E9.0-R2,10,10681,99878,29.228328704833984,0.8031129837036133
E8.0-R2,E9.0-R2,11,10681,99878,29.289798736572266,0.8080244064331055
E8.0-R2,E9.0-R2,12,10681,99878,29.1619815826416,0.8151559829711914
E8.0-R2,E9.0-R2,13,10681,99878,27.817628860473633,0.7255287170410156
E8.0-R2,E9.0-R2,14,10681,99878,30.27337646484375,0.8434514999389648
E8.0-R2,E9.0-R2,15,10681,99878,28.324058532714844,0.7538290023803711
E8.0-R2,E9.0-R2,16,10681,99878,30.09422492980957,0.857539176940918
E8.0-R2,E9.0-R2,17,10681,99878,29.14776039123535,0.7749767303466797
E8.0-R2,E9.0-R2,18,10681,99878,29.19090461730957,0.8494644165039062
E8.0-R2,E9.0-R2,19,10681,99878,28.071229934692383,0.7368955612182617
E8.0-R2,E9.0-R2,20,10681,99878,29.822948455810547,0.8069095611572266
E8.0-R2,E9.0-R2,21,10681,99878,28.398052215576172,0.7790327072143555
E8.0-R2,E9.0-R2,22,10681,99878,28.75582504272461,0.7765178680419922
E8.0-R2,E9.0-R2,23,10681,99878,28.887866973876953,0.8172607421875
E8.0-R2,E9.0-R2,24,10681,99878,29.658105850219727,0.8236217498779297
E8.0-R2,E9.0-R2,25,10681,99878,27.77960777282715,0.7473249435424805
E8.0-R2,E9.0-R2,26,10681,99878,29.42165756225586,0.852900505065918
E8.0-R2,E9.0-R2,27,10681,99878,29.546463012695312,0.7943620681762695
E8.0-R2,E9.0-R2,28,10681,99878,29.7167911529541,0.7922782897949219
E8.0-R2,E9.0-R2,29,10681,99878,30.44686508178711,0.8384466171264648
E8.0-R2,E9.0-R2,30,10681,99878,29.316707611083984,0.8058290481567383
E8.0-R2,E9.0-R2,31,10681,99878,29.323177337646484,0.7388238906860352
E8.0-R2,E9.0-R2,32,10681,99878,28.875328063964844,0.7670803070068359
E8.0-R2,E9.0-R2,33,10681,99878,28.755905151367188,0.8356838226318359
E8.0-R2,E9.0-R2,34,10681,99878,29.02334213256836,0.7771224975585938
E8.0-R2,E9.0-R2,35,10681,99878,29.323116302490234,0.8137569427490234
E8.0-R2,E9.0-R2,36,10681,99878,30.038623809814453,0.8403253555297852
E8.0-R2,E9.0-R2,37,10681,99878,29.950258255004883,0.8877449035644531
E8.0-R2,E9.0-R2,38,10681,99878,29.391603469848633,0.8084068298339844
E8.0-R2,E9.0-R2,39,10681,99878,28.983871459960938,0.815150260925293
E8.0-R2,E9.0-R2,40,10681,99878,29.857097625732422,0.8197050094604492
E8.0-R2,E9.0-R2,41,10681,99878,29.488941192626953,0.7997636795043945
E8.0-R2,E9.0-R2,42,10681,99878,28.894968032836914,0.823267936706543
E8.0-R2,E9.0-R2,43,10681,99878,29.81124496459961,0.7838726043701172
E8.0-R2,E9.0-R2,44,10681,99878,29.706405639648438,0.8267917633056641
E8.0-R2,E9.0-R2,45,10681,99878,30.157623291015625,0.8593540191650391
E8.0-R2,E9.0-R2,46,10681,99878,28.84178924560547,0.7846403121948242
E8.0-R2,E9.0-R2,47,10681,99878,29.836904525756836,0.8214864730834961
E8.0-R2,E9.0-R2,48,10681,99878,29.855419158935547,0.7888641357421875
E8.0-R2,E9.0-R2,49,10681,99878,29.257997512817383,0.7856245040893555
E8.0-R2,E9.0-R3,0,10681,62867,23.732566833496094,0.3970069885253906
E8.0-R2,E9.0-R3,1,10681,62867,22.976951599121094,0.39806365966796875
E8.0-R2,E9.0-R3,2,10681,62867,22.076431274414062,0.37827301025390625
E8.0-R2,E9.0-R3,3,10681,62867,22.802555084228516,0.39229488372802734
E8.0-R2,E9.0-R3,4,10681,62867,23.55138397216797,0.4335899353027344
E8.0-R2,E9.0-R3,5,10681,62867,23.02098274230957,0.37958335876464844
E8.0-R2,E9.0-R3,6,10681,62867,23.611907958984375,0.4046049118041992
E8.0-R2,E9.0-R3,7,10681,62867,23.88442039489746,0.4229288101196289
E8.0-R2,E9.0-R3,8,10681,62867,23.366687774658203,0.3736410140991211
E8.0-R2,E9.0-R3,9,10681,62867,23.22210121154785,0.41254234313964844
E8.0-R2,E9.0-R3,10,10681,62867,25.254562377929688,0.4260082244873047
E8.0-R2,E9.0-R3,11,10681,62867,24.385725021362305,0.4168672561645508
E8.0-R2,E9.0-R3,12,10681,62867,23.06319236755371,0.3693380355834961
E8.0-R2,E9.0-R3,13,10681,62867,22.785282135009766,0.40622901916503906
E8.0-R2,E9.0-R3,14,10681,62867,23.240562438964844,0.3663921356201172
E8.0-R2,E9.0-R3,15,10681,62867,23.068174362182617,0.3898601531982422
E8.0-R2,E9.0-R3,16,10681,62867,22.418277740478516,0.38529300689697266
E8.0-R2,E9.0-R3,17,10681,62867,23.39086151123047,0.4362668991088867
E8.0-R2,E9.0-R3,18,10681,62867,23.68875503540039,0.4629545211791992
E8.0-R2,E9.0-R3,19,10681,62867,23.049484252929688,0.39932727813720703
E8.0-R2,E9.0-R3,20,10681,62867,23.621238708496094,0.4289999008178711
E8.0-R2,E9.0-R3,21,10681,62867,23.232189178466797,0.38997459411621094
E8.0-R2,E9.0-R3,22,10681,62867,23.697235107421875,0.4333915710449219
E8.0-R2,E9.0-R3,23,10681,62867,23.371904373168945,0.4003171920776367
E8.0-R2,E9.0-R3,24,10681,62867,23.173324584960938,0.4007091522216797
E8.0-R2,E9.0-R3,25,10681,62867,23.764911651611328,0.42767333984375
E8.0-R2,E9.0-R3,26,10681,62867,23.209632873535156,0.37615203857421875
E8.0-R2,E9.0-R3,27,10681,62867,23.503320693969727,0.4165611267089844
E8.0-R2,E9.0-R3,28,10681,62867,23.42390251159668,0.3910503387451172
E8.0-R2,E9.0-R3,29,10681,62867,23.670944213867188,0.4487457275390625
E8.0-R2,E9.0-R3,30,10681,62867,23.31106185913086,0.4021768569946289
E8.0-R2,E9.0-R3,31,10681,62867,23.869953155517578,0.44112491607666016
E8.0-R2,E9.0-R3,32,10681,62867,24.213211059570312,0.4119539260864258
E8.0-R2,E9.0-R3,33,10681,62867,24.231224060058594,0.4454212188720703
E8.0-R2,E9.0-R3,34,10681,62867,22.55637550354004,0.4248218536376953
E8.0-R2,E9.0-R3,35,10681,62867,23.42995834350586,0.38932037353515625
E8.0-R2,E9.0-R3,36,10681,62867,23.70574951171875,0.43172264099121094
E8.0-R2,E9.0-R3,37,10681,62867,22.976707458496094,0.43188953399658203
E8.0-R2,E9.0-R3,38,10681,62867,23.0389404296875,0.3578643798828125
E8.0-R2,E9.0-R3,39,10681,62867,24.591842651367188,0.4097328186035156
E8.0-R2,E9.0-R3,40,10681,62867,23.21070098876953,0.36191558837890625
E8.0-R2,E9.0-R3,41,10681,62867,23.854679107666016,0.3753480911254883
E8.0-R2,E9.0-R3,42,10681,62867,22.73486328125,0.39537811279296875
E8.0-R2,E9.0-R3,43,10681,62867,23.510784149169922,0.3749198913574219
E8.0-R2,E9.0-R3,44,10681,62867,24.201229095458984,0.3984565734863281
E8.0-R2,E9.0-R3,45,10681,62867,22.808414459228516,0.38037967681884766
E8.0-R2,E9.0-R3,46,10681,62867,23.658248901367188,0.41085338592529297
E8.0-R2,E9.0-R3,47,10681,62867,23.24256134033203,0.3769989013671875
E8.0-R2,E9.0-R3,48,10681,62867,23.52418327331543,0.38722801208496094
E8.0-R2,E9.0-R3,49,10681,62867,23.43450927734375,0.4084491729736328
E8.0-R2,E9.5-R1,0,10681,383453,37.69249725341797,1.361781120300293
E8.0-R2,E9.5-R1,1,10681,383453,37.973323822021484,1.3809700012207031
E8.0-R2,E9.5-R1,2,10681,383453,37.588497161865234,1.3254318237304688
E8.0-R2,E9.5-R1,3,10681,383453,38.268821716308594,1.3563766479492188
E8.0-R2,E9.5-R1,4,10681,383453,38.010765075683594,1.369929313659668
E8.0-R2,E9.5-R1,5,10681,383453,38.173805236816406,1.3631210327148438
E8.0-R2,E9.5-R1,6,10681,383453,37.388450622558594,1.3208532333374023
E8.0-R2,E9.5-R1,7,10681,383453,38.710594177246094,1.356419563293457
E8.0-R2,E9.5-R1,8,10681,383453,38.142967224121094,1.3170223236083984
E8.0-R2,E9.5-R1,9,10681,383453,38.38212966918945,1.3566474914550781
E8.0-R2,E9.5-R1,10,10681,383453,38.37849807739258,1.3535022735595703
E8.0-R2,E9.5-R1,11,10681,383453,37.80632781982422,1.3733406066894531
E8.0-R2,E9.5-R1,12,10681,383453,38.3394775390625,1.3994464874267578
E8.0-R2,E9.5-R1,13,10681,383453,37.38323974609375,1.3071155548095703
E8.0-R2,E9.5-R1,14,10681,383453,38.24488067626953,1.3228635787963867
E8.0-R2,E9.5-R1,15,10681,383453,38.35099411010742,1.3321723937988281
E8.0-R2,E9.5-R1,16,10681,383453,38.45722961425781,1.3603277206420898
E8.0-R2,E9.5-R1,17,10681,383453,38.418697357177734,1.3004913330078125
E8.0-R2,E9.5-R1,18,10681,383453,38.70276641845703,1.404296875
E8.0-R2,E9.5-R1,19,10681,383453,38.40102005004883,1.3528804779052734
E8.0-R2,E9.5-R1,20,10681,383453,38.56968688964844,1.343674659729004
E8.0-R2,E9.5-R1,21,10681,383453,37.851158142089844,1.3504676818847656
E8.0-R2,E9.5-R1,22,10681,383453,37.98968505859375,1.3316469192504883
E8.0-R2,E9.5-R1,23,10681,383453,37.921485900878906,1.355926513671875
E8.0-R2,E9.5-R1,24,10681,383453,38.18952178955078,1.3230628967285156
E8.0-R2,E9.5-R1,25,10681,383453,38.50043487548828,1.3543434143066406
E8.0-R2,E9.5-R1,26,10681,383453,38.89635467529297,1.3482379913330078
E8.0-R2,E9.5-R1,27,10681,383453,38.073585510253906,1.340683937072754
E8.0-R2,E9.5-R1,28,10681,383453,38.46467590332031,1.3743953704833984
E8.0-R2,E9.5-R1,29,10681,383453,38.276939392089844,1.3501300811767578
E8.0-R2,E9.5-R1,30,10681,383453,38.875709533691406,1.3759965896606445
E8.0-R2,E9.5-R1,31,10681,383453,38.14924621582031,1.4004573822021484
E8.0-R2,E9.5-R1,32,10681,383453,37.302188873291016,1.3228702545166016
E8.0-R2,E9.5-R1,33,10681,383453,38.06935501098633,1.332223892211914
E8.0-R2,E9.5-R1,34,10681,383453,38.125640869140625,1.3652420043945312
E8.0-R2,E9.5-R1,35,10681,383453,37.393524169921875,1.3459835052490234
E8.0-R2,E9.5-R1,36,10681,383453,38.10021209716797,1.3476381301879883
E8.0-R2,E9.5-R1,37,10681,383453,38.50896072387695,1.3626556396484375
E8.0-R2,E9.5-R1,38,10681,383453,38.19429397583008,1.3032312393188477
E8.0-R2,E9.5-R1,39,10681,383453,38.91852951049805,1.358856201171875
E8.0-R2,E9.5-R1,40,10681,383453,37.76923370361328,1.3685808181762695
E8.0-R2,E9.5-R1,41,10681,383453,38.2598876953125,1.3963022232055664
E8.0-R2,E9.5-R1,42,10681,383453,37.252288818359375,1.3395719528198242
E8.0-R2,E9.5-R1,43,10681,383453,38.10231018066406,1.3285207748413086
E8.0-R2,E9.5-R1,44,10681,383453,38.58818054199219,1.3682918548583984
E8.0-R2,E9.5-R1,45,10681,383453,38.09713363647461,1.3854360580444336
E8.0-R2,E9.5-R1,46,10681,383453,37.74588394165039,1.297724723815918
E8.0-R2,E9.5-R1,47,10681,383453,38.4844970703125,1.3599414825439453
E8.0-R2,E9.5-R1,48,10681,383453,38.31973648071289,1.3225736618041992
E8.0-R2,E9.5-R1,49,10681,383453,37.991085052490234,1.3657464981079102
E8.0-R2,E9.5-R2,0,10681,350716,37.85926055908203,1.278223991394043
E8.0-R2,E9.5-R2,1,10681,350716,38.71379852294922,1.2838134765625
E8.0-R2,E9.5-R2,2,10681,350716,38.50962829589844,1.2867565155029297
E8.0-R2,E9.5-R2,3,10681,350716,39.40760803222656,1.2876014709472656
E8.0-R2,E9.5-R2,4,10681,350716,38.69384002685547,1.338515281677246
E8.0-R2,E9.5-R2,5,10681,350716,38.102256774902344,1.3083362579345703
E8.0-R2,E9.5-R2,6,10681,350716,38.89466857910156,1.2552251815795898
E8.0-R2,E9.5-R2,7,10681,350716,37.94816589355469,1.2252893447875977
E8.0-R2,E9.5-R2,8,10681,350716,38.87733459472656,1.311324119567871
E8.0-R2,E9.5-R2,9,10681,350716,39.483001708984375,1.3268108367919922
E8.0-R2,E9.5-R2,10,10681,350716,38.45301818847656,1.292257308959961
E8.0-R2,E9.5-R2,11,10681,350716,39.769901275634766,1.2749910354614258
E8.0-R2,E9.5-R2,12,10681,350716,38.16053771972656,1.2429046630859375
E8.0-R2,E9.5-R2,13,10681,350716,38.684669494628906,1.2703075408935547
E8.0-R2,E9.5-R2,14,10681,350716,38.95244216918945,1.277176856994629
E8.0-R2,E9.5-R2,15,10681,350716,38.37725067138672,1.2690114974975586
E8.0-R2,E9.5-R2,16,10681,350716,38.28895568847656,1.2862548828125
E8.0-R2,E9.5-R2,17,10681,350716,38.24066925048828,1.2840814590454102
E8.0-R2,E9.5-R2,18,10681,350716,38.08722686767578,1.2800674438476562
E8.0-R2,E9.5-R2,19,10681,350716,37.36997985839844,1.2608051300048828
E8.0-R2,E9.5-R2,20,10681,350716,39.29120635986328,1.3077716827392578
E8.0-R2,E9.5-R2,21,10681,350716,37.782135009765625,1.2227935791015625
E8.0-R2,E9.5-R2,22,10681,350716,38.196495056152344,1.2548770904541016
E8.0-R2,E9.5-R2,23,10681,350716,38.748626708984375,1.3211498260498047
E8.0-R2,E9.5-R2,24,10681,350716,37.44737243652344,1.2483348846435547
E8.0-R2,E9.5-R2,25,10681,350716,38.855709075927734,1.252145767211914
E8.0-R2,E9.5-R2,26,10681,350716,39.321250915527344,1.3019752502441406
E8.0-R2,E9.5-R2,27,10681,350716,39.37196350097656,1.3671417236328125
E8.0-R2,E9.5-R2,28,10681,350716,37.395545959472656,1.204446792602539
E8.0-R2,E9.5-R2,29,10681,350716,38.076332092285156,1.2281570434570312
E8.0-R2,E9.5-R2,30,10681,350716,38.65998840332031,1.3082408905029297
E8.0-R2,E9.5-R2,31,10681,350716,38.81510925292969,1.286381721496582
E8.0-R2,E9.5-R2,32,10681,350716,37.273616790771484,1.2668647766113281
E8.0-R2,E9.5-R2,33,10681,350716,37.709983825683594,1.2133941650390625
E8.0-R2,E9.5-R2,34,10681,350716,38.67568588256836,1.3005590438842773
E8.0-R2,E9.5-R2,35,10681,350716,37.56756591796875,1.2869243621826172
E8.0-R2,E9.5-R2,36,10681,350716,38.723548889160156,1.2835826873779297
E8.0-R2,E9.5-R2,37,10681,350716,38.50068664550781,1.3125438690185547
E8.0-R2,E9.5-R2,38,10681,350716,37.67885208129883,1.2456960678100586
E8.0-R2,E9.5-R2,39,10681,350716,39.079322814941406,1.3133974075317383
E8.0-R2,E9.5-R2,40,10681,350716,38.344757080078125,1.2685890197753906
E8.0-R2,E9.5-R2,41,10681,350716,37.8536262512207,1.222574234008789
E8.0-R2,E9.5-R2,42,10681,350716,39.2154426574707,1.29217529296875
E8.0-R2,E9.5-R2,43,10681,350716,38.20399475097656,1.3233842849731445
E8.0-R2,E9.5-R2,44,10681,350716,38.63522720336914,1.2927188873291016
E8.0-R2,E9.5-R2,45,10681,350716,39.36123275756836,1.2302532196044922
E8.0-R2,E9.5-R2,46,10681,350716,39.458091735839844,1.3640098571777344
E8.0-R2,E9.5-R2,47,10681,350716,38.12134552001953,1.2663230895996094
E8.0-R2,E9.5-R2,48,10681,350716,38.55220031738281,1.2885818481445312
E8.0-R2,E9.5-R2,49,10681,350716,37.884830474853516,1.226461410522461
E8.0-R2,E9.5-R3,0,10681,342873,39.03668975830078,1.3630361557006836
E8.0-R2,E9.5-R3,1,10681,342873,36.81278610229492,1.3232011795043945
E8.0-R2,E9.5-R3,2,10681,342873,38.40711212158203,1.3419599533081055
E8.0-R2,E9.5-R3,3,10681,342873,37.29216384887695,1.272688865661621
E8.0-R2,E9.5-R3,4,10681,342873,38.562660217285156,1.3439579010009766
E8.0-R2,E9.5-R3,5,10681,342873,37.55139923095703,1.310399055480957
E8.0-R2,E9.5-R3,6,10681,342873,37.37450408935547,1.3338441848754883
E8.0-R2,E9.5-R3,7,10681,342873,36.59944152832031,1.2856292724609375
E8.0-R2,E9.5-R3,8,10681,342873,37.50005340576172,1.314906120300293
E8.0-R2,E9.5-R3,9,10681,342873,38.30853271484375,1.3058891296386719
E8.0-R2,E9.5-R3,10,10681,342873,36.987876892089844,1.2873010635375977
E8.0-R2,E9.5-R3,11,10681,342873,39.27641296386719,1.3944721221923828
E8.0-R2,E9.5-R3,12,10681,342873,37.973304748535156,1.3321952819824219
E8.0-R2,E9.5-R3,13,10681,342873,38.04856872558594,1.3829050064086914
E8.0-R2,E9.5-R3,14,10681,342873,38.088661193847656,1.302617073059082
E8.0-R2,E9.5-R3,15,10681,342873,37.27513122558594,1.325852394104004
E8.0-R2,E9.5-R3,16,10681,342873,38.110443115234375,1.3571653366088867
E8.0-R2,E9.5-R3,17,10681,342873,37.75794982910156,1.3359918594360352
E8.0-R2,E9.5-R3,18,10681,342873,37.30296325683594,1.3277807235717773
E8.0-R2,E9.5-R3,19,10681,342873,37.33760452270508,1.2901325225830078
E8.0-R2,E9.5-R3,20,10681,342873,37.41048812866211,1.3237676620483398
E8.0-R2,E9.5-R3,21,10681,342873,38.275390625,1.331009864807129
E8.0-R2,E9.5-R3,22,10681,342873,37.33885192871094,1.3077993392944336
E8.0-R2,E9.5-R3,23,10681,342873,37.3560791015625,1.333451271057129
E8.0-R2,E9.5-R3,24,10681,342873,39.051605224609375,1.3717641830444336
E8.0-R2,E9.5-R3,25,10681,342873,36.382041931152344,1.3273639678955078
E8.0-R2,E9.5-R3,26,10681,342873,37.33063507080078,1.3115110397338867
E8.0-R2,E9.5-R3,27,10681,342873,37.84994888305664,1.344405174255371
E8.0-R2,E9.5-R3,28,10681,342873,37.17316436767578,1.2537612915039062
E8.0-R2,E9.5-R3,29,10681,342873,37.49781799316406,1.3467826843261719
E8.0-R2,E9.5-R3,30,10681,342873,37.96893310546875,1.3514556884765625
E8.0-R2,E9.5-R3,31,10681,342873,38.01164245605469,1.3405303955078125
E8.0-R2,E9.5-R3,32,10681,342873,38.27224349975586,1.2819881439208984
E8.0-R2,E9.5-R3,33,10681,342873,38.422698974609375,1.3351192474365234
E8.0-R2,E9.5-R3,34,10681,342873,37.81709289550781,1.3239364624023438
E8.0-R2,E9.5-R3,35,10681,342873,37.50831604003906,1.3248977661132812
E8.0-R2,E9.5-R3,36,10681,342873,37.29279708862305,1.3378524780273438
E8.0-R2,E9.5-R3,37,10681,342873,37.801334381103516,1.275247573852539
E8.0-R2,E9.5-R3,38,10681,342873,38.06647491455078,1.3430938720703125
E8.0-R2,E9.5-R3,39,10681,342873,38.057373046875,1.3682670593261719
E8.0-R2,E9.5-R3,40,10681,342873,37.437808990478516,1.299025535583496
E8.0-R2,E9.5-R3,41,10681,342873,38.10285568237305,1.3127193450927734
E8.0-R2,E9.5-R3,42,10681,342873,37.39265441894531,1.3570280075073242
E8.0-R2,E9.5-R3,43,10681,342873,37.276206970214844,1.3381834030151367
E8.0-R2,E9.5-R3,44,10681,342873,37.923194885253906,1.2831649780273438
E8.0-R2,E9.5-R3,45,10681,342873,39.141998291015625,1.3602418899536133
E8.0-R2,E9.5-R3,46,10681,342873,36.74296569824219,1.274094581604004
E8.0-R2,E9.5-R3,47,10681,342873,37.534698486328125,1.2718114852905273
E8.0-R2,E9.5-R3,48,10681,342873,37.63948059082031,1.3177986145019531
E8.0-R2,E9.5-R3,49,10681,342873,37.54736328125,1.299971580505371
E8.0-R2,E10.0-R1,0,10681,347550,43.609893798828125,1.5067129135131836
E8.0-R2,E10.0-R1,1,10681,347550,45.95229721069336,1.556920051574707
E8.0-R2,E10.0-R1,2,10681,347550,43.95905303955078,1.5234661102294922
E8.0-R2,E10.0-R1,3,10681,347550,43.70173263549805,1.5372772216796875
E8.0-R2,E10.0-R1,4,10681,347550,44.13286209106445,1.5663394927978516
E8.0-R2,E10.0-R1,5,10681,347550,44.443992614746094,1.5050067901611328
E8.0-R2,E10.0-R1,6,10681,347550,43.41550827026367,1.537886619567871
E8.0-R2,E10.0-R1,7,10681,347550,44.471832275390625,1.5545978546142578
E8.0-R2,E10.0-R1,8,10681,347550,45.3225212097168,1.622323989868164
E8.0-R2,E10.0-R1,9,10681,347550,44.99529266357422,1.6504325866699219
E8.0-R2,E10.0-R1,10,10681,347550,43.68122100830078,1.508035659790039
E8.0-R2,E10.0-R1,11,10681,347550,43.78107452392578,1.4626073837280273
E8.0-R2,E10.0-R1,12,10681,347550,44.024070739746094,1.5816335678100586
E8.0-R2,E10.0-R1,13,10681,347550,44.646881103515625,1.563699722290039
E8.0-R2,E10.0-R1,14,10681,347550,44.62706756591797,1.5819511413574219
E8.0-R2,E10.0-R1,15,10681,347550,44.048240661621094,1.4942569732666016
E8.0-R2,E10.0-R1,16,10681,347550,45.905460357666016,1.5370922088623047
E8.0-R2,E10.0-R1,17,10681,347550,44.52707290649414,1.5335054397583008
E8.0-R2,E10.0-R1,18,10681,347550,44.29484558105469,1.565995216369629
E8.0-R2,E10.0-R1,19,10681,347550,43.73828887939453,1.4882793426513672
E8.0-R2,E10.0-R1,20,10681,347550,44.250762939453125,1.4957895278930664
E8.0-R2,E10.0-R1,21,10681,347550,45.202003479003906,1.4901981353759766
E8.0-R2,E10.0-R1,22,10681,347550,44.51603317260742,1.6023883819580078
E8.0-R2,E10.0-R1,23,10681,347550,43.75483703613281,1.533961296081543
E8.0-R2,E10.0-R1,24,10681,347550,44.42558288574219,1.5455598831176758
E8.0-R2,E10.0-R1,25,10681,347550,44.09980773925781,1.5065279006958008
E8.0-R2,E10.0-R1,26,10681,347550,44.728424072265625,1.5666475296020508
E8.0-R2,E10.0-R1,27,10681,347550,44.44807815551758,1.5788183212280273
E8.0-R2,E10.0-R1,28,10681,347550,46.0838623046875,1.5457277297973633
E8.0-R2,E10.0-R1,29,10681,347550,44.36663818359375,1.5367965698242188
E8.0-R2,E10.0-R1,30,10681,347550,43.356842041015625,1.5851554870605469
E8.0-R2,E10.0-R1,31,10681,347550,44.675437927246094,1.5536270141601562
E8.0-R2,E10.0-R1,32,10681,347550,43.471866607666016,1.5289888381958008
E8.0-R2,E10.0-R1,33,10681,347550,44.00071716308594,1.5677595138549805
E8.0-R2,E10.0-R1,34,10681,347550,44.26840591430664,1.5563764572143555
E8.0-R2,E10.0-R1,35,10681,347550,44.88328170776367,1.6015405654907227
E8.0-R2,E10.0-R1,36,10681,347550,44.52136993408203,1.5702695846557617
E8.0-R2,E10.0-R1,37,10681,347550,43.71537780761719,1.5349082946777344
E8.0-R2,E10.0-R1,38,10681,347550,42.58118438720703,1.4942264556884766
E8.0-R2,E10.0-R1,39,10681,347550,43.70366668701172,1.5270986557006836
E8.0-R2,E10.0-R1,40,10681,347550,45.55896759033203,1.5847501754760742
E8.0-R2,E10.0-R1,41,10681,347550,44.364112854003906,1.5437850952148438
E8.0-R2,E10.0-R1,42,10681,347550,43.80286407470703,1.587961196899414
E8.0-R2,E10.0-R1,43,10681,347550,44.31462860107422,1.567397117614746
E8.0-R2,E10.0-R1,44,10681,347550,44.41435241699219,1.537820816040039
E8.0-R2,E10.0-R1,45,10681,347550,44.20636749267578,1.523172378540039
E8.0-R2,E10.0-R1,46,10681,347550,44.193275451660156,1.5432367324829102
E8.0-R2,E10.0-R1,47,10681,347550,43.64556121826172,1.5770606994628906
E8.0-R2,E10.0-R1,48,10681,347550,43.76600646972656,1.502610206604004
E8.0-R2,E10.0-R1,49,10681,347550,44.42875671386719,1.5407428741455078
E8.0-R3,E8.5-R1,0,6763,23435,27.587017059326172,0.7193870544433594
E8.0-R3,E8.5-R1,1,6763,23435,28.011463165283203,0.703404426574707
E8.0-R3,E8.5-R1,2,6763,23435,28.427654266357422,0.7476749420166016
E8.0-R3,E8.5-R1,3,6763,23435,26.80325698852539,0.7035417556762695
E8.0-R3,E8.5-R1,4,6763,23435,27.566768646240234,0.7512598037719727
E8.0-R3,E8.5-R1,5,6763,23435,27.412599563598633,0.7813205718994141
E8.0-R3,E8.5-R1,6,6763,23435,28.132762908935547,0.7248497009277344
E8.0-R3,E8.5-R1,7,6763,23435,27.560150146484375,0.7642812728881836
E8.0-R3,E8.5-R1,8,6763,23435,27.637666702270508,0.7353324890136719
E8.0-R3,E8.5-R1,9,6763,23435,27.701383590698242,0.7478876113891602
E8.0-R3,E8.5-R1,10,6763,23435,29.040225982666016,0.7796850204467773
E8.0-R3,E8.5-R1,11,6763,23435,27.47894287109375,0.7437248229980469
E8.0-R3,E8.5-R1,12,6763,23435,29.43392562866211,0.7459125518798828
E8.0-R3,E8.5-R1,13,6763,23435,27.263269424438477,0.7093210220336914
E8.0-R3,E8.5-R1,14,6763,23435,27.886348724365234,0.7892465591430664
E8.0-R3,E8.5-R1,15,6763,23435,27.38500213623047,0.6668453216552734
E8.0-R3,E8.5-R1,16,6763,23435,27.698768615722656,0.7699041366577148
E8.0-R3,E8.5-R1,17,6763,23435,27.855222702026367,0.7438850402832031
E8.0-R3,E8.5-R1,18,6763,23435,29.453466415405273,0.708674430847168
E8.0-R3,E8.5-R1,19,6763,23435,29.08824348449707,0.8142938613891602
E8.0-R3,E8.5-R1,20,6763,23435,28.27169418334961,0.7607011795043945
E8.0-R3,E8.5-R1,21,6763,23435,27.531742095947266,0.7337675094604492
E8.0-R3,E8.5-R1,22,6763,23435,27.615503311157227,0.7181987762451172
E8.0-R3,E8.5-R1,23,6763,23435,28.95125961303711,0.739933967590332
E8.0-R3,E8.5-R1,24,6763,23435,28.453746795654297,0.7628564834594727
E8.0-R3,E8.5-R1,25,6763,23435,28.75341796875,0.8335418701171875
E8.0-R3,E8.5-R1,26,6763,23435,25.913639068603516,0.7112245559692383
E8.0-R3,E8.5-R1,27,6763,23435,28.16665267944336,0.7705812454223633
E8.0-R3,E8.5-R1,28,6763,23435,27.606212615966797,0.7673749923706055
E8.0-R3,E8.5-R1,29,6763,23435,27.721195220947266,0.705784797668457
E8.0-R3,E8.5-R1,30,6763,23435,27.565105438232422,0.7099695205688477
E8.0-R3,E8.5-R1,31,6763,23435,29.29787826538086,0.7544288635253906
E8.0-R3,E8.5-R1,32,6763,23435,27.348445892333984,0.6816396713256836
E8.0-R3,E8.5-R1,33,6763,23435,27.09438705444336,0.756744384765625
E8.0-R3,E8.5-R1,34,6763,23435,28.855003356933594,0.7508087158203125
E8.0-R3,E8.5-R1,35,6763,23435,26.894248962402344,0.7006769180297852
E8.0-R3,E8.5-R1,36,6763,23435,28.43095588684082,0.7250728607177734
E8.0-R3,E8.5-R1,37,6763,23435,27.89993667602539,0.7645177841186523
E8.0-R3,E8.5-R1,38,6763,23435,27.37238311767578,0.842926025390625
E8.0-R3,E8.5-R1,39,6763,23435,28.395282745361328,0.7078466415405273
E8.0-R3,E8.5-R1,40,6763,23435,27.791240692138672,0.7348384857177734
E8.0-R3,E8.5-R1,41,6763,23435,28.85845947265625,0.7983055114746094
E8.0-R3,E8.5-R1,42,6763,23435,28.22543716430664,0.8127946853637695
E8.0-R3,E8.5-R1,43,6763,23435,28.437271118164062,0.7515687942504883
E8.0-R3,E8.5-R1,44,6763,23435,29.08539581298828,0.8115577697753906
E8.0-R3,E8.5-R1,45,6763,23435,28.421344757080078,0.7688531875610352
E8.0-R3,E8.5-R1,46,6763,23435,27.709810256958008,0.8317012786865234
E8.0-R3,E8.5-R1,47,6763,23435,28.062349319458008,0.707301139831543
E8.0-R3,E8.5-R1,48,6763,23435,30.203142166137695,0.8108272552490234
E8.0-R3,E8.5-R1,49,6763,23435,28.13097381591797,0.716425895690918
E8.0-R3,E8.5-R2,0,6763,38216,29.94149398803711,0.8715810775756836
E8.0-R3,E8.5-R2,1,6763,38216,28.28154182434082,0.7505931854248047
E8.0-R3,E8.5-R2,2,6763,38216,29.68233871459961,0.7748994827270508
E8.0-R3,E8.5-R2,3,6763,38216,28.23040771484375,0.7417411804199219
E8.0-R3,E8.5-R2,4,6763,38216,28.358348846435547,0.7201442718505859
E8.0-R3,E8.5-R2,5,6763,38216,29.717849731445312,0.821223258972168
E8.0-R3,E8.5-R2,6,6763,38216,29.03069305419922,0.8157072067260742
E8.0-R3,E8.5-R2,7,6763,38216,28.778345108032227,0.824833869934082
E8.0-R3,E8.5-R2,8,6763,38216,28.310325622558594,0.7797775268554688
E8.0-R3,E8.5-R2,9,6763,38216,28.300792694091797,0.7347202301025391
E8.0-R3,E8.5-R2,10,6763,38216,28.112699508666992,0.7453937530517578
E8.0-R3,E8.5-R2,11,6763,38216,28.29412078857422,0.808253288269043
E8.0-R3,E8.5-R2,12,6763,38216,28.397789001464844,0.7872161865234375
E8.0-R3,E8.5-R2,13,6763,38216,30.38260269165039,0.8474674224853516
E8.0-R3,E8.5-R2,14,6763,38216,28.878816604614258,0.7880363464355469
E8.0-R3,E8.5-R2,15,6763,38216,29.70636558532715,0.8445234298706055
E8.0-R3,E8.5-R2,16,6763,38216,28.15876579284668,0.7741632461547852
E8.0-R3,E8.5-R2,17,6763,38216,28.567514419555664,0.7571525573730469
E8.0-R3,E8.5-R2,18,6763,38216,29.53697967529297,0.7868022918701172
E8.0-R3,E8.5-R2,19,6763,38216,29.154743194580078,0.7886724472045898
E8.0-R3,E8.5-R2,20,6763,38216,28.968120574951172,0.8077411651611328
E8.0-R3,E8.5-R2,21,6763,38216,28.23059844970703,0.7411470413208008
E8.0-R3,E8.5-R2,22,6763,38216,28.010589599609375,0.7352504730224609
E8.0-R3,E8.5-R2,23,6763,38216,29.943618774414062,0.8556756973266602
E8.0-R3,E8.5-R2,24,6763,38216,29.12527847290039,0.782719612121582
E8.0-R3,E8.5-R2,25,6763,38216,28.724910736083984,0.7752923965454102
E8.0-R3,E8.5-R2,26,6763,38216,30.05552101135254,0.7677030563354492
E8.0-R3,E8.5-R2,27,6763,38216,28.292224884033203,0.80487060546875
E8.0-R3,E8.5-R2,28,6763,38216,28.553112030029297,0.7709102630615234
E8.0-R3,E8.5-R2,29,6763,38216,30.70257568359375,0.8960132598876953
E8.0-R3,E8.5-R2,30,6763,38216,27.911266326904297,0.7423248291015625
E8.0-R3,E8.5-R2,31,6763,38216,28.547229766845703,0.7030096054077148
E8.0-R3,E8.5-R2,32,6763,38216,30.092174530029297,0.739232063293457
E8.0-R3,E8.5-R2,33,6763,38216,29.071971893310547,0.7991018295288086
E8.0-R3,E8.5-R2,34,6763,38216,29.428804397583008,0.7947711944580078
E8.0-R3,E8.5-R2,35,6763,38216,28.602935791015625,0.7509307861328125
E8.0-R3,E8.5-R2,36,6763,38216,29.583093643188477,0.8607149124145508
E8.0-R3,E8.5-R2,37,6763,38216,28.737876892089844,0.7487983703613281
E8.0-R3,E8.5-R2,38,6763,38216,28.36270523071289,0.8356084823608398
E8.0-R3,E8.5-R2,39,6763,38216,27.879974365234375,0.7831315994262695
E8.0-R3,E8.5-R2,40,6763,38216,28.6863956451416,0.6816062927246094
E8.0-R3,E8.5-R2,41,6763,38216,28.245494842529297,0.7608747482299805
E8.0-R3,E8.5-R2,42,6763,38216,29.404277801513672,0.7690258026123047
E8.0-R3,E8.5-R2,43,6763,38216,28.033506393432617,0.7726411819458008
E8.0-R3,E8.5-R2,44,6763,38216,29.88290786743164,0.8227109909057617
E8.0-R3,E8.5-R2,45,6763,38216,28.733943939208984,0.8093233108520508
E8.0-R3,E8.5-R2,46,6763,38216,29.20654296875,0.8118886947631836
E8.0-R3,E8.5-R2,47,6763,38216,28.065732955932617,0.7313261032104492
E8.0-R3,E8.5-R2,48,6763,38216,28.64566993713379,0.7898168563842773
E8.0-R3,E8.5-R2,49,6763,38216,30.397144317626953,0.8251476287841797
E8.0-R3,E8.5-R3,0,6763,27743,27.291730880737305,0.7100887298583984
E8.0-R3,E8.5-R3,1,6763,27743,27.97545623779297,0.7304935455322266
E8.0-R3,E8.5-R3,2,6763,27743,26.279443740844727,0.6322650909423828
E8.0-R3,E8.5-R3,3,6763,27743,26.826457977294922,0.673335075378418
E8.0-R3,E8.5-R3,4,6763,27743,27.223434448242188,0.6778488159179688
E8.0-R3,E8.5-R3,5,6763,27743,27.562744140625,0.6632890701293945
E8.0-R3,E8.5-R3,6,6763,27743,27.47806167602539,0.6617307662963867
E8.0-R3,E8.5-R3,7,6763,27743,26.395084381103516,0.7145195007324219
E8.0-R3,E8.5-R3,8,6763,27743,26.986337661743164,0.6693820953369141
E8.0-R3,E8.5-R3,9,6763,27743,26.842193603515625,0.7007884979248047
E8.0-R3,E8.5-R3,10,6763,27743,27.805377960205078,0.7942380905151367
E8.0-R3,E8.5-R3,11,6763,27743,27.060840606689453,0.7225780487060547
E8.0-R3,E8.5-R3,12,6763,27743,26.76142120361328,0.6900339126586914
E8.0-R3,E8.5-R3,13,6763,27743,26.109027862548828,0.6292791366577148
E8.0-R3,E8.5-R3,14,6763,27743,28.29612922668457,0.7781381607055664
E8.0-R3,E8.5-R3,15,6763,27743,26.322364807128906,0.6327438354492188
E8.0-R3,E8.5-R3,16,6763,27743,27.36923599243164,0.708155632019043
E8.0-R3,E8.5-R3,17,6763,27743,27.966625213623047,0.721745491027832
E8.0-R3,E8.5-R3,18,6763,27743,26.946741104125977,0.6600990295410156
E8.0-R3,E8.5-R3,19,6763,27743,26.717151641845703,0.7205085754394531
E8.0-R3,E8.5-R3,20,6763,27743,27.57477569580078,0.7224864959716797
E8.0-R3,E8.5-R3,21,6763,27743,27.17633056640625,0.6573381423950195
E8.0-R3,E8.5-R3,22,6763,27743,27.862333297729492,0.7280073165893555
E8.0-R3,E8.5-R3,23,6763,27743,25.887115478515625,0.7136659622192383
E8.0-R3,E8.5-R3,24,6763,27743,27.51992416381836,0.6720380783081055
E8.0-R3,E8.5-R3,25,6763,27743,27.05951690673828,0.6988582611083984
E8.0-R3,E8.5-R3,26,6763,27743,26.63791275024414,0.6576309204101562
E8.0-R3,E8.5-R3,27,6763,27743,26.541439056396484,0.6592435836791992
E8.0-R3,E8.5-R3,28,6763,27743,27.31308364868164,0.6965017318725586
E8.0-R3,E8.5-R3,29,6763,27743,26.626968383789062,0.6739673614501953
E8.0-R3,E8.5-R3,30,6763,27743,27.999103546142578,0.69122314453125
E8.0-R3,E8.5-R3,31,6763,27743,27.821208953857422,0.7041540145874023
E8.0-R3,E8.5-R3,32,6763,27743,26.219287872314453,0.6645393371582031
E8.0-R3,E8.5-R3,33,6763,27743,26.643840789794922,0.6923074722290039
E8.0-R3,E8.5-R3,34,6763,27743,26.927806854248047,0.66363525390625
E8.0-R3,E8.5-R3,35,6763,27743,27.240463256835938,0.6359844207763672
E8.0-R3,E8.5-R3,36,6763,27743,26.483386993408203,0.6861705780029297
E8.0-R3,E8.5-R3,37,6763,27743,27.451679229736328,0.6345987319946289
E8.0-R3,E8.5-R3,38,6763,27743,27.10457992553711,0.6658859252929688
E8.0-R3,E8.5-R3,39,6763,27743,26.514240264892578,0.6449203491210938
E8.0-R3,E8.5-R3,40,6763,27743,26.297571182250977,0.68475341796875
E8.0-R3,E8.5-R3,41,6763,27743,26.14613151550293,0.709141731262207
E8.0-R3,E8.5-R3,42,6763,27743,26.634037017822266,0.6988296508789062
E8.0-R3,E8.5-R3,43,6763,27743,27.338584899902344,0.6613273620605469
E8.0-R3,E8.5-R3,44,6763,27743,26.692378997802734,0.6821632385253906
E8.0-R3,E8.5-R3,45,6763,27743,26.965343475341797,0.6506099700927734
E8.0-R3,E8.5-R3,46,6763,27743,27.094188690185547,0.6427936553955078
E8.0-R3,E8.5-R3,47,6763,27743,27.780162811279297,0.7117843627929688
E8.0-R3,E8.5-R3,48,6763,27743,26.583677291870117,0.6876144409179688
E8.0-R3,E8.5-R3,49,6763,27743,26.537277221679688,0.6569328308105469
E8.0-R3,E9.0-R1,0,6763,92063,33.063682556152344,0.9923486709594727
E8.0-R3,E9.0-R1,1,6763,92063,32.10899353027344,0.9462499618530273
E8.0-R3,E9.0-R1,2,6763,92063,32.6756477355957,0.9780311584472656
E8.0-R3,E9.0-R1,3,6763,92063,32.22584915161133,0.988459587097168
E8.0-R3,E9.0-R1,4,6763,92063,32.86179733276367,0.9389629364013672
E8.0-R3,E9.0-R1,5,6763,92063,31.86806869506836,0.9427385330200195
E8.0-R3,E9.0-R1,6,6763,92063,33.699371337890625,1.062331199645996
E8.0-R3,E9.0-R1,7,6763,92063,32.96315383911133,1.040304183959961
E8.0-R3,E9.0-R1,8,6763,92063,32.21791076660156,0.9521694183349609
E8.0-R3,E9.0-R1,9,6763,92063,32.138511657714844,1.0300331115722656
E8.0-R3,E9.0-R1,10,6763,92063,33.55466079711914,1.0120420455932617
E8.0-R3,E9.0-R1,11,6763,92063,32.258060455322266,1.0284137725830078
E8.0-R3,E9.0-R1,12,6763,92063,32.07040023803711,0.9425888061523438
E8.0-R3,E9.0-R1,13,6763,92063,32.989471435546875,0.9832077026367188
E8.0-R3,E9.0-R1,14,6763,92063,32.7518424987793,1.0098342895507812
E8.0-R3,E9.0-R1,15,6763,92063,31.89078712463379,0.9465789794921875
E8.0-R3,E9.0-R1,16,6763,92063,32.64409637451172,0.9862184524536133
E8.0-R3,E9.0-R1,17,6763,92063,32.99645233154297,0.9845046997070312
E8.0-R3,E9.0-R1,18,6763,92063,32.662574768066406,0.9475564956665039
E8.0-R3,E9.0-R1,19,6763,92063,33.42499542236328,0.994807243347168
E8.0-R3,E9.0-R1,20,6763,92063,31.724151611328125,0.919464111328125
E8.0-R3,E9.0-R1,21,6763,92063,33.161869049072266,1.0074920654296875
E8.0-R3,E9.0-R1,22,6763,92063,33.17572784423828,1.0435714721679688
E8.0-R3,E9.0-R1,23,6763,92063,33.165592193603516,0.9455957412719727
E8.0-R3,E9.0-R1,24,6763,92063,32.77558135986328,0.9768638610839844
E8.0-R3,E9.0-R1,25,6763,92063,32.69689178466797,0.999481201171875
E8.0-R3,E9.0-R1,26,6763,92063,32.431541442871094,0.9368476867675781
E8.0-R3,E9.0-R1,27,6763,92063,33.21499252319336,0.974217414855957
E8.0-R3,E9.0-R1,28,6763,92063,33.81074523925781,1.0561580657958984
E8.0-R3,E9.0-R1,29,6763,92063,33.214195251464844,0.9704446792602539
E8.0-R3,E9.0-R1,30,6763,92063,32.70319366455078,0.9953603744506836
E8.0-R3,E9.0-R1,31,6763,92063,33.03533172607422,0.9133386611938477
E8.0-R3,E9.0-R1,32,6763,92063,32.281524658203125,0.9783992767333984
E8.0-R3,E9.0-R1,33,6763,92063,33.82482147216797,0.980133056640625
E8.0-R3,E9.0-R1,34,6763,92063,33.20018005371094,1.0525150299072266
E8.0-R3,E9.0-R1,35,6763,92063,32.41389083862305,0.9339094161987305
E8.0-R3,E9.0-R1,36,6763,92063,32.62660217285156,0.9701948165893555
E8.0-R3,E9.0-R1,37,6763,92063,32.54307556152344,0.8848295211791992
E8.0-R3,E9.0-R1,38,6763,92063,33.568336486816406,0.9547042846679688
E8.0-R3,E9.0-R1,39,6763,92063,33.69511032104492,1.037200927734375
E8.0-R3,E9.0-R1,40,6763,92063,32.376304626464844,0.9075984954833984
E8.0-R3,E9.0-R1,41,6763,92063,31.868289947509766,0.9228906631469727
E8.0-R3,E9.0-R1,42,6763,92063,32.44816589355469,1.0050430297851562
E8.0-R3,E9.0-R1,43,6763,92063,32.1888542175293,0.9666519165039062
E8.0-R3,E9.0-R1,44,6763,92063,33.032318115234375,0.9517831802368164
E8.0-R3,E9.0-R1,45,6763,92063,33.49380111694336,0.9054660797119141
E8.0-R3,E9.0-R1,46,6763,92063,32.843162536621094,1.0006103515625
E8.0-R3,E9.0-R1,47,6763,92063,33.32305908203125,0.9704561233520508
E8.0-R3,E9.0-R1,48,6763,92063,33.518123626708984,0.9522724151611328
E8.0-R3,E9.0-R1,49,6763,92063,32.963401794433594,0.9735260009765625
E8.0-R3,E9.0-R2,0,6763,99878,36.44363784790039,1.1974611282348633
E8.0-R3,E9.0-R2,1,6763,99878,37.983524322509766,1.239741325378418
E8.0-R3,E9.0-R2,2,6763,99878,36.055198669433594,1.1681747436523438
E8.0-R3,E9.0-R2,3,6763,99878,37.241519927978516,1.2277355194091797
E8.0-R3,E9.0-R2,4,6763,99878,34.983089447021484,1.2190637588500977
E8.0-R3,E9.0-R2,5,6763,99878,35.366607666015625,1.3509464263916016
E8.0-R3,E9.0-R2,6,6763,99878,35.49351119995117,1.1658811569213867
E8.0-R3,E9.0-R2,7,6763,99878,33.32860565185547,1.1482372283935547
E8.0-R3,E9.0-R2,8,6763,99878,36.81517028808594,1.2708368301391602
E8.0-R3,E9.0-R2,9,6763,99878,36.03243637084961,1.2646408081054688
E8.0-R3,E9.0-R2,10,6763,99878,37.35123825073242,1.277658462524414
E8.0-R3,E9.0-R2,11,6763,99878,36.318138122558594,1.2668237686157227
E8.0-R3,E9.0-R2,12,6763,99878,34.69395446777344,1.1565961837768555
E8.0-R3,E9.0-R2,13,6763,99878,35.995025634765625,1.2588911056518555
E8.0-R3,E9.0-R2,14,6763,99878,36.26736831665039,1.2410221099853516
E8.0-R3,E9.0-R2,15,6763,99878,35.41179656982422,1.2790899276733398
E8.0-R3,E9.0-R2,16,6763,99878,35.580833435058594,1.2011280059814453
E8.0-R3,E9.0-R2,17,6763,99878,35.95392608642578,1.1952104568481445
E8.0-R3,E9.0-R2,18,6763,99878,36.330284118652344,1.318765640258789
E8.0-R3,E9.0-R2,19,6763,99878,34.375099182128906,1.1434755325317383
E8.0-R3,E9.0-R2,20,6763,99878,35.225624084472656,1.2591781616210938
E8.0-R3,E9.0-R2,21,6763,99878,36.04096221923828,1.2492189407348633
E8.0-R3,E9.0-R2,22,6763,99878,35.36865997314453,1.1472082138061523
E8.0-R3,E9.0-R2,23,6763,99878,35.48219680786133,1.1271591186523438
E8.0-R3,E9.0-R2,24,6763,99878,36.236324310302734,1.2809772491455078
E8.0-R3,E9.0-R2,25,6763,99878,34.83888244628906,1.2219476699829102
E8.0-R3,E9.0-R2,26,6763,99878,35.93821716308594,1.211568832397461
E8.0-R3,E9.0-R2,27,6763,99878,35.84315490722656,1.2218427658081055
E8.0-R3,E9.0-R2,28,6763,99878,35.8393440246582,1.2440214157104492
E8.0-R3,E9.0-R2,29,6763,99878,37.25847625732422,1.2203903198242188
E8.0-R3,E9.0-R2,30,6763,99878,36.187599182128906,1.2880821228027344
E8.0-R3,E9.0-R2,31,6763,99878,35.85718536376953,1.2271060943603516
E8.0-R3,E9.0-R2,32,6763,99878,35.710899353027344,1.2094526290893555
E8.0-R3,E9.0-R2,33,6763,99878,36.272125244140625,1.2487001419067383
E8.0-R3,E9.0-R2,34,6763,99878,33.92671203613281,1.1695642471313477
E8.0-R3,E9.0-R2,35,6763,99878,38.15034484863281,1.2798776626586914
E8.0-R3,E9.0-R2,36,6763,99878,34.91474151611328,1.1848869323730469
E8.0-R3,E9.0-R2,37,6763,99878,36.14832305908203,1.1924324035644531
E8.0-R3,E9.0-R2,38,6763,99878,35.50815963745117,1.1530866622924805
E8.0-R3,E9.0-R2,39,6763,99878,36.66256332397461,1.201411247253418
E8.0-R3,E9.0-R2,40,6763,99878,38.35673522949219,1.201521873474121
E8.0-R3,E9.0-R2,41,6763,99878,34.98889923095703,1.1963396072387695
E8.0-R3,E9.0-R2,42,6763,99878,36.56340026855469,1.3166751861572266
E8.0-R3,E9.0-R2,43,6763,99878,36.11932373046875,1.2084531784057617
E8.0-R3,E9.0-R2,44,6763,99878,35.2277946472168,1.2326316833496094
E8.0-R3,E9.0-R2,45,6763,99878,36.869873046875,1.3019952774047852
E8.0-R3,E9.0-R2,46,6763,99878,36.441001892089844,1.2373104095458984
E8.0-R3,E9.0-R2,47,6763,99878,33.71650695800781,1.1390924453735352
E8.0-R3,E9.0-R2,48,6763,99878,34.89317321777344,1.180410385131836
E8.0-R3,E9.0-R2,49,6763,99878,36.143768310546875,1.159749984741211
E8.0-R3,E9.0-R3,0,6763,62867,29.802318572998047,0.8024253845214844
E8.0-R3,E9.0-R3,1,6763,62867,30.52016830444336,0.7640914916992188
E8.0-R3,E9.0-R3,2,6763,62867,30.37997055053711,0.7908792495727539
E8.0-R3,E9.0-R3,3,6763,62867,29.502349853515625,0.7649269104003906
E8.0-R3,E9.0-R3,4,6763,62867,29.397804260253906,0.8051795959472656
E8.0-R3,E9.0-R3,5,6763,62867,30.627483367919922,0.8031558990478516
E8.0-R3,E9.0-R3,6,6763,62867,30.82988739013672,0.7429485321044922
E8.0-R3,E9.0-R3,7,6763,62867,31.731121063232422,0.8661603927612305
E8.0-R3,E9.0-R3,8,6763,62867,30.898801803588867,0.8201313018798828
E8.0-R3,E9.0-R3,9,6763,62867,31.749052047729492,0.8719949722290039
E8.0-R3,E9.0-R3,10,6763,62867,30.33665657043457,0.8011960983276367
E8.0-R3,E9.0-R3,11,6763,62867,29.621604919433594,0.7646303176879883
E8.0-R3,E9.0-R3,12,6763,62867,29.98017120361328,0.7849435806274414
E8.0-R3,E9.0-R3,13,6763,62867,30.281030654907227,0.7457113265991211
E8.0-R3,E9.0-R3,14,6763,62867,30.249481201171875,0.8392305374145508
E8.0-R3,E9.0-R3,15,6763,62867,30.05176544189453,0.8401098251342773
E8.0-R3,E9.0-R3,16,6763,62867,29.92962646484375,0.7419204711914062
E8.0-R3,E9.0-R3,17,6763,62867,29.812583923339844,0.7919864654541016
E8.0-R3,E9.0-R3,18,6763,62867,30.806230545043945,0.8368206024169922
E8.0-R3,E9.0-R3,19,6763,62867,29.160995483398438,0.7936611175537109
E8.0-R3,E9.0-R3,20,6763,62867,30.01221466064453,0.784271240234375
E8.0-R3,E9.0-R3,21,6763,62867,31.424049377441406,0.8228292465209961
E8.0-R3,E9.0-R3,22,6763,62867,30.62067222595215,0.7813396453857422
E8.0-R3,E9.0-R3,23,6763,62867,29.467716217041016,0.718998908996582
E8.0-R3,E9.0-R3,24,6763,62867,29.868200302124023,0.8429355621337891
E8.0-R3,E9.0-R3,25,6763,62867,31.20694923400879,0.7557029724121094
E8.0-R3,E9.0-R3,26,6763,62867,30.093875885009766,0.9005880355834961
E8.0-R3,E9.0-R3,27,6763,62867,29.854677200317383,0.8354415893554688
E8.0-R3,E9.0-R3,28,6763,62867,29.661579132080078,0.7976837158203125
E8.0-R3,E9.0-R3,29,6763,62867,31.23984146118164,0.8448019027709961
E8.0-R3,E9.0-R3,30,6763,62867,29.955204010009766,0.816162109375
E8.0-R3,E9.0-R3,31,6763,62867,29.52194595336914,0.8538970947265625
E8.0-R3,E9.0-R3,32,6763,62867,29.956518173217773,0.7770919799804688
E8.0-R3,E9.0-R3,33,6763,62867,29.154342651367188,0.8387928009033203
E8.0-R3,E9.0-R3,34,6763,62867,30.838972091674805,0.8200016021728516
E8.0-R3,E9.0-R3,35,6763,62867,29.877010345458984,0.8274641036987305
E8.0-R3,E9.0-R3,36,6763,62867,29.9835262298584,0.8494453430175781
E8.0-R3,E9.0-R3,37,6763,62867,29.83932113647461,0.8057746887207031
E8.0-R3,E9.0-R3,38,6763,62867,29.554521560668945,0.728550910949707
E8.0-R3,E9.0-R3,39,6763,62867,29.86772918701172,0.8203153610229492
E8.0-R3,E9.0-R3,40,6763,62867,31.569843292236328,0.9317970275878906
E8.0-R3,E9.0-R3,41,6763,62867,30.803163528442383,0.8585872650146484
E8.0-R3,E9.0-R3,42,6763,62867,30.064695358276367,0.793635368347168
E8.0-R3,E9.0-R3,43,6763,62867,30.061643600463867,0.8086652755737305
E8.0-R3,E9.0-R3,44,6763,62867,31.624540328979492,0.8338336944580078
E8.0-R3,E9.0-R3,45,6763,62867,32.16143035888672,0.8766307830810547
E8.0-R3,E9.0-R3,46,6763,62867,30.23775863647461,0.7321186065673828
E8.0-R3,E9.0-R3,47,6763,62867,30.427467346191406,0.7684745788574219
E8.0-R3,E9.0-R3,48,6763,62867,30.409440994262695,0.7608394622802734
E8.0-R3,E9.0-R3,49,6763,62867,29.415653228759766,0.7896490097045898
E8.0-R3,E9.5-R1,0,6763,383453,43.00733184814453,1.701848030090332
E8.0-R3,E9.5-R1,1,6763,383453,43.517852783203125,1.8221254348754883
E8.0-R3,E9.5-R1,2,6763,383453,44.17589569091797,1.7875022888183594
E8.0-R3,E9.5-R1,3,6763,383453,44.39775085449219,1.7196178436279297
E8.0-R3,E9.5-R1,4,6763,383453,43.801204681396484,1.7520017623901367
E8.0-R3,E9.5-R1,5,6763,383453,43.75788116455078,1.7509269714355469
E8.0-R3,E9.5-R1,6,6763,383453,43.52648162841797,1.7240056991577148
E8.0-R3,E9.5-R1,7,6763,383453,42.748680114746094,1.7490921020507812
E8.0-R3,E9.5-R1,8,6763,383453,43.414398193359375,1.7103767395019531
E8.0-R3,E9.5-R1,9,6763,383453,42.84104919433594,1.7942781448364258
E8.0-R3,E9.5-R1,10,6763,383453,43.26428985595703,1.8155527114868164
E8.0-R3,E9.5-R1,11,6763,383453,44.474822998046875,1.799403190612793
E8.0-R3,E9.5-R1,12,6763,383453,43.142478942871094,1.7974052429199219
E8.0-R3,E9.5-R1,13,6763,383453,45.112083435058594,1.8735103607177734
E8.0-R3,E9.5-R1,14,6763,383453,43.603065490722656,1.7465686798095703
E8.0-R3,E9.5-R1,15,6763,383453,43.16777801513672,1.7591876983642578
E8.0-R3,E9.5-R1,16,6763,383453,43.7238883972168,1.803959846496582
E8.0-R3,E9.5-R1,17,6763,383453,42.99163818359375,1.7274093627929688
E8.0-R3,E9.5-R1,18,6763,383453,43.085853576660156,1.6882658004760742
E8.0-R3,E9.5-R1,19,6763,383453,43.0699462890625,1.7250022888183594
E8.0-R3,E9.5-R1,20,6763,383453,43.44196319580078,1.6626062393188477
E8.0-R3,E9.5-R1,21,6763,383453,44.219932556152344,1.7934455871582031
E8.0-R3,E9.5-R1,22,6763,383453,42.44597625732422,1.7883329391479492
E8.0-R3,E9.5-R1,23,6763,383453,43.70491409301758,1.7711076736450195
E8.0-R3,E9.5-R1,24,6763,383453,43.89451217651367,1.7499427795410156
E8.0-R3,E9.5-R1,25,6763,383453,42.558624267578125,1.7112226486206055
E8.0-R3,E9.5-R1,26,6763,383453,43.092918395996094,1.7102394104003906
E8.0-R3,E9.5-R1,27,6763,383453,43.31060028076172,1.7465887069702148
E8.0-R3,E9.5-R1,28,6763,383453,43.67721176147461,1.7000141143798828
E8.0-R3,E9.5-R1,29,6763,383453,44.8209228515625,1.803105354309082
E8.0-R3,E9.5-R1,30,6763,383453,43.0211181640625,1.7493038177490234
E8.0-R3,E9.5-R1,31,6763,383453,41.96364974975586,1.739645004272461
E8.0-R3,E9.5-R1,32,6763,383453,42.564857482910156,1.7305879592895508
E8.0-R3,E9.5-R1,33,6763,383453,44.192283630371094,1.738215446472168
E8.0-R3,E9.5-R1,34,6763,383453,43.3682861328125,1.7289447784423828
E8.0-R3,E9.5-R1,35,6763,383453,42.318634033203125,1.7047052383422852
E8.0-R3,E9.5-R1,36,6763,383453,43.885009765625,1.732131004333496
E8.0-R3,E9.5-R1,37,6763,383453,45.09728240966797,1.7270421981811523
E8.0-R3,E9.5-R1,38,6763,383453,43.40045928955078,1.6963138580322266
E8.0-R3,E9.5-R1,39,6763,383453,42.544464111328125,1.7325782775878906
E8.0-R3,E9.5-R1,40,6763,383453,44.32042694091797,1.7388648986816406
E8.0-R3,E9.5-R1,41,6763,383453,42.40618133544922,1.7371540069580078
E8.0-R3,E9.5-R1,42,6763,383453,43.467872619628906,1.7499895095825195
E8.0-R3,E9.5-R1,43,6763,383453,42.4879035949707,1.754791259765625
E8.0-R3,E9.5-R1,44,6763,383453,44.72938919067383,1.7928247451782227
E8.0-R3,E9.5-R1,45,6763,383453,42.438682556152344,1.8309011459350586
E8.0-R3,E9.5-R1,46,6763,383453,42.91838073730469,1.7363300323486328
E8.0-R3,E9.5-R1,47,6763,383453,43.68506622314453,1.7612543106079102
E8.0-R3,E9.5-R1,48,6763,383453,43.166297912597656,1.7164525985717773
E8.0-R3,E9.5-R1,49,6763,383453,44.14653396606445,1.733626365661621
E8.0-R3,E9.5-R2,0,6763,350716,44.11946105957031,1.6965703964233398
E8.0-R3,E9.5-R2,1,6763,350716,43.83934783935547,1.670130729675293
E8.0-R3,E9.5-R2,2,6763,350716,43.319496154785156,1.7311344146728516
E8.0-R3,E9.5-R2,3,6763,350716,43.906463623046875,1.5867700576782227
E8.0-R3,E9.5-R2,4,6763,350716,44.31779479980469,1.7108163833618164
E8.0-R3,E9.5-R2,5,6763,350716,43.732460021972656,1.6914234161376953
E8.0-R3,E9.5-R2,6,6763,350716,45.716209411621094,1.7061901092529297
E8.0-R3,E9.5-R2,7,6763,350716,44.324501037597656,1.7162561416625977
E8.0-R3,E9.5-R2,8,6763,350716,44.63228988647461,1.71044921875
E8.0-R3,E9.5-R2,9,6763,350716,44.260467529296875,1.722900390625
E8.0-R3,E9.5-R2,10,6763,350716,44.00279998779297,1.7413711547851562
E8.0-R3,E9.5-R2,11,6763,350716,43.88725280761719,1.7519311904907227
E8.0-R3,E9.5-R2,12,6763,350716,44.47929000854492,1.7634449005126953
E8.0-R3,E9.5-R2,13,6763,350716,44.301185607910156,1.6671056747436523
E8.0-R3,E9.5-R2,14,6763,350716,44.228878021240234,1.7105169296264648
E8.0-R3,E9.5-R2,15,6763,350716,44.44129943847656,1.7705678939819336
E8.0-R3,E9.5-R2,16,6763,350716,44.59029769897461,1.7857942581176758
E8.0-R3,E9.5-R2,17,6763,350716,44.53327560424805,1.6950721740722656
E8.0-R3,E9.5-R2,18,6763,350716,44.967308044433594,1.7536506652832031
E8.0-R3,E9.5-R2,19,6763,350716,44.92156219482422,1.6911144256591797
E8.0-R3,E9.5-R2,20,6763,350716,45.04425811767578,1.734633445739746
E8.0-R3,E9.5-R2,21,6763,350716,45.162986755371094,1.6823997497558594
E8.0-R3,E9.5-R2,22,6763,350716,44.279762268066406,1.640716552734375
E8.0-R3,E9.5-R2,23,6763,350716,44.82799530029297,1.7934741973876953
E8.0-R3,E9.5-R2,24,6763,350716,44.487403869628906,1.6546926498413086
E8.0-R3,E9.5-R2,25,6763,350716,43.68072509765625,1.6906728744506836
E8.0-R3,E9.5-R2,26,6763,350716,44.51548767089844,1.781508445739746
E8.0-R3,E9.5-R2,27,6763,350716,45.157596588134766,1.747330665588379
E8.0-R3,E9.5-R2,28,6763,350716,44.63001251220703,1.707326889038086
E8.0-R3,E9.5-R2,29,6763,350716,43.57000732421875,1.7039966583251953
E8.0-R3,E9.5-R2,30,6763,350716,44.78038787841797,1.7943687438964844
E8.0-R3,E9.5-R2,31,6763,350716,44.77954864501953,1.675262451171875
E8.0-R3,E9.5-R2,32,6763,350716,44.16514587402344,1.666050910949707
E8.0-R3,E9.5-R2,33,6763,350716,44.44441604614258,1.7466068267822266
E8.0-R3,E9.5-R2,34,6763,350716,45.503265380859375,1.7925405502319336
E8.0-R3,E9.5-R2,35,6763,350716,43.9193115234375,1.7244091033935547
E8.0-R3,E9.5-R2,36,6763,350716,42.544837951660156,1.7154626846313477
E8.0-R3,E9.5-R2,37,6763,350716,43.92821502685547,1.664876937866211
E8.0-R3,E9.5-R2,38,6763,350716,44.38624954223633,1.718393325805664
E8.0-R3,E9.5-R2,39,6763,350716,44.57981872558594,1.6932716369628906
E8.0-R3,E9.5-R2,40,6763,350716,45.08283996582031,1.7701950073242188
E8.0-R3,E9.5-R2,41,6763,350716,44.104549407958984,1.6917037963867188
E8.0-R3,E9.5-R2,42,6763,350716,44.833431243896484,1.6913862228393555
E8.0-R3,E9.5-R2,43,6763,350716,45.200836181640625,1.8175840377807617
E8.0-R3,E9.5-R2,44,6763,350716,43.72072982788086,1.7178211212158203
E8.0-R3,E9.5-R2,45,6763,350716,44.52262878417969,1.741098403930664
E8.0-R3,E9.5-R2,46,6763,350716,43.64117431640625,1.7232332229614258
E8.0-R3,E9.5-R2,47,6763,350716,43.5445556640625,1.6501789093017578
E8.0-R3,E9.5-R2,48,6763,350716,44.45204162597656,1.6589126586914062
E8.0-R3,E9.5-R2,49,6763,350716,43.33784484863281,1.7111921310424805
E8.0-R3,E9.5-R3,0,6763,342873,43.900962829589844,1.6953163146972656
E8.0-R3,E9.5-R3,1,6763,342873,43.271156311035156,1.787282943725586
E8.0-R3,E9.5-R3,2,6763,342873,43.51026916503906,1.7250957489013672
E8.0-R3,E9.5-R3,3,6763,342873,44.107181549072266,1.7716140747070312
E8.0-R3,E9.5-R3,4,6763,342873,44.238121032714844,1.838205337524414
E8.0-R3,E9.5-R3,5,6763,342873,43.3466796875,1.7730216979980469
E8.0-R3,E9.5-R3,6,6763,342873,44.4751091003418,1.7491941452026367
E8.0-R3,E9.5-R3,7,6763,342873,45.12918472290039,1.843496322631836
E8.0-R3,E9.5-R3,8,6763,342873,43.814849853515625,1.7476577758789062
E8.0-R3,E9.5-R3,9,6763,342873,43.56911087036133,1.856882095336914
E8.0-R3,E9.5-R3,10,6763,342873,42.845428466796875,1.8236017227172852
E8.0-R3,E9.5-R3,11,6763,342873,45.131919860839844,1.8478527069091797
E8.0-R3,E9.5-R3,12,6763,342873,43.40222930908203,1.863062858581543
E8.0-R3,E9.5-R3,13,6763,342873,42.75883483886719,1.794020652770996
E8.0-R3,E9.5-R3,14,6763,342873,44.61314392089844,1.7479915618896484
E8.0-R3,E9.5-R3,15,6763,342873,44.065650939941406,1.7789802551269531
E8.0-R3,E9.5-R3,16,6763,342873,43.073997497558594,1.7219181060791016
E8.0-R3,E9.5-R3,17,6763,342873,43.51247024536133,1.7330570220947266
E8.0-R3,E9.5-R3,18,6763,342873,43.6237907409668,1.8067636489868164
E8.0-R3,E9.5-R3,19,6763,342873,44.729122161865234,1.7303094863891602
E8.0-R3,E9.5-R3,20,6763,342873,44.140220642089844,1.7683954238891602
E8.0-R3,E9.5-R3,21,6763,342873,45.18138885498047,1.7685260772705078
E8.0-R3,E9.5-R3,22,6763,342873,43.748390197753906,1.6721410751342773
E8.0-R3,E9.5-R3,23,6763,342873,42.566749572753906,1.883387565612793
E8.0-R3,E9.5-R3,24,6763,342873,42.93492126464844,1.7733535766601562
E8.0-R3,E9.5-R3,25,6763,342873,43.8943977355957,1.7608661651611328
E8.0-R3,E9.5-R3,26,6763,342873,44.05375671386719,1.7715129852294922
E8.0-R3,E9.5-R3,27,6763,342873,43.2619514465332,1.715815544128418
E8.0-R3,E9.5-R3,28,6763,342873,44.525550842285156,1.7866430282592773
E8.0-R3,E9.5-R3,29,6763,342873,42.903656005859375,1.7466602325439453
E8.0-R3,E9.5-R3,30,6763,342873,44.78369903564453,1.81817626953125
E8.0-R3,E9.5-R3,31,6763,342873,42.638427734375,1.7161979675292969
E8.0-R3,E9.5-R3,32,6763,342873,42.91999053955078,1.7799577713012695
E8.0-R3,E9.5-R3,33,6763,342873,43.394447326660156,1.7878532409667969
E8.0-R3,E9.5-R3,34,6763,342873,43.0022087097168,1.7240371704101562
E8.0-R3,E9.5-R3,35,6763,342873,44.062843322753906,1.749608039855957
E8.0-R3,E9.5-R3,36,6763,342873,43.928688049316406,1.727452278137207
E8.0-R3,E9.5-R3,37,6763,342873,43.992034912109375,1.6697282791137695
E8.0-R3,E9.5-R3,38,6763,342873,42.690757751464844,1.7620162963867188
E8.0-R3,E9.5-R3,39,6763,342873,43.94017028808594,1.7267513275146484
E8.0-R3,E9.5-R3,40,6763,342873,44.23377227783203,1.851466178894043
E8.0-R3,E9.5-R3,41,6763,342873,44.11066818237305,1.7828731536865234
E8.0-R3,E9.5-R3,42,6763,342873,42.84428405761719,1.6970100402832031
E8.0-R3,E9.5-R3,43,6763,342873,42.63135528564453,1.7638273239135742
E8.0-R3,E9.5-R3,44,6763,342873,43.02292251586914,1.7751445770263672
E8.0-R3,E9.5-R3,45,6763,342873,42.61915588378906,1.749847412109375
E8.0-R3,E9.5-R3,46,6763,342873,44.57722473144531,1.7299270629882812
E8.0-R3,E9.5-R3,47,6763,342873,45.16584396362305,1.863912582397461
E8.0-R3,E9.5-R3,48,6763,342873,43.43799591064453,1.8246736526489258
E8.0-R3,E9.5-R3,49,6763,342873,45.23680877685547,1.7783241271972656
E8.0-R3,E10.0-R1,0,6763,347550,50.604827880859375,1.8845996856689453
E8.0-R3,E10.0-R1,1,6763,347550,49.530521392822266,1.8817081451416016
E8.0-R3,E10.0-R1,2,6763,347550,49.977081298828125,1.9570045471191406
E8.0-R3,E10.0-R1,3,6763,347550,49.285118103027344,1.9651718139648438
E8.0-R3,E10.0-R1,4,6763,347550,49.56346130371094,1.8449363708496094
E8.0-R3,E10.0-R1,5,6763,347550,49.2408332824707,1.974045753479004
E8.0-R3,E10.0-R1,6,6763,347550,48.68455123901367,1.9790916442871094
E8.0-R3,E10.0-R1,7,6763,347550,50.008872985839844,1.8969182968139648
E8.0-R3,E10.0-R1,8,6763,347550,50.092689514160156,1.9676036834716797
E8.0-R3,E10.0-R1,9,6763,347550,48.83357620239258,1.9132518768310547
E8.0-R3,E10.0-R1,10,6763,347550,50.23978805541992,1.9127616882324219
E8.0-R3,E10.0-R1,11,6763,347550,49.00209045410156,1.9391956329345703
E8.0-R3,E10.0-R1,12,6763,347550,49.34296417236328,1.8937082290649414
E8.0-R3,E10.0-R1,13,6763,347550,49.878395080566406,2.010801315307617
E8.0-R3,E10.0-R1,14,6763,347550,49.43440246582031,1.9640083312988281
E8.0-R3,E10.0-R1,15,6763,347550,49.28244400024414,1.9317102432250977
E8.0-R3,E10.0-R1,16,6763,347550,48.494789123535156,1.866145133972168
E8.0-R3,E10.0-R1,17,6763,347550,50.27794647216797,1.9256935119628906
E8.0-R3,E10.0-R1,18,6763,347550,49.65557861328125,1.8458623886108398
E8.0-R3,E10.0-R1,19,6763,347550,49.063514709472656,1.92279052734375
E8.0-R3,E10.0-R1,20,6763,347550,49.02178192138672,1.9664087295532227
E8.0-R3,E10.0-R1,21,6763,347550,48.67231750488281,1.9243535995483398
E8.0-R3,E10.0-R1,22,6763,347550,48.93717956542969,1.9425029754638672
E8.0-R3,E10.0-R1,23,6763,347550,49.92375183105469,1.9687128067016602
E8.0-R3,E10.0-R1,24,6763,347550,49.513946533203125,1.9515695571899414
E8.0-R3,E10.0-R1,25,6763,347550,49.28102493286133,1.9384336471557617
E8.0-R3,E10.0-R1,26,6763,347550,49.58305358886719,1.9593925476074219
E8.0-R3,E10.0-R1,27,6763,347550,49.296226501464844,1.9848442077636719
E8.0-R3,E10.0-R1,28,6763,347550,49.23776626586914,1.8989782333374023
E8.0-R3,E10.0-R1,29,6763,347550,49.42805862426758,1.9980297088623047
E8.0-R3,E10.0-R1,30,6763,347550,48.05768585205078,1.9420976638793945
E8.0-R3,E10.0-R1,31,6763,347550,49.537818908691406,1.9227371215820312
E8.0-R3,E10.0-R1,32,6763,347550,49.970088958740234,1.8519973754882812
E8.0-R3,E10.0-R1,33,6763,347550,49.64456558227539,1.9165973663330078
E8.0-R3,E10.0-R1,34,6763,347550,50.06654357910156,1.954392433166504
E8.0-R3,E10.0-R1,35,6763,347550,49.29865264892578,1.8791933059692383
E8.0-R3,E10.0-R1,36,6763,347550,48.86690902709961,2.0007333755493164
E8.0-R3,E10.0-R1,37,6763,347550,49.85181427001953,1.9601478576660156
E8.0-R3,E10.0-R1,38,6763,347550,49.31690216064453,1.8972597122192383
E8.0-R3,E10.0-R1,39,6763,347550,48.00994110107422,1.9003076553344727
E8.0-R3,E10.0-R1,40,6763,347550,48.4310302734375,1.9055814743041992
E8.0-R3,E10.0-R1,41,6763,347550,50.03252410888672,1.929163932800293
E8.0-R3,E10.0-R1,42,6763,347550,49.295738220214844,1.8876924514770508
E8.0-R3,E10.0-R1,43,6763,347550,49.065773010253906,1.8184232711791992
E8.0-R3,E10.0-R1,44,6763,347550,49.60282897949219,2.019216537475586
E8.0-R3,E10.0-R1,45,6763,347550,49.55094909667969,1.9212589263916016
E8.0-R3,E10.0-R1,46,6763,347550,51.15266036987305,1.8855133056640625
E8.0-R3,E10.0-R1,47,6763,347550,48.270233154296875,1.8410205841064453
E8.0-R3,E10.0-R1,48,6763,347550,49.67760467529297,1.8947935104370117
E8.0-R3,E10.0-R1,49,6763,347550,48.569068908691406,1.8785285949707031
E8.5-R1,E8.5-R2,0,23435,38216,15.979204177856445,0.07163047790527344
E8.5-R1,E8.5-R2,1,23435,38216,15.218242645263672,0.06577682495117188
E8.5-R1,E8.5-R2,2,23435,38216,16.782127380371094,0.09281158447265625
E8.5-R1,E8.5-R2,3,23435,38216,15.26276969909668,0.07152175903320312
E8.5-R1,E8.5-R2,4,23435,38216,15.79239559173584,0.07188701629638672
E8.5-R1,E8.5-R2,5,23435,38216,15.835138320922852,0.06946849822998047
E8.5-R1,E8.5-R2,6,23435,38216,15.271441459655762,0.06531143188476562
E8.5-R1,E8.5-R2,7,23435,38216,16.412303924560547,0.07824420928955078
E8.5-R1,E8.5-R2,8,23435,38216,15.01020336151123,0.059243202209472656
E8.5-R1,E8.5-R2,9,23435,38216,16.07222557067871,0.0821981430053711
E8.5-R1,E8.5-R2,10,23435,38216,16.127086639404297,0.07906341552734375
E8.5-R1,E8.5-R2,11,23435,38216,15.958545684814453,0.06992149353027344
E8.5-R1,E8.5-R2,12,23435,38216,16.67465591430664,0.07201957702636719
E8.5-R1,E8.5-R2,13,23435,38216,16.300357818603516,0.08558082580566406
E8.5-R1,E8.5-R2,14,23435,38216,15.205748558044434,0.06673812866210938
E8.5-R1,E8.5-R2,15,23435,38216,15.954170227050781,0.0757761001586914
E8.5-R1,E8.5-R2,16,23435,38216,15.925131797790527,0.07862663269042969
E8.5-R1,E8.5-R2,17,23435,38216,17.299402236938477,0.062224388122558594
E8.5-R1,E8.5-R2,18,23435,38216,15.67949104309082,0.06680870056152344
E8.5-R1,E8.5-R2,19,23435,38216,15.89468002319336,0.08027458190917969
E8.5-R1,E8.5-R2,20,23435,38216,15.653698921203613,0.08124351501464844
E8.5-R1,E8.5-R2,21,23435,38216,16.0621280670166,0.07254600524902344
E8.5-R1,E8.5-R2,22,23435,38216,16.761913299560547,0.0728464126586914
E8.5-R1,E8.5-R2,23,23435,38216,16.036815643310547,0.07675457000732422
E8.5-R1,E8.5-R2,24,23435,38216,16.357179641723633,0.07698345184326172
E8.5-R1,E8.5-R2,25,23435,38216,16.378002166748047,0.07735157012939453
E8.5-R1,E8.5-R2,26,23435,38216,16.495695114135742,0.06991004943847656
E8.5-R1,E8.5-R2,27,23435,38216,16.507858276367188,0.0778055191040039
E8.5-R1,E8.5-R2,28,23435,38216,15.910701751708984,0.08107376098632812
E8.5-R1,E8.5-R2,29,23435,38216,16.512290954589844,0.07462024688720703
E8.5-R1,E8.5-R2,30,23435,38216,15.717550277709961,0.05770587921142578
E8.5-R1,E8.5-R2,31,23435,38216,15.660089492797852,0.06586647033691406
E8.5-R1,E8.5-R2,32,23435,38216,16.207197189331055,0.066558837890625
E8.5-R1,E8.5-R2,33,23435,38216,15.721779823303223,0.07747650146484375
E8.5-R1,E8.5-R2,34,23435,38216,16.08367347717285,0.070892333984375
E8.5-R1,E8.5-R2,35,23435,38216,15.870379447937012,0.061957359313964844
E8.5-R1,E8.5-R2,36,23435,38216,16.090442657470703,0.0749959945678711
E8.5-R1,E8.5-R2,37,23435,38216,15.368036270141602,0.0665140151977539
E8.5-R1,E8.5-R2,38,23435,38216,15.67051887512207,0.07013130187988281
E8.5-R1,E8.5-R2,39,23435,38216,17.04547882080078,0.08283233642578125
E8.5-R1,E8.5-R2,40,23435,38216,16.51367950439453,0.08401679992675781
E8.5-R1,E8.5-R2,41,23435,38216,15.674047470092773,0.07600021362304688
E8.5-R1,E8.5-R2,42,23435,38216,16.241153717041016,0.06932640075683594
E8.5-R1,E8.5-R2,43,23435,38216,16.185291290283203,0.08222103118896484
E8.5-R1,E8.5-R2,44,23435,38216,16.228527069091797,0.05843353271484375
E8.5-R1,E8.5-R2,45,23435,38216,15.789342880249023,0.0817880630493164
E8.5-R1,E8.5-R2,46,23435,38216,15.657136917114258,0.0757284164428711
E8.5-R1,E8.5-R2,47,23435,38216,16.24073028564453,0.06470870971679688
E8.5-R1,E8.5-R2,48,23435,38216,15.5565767288208,0.07968807220458984
E8.5-R1,E8.5-R2,49,23435,38216,16.735549926757812,0.07981395721435547
E8.5-R1,E8.5-R3,0,23435,27743,17.064579010009766,0.18341922760009766
E8.5-R1,E8.5-R3,1,23435,27743,19.273284912109375,0.19703102111816406
E8.5-R1,E8.5-R3,2,23435,27743,17.943675994873047,0.17965316772460938
E8.5-R1,E8.5-R3,3,23435,27743,18.59015655517578,0.2005472183227539
E8.5-R1,E8.5-R3,4,23435,27743,19.187936782836914,0.19518280029296875
E8.5-R1,E8.5-R3,5,23435,27743,18.480335235595703,0.21065902709960938
E8.5-R1,E8.5-R3,6,23435,27743,18.545307159423828,0.20192432403564453
E8.5-R1,E8.5-R3,7,23435,27743,18.1022891998291,0.1755990982055664
E8.5-R1,E8.5-R3,8,23435,27743,17.381187438964844,0.19217777252197266
E8.5-R1,E8.5-R3,9,23435,27743,18.56230926513672,0.1950664520263672
E8.5-R1,E8.5-R3,10,23435,27743,19.083877563476562,0.21337318420410156
E8.5-R1,E8.5-R3,11,23435,27743,18.1490478515625,0.20397472381591797
E8.5-R1,E8.5-R3,12,23435,27743,17.93227767944336,0.17540645599365234
E8.5-R1,E8.5-R3,13,23435,27743,18.528785705566406,0.1779775619506836
E8.5-R1,E8.5-R3,14,23435,27743,18.236968994140625,0.20256805419921875
E8.5-R1,E8.5-R3,15,23435,27743,17.524805068969727,0.1845836639404297
E8.5-R1,E8.5-R3,16,23435,27743,18.77294921875,0.23223018646240234
E8.5-R1,E8.5-R3,17,23435,27743,19.064083099365234,0.18851184844970703
E8.5-R1,E8.5-R3,18,23435,27743,19.46410369873047,0.24148273468017578
E8.5-R1,E8.5-R3,19,23435,27743,18.05693244934082,0.20461750030517578
E8.5-R1,E8.5-R3,20,23435,27743,18.80225372314453,0.1929302215576172
E8.5-R1,E8.5-R3,21,23435,27743,18.51862335205078,0.20203113555908203
E8.5-R1,E8.5-R3,22,23435,27743,17.868284225463867,0.1867361068725586
E8.5-R1,E8.5-R3,23,23435,27743,19.191505432128906,0.18730545043945312
E8.5-R1,E8.5-R3,24,23435,27743,17.245561599731445,0.16579723358154297
E8.5-R1,E8.5-R3,25,23435,27743,17.501102447509766,0.21470260620117188
E8.5-R1,E8.5-R3,26,23435,27743,18.214454650878906,0.1951007843017578
E8.5-R1,E8.5-R3,27,23435,27743,17.53329849243164,0.1899433135986328
E8.5-R1,E8.5-R3,28,23435,27743,18.221923828125,0.21762847900390625
E8.5-R1,E8.5-R3,29,23435,27743,18.495229721069336,0.1820354461669922
E8.5-R1,E8.5-R3,30,23435,27743,18.591720581054688,0.1749582290649414
E8.5-R1,E8.5-R3,31,23435,27743,17.540557861328125,0.19215106964111328
E8.5-R1,E8.5-R3,32,23435,27743,18.874500274658203,0.20390605926513672
E8.5-R1,E8.5-R3,33,23435,27743,17.993446350097656,0.1933889389038086
E8.5-R1,E8.5-R3,34,23435,27743,18.337369918823242,0.1924886703491211
E8.5-R1,E8.5-R3,35,23435,27743,18.659494400024414,0.215606689453125
E8.5-R1,E8.5-R3,36,23435,27743,17.773462295532227,0.17700672149658203
E8.5-R1,E8.5-R3,37,23435,27743,18.008699417114258,0.19731903076171875
E8.5-R1,E8.5-R3,38,23435,27743,18.655399322509766,0.20126724243164062
E8.5-R1,E8.5-R3,39,23435,27743,17.911865234375,0.1753559112548828
E8.5-R1,E8.5-R3,40,23435,27743,18.011211395263672,0.18717098236083984
E8.5-R1,E8.5-R3,41,23435,27743,17.365619659423828,0.1821727752685547
E8.5-R1,E8.5-R3,42,23435,27743,18.459819793701172,0.2019824981689453
E8.5-R1,E8.5-R3,43,23435,27743,17.95846939086914,0.217498779296875
E8.5-R1,E8.5-R3,44,23435,27743,17.823440551757812,0.18180084228515625
E8.5-R1,E8.5-R3,45,23435,27743,17.13162612915039,0.18498992919921875
E8.5-R1,E8.5-R3,46,23435,27743,18.818279266357422,0.18788623809814453
E8.5-R1,E8.5-R3,47,23435,27743,18.458114624023438,0.20859622955322266
E8.5-R1,E8.5-R3,48,23435,27743,18.60565185546875,0.24051570892333984
E8.5-R1,E8.5-R3,49,23435,27743,17.597862243652344,0.16791343688964844
E8.5-R1,E9.0-R1,0,23435,92063,23.4014892578125,0.45375633239746094
E8.5-R1,E9.0-R1,1,23435,92063,24.452735900878906,0.4706125259399414
E8.5-R1,E9.0-R1,2,23435,92063,23.303287506103516,0.4601411819458008
E8.5-R1,E9.0-R1,3,23435,92063,22.834911346435547,0.3822011947631836
E8.5-R1,E9.0-R1,4,23435,92063,23.108585357666016,0.44765663146972656
E8.5-R1,E9.0-R1,5,23435,92063,23.319557189941406,0.4414501190185547
E8.5-R1,E9.0-R1,6,23435,92063,22.785722732543945,0.43195629119873047
E8.5-R1,E9.0-R1,7,23435,92063,23.30723762512207,0.43225574493408203
E8.5-R1,E9.0-R1,8,23435,92063,24.380935668945312,0.4732637405395508
E8.5-R1,E9.0-R1,9,23435,92063,22.941864013671875,0.4258413314819336
E8.5-R1,E9.0-R1,10,23435,92063,23.78034782409668,0.4598665237426758
E8.5-R1,E9.0-R1,11,23435,92063,23.564424514770508,0.4097442626953125
E8.5-R1,E9.0-R1,12,23435,92063,23.80588150024414,0.44801902770996094
E8.5-R1,E9.0-R1,13,23435,92063,23.6278018951416,0.5100717544555664
E8.5-R1,E9.0-R1,14,23435,92063,23.06511878967285,0.47025108337402344
E8.5-R1,E9.0-R1,15,23435,92063,24.308834075927734,0.456329345703125
E8.5-R1,E9.0-R1,16,23435,92063,23.461715698242188,0.42867088317871094
E8.5-R1,E9.0-R1,17,23435,92063,22.86676788330078,0.44138240814208984
E8.5-R1,E9.0-R1,18,23435,92063,23.208236694335938,0.4271564483642578
E8.5-R1,E9.0-R1,19,23435,92063,23.373546600341797,0.4308643341064453
E8.5-R1,E9.0-R1,20,23435,92063,24.268295288085938,0.45140552520751953
E8.5-R1,E9.0-R1,21,23435,92063,23.70118522644043,0.4608640670776367
E8.5-R1,E9.0-R1,22,23435,92063,23.481590270996094,0.4519491195678711
E8.5-R1,E9.0-R1,23,23435,92063,23.009626388549805,0.41388702392578125
E8.5-R1,E9.0-R1,24,23435,92063,23.133739471435547,0.44094181060791016
E8.5-R1,E9.0-R1,25,23435,92063,23.148765563964844,0.45134639739990234
E8.5-R1,E9.0-R1,26,23435,92063,23.644102096557617,0.46283912658691406
E8.5-R1,E9.0-R1,27,23435,92063,22.706995010375977,0.4440422058105469
E8.5-R1,E9.0-R1,28,23435,92063,22.625150680541992,0.4494152069091797
E8.5-R1,E9.0-R1,29,23435,92063,22.295682907104492,0.4351215362548828
E8.5-R1,E9.0-R1,30,23435,92063,23.202335357666016,0.4788780212402344
E8.5-R1,E9.0-R1,31,23435,92063,23.793060302734375,0.4220752716064453
E8.5-R1,E9.0-R1,32,23435,92063,23.272981643676758,0.42974090576171875
E8.5-R1,E9.0-R1,33,23435,92063,23.684890747070312,0.46268653869628906
E8.5-R1,E9.0-R1,34,23435,92063,23.97753143310547,0.44965362548828125
E8.5-R1,E9.0-R1,35,23435,92063,24.015005111694336,0.4862642288208008
E8.5-R1,E9.0-R1,36,23435,92063,23.40094757080078,0.4225006103515625
E8.5-R1,E9.0-R1,37,23435,92063,23.34362030029297,0.44819068908691406
E8.5-R1,E9.0-R1,38,23435,92063,23.36496925354004,0.4492044448852539
E8.5-R1,E9.0-R1,39,23435,92063,22.91978645324707,0.3919391632080078
E8.5-R1,E9.0-R1,40,23435,92063,23.475635528564453,0.46291160583496094
E8.5-R1,E9.0-R1,41,23435,92063,23.472793579101562,0.4400768280029297
E8.5-R1,E9.0-R1,42,23435,92063,24.689468383789062,0.4853506088256836
E8.5-R1,E9.0-R1,43,23435,92063,23.44593620300293,0.4781055450439453
E8.5-R1,E9.0-R1,44,23435,92063,24.247920989990234,0.43533897399902344
E8.5-R1,E9.0-R1,45,23435,92063,22.832714080810547,0.42012882232666016
E8.5-R1,E9.0-R1,46,23435,92063,23.074880599975586,0.43111228942871094
E8.5-R1,E9.0-R1,47,23435,92063,24.12733268737793,0.44406700134277344
E8.5-R1,E9.0-R1,48,23435,92063,23.83864974975586,0.4729290008544922
E8.5-R1,E9.0-R1,49,23435,92063,22.745731353759766,0.4549112319946289
E8.5-R1,E9.0-R2,0,23435,99878,26.157329559326172,0.6103401184082031
E8.5-R1,E9.0-R2,1,23435,99878,24.472267150878906,0.5920524597167969
E8.5-R1,E9.0-R2,2,23435,99878,25.649673461914062,0.6020355224609375
E8.5-R1,E9.0-R2,3,23435,99878,25.757797241210938,0.5972232818603516
E8.5-R1,E9.0-R2,4,23435,99878,25.051773071289062,0.5962257385253906
E8.5-R1,E9.0-R2,5,23435,99878,26.507930755615234,0.586090087890625
E8.5-R1,E9.0-R2,6,23435,99878,24.633670806884766,0.5850143432617188
E8.5-R1,E9.0-R2,7,23435,99878,24.951984405517578,0.5719432830810547
E8.5-R1,E9.0-R2,8,23435,99878,24.745838165283203,0.5888767242431641
E8.5-R1,E9.0-R2,9,23435,99878,25.392900466918945,0.6188344955444336
E8.5-R1,E9.0-R2,10,23435,99878,25.20712661743164,0.5818033218383789
E8.5-R1,E9.0-R2,11,23435,99878,24.96530532836914,0.5931978225708008
E8.5-R1,E9.0-R2,12,23435,99878,24.78352928161621,0.6297006607055664
E8.5-R1,E9.0-R2,13,23435,99878,25.333084106445312,0.5839309692382812
E8.5-R1,E9.0-R2,14,23435,99878,26.360504150390625,0.6219244003295898
E8.5-R1,E9.0-R2,15,23435,99878,26.163179397583008,0.5826053619384766
E8.5-R1,E9.0-R2,16,23435,99878,25.895273208618164,0.5924463272094727
E8.5-R1,E9.0-R2,17,23435,99878,26.621870040893555,0.6143436431884766
E8.5-R1,E9.0-R2,18,23435,99878,26.27374839782715,0.6678867340087891
E8.5-R1,E9.0-R2,19,23435,99878,24.686443328857422,0.5781936645507812
E8.5-R1,E9.0-R2,20,23435,99878,25.48047637939453,0.6177806854248047
E8.5-R1,E9.0-R2,21,23435,99878,24.628849029541016,0.5915031433105469
E8.5-R1,E9.0-R2,22,23435,99878,25.121707916259766,0.5944366455078125
E8.5-R1,E9.0-R2,23,23435,99878,25.434425354003906,0.6006631851196289
E8.5-R1,E9.0-R2,24,23435,99878,24.635547637939453,0.5820417404174805
E8.5-R1,E9.0-R2,25,23435,99878,25.688377380371094,0.6490755081176758
E8.5-R1,E9.0-R2,26,23435,99878,25.53036880493164,0.5939836502075195
E8.5-R1,E9.0-R2,27,23435,99878,26.457786560058594,0.6036930084228516
E8.5-R1,E9.0-R2,28,23435,99878,26.127994537353516,0.5963678359985352
E8.5-R1,E9.0-R2,29,23435,99878,25.9777889251709,0.6174201965332031
E8.5-R1,E9.0-R2,30,23435,99878,24.39328384399414,0.5664587020874023
E8.5-R1,E9.0-R2,31,23435,99878,24.9070987701416,0.604588508605957
E8.5-R1,E9.0-R2,32,23435,99878,25.323816299438477,0.5988283157348633
E8.5-R1,E9.0-R2,33,23435,99878,25.600460052490234,0.5840206146240234
E8.5-R1,E9.0-R2,34,23435,99878,24.96837615966797,0.6030817031860352
E8.5-R1,E9.0-R2,35,23435,99878,25.213537216186523,0.6181097030639648
E8.5-R1,E9.0-R2,36,23435,99878,25.50668716430664,0.5947341918945312
E8.5-R1,E9.0-R2,37,23435,99878,24.713356018066406,0.5903778076171875
E8.5-R1,E9.0-R2,38,23435,99878,24.948871612548828,0.6081485748291016
E8.5-R1,E9.0-R2,39,23435,99878,25.28350830078125,0.6060428619384766
E8.5-R1,E9.0-R2,40,23435,99878,24.993240356445312,0.5806598663330078
E8.5-R1,E9.0-R2,41,23435,99878,24.59566879272461,0.566685676574707
E8.5-R1,E9.0-R2,42,23435,99878,25.41061782836914,0.5883970260620117
E8.5-R1,E9.0-R2,43,23435,99878,25.119972229003906,0.5825996398925781
E8.5-R1,E9.0-R2,44,23435,99878,25.39426040649414,0.5732641220092773
E8.5-R1,E9.0-R2,45,23435,99878,25.629430770874023,0.598846435546875
E8.5-R1,E9.0-R2,46,23435,99878,26.78946876525879,0.6268787384033203
E8.5-R1,E9.0-R2,47,23435,99878,24.80131721496582,0.5949201583862305
E8.5-R1,E9.0-R2,48,23435,99878,25.490619659423828,0.6283817291259766
E8.5-R1,E9.0-R2,49,23435,99878,24.954429626464844,0.6078281402587891
E8.5-R1,E9.0-R3,0,23435,62867,21.441572189331055,0.35535240173339844
E8.5-R1,E9.0-R3,1,23435,62867,20.987598419189453,0.35645294189453125
E8.5-R1,E9.0-R3,2,23435,62867,20.863025665283203,0.3604001998901367
E8.5-R1,E9.0-R3,3,23435,62867,20.42013931274414,0.3447580337524414
E8.5-R1,E9.0-R3,4,23435,62867,21.185882568359375,0.37493324279785156
E8.5-R1,E9.0-R3,5,23435,62867,21.8382568359375,0.36525917053222656
E8.5-R1,E9.0-R3,6,23435,62867,20.902912139892578,0.3682403564453125
E8.5-R1,E9.0-R3,7,23435,62867,20.70404052734375,0.38750171661376953
E8.5-R1,E9.0-R3,8,23435,62867,21.49868392944336,0.34991455078125
E8.5-R1,E9.0-R3,9,23435,62867,21.878063201904297,0.37105846405029297
E8.5-R1,E9.0-R3,10,23435,62867,21.129547119140625,0.34438610076904297
E8.5-R1,E9.0-R3,11,23435,62867,21.365585327148438,0.3342742919921875
E8.5-R1,E9.0-R3,12,23435,62867,21.919448852539062,0.37090396881103516
E8.5-R1,E9.0-R3,13,23435,62867,20.27825164794922,0.35017967224121094
E8.5-R1,E9.0-R3,14,23435,62867,21.173851013183594,0.3462705612182617
E8.5-R1,E9.0-R3,15,23435,62867,21.89239501953125,0.3620109558105469
E8.5-R1,E9.0-R3,16,23435,62867,20.947811126708984,0.34380245208740234
E8.5-R1,E9.0-R3,17,23435,62867,20.918420791625977,0.35259342193603516
E8.5-R1,E9.0-R3,18,23435,62867,19.985977172851562,0.3314990997314453
E8.5-R1,E9.0-R3,19,23435,62867,21.198383331298828,0.35070323944091797
E8.5-R1,E9.0-R3,20,23435,62867,20.289840698242188,0.3391590118408203
E8.5-R1,E9.0-R3,21,23435,62867,21.434337615966797,0.3676872253417969
E8.5-R1,E9.0-R3,22,23435,62867,21.6005916595459,0.38491153717041016
E8.5-R1,E9.0-R3,23,23435,62867,21.163610458374023,0.3468809127807617
E8.5-R1,E9.0-R3,24,23435,62867,20.921852111816406,0.3517313003540039
E8.5-R1,E9.0-R3,25,23435,62867,21.124446868896484,0.3479576110839844
E8.5-R1,E9.0-R3,26,23435,62867,21.056987762451172,0.3578166961669922
E8.5-R1,E9.0-R3,27,23435,62867,20.594745635986328,0.3407258987426758
E8.5-R1,E9.0-R3,28,23435,62867,21.23846435546875,0.3609457015991211
E8.5-R1,E9.0-R3,29,23435,62867,20.485212326049805,0.33331775665283203
E8.5-R1,E9.0-R3,30,23435,62867,21.233232498168945,0.3579988479614258
E8.5-R1,E9.0-R3,31,23435,62867,20.3677978515625,0.34229373931884766
E8.5-R1,E9.0-R3,32,23435,62867,20.887271881103516,0.34705448150634766
E8.5-R1,E9.0-R3,33,23435,62867,19.63629722595215,0.3376350402832031
E8.5-R1,E9.0-R3,34,23435,62867,20.912490844726562,0.3598051071166992
E8.5-R1,E9.0-R3,35,23435,62867,20.692811965942383,0.35431575775146484
E8.5-R1,E9.0-R3,36,23435,62867,20.750442504882812,0.3629426956176758
E8.5-R1,E9.0-R3,37,23435,62867,20.905197143554688,0.3420543670654297
E8.5-R1,E9.0-R3,38,23435,62867,21.661956787109375,0.38309574127197266
E8.5-R1,E9.0-R3,39,23435,62867,21.881099700927734,0.3524951934814453
E8.5-R1,E9.0-R3,40,23435,62867,20.281654357910156,0.3534660339355469
E8.5-R1,E9.0-R3,41,23435,62867,21.384315490722656,0.3787870407104492
E8.5-R1,E9.0-R3,42,23435,62867,20.529577255249023,0.35407161712646484
E8.5-R1,E9.0-R3,43,23435,62867,22.19144058227539,0.3415498733520508
E8.5-R1,E9.0-R3,44,23435,62867,21.358592987060547,0.3538026809692383
E8.5-R1,E9.0-R3,45,23435,62867,20.97146987915039,0.34195709228515625
E8.5-R1,E9.0-R3,46,23435,62867,21.443553924560547,0.33484840393066406
E8.5-R1,E9.0-R3,47,23435,62867,20.617128372192383,0.3700275421142578
E8.5-R1,E9.0-R3,48,23435,62867,21.591529846191406,0.36314868927001953
E8.5-R1,E9.0-R3,49,23435,62867,21.24250030517578,0.3668956756591797
E8.5-R1,E9.5-R1,0,23435,383453,35.333595275878906,1.0872783660888672
E8.5-R1,E9.5-R1,1,23435,383453,35.28553771972656,1.0919380187988281
E8.5-R1,E9.5-R1,2,23435,383453,36.56654739379883,1.113337516784668
E8.5-R1,E9.5-R1,3,23435,383453,35.80400466918945,1.1108293533325195
E8.5-R1,E9.5-R1,4,23435,383453,36.32628631591797,1.1474790573120117
E8.5-R1,E9.5-R1,5,23435,383453,34.41773986816406,1.110060691833496
E8.5-R1,E9.5-R1,6,23435,383453,35.643394470214844,1.0973167419433594
E8.5-R1,E9.5-R1,7,23435,383453,35.15997314453125,1.0971946716308594
E8.5-R1,E9.5-R1,8,23435,383453,34.82147216796875,1.0772552490234375
E8.5-R1,E9.5-R1,9,23435,383453,36.42981719970703,1.0996503829956055
E8.5-R1,E9.5-R1,10,23435,383453,35.217742919921875,1.1121950149536133
E8.5-R1,E9.5-R1,11,23435,383453,35.31016159057617,1.0898895263671875
E8.5-R1,E9.5-R1,12,23435,383453,35.55171203613281,1.1164207458496094
E8.5-R1,E9.5-R1,13,23435,383453,34.82563781738281,1.0967674255371094
E8.5-R1,E9.5-R1,14,23435,383453,35.32060241699219,1.1155033111572266
E8.5-R1,E9.5-R1,15,23435,383453,34.87889862060547,1.092416763305664
E8.5-R1,E9.5-R1,16,23435,383453,34.90873718261719,1.1247615814208984
E8.5-R1,E9.5-R1,17,23435,383453,34.295860290527344,1.0865488052368164
E8.5-R1,E9.5-R1,18,23435,383453,35.76945495605469,1.1230335235595703
E8.5-R1,E9.5-R1,19,23435,383453,36.58055114746094,1.1104469299316406
E8.5-R1,E9.5-R1,20,23435,383453,35.02412414550781,1.098306655883789
E8.5-R1,E9.5-R1,21,23435,383453,34.827362060546875,1.1351137161254883
E8.5-R1,E9.5-R1,22,23435,383453,34.835357666015625,1.0953073501586914
E8.5-R1,E9.5-R1,23,23435,383453,35.035247802734375,1.092050552368164
E8.5-R1,E9.5-R1,24,23435,383453,34.862220764160156,1.105790138244629
E8.5-R1,E9.5-R1,25,23435,383453,36.28593063354492,1.118494987487793
E8.5-R1,E9.5-R1,26,23435,383453,35.40876770019531,1.1505556106567383
E8.5-R1,E9.5-R1,27,23435,383453,35.737998962402344,1.1111364364624023
E8.5-R1,E9.5-R1,28,23435,383453,36.001220703125,1.0850410461425781
E8.5-R1,E9.5-R1,29,23435,383453,36.118247985839844,1.0871772766113281
E8.5-R1,E9.5-R1,30,23435,383453,35.76033401489258,1.0941524505615234
E8.5-R1,E9.5-R1,31,23435,383453,34.85166931152344,1.1028661727905273
E8.5-R1,E9.5-R1,32,23435,383453,35.55340576171875,1.1250953674316406
E8.5-R1,E9.5-R1,33,23435,383453,35.29108810424805,1.0972309112548828
E8.5-R1,E9.5-R1,34,23435,383453,35.815338134765625,1.1271162033081055
E8.5-R1,E9.5-R1,35,23435,383453,35.57939147949219,1.1094589233398438
E8.5-R1,E9.5-R1,36,23435,383453,34.94200134277344,1.1206607818603516
E8.5-R1,E9.5-R1,37,23435,383453,36.22355651855469,1.130167007446289
E8.5-R1,E9.5-R1,38,23435,383453,36.855079650878906,1.0993680953979492
E8.5-R1,E9.5-R1,39,23435,383453,36.38808822631836,1.1264457702636719
E8.5-R1,E9.5-R1,40,23435,383453,36.051979064941406,1.1332950592041016
E8.5-R1,E9.5-R1,41,23435,383453,35.73320007324219,1.103043556213379
E8.5-R1,E9.5-R1,42,23435,383453,35.71534729003906,1.068033218383789
E8.5-R1,E9.5-R1,43,23435,383453,35.86534881591797,1.0778999328613281
E8.5-R1,E9.5-R1,44,23435,383453,35.719303131103516,1.1165332794189453
E8.5-R1,E9.5-R1,45,23435,383453,34.60406494140625,1.0878839492797852
E8.5-R1,E9.5-R1,46,23435,383453,36.28318786621094,1.086503028869629
E8.5-R1,E9.5-R1,47,23435,383453,34.8360595703125,1.0931882858276367
E8.5-R1,E9.5-R1,48,23435,383453,35.9014892578125,1.1525487899780273
E8.5-R1,E9.5-R1,49,23435,383453,35.833824157714844,1.1292409896850586
E8.5-R1,E9.5-R2,0,23435,350716,36.49872589111328,1.0444412231445312
E8.5-R1,E9.5-R2,1,23435,350716,35.951988220214844,1.0847530364990234
E8.5-R1,E9.5-R2,2,23435,350716,36.509498596191406,1.1077241897583008
E8.5-R1,E9.5-R2,3,23435,350716,35.19721603393555,1.0210342407226562
E8.5-R1,E9.5-R2,4,23435,350716,35.903472900390625,1.0951042175292969
E8.5-R1,E9.5-R2,5,23435,350716,35.76756286621094,1.0874910354614258
E8.5-R1,E9.5-R2,6,23435,350716,37.500640869140625,1.0487127304077148
E8.5-R1,E9.5-R2,7,23435,350716,36.161155700683594,1.0048713684082031
E8.5-R1,E9.5-R2,8,23435,350716,35.15138244628906,1.0367755889892578
E8.5-R1,E9.5-R2,9,23435,350716,35.91294479370117,1.039332389831543
E8.5-R1,E9.5-R2,10,23435,350716,34.841522216796875,1.0633039474487305
E8.5-R1,E9.5-R2,11,23435,350716,35.82254409790039,1.0557079315185547
E8.5-R1,E9.5-R2,12,23435,350716,35.549903869628906,1.0455026626586914
E8.5-R1,E9.5-R2,13,23435,350716,35.96754455566406,1.0751781463623047
E8.5-R1,E9.5-R2,14,23435,350716,35.22395324707031,1.028183937072754
E8.5-R1,E9.5-R2,15,23435,350716,36.73163604736328,1.0844297409057617
E8.5-R1,E9.5-R2,16,23435,350716,36.41014862060547,1.02484130859375
E8.5-R1,E9.5-R2,17,23435,350716,36.585323333740234,1.0534038543701172
E8.5-R1,E9.5-R2,18,23435,350716,37.011993408203125,1.0666513442993164
E8.5-R1,E9.5-R2,19,23435,350716,37.52094268798828,1.061293601989746
E8.5-R1,E9.5-R2,20,23435,350716,35.82201385498047,1.0422296524047852
E8.5-R1,E9.5-R2,21,23435,350716,34.718353271484375,1.0444374084472656
E8.5-R1,E9.5-R2,22,23435,350716,36.31406021118164,1.0600605010986328
E8.5-R1,E9.5-R2,23,23435,350716,35.41365051269531,1.0617561340332031
E8.5-R1,E9.5-R2,24,23435,350716,35.500450134277344,1.0875968933105469
E8.5-R1,E9.5-R2,25,23435,350716,35.58738708496094,1.0632905960083008
E8.5-R1,E9.5-R2,26,23435,350716,36.09349060058594,1.058354377746582
E8.5-R1,E9.5-R2,27,23435,350716,36.06349182128906,1.0536079406738281
E8.5-R1,E9.5-R2,28,23435,350716,36.21784973144531,1.0795869827270508
E8.5-R1,E9.5-R2,29,23435,350716,35.6361083984375,1.032938003540039
E8.5-R1,E9.5-R2,30,23435,350716,36.474327087402344,1.0323963165283203
E8.5-R1,E9.5-R2,31,23435,350716,34.905303955078125,1.0322599411010742
E8.5-R1,E9.5-R2,32,23435,350716,34.904022216796875,1.0581121444702148
E8.5-R1,E9.5-R2,33,23435,350716,34.86725616455078,1.0351390838623047
E8.5-R1,E9.5-R2,34,23435,350716,36.52192687988281,1.062138557434082
E8.5-R1,E9.5-R2,35,23435,350716,34.93925857543945,1.013991355895996
E8.5-R1,E9.5-R2,36,23435,350716,35.19690704345703,1.0362482070922852
E8.5-R1,E9.5-R2,37,23435,350716,36.01982116699219,1.038069725036621
E8.5-R1,E9.5-R2,38,23435,350716,36.24701690673828,1.1100311279296875
E8.5-R1,E9.5-R2,39,23435,350716,36.480804443359375,1.0584440231323242
E8.5-R1,E9.5-R2,40,23435,350716,35.963932037353516,1.0522022247314453
E8.5-R1,E9.5-R2,41,23435,350716,35.426727294921875,1.040785789489746
E8.5-R1,E9.5-R2,42,23435,350716,36.351287841796875,1.057149887084961
E8.5-R1,E9.5-R2,43,23435,350716,36.563629150390625,1.0525884628295898
E8.5-R1,E9.5-R2,44,23435,350716,35.15337371826172,1.0780868530273438
E8.5-R1,E9.5-R2,45,23435,350716,36.199005126953125,1.0561542510986328
E8.5-R1,E9.5-R2,46,23435,350716,35.821441650390625,1.1140146255493164
E8.5-R1,E9.5-R2,47,23435,350716,36.161521911621094,1.0491199493408203
E8.5-R1,E9.5-R2,48,23435,350716,36.18201446533203,1.0981330871582031
E8.5-R1,E9.5-R2,49,23435,350716,36.217308044433594,1.081441879272461
E8.5-R1,E9.5-R3,0,23435,342873,36.597930908203125,1.0883941650390625
E8.5-R1,E9.5-R3,1,23435,342873,34.93098449707031,1.0387849807739258
E8.5-R1,E9.5-R3,2,23435,342873,34.787391662597656,1.0783348083496094
E8.5-R1,E9.5-R3,3,23435,342873,34.77654266357422,1.0648021697998047
E8.5-R1,E9.5-R3,4,23435,342873,33.866004943847656,1.077859878540039
E8.5-R1,E9.5-R3,5,23435,342873,34.86266326904297,1.0961837768554688
E8.5-R1,E9.5-R3,6,23435,342873,34.926368713378906,1.0836963653564453
E8.5-R1,E9.5-R3,7,23435,342873,35.244873046875,1.1052532196044922
E8.5-R1,E9.5-R3,8,23435,342873,35.043949127197266,1.0646162033081055
E8.5-R1,E9.5-R3,9,23435,342873,34.64644241333008,1.0641536712646484
E8.5-R1,E9.5-R3,10,23435,342873,34.372230529785156,1.0574378967285156
E8.5-R1,E9.5-R3,11,23435,342873,36.08454132080078,1.0484285354614258
E8.5-R1,E9.5-R3,12,23435,342873,34.163551330566406,1.0297565460205078
E8.5-R1,E9.5-R3,13,23435,342873,34.14476776123047,1.1224145889282227
E8.5-R1,E9.5-R3,14,23435,342873,34.68000411987305,1.0633420944213867
E8.5-R1,E9.5-R3,15,23435,342873,33.93218231201172,1.0688629150390625
E8.5-R1,E9.5-R3,16,23435,342873,34.41893005371094,1.0769681930541992
E8.5-R1,E9.5-R3,17,23435,342873,34.712562561035156,1.0564041137695312
E8.5-R1,E9.5-R3,18,23435,342873,34.72589874267578,1.1110649108886719
E8.5-R1,E9.5-R3,19,23435,342873,34.166831970214844,1.0206260681152344
E8.5-R1,E9.5-R3,20,23435,342873,34.69118881225586,1.0981979370117188
E8.5-R1,E9.5-R3,21,23435,342873,34.94591522216797,1.059549331665039
E8.5-R1,E9.5-R3,22,23435,342873,35.56501770019531,1.1297273635864258
E8.5-R1,E9.5-R3,23,23435,342873,35.65837860107422,1.0950202941894531
E8.5-R1,E9.5-R3,24,23435,342873,34.70664978027344,1.0684003829956055
E8.5-R1,E9.5-R3,25,23435,342873,35.870887756347656,1.106867790222168
E8.5-R1,E9.5-R3,26,23435,342873,34.13396072387695,1.0728998184204102
E8.5-R1,E9.5-R3,27,23435,342873,35.24332046508789,1.0750789642333984
E8.5-R1,E9.5-R3,28,23435,342873,34.25188446044922,1.0784797668457031
E8.5-R1,E9.5-R3,29,23435,342873,34.86133575439453,1.05364990234375
E8.5-R1,E9.5-R3,30,23435,342873,34.723480224609375,1.1048154830932617
E8.5-R1,E9.5-R3,31,23435,342873,35.7212028503418,1.1137752532958984
E8.5-R1,E9.5-R3,32,23435,342873,34.463714599609375,1.0721797943115234
E8.5-R1,E9.5-R3,33,23435,342873,35.17500305175781,1.0602169036865234
E8.5-R1,E9.5-R3,34,23435,342873,34.16851806640625,1.0598554611206055
E8.5-R1,E9.5-R3,35,23435,342873,34.85520935058594,1.0369548797607422
E8.5-R1,E9.5-R3,36,23435,342873,35.155303955078125,1.1060962677001953
E8.5-R1,E9.5-R3,37,23435,342873,35.29913330078125,1.0810680389404297
E8.5-R1,E9.5-R3,38,23435,342873,33.94903564453125,1.028620719909668
E8.5-R1,E9.5-R3,39,23435,342873,36.07167053222656,1.0409049987792969
E8.5-R1,E9.5-R3,40,23435,342873,33.92619705200195,1.068711280822754
E8.5-R1,E9.5-R3,41,23435,342873,34.4569206237793,1.06024169921875
E8.5-R1,E9.5-R3,42,23435,342873,35.54669189453125,1.0453786849975586
E8.5-R1,E9.5-R3,43,23435,342873,34.630516052246094,1.0885505676269531
E8.5-R1,E9.5-R3,44,23435,342873,35.67780303955078,1.0768041610717773
E8.5-R1,E9.5-R3,45,23435,342873,35.082862854003906,1.058985710144043
E8.5-R1,E9.5-R3,46,23435,342873,34.27943420410156,1.0928840637207031
E8.5-R1,E9.5-R3,47,23435,342873,34.088706970214844,1.0870819091796875
E8.5-R1,E9.5-R3,48,23435,342873,34.540443420410156,1.047989845275879
E8.5-R1,E9.5-R3,49,23435,342873,34.15264129638672,1.057943344116211
E8.5-R1,E10.0-R1,0,23435,347550,41.76365661621094,1.3109979629516602
E8.5-R1,E10.0-R1,1,23435,347550,40.35649871826172,1.285557746887207
E8.5-R1,E10.0-R1,2,23435,347550,40.708778381347656,1.302504539489746
E8.5-R1,E10.0-R1,3,23435,347550,40.75518798828125,1.2701416015625
E8.5-R1,E10.0-R1,4,23435,347550,41.13214874267578,1.2568960189819336
E8.5-R1,E10.0-R1,5,23435,347550,40.88524627685547,1.271073341369629
E8.5-R1,E10.0-R1,6,23435,347550,41.6939697265625,1.3202705383300781
E8.5-R1,E10.0-R1,7,23435,347550,40.82627868652344,1.2611713409423828
E8.5-R1,E10.0-R1,8,23435,347550,40.9150505065918,1.2787809371948242
E8.5-R1,E10.0-R1,9,23435,347550,41.096214294433594,1.3019189834594727
E8.5-R1,E10.0-R1,10,23435,347550,41.39851379394531,1.3098230361938477
E8.5-R1,E10.0-R1,11,23435,347550,41.616615295410156,1.250382423400879
E8.5-R1,E10.0-R1,12,23435,347550,40.40962219238281,1.2557640075683594
E8.5-R1,E10.0-R1,13,23435,347550,39.96826934814453,1.2737350463867188
E8.5-R1,E10.0-R1,14,23435,347550,41.15199279785156,1.3097343444824219
E8.5-R1,E10.0-R1,15,23435,347550,40.29502868652344,1.3175544738769531
E8.5-R1,E10.0-R1,16,23435,347550,41.32908630371094,1.2383136749267578
E8.5-R1,E10.0-R1,17,23435,347550,40.40266418457031,1.2833061218261719
E8.5-R1,E10.0-R1,18,23435,347550,40.88275146484375,1.273268699645996
E8.5-R1,E10.0-R1,19,23435,347550,40.194374084472656,1.3144035339355469
E8.5-R1,E10.0-R1,20,23435,347550,41.43801498413086,1.2416648864746094
E8.5-R1,E10.0-R1,21,23435,347550,41.74436950683594,1.2672491073608398
E8.5-R1,E10.0-R1,22,23435,347550,42.3310661315918,1.3277130126953125
E8.5-R1,E10.0-R1,23,23435,347550,41.21971893310547,1.2603654861450195
E8.5-R1,E10.0-R1,24,23435,347550,40.76741027832031,1.300558090209961
E8.5-R1,E10.0-R1,25,23435,347550,39.89347839355469,1.245635986328125
E8.5-R1,E10.0-R1,26,23435,347550,40.97840881347656,1.3127899169921875
E8.5-R1,E10.0-R1,27,23435,347550,40.33000946044922,1.3160667419433594
E8.5-R1,E10.0-R1,28,23435,347550,41.14741516113281,1.3016719818115234
E8.5-R1,E10.0-R1,29,23435,347550,40.04288101196289,1.3070974349975586
E8.5-R1,E10.0-R1,30,23435,347550,40.959991455078125,1.2063779830932617
E8.5-R1,E10.0-R1,31,23435,347550,40.78999328613281,1.2847089767456055
E8.5-R1,E10.0-R1,32,23435,347550,42.16533660888672,1.2739448547363281
E8.5-R1,E10.0-R1,33,23435,347550,41.99626922607422,1.2748050689697266
E8.5-R1,E10.0-R1,34,23435,347550,40.65382766723633,1.2796907424926758
E8.5-R1,E10.0-R1,35,23435,347550,40.337989807128906,1.3186511993408203
E8.5-R1,E10.0-R1,36,23435,347550,41.50977325439453,1.3190727233886719
E8.5-R1,E10.0-R1,37,23435,347550,41.74893569946289,1.2964611053466797
E8.5-R1,E10.0-R1,38,23435,347550,42.1002197265625,1.2670860290527344
E8.5-R1,E10.0-R1,39,23435,347550,40.85115051269531,1.2525053024291992
E8.5-R1,E10.0-R1,40,23435,347550,41.492515563964844,1.2711877822875977
E8.5-R1,E10.0-R1,41,23435,347550,40.53547668457031,1.2602815628051758
E8.5-R1,E10.0-R1,42,23435,347550,40.74788284301758,1.292771339416504
E8.5-R1,E10.0-R1,43,23435,347550,41.15321350097656,1.2715444564819336
E8.5-R1,E10.0-R1,44,23435,347550,41.540672302246094,1.318120002746582
E8.5-R1,E10.0-R1,45,23435,347550,42.32086944580078,1.305816650390625
E8.5-R1,E10.0-R1,46,23435,347550,40.1806640625,1.2717828750610352
E8.5-R1,E10.0-R1,47,23435,347550,41.995521545410156,1.265761375427246
E8.5-R1,E10.0-R1,48,23435,347550,40.81727600097656,1.2974281311035156
E8.5-R1,E10.0-R1,49,23435,347550,41.80169677734375,1.3083648681640625
E8.5-R2,E8.5-R3,0,38216,27743,17.21927261352539,0.1093740463256836
E8.5-R2,E8.5-R3,1,38216,27743,17.374759674072266,0.10872268676757812
E8.5-R2,E8.5-R3,2,38216,27743,17.058006286621094,0.12486076354980469
E8.5-R2,E8.5-R3,3,38216,27743,17.97391128540039,0.11812400817871094
E8.5-R2,E8.5-R3,4,38216,27743,17.87786102294922,0.10961723327636719
E8.5-R2,E8.5-R3,5,38216,27743,17.298816680908203,0.11237621307373047
E8.5-R2,E8.5-R3,6,38216,27743,17.01767349243164,0.10796546936035156
E8.5-R2,E8.5-R3,7,38216,27743,18.231327056884766,0.12137126922607422
E8.5-R2,E8.5-R3,8,38216,27743,17.170143127441406,0.11070537567138672
E8.5-R2,E8.5-R3,9,38216,27743,17.31515884399414,0.1313924789428711
E8.5-R2,E8.5-R3,10,38216,27743,17.30990982055664,0.13480377197265625
E8.5-R2,E8.5-R3,11,38216,27743,17.914167404174805,0.13955307006835938
E8.5-R2,E8.5-R3,12,38216,27743,18.263988494873047,0.16480445861816406
E8.5-R2,E8.5-R3,13,38216,27743,17.926422119140625,0.12801170349121094
E8.5-R2,E8.5-R3,14,38216,27743,18.12912940979004,0.13445472717285156
E8.5-R2,E8.5-R3,15,38216,27743,16.21125030517578,0.1345958709716797
E8.5-R2,E8.5-R3,16,38216,27743,17.26270294189453,0.13626861572265625
E8.5-R2,E8.5-R3,17,38216,27743,18.195213317871094,0.12446880340576172
E8.5-R2,E8.5-R3,18,38216,27743,18.76861572265625,0.13422584533691406
E8.5-R2,E8.5-R3,19,38216,27743,17.948299407958984,0.14337158203125
E8.5-R2,E8.5-R3,20,38216,27743,18.24201011657715,0.1339111328125
E8.5-R2,E8.5-R3,21,38216,27743,17.990039825439453,0.1415538787841797
E8.5-R2,E8.5-R3,22,38216,27743,17.03615951538086,0.13078689575195312
E8.5-R2,E8.5-R3,23,38216,27743,17.950315475463867,0.1412792205810547
E8.5-R2,E8.5-R3,24,38216,27743,19.15395736694336,0.16133403778076172
E8.5-R2,E8.5-R3,25,38216,27743,17.319040298461914,0.1374044418334961
E8.5-R2,E8.5-R3,26,38216,27743,18.813377380371094,0.1523752212524414
E8.5-R2,E8.5-R3,27,38216,27743,17.265052795410156,0.11427116394042969
E8.5-R2,E8.5-R3,28,38216,27743,17.115402221679688,0.12759971618652344
E8.5-R2,E8.5-R3,29,38216,27743,17.779006958007812,0.12356948852539062
E8.5-R2,E8.5-R3,30,38216,27743,17.974376678466797,0.12659072875976562
E8.5-R2,E8.5-R3,31,38216,27743,17.62673568725586,0.13293933868408203
E8.5-R2,E8.5-R3,32,38216,27743,18.637542724609375,0.1353006362915039
E8.5-R2,E8.5-R3,33,38216,27743,17.307600021362305,0.1153726577758789
E8.5-R2,E8.5-R3,34,38216,27743,17.520158767700195,0.14185428619384766
E8.5-R2,E8.5-R3,35,38216,27743,17.662649154663086,0.14003276824951172
E8.5-R2,E8.5-R3,36,38216,27743,18.382368087768555,0.13519573211669922
E8.5-R2,E8.5-R3,37,38216,27743,17.702381134033203,0.11149215698242188
E8.5-R2,E8.5-R3,38,38216,27743,16.86334800720215,0.10898590087890625
E8.5-R2,E8.5-R3,39,38216,27743,19.09473419189453,0.16640472412109375
E8.5-R2,E8.5-R3,40,38216,27743,17.09935760498047,0.11680221557617188
E8.5-R2,E8.5-R3,41,38216,27743,16.98333740234375,0.12078857421875
E8.5-R2,E8.5-R3,42,38216,27743,16.91891098022461,0.11629676818847656
E8.5-R2,E8.5-R3,43,38216,27743,16.501605987548828,0.12737274169921875
E8.5-R2,E8.5-R3,44,38216,27743,17.530742645263672,0.10425281524658203
E8.5-R2,E8.5-R3,45,38216,27743,16.92332649230957,0.1088113784790039
E8.5-R2,E8.5-R3,46,38216,27743,18.361549377441406,0.14586544036865234
E8.5-R2,E8.5-R3,47,38216,27743,17.48708152770996,0.13399982452392578
E8.5-R2,E8.5-R3,48,38216,27743,17.117149353027344,0.13262271881103516
E8.5-R2,E8.5-R3,49,38216,27743,16.5628604888916,0.12140655517578125
E8.5-R2,E9.0-R1,0,38216,92063,22.24301528930664,0.3964118957519531
E8.5-R2,E9.0-R1,1,38216,92063,22.451818466186523,0.3832063674926758
E8.5-R2,E9.0-R1,2,38216,92063,21.157470703125,0.36413002014160156
E8.5-R2,E9.0-R1,3,38216,92063,22.544410705566406,0.3902769088745117
E8.5-R2,E9.0-R1,4,38216,92063,21.868858337402344,0.3958110809326172
E8.5-R2,E9.0-R1,5,38216,92063,21.63684844970703,0.35258007049560547
E8.5-R2,E9.0-R1,6,38216,92063,22.11670684814453,0.38171958923339844
E8.5-R2,E9.0-R1,7,38216,92063,21.81637191772461,0.39279842376708984
E8.5-R2,E9.0-R1,8,38216,92063,22.389610290527344,0.4146242141723633
E8.5-R2,E9.0-R1,9,38216,92063,22.886127471923828,0.41166019439697266
E8.5-R2,E9.0-R1,10,38216,92063,21.39188575744629,0.38138294219970703
E8.5-R2,E9.0-R1,11,38216,92063,22.538022994995117,0.39664554595947266
E8.5-R2,E9.0-R1,12,38216,92063,22.999618530273438,0.3714103698730469
E8.5-R2,E9.0-R1,13,38216,92063,22.361919403076172,0.37865734100341797
E8.5-R2,E9.0-R1,14,38216,92063,22.79549217224121,0.39466190338134766
E8.5-R2,E9.0-R1,15,38216,92063,23.167606353759766,0.3880634307861328
E8.5-R2,E9.0-R1,16,38216,92063,22.184112548828125,0.38785362243652344
E8.5-R2,E9.0-R1,17,38216,92063,21.526870727539062,0.3771200180053711
E8.5-R2,E9.0-R1,18,38216,92063,22.045368194580078,0.3927907943725586
E8.5-R2,E9.0-R1,19,38216,92063,22.4047908782959,0.3671121597290039
E8.5-R2,E9.0-R1,20,38216,92063,21.435646057128906,0.37236690521240234
E8.5-R2,E9.0-R1,21,38216,92063,21.963665008544922,0.39701080322265625
E8.5-R2,E9.0-R1,22,38216,92063,21.921649932861328,0.3678560256958008
E8.5-R2,E9.0-R1,23,38216,92063,21.59636116027832,0.3812112808227539
E8.5-R2,E9.0-R1,24,38216,92063,21.556644439697266,0.39783287048339844
E8.5-R2,E9.0-R1,25,38216,92063,22.296615600585938,0.39388561248779297
E8.5-R2,E9.0-R1,26,38216,92063,21.899539947509766,0.3997955322265625
E8.5-R2,E9.0-R1,27,38216,92063,22.167694091796875,0.36690711975097656
E8.5-R2,E9.0-R1,28,38216,92063,22.232017517089844,0.3783760070800781
E8.5-R2,E9.0-R1,29,38216,92063,21.92235565185547,0.3802051544189453
E8.5-R2,E9.0-R1,30,38216,92063,21.85641098022461,0.37117671966552734
E8.5-R2,E9.0-R1,31,38216,92063,22.15142250061035,0.3657398223876953
E8.5-R2,E9.0-R1,32,38216,92063,22.520824432373047,0.39780616760253906
E8.5-R2,E9.0-R1,33,38216,92063,22.650068283081055,0.38784122467041016
E8.5-R2,E9.0-R1,34,38216,92063,22.77157211303711,0.3749113082885742
E8.5-R2,E9.0-R1,35,38216,92063,23.07709503173828,0.4082775115966797
E8.5-R2,E9.0-R1,36,38216,92063,22.49274444580078,0.39964962005615234
E8.5-R2,E9.0-R1,37,38216,92063,22.119918823242188,0.38446998596191406
E8.5-R2,E9.0-R1,38,38216,92063,22.44448471069336,0.3868684768676758
E8.5-R2,E9.0-R1,39,38216,92063,22.14285659790039,0.36778926849365234
E8.5-R2,E9.0-R1,40,38216,92063,21.786067962646484,0.37162113189697266
E8.5-R2,E9.0-R1,41,38216,92063,21.639690399169922,0.3765707015991211
E8.5-R2,E9.0-R1,42,38216,92063,21.589231491088867,0.36658573150634766
E8.5-R2,E9.0-R1,43,38216,92063,22.283533096313477,0.42792320251464844
E8.5-R2,E9.0-R1,44,38216,92063,22.12262725830078,0.3908357620239258
E8.5-R2,E9.0-R1,45,38216,92063,22.6292724609375,0.3581686019897461
E8.5-R2,E9.0-R1,46,38216,92063,22.340065002441406,0.3881864547729492
E8.5-R2,E9.0-R1,47,38216,92063,22.162769317626953,0.3842191696166992
E8.5-R2,E9.0-R1,48,38216,92063,22.15361785888672,0.37335205078125
E8.5-R2,E9.0-R1,49,38216,92063,21.683612823486328,0.3669090270996094
E8.5-R2,E9.0-R2,0,38216,99878,23.379674911499023,0.4969625473022461
E8.5-R2,E9.0-R2,1,38216,99878,23.87677764892578,0.4639129638671875
E8.5-R2,E9.0-R2,2,38216,99878,23.835636138916016,0.4941682815551758
E8.5-R2,E9.0-R2,3,38216,99878,24.08718490600586,0.5052642822265625
E8.5-R2,E9.0-R2,4,38216,99878,23.12999153137207,0.4862537384033203
E8.5-R2,E9.0-R2,5,38216,99878,23.573776245117188,0.5214805603027344
E8.5-R2,E9.0-R2,6,38216,99878,23.48462677001953,0.5679216384887695
E8.5-R2,E9.0-R2,7,38216,99878,23.194812774658203,0.5320653915405273
E8.5-R2,E9.0-R2,8,38216,99878,23.603660583496094,0.5282974243164062
E8.5-R2,E9.0-R2,9,38216,99878,24.072341918945312,0.5155792236328125
E8.5-R2,E9.0-R2,10,38216,99878,24.586570739746094,0.4993152618408203
E8.5-R2,E9.0-R2,11,38216,99878,24.347152709960938,0.5094976425170898
E8.5-R2,E9.0-R2,12,38216,99878,23.523998260498047,0.4998493194580078
E8.5-R2,E9.0-R2,13,38216,99878,23.149574279785156,0.5508708953857422
E8.5-R2,E9.0-R2,14,38216,99878,23.883651733398438,0.5181007385253906
E8.5-R2,E9.0-R2,15,38216,99878,25.553255081176758,0.5699663162231445
E8.5-R2,E9.0-R2,16,38216,99878,24.837196350097656,0.53466796875
E8.5-R2,E9.0-R2,17,38216,99878,23.980295181274414,0.48778533935546875
E8.5-R2,E9.0-R2,18,38216,99878,23.681203842163086,0.5172290802001953
E8.5-R2,E9.0-R2,19,38216,99878,23.57271957397461,0.5266990661621094
E8.5-R2,E9.0-R2,20,38216,99878,23.753070831298828,0.5070085525512695
E8.5-R2,E9.0-R2,21,38216,99878,23.092815399169922,0.4919729232788086
E8.5-R2,E9.0-R2,22,38216,99878,23.298433303833008,0.5279054641723633
E8.5-R2,E9.0-R2,23,38216,99878,22.901199340820312,0.4914541244506836
E8.5-R2,E9.0-R2,24,38216,99878,24.369564056396484,0.5423898696899414
E8.5-R2,E9.0-R2,25,38216,99878,23.801267623901367,0.5136041641235352
E8.5-R2,E9.0-R2,26,38216,99878,24.660694122314453,0.5308446884155273
E8.5-R2,E9.0-R2,27,38216,99878,24.604419708251953,0.5425500869750977
E8.5-R2,E9.0-R2,28,38216,99878,23.944534301757812,0.5028772354125977
E8.5-R2,E9.0-R2,29,38216,99878,23.209224700927734,0.49880313873291016
E8.5-R2,E9.0-R2,30,38216,99878,23.370174407958984,0.5252971649169922
E8.5-R2,E9.0-R2,31,38216,99878,24.024518966674805,0.5406455993652344
E8.5-R2,E9.0-R2,32,38216,99878,23.785951614379883,0.5231952667236328
E8.5-R2,E9.0-R2,33,38216,99878,23.567216873168945,0.5369958877563477
E8.5-R2,E9.0-R2,34,38216,99878,23.995052337646484,0.5050420761108398
E8.5-R2,E9.0-R2,35,38216,99878,23.898208618164062,0.5299205780029297
E8.5-R2,E9.0-R2,36,38216,99878,23.964275360107422,0.536590576171875
E8.5-R2,E9.0-R2,37,38216,99878,23.121074676513672,0.5063362121582031
E8.5-R2,E9.0-R2,38,38216,99878,23.90096664428711,0.5252008438110352
E8.5-R2,E9.0-R2,39,38216,99878,24.50954818725586,0.5625057220458984
E8.5-R2,E9.0-R2,40,38216,99878,23.686660766601562,0.5058193206787109
E8.5-R2,E9.0-R2,41,38216,99878,24.631027221679688,0.5326347351074219
E8.5-R2,E9.0-R2,42,38216,99878,23.764205932617188,0.5353269577026367
E8.5-R2,E9.0-R2,43,38216,99878,24.345760345458984,0.5174427032470703
E8.5-R2,E9.0-R2,44,38216,99878,23.713783264160156,0.5310401916503906
E8.5-R2,E9.0-R2,45,38216,99878,24.096179962158203,0.5332002639770508
E8.5-R2,E9.0-R2,46,38216,99878,23.41836166381836,0.49508190155029297
E8.5-R2,E9.0-R2,47,38216,99878,24.18231964111328,0.5294971466064453
E8.5-R2,E9.0-R2,48,38216,99878,23.848495483398438,0.5230884552001953
E8.5-R2,E9.0-R2,49,38216,99878,24.063133239746094,0.5105504989624023
E8.5-R2,E9.0-R3,0,38216,62867,20.189252853393555,0.2686433792114258
E8.5-R2,E9.0-R3,1,38216,62867,19.46136474609375,0.2721729278564453
E8.5-R2,E9.0-R3,2,38216,62867,19.128524780273438,0.25335025787353516
E8.5-R2,E9.0-R3,3,38216,62867,19.611312866210938,0.2729196548461914
E8.5-R2,E9.0-R3,4,38216,62867,19.7950382232666,0.2590618133544922
E8.5-R2,E9.0-R3,5,38216,62867,19.66546630859375,0.27257537841796875
E8.5-R2,E9.0-R3,6,38216,62867,18.820194244384766,0.25101470947265625
E8.5-R2,E9.0-R3,7,38216,62867,18.9124755859375,0.24579334259033203
E8.5-R2,E9.0-R3,8,38216,62867,19.57974624633789,0.272735595703125
E8.5-R2,E9.0-R3,9,38216,62867,18.760360717773438,0.24461936950683594
E8.5-R2,E9.0-R3,10,38216,62867,19.630565643310547,0.29511260986328125
E8.5-R2,E9.0-R3,11,38216,62867,19.9991455078125,0.2808380126953125
E8.5-R2,E9.0-R3,12,38216,62867,19.55154037475586,0.27490234375
E8.5-R2,E9.0-R3,13,38216,62867,20.666854858398438,0.2648181915283203
E8.5-R2,E9.0-R3,14,38216,62867,19.414615631103516,0.2575702667236328
E8.5-R2,E9.0-R3,15,38216,62867,19.62591552734375,0.2725353240966797
E8.5-R2,E9.0-R3,16,38216,62867,19.261707305908203,0.2735280990600586
E8.5-R2,E9.0-R3,17,38216,62867,19.850831985473633,0.2883472442626953
E8.5-R2,E9.0-R3,18,38216,62867,18.73371124267578,0.2669038772583008
E8.5-R2,E9.0-R3,19,38216,62867,19.69028663635254,0.2724151611328125
E8.5-R2,E9.0-R3,20,38216,62867,19.532764434814453,0.2614898681640625
E8.5-R2,E9.0-R3,21,38216,62867,19.776477813720703,0.2645759582519531
E8.5-R2,E9.0-R3,22,38216,62867,19.535242080688477,0.24949932098388672
E8.5-R2,E9.0-R3,23,38216,62867,19.20211410522461,0.2667217254638672
E8.5-R2,E9.0-R3,24,38216,62867,20.320556640625,0.2721395492553711
E8.5-R2,E9.0-R3,25,38216,62867,19.423072814941406,0.24577617645263672
E8.5-R2,E9.0-R3,26,38216,62867,18.579757690429688,0.2643861770629883
E8.5-R2,E9.0-R3,27,38216,62867,19.768205642700195,0.2827463150024414
E8.5-R2,E9.0-R3,28,38216,62867,19.766014099121094,0.2826986312866211
E8.5-R2,E9.0-R3,29,38216,62867,20.052024841308594,0.25865936279296875
E8.5-R2,E9.0-R3,30,38216,62867,19.129131317138672,0.26424312591552734
E8.5-R2,E9.0-R3,31,38216,62867,19.17886734008789,0.25158023834228516
E8.5-R2,E9.0-R3,32,38216,62867,20.03467559814453,0.29819679260253906
E8.5-R2,E9.0-R3,33,38216,62867,20.34693145751953,0.2530632019042969
E8.5-R2,E9.0-R3,34,38216,62867,19.980737686157227,0.2908163070678711
E8.5-R2,E9.0-R3,35,38216,62867,18.67095184326172,0.2560691833496094
E8.5-R2,E9.0-R3,36,38216,62867,19.337066650390625,0.27588653564453125
E8.5-R2,E9.0-R3,37,38216,62867,20.506671905517578,0.28753089904785156
E8.5-R2,E9.0-R3,38,38216,62867,19.6218204498291,0.2682476043701172
E8.5-R2,E9.0-R3,39,38216,62867,18.988677978515625,0.25749778747558594
E8.5-R2,E9.0-R3,40,38216,62867,18.90584945678711,0.2668943405151367
E8.5-R2,E9.0-R3,41,38216,62867,20.579809188842773,0.285369873046875
E8.5-R2,E9.0-R3,42,38216,62867,20.313739776611328,0.27843475341796875
E8.5-R2,E9.0-R3,43,38216,62867,19.37633514404297,0.242401123046875
E8.5-R2,E9.0-R3,44,38216,62867,19.015716552734375,0.2553253173828125
E8.5-R2,E9.0-R3,45,38216,62867,19.02122688293457,0.25161266326904297
E8.5-R2,E9.0-R3,46,38216,62867,19.633201599121094,0.25366878509521484
E8.5-R2,E9.0-R3,47,38216,62867,18.861005783081055,0.24834728240966797
E8.5-R2,E9.0-R3,48,38216,62867,19.128366470336914,0.2519388198852539
E8.5-R2,E9.0-R3,49,38216,62867,19.09638214111328,0.24672889709472656
E8.5-R2,E9.5-R1,0,38216,383453,33.90275955200195,1.0126495361328125
E8.5-R2,E9.5-R1,1,38216,383453,34.496803283691406,1.0167579650878906
E8.5-R2,E9.5-R1,2,38216,383453,34.28612518310547,1.0641937255859375
E8.5-R2,E9.5-R1,3,38216,383453,33.63780975341797,1.0481739044189453
E8.5-R2,E9.5-R1,4,38216,383453,34.0540771484375,1.042806625366211
E8.5-R2,E9.5-R1,5,38216,383453,33.61317825317383,1.0219507217407227
E8.5-R2,E9.5-R1,6,38216,383453,35.103607177734375,1.0452327728271484
E8.5-R2,E9.5-R1,7,38216,383453,33.658260345458984,1.0181188583374023
E8.5-R2,E9.5-R1,8,38216,383453,34.544944763183594,1.0465879440307617
E8.5-R2,E9.5-R1,9,38216,383453,34.65570831298828,1.0377464294433594
E8.5-R2,E9.5-R1,10,38216,383453,33.7510986328125,1.02423095703125
E8.5-R2,E9.5-R1,11,38216,383453,33.867454528808594,1.0197763442993164
E8.5-R2,E9.5-R1,12,38216,383453,33.612083435058594,1.0089197158813477
E8.5-R2,E9.5-R1,13,38216,383453,33.95587158203125,1.0114574432373047
E8.5-R2,E9.5-R1,14,38216,383453,34.13243103027344,1.0451030731201172
E8.5-R2,E9.5-R1,15,38216,383453,32.8040657043457,1.0190143585205078
E8.5-R2,E9.5-R1,16,38216,383453,34.619102478027344,1.0478763580322266
E8.5-R2,E9.5-R1,17,38216,383453,34.16841125488281,1.012115478515625
E8.5-R2,E9.5-R1,18,38216,383453,35.01509094238281,1.053314208984375
E8.5-R2,E9.5-R1,19,38216,383453,34.691123962402344,1.0288009643554688
E8.5-R2,E9.5-R1,20,38216,383453,34.60531234741211,1.0553226470947266
E8.5-R2,E9.5-R1,21,38216,383453,34.99345779418945,1.025435447692871
E8.5-R2,E9.5-R1,22,38216,383453,34.34422302246094,1.0231199264526367
E8.5-R2,E9.5-R1,23,38216,383453,34.27111053466797,1.0323123931884766
E8.5-R2,E9.5-R1,24,38216,383453,34.3580436706543,1.0612554550170898
E8.5-R2,E9.5-R1,25,38216,383453,34.12078094482422,1.0570287704467773
E8.5-R2,E9.5-R1,26,38216,383453,34.23332977294922,1.0171318054199219
E8.5-R2,E9.5-R1,27,38216,383453,34.226524353027344,1.0581855773925781
E8.5-R2,E9.5-R1,28,38216,383453,34.01842498779297,1.007594108581543
E8.5-R2,E9.5-R1,29,38216,383453,33.204620361328125,1.0161848068237305
E8.5-R2,E9.5-R1,30,38216,383453,33.85408020019531,1.0493688583374023
E8.5-R2,E9.5-R1,31,38216,383453,33.98377990722656,1.0256061553955078
E8.5-R2,E9.5-R1,32,38216,383453,33.67122268676758,0.9977598190307617
E8.5-R2,E9.5-R1,33,38216,383453,34.41114044189453,1.0680456161499023
E8.5-R2,E9.5-R1,34,38216,383453,34.41830825805664,1.0415945053100586
E8.5-R2,E9.5-R1,35,38216,383453,34.13567352294922,1.0052490234375
E8.5-R2,E9.5-R1,36,38216,383453,33.83739471435547,1.0189094543457031
E8.5-R2,E9.5-R1,37,38216,383453,33.75853729248047,1.0174694061279297
E8.5-R2,E9.5-R1,38,38216,383453,33.13978958129883,0.9975080490112305
E8.5-R2,E9.5-R1,39,38216,383453,34.45558166503906,1.0239677429199219
E8.5-R2,E9.5-R1,40,38216,383453,34.5827751159668,1.0335426330566406
E8.5-R2,E9.5-R1,41,38216,383453,32.612770080566406,1.0125064849853516
E8.5-R2,E9.5-R1,42,38216,383453,34.32234191894531,1.0529499053955078
E8.5-R2,E9.5-R1,43,38216,383453,35.12591552734375,1.002913475036621
E8.5-R2,E9.5-R1,44,38216,383453,34.75612258911133,1.036142349243164
E8.5-R2,E9.5-R1,45,38216,383453,33.64314270019531,1.0193090438842773
E8.5-R2,E9.5-R1,46,38216,383453,34.22105407714844,1.0411624908447266
E8.5-R2,E9.5-R1,47,38216,383453,34.483741760253906,1.042245864868164
E8.5-R2,E9.5-R1,48,38216,383453,33.52719497680664,1.0296382904052734
E8.5-R2,E9.5-R1,49,38216,383453,33.09005355834961,1.0284099578857422
E8.5-R2,E9.5-R2,0,38216,350716,33.583961486816406,0.9378223419189453
E8.5-R2,E9.5-R2,1,38216,350716,35.43863296508789,1.0112800598144531
E8.5-R2,E9.5-R2,2,38216,350716,34.477943420410156,0.9633607864379883
E8.5-R2,E9.5-R2,3,38216,350716,34.12390899658203,0.9810314178466797
E8.5-R2,E9.5-R2,4,38216,350716,33.9736442565918,1.0145721435546875
E8.5-R2,E9.5-R2,5,38216,350716,34.49543380737305,1.0083160400390625
E8.5-R2,E9.5-R2,6,38216,350716,34.23008346557617,0.9812259674072266
E8.5-R2,E9.5-R2,7,38216,350716,35.015869140625,0.957972526550293
E8.5-R2,E9.5-R2,8,38216,350716,34.665740966796875,0.9487476348876953
E8.5-R2,E9.5-R2,9,38216,350716,34.436981201171875,0.9812145233154297
E8.5-R2,E9.5-R2,10,38216,350716,34.06786346435547,0.9958839416503906
E8.5-R2,E9.5-R2,11,38216,350716,33.918941497802734,0.9433250427246094
E8.5-R2,E9.5-R2,12,38216,350716,34.91490936279297,0.9526262283325195
E8.5-R2,E9.5-R2,13,38216,350716,34.2943000793457,0.9374923706054688
E8.5-R2,E9.5-R2,14,38216,350716,33.876007080078125,0.9977207183837891
E8.5-R2,E9.5-R2,15,38216,350716,33.53102111816406,0.9771814346313477
E8.5-R2,E9.5-R2,16,38216,350716,34.30080032348633,0.9496307373046875
E8.5-R2,E9.5-R2,17,38216,350716,34.51392364501953,0.9902067184448242
E8.5-R2,E9.5-R2,18,38216,350716,34.93921661376953,1.0383939743041992
E8.5-R2,E9.5-R2,19,38216,350716,35.399444580078125,0.992401123046875
E8.5-R2,E9.5-R2,20,38216,350716,34.22834014892578,0.9713115692138672
E8.5-R2,E9.5-R2,21,38216,350716,33.80500411987305,0.9530887603759766
E8.5-R2,E9.5-R2,22,38216,350716,34.05402374267578,0.9668159484863281
E8.5-R2,E9.5-R2,23,38216,350716,34.4295654296875,0.9677190780639648
E8.5-R2,E9.5-R2,24,38216,350716,34.111717224121094,0.9392080307006836
E8.5-R2,E9.5-R2,25,38216,350716,33.780845642089844,0.973358154296875
E8.5-R2,E9.5-R2,26,38216,350716,33.88363265991211,0.9673051834106445
E8.5-R2,E9.5-R2,27,38216,350716,34.362403869628906,0.9837369918823242
E8.5-R2,E9.5-R2,28,38216,350716,33.3560791015625,0.9602937698364258
E8.5-R2,E9.5-R2,29,38216,350716,34.72370147705078,0.9706630706787109
E8.5-R2,E9.5-R2,30,38216,350716,33.72772979736328,0.9712371826171875
E8.5-R2,E9.5-R2,31,38216,350716,36.035308837890625,0.9864101409912109
E8.5-R2,E9.5-R2,32,38216,350716,34.718284606933594,0.961461067199707
E8.5-R2,E9.5-R2,33,38216,350716,34.56318283081055,0.9881706237792969
E8.5-R2,E9.5-R2,34,38216,350716,33.812217712402344,0.9785194396972656
E8.5-R2,E9.5-R2,35,38216,350716,34.844215393066406,0.9563922882080078
E8.5-R2,E9.5-R2,36,38216,350716,35.82307052612305,0.9657840728759766
E8.5-R2,E9.5-R2,37,38216,350716,33.72920227050781,0.9525175094604492
E8.5-R2,E9.5-R2,38,38216,350716,34.37046813964844,1.0100631713867188
E8.5-R2,E9.5-R2,39,38216,350716,34.38630676269531,0.9962329864501953
E8.5-R2,E9.5-R2,40,38216,350716,34.271522521972656,0.956334114074707
E8.5-R2,E9.5-R2,41,38216,350716,34.92171859741211,0.9611301422119141
E8.5-R2,E9.5-R2,42,38216,350716,33.81456756591797,0.9805660247802734
E8.5-R2,E9.5-R2,43,38216,350716,34.25051498413086,0.9857025146484375
E8.5-R2,E9.5-R2,44,38216,350716,34.487186431884766,0.9677267074584961
E8.5-R2,E9.5-R2,45,38216,350716,33.91374969482422,0.9708833694458008
E8.5-R2,E9.5-R2,46,38216,350716,34.71128845214844,0.9992961883544922
E8.5-R2,E9.5-R2,47,38216,350716,33.564544677734375,0.9646816253662109
E8.5-R2,E9.5-R2,48,38216,350716,34.168514251708984,0.9774017333984375
E8.5-R2,E9.5-R2,49,38216,350716,34.741886138916016,0.9974994659423828
E8.5-R2,E9.5-R3,0,38216,342873,33.58970642089844,0.9542264938354492
E8.5-R2,E9.5-R3,1,38216,342873,31.939777374267578,0.9594516754150391
E8.5-R2,E9.5-R3,2,38216,342873,33.52275085449219,0.9918794631958008
E8.5-R2,E9.5-R3,3,38216,342873,32.930809020996094,0.9080982208251953
E8.5-R2,E9.5-R3,4,38216,342873,32.53779602050781,0.9725027084350586
E8.5-R2,E9.5-R3,5,38216,342873,32.33041000366211,0.9402055740356445
E8.5-R2,E9.5-R3,6,38216,342873,33.220943450927734,0.9432029724121094
E8.5-R2,E9.5-R3,7,38216,342873,33.04888153076172,0.9241867065429688
E8.5-R2,E9.5-R3,8,38216,342873,32.743316650390625,0.9752159118652344
E8.5-R2,E9.5-R3,9,38216,342873,33.131072998046875,0.9195098876953125
E8.5-R2,E9.5-R3,10,38216,342873,32.531517028808594,0.9257020950317383
E8.5-R2,E9.5-R3,11,38216,342873,32.784759521484375,0.935551643371582
E8.5-R2,E9.5-R3,12,38216,342873,32.1966552734375,0.9555912017822266
E8.5-R2,E9.5-R3,13,38216,342873,32.592071533203125,0.9498710632324219
E8.5-R2,E9.5-R3,14,38216,342873,32.244178771972656,0.9328365325927734
E8.5-R2,E9.5-R3,15,38216,342873,33.163177490234375,0.955601692199707
E8.5-R2,E9.5-R3,16,38216,342873,33.40763854980469,0.9548349380493164
E8.5-R2,E9.5-R3,17,38216,342873,33.848785400390625,0.9731788635253906
E8.5-R2,E9.5-R3,18,38216,342873,32.78508758544922,0.969172477722168
E8.5-R2,E9.5-R3,19,38216,342873,32.78160095214844,0.9782648086547852
E8.5-R2,E9.5-R3,20,38216,342873,31.944929122924805,0.9433870315551758
E8.5-R2,E9.5-R3,21,38216,342873,33.17901611328125,0.952667236328125
E8.5-R2,E9.5-R3,22,38216,342873,33.60939025878906,1.0051898956298828
E8.5-R2,E9.5-R3,23,38216,342873,33.0045051574707,0.9343194961547852
E8.5-R2,E9.5-R3,24,38216,342873,33.585296630859375,0.922541618347168
E8.5-R2,E9.5-R3,25,38216,342873,32.952171325683594,0.9533023834228516
E8.5-R2,E9.5-R3,26,38216,342873,33.75123596191406,0.9769392013549805
E8.5-R2,E9.5-R3,27,38216,342873,32.18695831298828,0.942072868347168
E8.5-R2,E9.5-R3,28,38216,342873,33.09436798095703,0.9351882934570312
E8.5-R2,E9.5-R3,29,38216,342873,32.605369567871094,0.9276113510131836
E8.5-R2,E9.5-R3,30,38216,342873,32.84535598754883,0.9785280227661133
E8.5-R2,E9.5-R3,31,38216,342873,32.16880798339844,0.968327522277832
E8.5-R2,E9.5-R3,32,38216,342873,31.477479934692383,0.9299497604370117
E8.5-R2,E9.5-R3,33,38216,342873,32.442352294921875,0.95416259765625
E8.5-R2,E9.5-R3,34,38216,342873,33.0898323059082,0.955775260925293
E8.5-R2,E9.5-R3,35,38216,342873,33.44953918457031,0.9796571731567383
E8.5-R2,E9.5-R3,36,38216,342873,32.915924072265625,0.9528055191040039
E8.5-R2,E9.5-R3,37,38216,342873,33.135719299316406,0.9568576812744141
E8.5-R2,E9.5-R3,38,38216,342873,32.752628326416016,0.9224205017089844
E8.5-R2,E9.5-R3,39,38216,342873,33.393653869628906,0.9304180145263672
E8.5-R2,E9.5-R3,40,38216,342873,32.72883224487305,0.9224319458007812
E8.5-R2,E9.5-R3,41,38216,342873,32.67945861816406,0.9543647766113281
E8.5-R2,E9.5-R3,42,38216,342873,32.88317108154297,0.9439811706542969
E8.5-R2,E9.5-R3,43,38216,342873,33.121665954589844,0.9795093536376953
E8.5-R2,E9.5-R3,44,38216,342873,33.4548454284668,0.9614295959472656
E8.5-R2,E9.5-R3,45,38216,342873,33.47406005859375,0.950596809387207
E8.5-R2,E9.5-R3,46,38216,342873,32.84603500366211,0.9502162933349609
E8.5-R2,E9.5-R3,47,38216,342873,32.595680236816406,0.9458236694335938
E8.5-R2,E9.5-R3,48,38216,342873,32.48878479003906,0.9765777587890625
E8.5-R2,E9.5-R3,49,38216,342873,33.63276672363281,0.9660043716430664
E8.5-R2,E10.0-R1,0,38216,347550,39.983367919921875,1.228440284729004
E8.5-R2,E10.0-R1,1,38216,347550,38.73169708251953,1.1638736724853516
E8.5-R2,E10.0-R1,2,38216,347550,39.89866638183594,1.1722087860107422
E8.5-R2,E10.0-R1,3,38216,347550,38.94181823730469,1.1968297958374023
E8.5-R2,E10.0-R1,4,38216,347550,38.829124450683594,1.1676959991455078
E8.5-R2,E10.0-R1,5,38216,347550,39.58983612060547,1.2135381698608398
E8.5-R2,E10.0-R1,6,38216,347550,39.950233459472656,1.175236701965332
E8.5-R2,E10.0-R1,7,38216,347550,39.062782287597656,1.1990528106689453
E8.5-R2,E10.0-R1,8,38216,347550,38.62464904785156,1.2310514450073242
E8.5-R2,E10.0-R1,9,38216,347550,39.07035446166992,1.1680755615234375
E8.5-R2,E10.0-R1,10,38216,347550,39.65297317504883,1.2139739990234375
E8.5-R2,E10.0-R1,11,38216,347550,39.76396942138672,1.2227039337158203
E8.5-R2,E10.0-R1,12,38216,347550,39.62015151977539,1.1822223663330078
E8.5-R2,E10.0-R1,13,38216,347550,39.574424743652344,1.2151269912719727
E8.5-R2,E10.0-R1,14,38216,347550,41.35249328613281,1.203434944152832
E8.5-R2,E10.0-R1,15,38216,347550,39.50599670410156,1.1734933853149414
E8.5-R2,E10.0-R1,16,38216,347550,39.646480560302734,1.1686420440673828
E8.5-R2,E10.0-R1,17,38216,347550,40.183677673339844,1.2243280410766602
E8.5-R2,E10.0-R1,18,38216,347550,38.52227020263672,1.1494874954223633
E8.5-R2,E10.0-R1,19,38216,347550,39.91621780395508,1.199019432067871
E8.5-R2,E10.0-R1,20,38216,347550,39.280784606933594,1.2161312103271484
E8.5-R2,E10.0-R1,21,38216,347550,39.15591812133789,1.2053232192993164
E8.5-R2,E10.0-R1,22,38216,347550,39.204612731933594,1.147343635559082
E8.5-R2,E10.0-R1,23,38216,347550,40.20705795288086,1.1837682723999023
E8.5-R2,E10.0-R1,24,38216,347550,38.87160110473633,1.1829032897949219
E8.5-R2,E10.0-R1,25,38216,347550,39.65679931640625,1.1703290939331055
E8.5-R2,E10.0-R1,26,38216,347550,39.72667694091797,1.220219612121582
E8.5-R2,E10.0-R1,27,38216,347550,39.160682678222656,1.1475954055786133
E8.5-R2,E10.0-R1,28,38216,347550,38.365623474121094,1.2122650146484375
E8.5-R2,E10.0-R1,29,38216,347550,38.58928680419922,1.1618852615356445
E8.5-R2,E10.0-R1,30,38216,347550,39.72660827636719,1.2236156463623047
E8.5-R2,E10.0-R1,31,38216,347550,38.10075378417969,1.1476058959960938
E8.5-R2,E10.0-R1,32,38216,347550,39.901145935058594,1.223043441772461
E8.5-R2,E10.0-R1,33,38216,347550,40.258636474609375,1.2014455795288086
E8.5-R2,E10.0-R1,34,38216,347550,39.34525680541992,1.1891393661499023
E8.5-R2,E10.0-R1,35,38216,347550,39.530662536621094,1.1084356307983398
E8.5-R2,E10.0-R1,36,38216,347550,40.212684631347656,1.194544792175293
E8.5-R2,E10.0-R1,37,38216,347550,39.59291076660156,1.1837882995605469
E8.5-R2,E10.0-R1,38,38216,347550,39.58977508544922,1.1937665939331055
E8.5-R2,E10.0-R1,39,38216,347550,39.24517059326172,1.1233587265014648
E8.5-R2,E10.0-R1,40,38216,347550,39.96546936035156,1.223343849182129
E8.5-R2,E10.0-R1,41,38216,347550,40.44654846191406,1.2190179824829102
E8.5-R2,E10.0-R1,42,38216,347550,40.0225715637207,1.2303953170776367
E8.5-R2,E10.0-R1,43,38216,347550,39.671180725097656,1.1783761978149414
E8.5-R2,E10.0-R1,44,38216,347550,40.87828826904297,1.252349853515625
E8.5-R2,E10.0-R1,45,38216,347550,39.088233947753906,1.1928987503051758
E8.5-R2,E10.0-R1,46,38216,347550,39.191768646240234,1.2301921844482422
E8.5-R2,E10.0-R1,47,38216,347550,39.65449142456055,1.1680278778076172
E8.5-R2,E10.0-R1,48,38216,347550,39.00413131713867,1.1742496490478516
E8.5-R2,E10.0-R1,49,38216,347550,38.534019470214844,1.1341800689697266
E8.5-R3,E9.0-R1,0,27743,92063,22.171363830566406,0.43444252014160156
E8.5-R3,E9.0-R1,1,27743,92063,22.46078109741211,0.44150638580322266
E8.5-R3,E9.0-R1,2,27743,92063,21.795372009277344,0.4185218811035156
E8.5-R3,E9.0-R1,3,27743,92063,22.74549102783203,0.42351245880126953
E8.5-R3,E9.0-R1,4,27743,92063,23.28844451904297,0.4195547103881836
E8.5-R3,E9.0-R1,5,27743,92063,23.051177978515625,0.42147159576416016
E8.5-R3,E9.0-R1,6,27743,92063,22.873340606689453,0.4610919952392578
E8.5-R3,E9.0-R1,7,27743,92063,22.69137191772461,0.4084806442260742
E8.5-R3,E9.0-R1,8,27743,92063,23.176128387451172,0.42270374298095703
E8.5-R3,E9.0-R1,9,27743,92063,22.828882217407227,0.4283428192138672
E8.5-R3,E9.0-R1,10,27743,92063,22.835521697998047,0.4657268524169922
E8.5-R3,E9.0-R1,11,27743,92063,22.891151428222656,0.4524250030517578
E8.5-R3,E9.0-R1,12,27743,92063,22.848312377929688,0.4441499710083008
E8.5-R3,E9.0-R1,13,27743,92063,22.50726890563965,0.4279947280883789
E8.5-R3,E9.0-R1,14,27743,92063,23.114574432373047,0.42974281311035156
E8.5-R3,E9.0-R1,15,27743,92063,22.987977981567383,0.4149360656738281
E8.5-R3,E9.0-R1,16,27743,92063,23.37519645690918,0.41460704803466797
E8.5-R3,E9.0-R1,17,27743,92063,22.7027587890625,0.42134571075439453
E8.5-R3,E9.0-R1,18,27743,92063,22.498737335205078,0.43572235107421875
E8.5-R3,E9.0-R1,19,27743,92063,22.037734985351562,0.4342641830444336
E8.5-R3,E9.0-R1,20,27743,92063,23.06654930114746,0.42761707305908203
E8.5-R3,E9.0-R1,21,27743,92063,23.421833038330078,0.47207069396972656
E8.5-R3,E9.0-R1,22,27743,92063,23.41978645324707,0.4387950897216797
E8.5-R3,E9.0-R1,23,27743,92063,22.28833770751953,0.4417247772216797
E8.5-R3,E9.0-R1,24,27743,92063,23.044597625732422,0.47106170654296875
E8.5-R3,E9.0-R1,25,27743,92063,23.44371795654297,0.4503021240234375
E8.5-R3,E9.0-R1,26,27743,92063,22.36764907836914,0.4584541320800781
E8.5-R3,E9.0-R1,27,27743,92063,23.140487670898438,0.4426603317260742
E8.5-R3,E9.0-R1,28,27743,92063,22.77157974243164,0.4458761215209961
E8.5-R3,E9.0-R1,29,27743,92063,23.675840377807617,0.4782381057739258
E8.5-R3,E9.0-R1,30,27743,92063,22.747119903564453,0.46912097930908203
E8.5-R3,E9.0-R1,31,27743,92063,22.56993865966797,0.40493297576904297
E8.5-R3,E9.0-R1,32,27743,92063,22.800994873046875,0.42034053802490234
E8.5-R3,E9.0-R1,33,27743,92063,23.180767059326172,0.44635963439941406
E8.5-R3,E9.0-R1,34,27743,92063,22.247644424438477,0.43810272216796875
E8.5-R3,E9.0-R1,35,27743,92063,23.47087860107422,0.4520988464355469
E8.5-R3,E9.0-R1,36,27743,92063,22.745731353759766,0.43421459197998047
E8.5-R3,E9.0-R1,37,27743,92063,22.918893814086914,0.45214271545410156
E8.5-R3,E9.0-R1,38,27743,92063,22.254688262939453,0.42279815673828125
E8.5-R3,E9.0-R1,39,27743,92063,22.955577850341797,0.4910011291503906
E8.5-R3,E9.0-R1,40,27743,92063,23.014816284179688,0.47332191467285156
E8.5-R3,E9.0-R1,41,27743,92063,22.219112396240234,0.4051218032836914
E8.5-R3,E9.0-R1,42,27743,92063,23.15318489074707,0.4373741149902344
E8.5-R3,E9.0-R1,43,27743,92063,22.993560791015625,0.47632884979248047
E8.5-R3,E9.0-R1,44,27743,92063,22.38774871826172,0.44974613189697266
E8.5-R3,E9.0-R1,45,27743,92063,23.04861068725586,0.42618751525878906
E8.5-R3,E9.0-R1,46,27743,92063,22.620054244995117,0.4277153015136719
E8.5-R3,E9.0-R1,47,27743,92063,22.574254989624023,0.4508953094482422
E8.5-R3,E9.0-R1,48,27743,92063,22.297786712646484,0.4239826202392578
E8.5-R3,E9.0-R1,49,27743,92063,22.610767364501953,0.4282083511352539
E8.5-R3,E9.0-R2,0,27743,99878,24.3494873046875,0.5365457534790039
E8.5-R3,E9.0-R2,1,27743,99878,23.232622146606445,0.545039176940918
E8.5-R3,E9.0-R2,2,27743,99878,23.625614166259766,0.5565814971923828
E8.5-R3,E9.0-R2,3,27743,99878,24.822172164916992,0.5492639541625977
E8.5-R3,E9.0-R2,4,27743,99878,25.380517959594727,0.5930404663085938
E8.5-R3,E9.0-R2,5,27743,99878,24.917499542236328,0.583012580871582
E8.5-R3,E9.0-R2,6,27743,99878,24.51791000366211,0.6046552658081055
E8.5-R3,E9.0-R2,7,27743,99878,24.89348030090332,0.5469560623168945
E8.5-R3,E9.0-R2,8,27743,99878,23.831008911132812,0.5428915023803711
E8.5-R3,E9.0-R2,9,27743,99878,24.169506072998047,0.5613908767700195
E8.5-R3,E9.0-R2,10,27743,99878,24.68463897705078,0.552067756652832
E8.5-R3,E9.0-R2,11,27743,99878,23.808971405029297,0.5969152450561523
E8.5-R3,E9.0-R2,12,27743,99878,24.894912719726562,0.5660133361816406
E8.5-R3,E9.0-R2,13,27743,99878,24.13951873779297,0.5769519805908203
E8.5-R3,E9.0-R2,14,27743,99878,23.928009033203125,0.5655345916748047
E8.5-R3,E9.0-R2,15,27743,99878,24.346384048461914,0.5379486083984375
E8.5-R3,E9.0-R2,16,27743,99878,24.126506805419922,0.5667819976806641
E8.5-R3,E9.0-R2,17,27743,99878,24.342283248901367,0.5653820037841797
E8.5-R3,E9.0-R2,18,27743,99878,24.97350311279297,0.5754489898681641
E8.5-R3,E9.0-R2,19,27743,99878,24.44647216796875,0.5519008636474609
E8.5-R3,E9.0-R2,20,27743,99878,24.24850082397461,0.5872516632080078
E8.5-R3,E9.0-R2,21,27743,99878,23.79933738708496,0.5823163986206055
E8.5-R3,E9.0-R2,22,27743,99878,25.536869049072266,0.5763721466064453
E8.5-R3,E9.0-R2,23,27743,99878,24.53033447265625,0.5620145797729492
E8.5-R3,E9.0-R2,24,27743,99878,24.309825897216797,0.54046630859375
E8.5-R3,E9.0-R2,25,27743,99878,23.965641021728516,0.5804529190063477
E8.5-R3,E9.0-R2,26,27743,99878,24.601192474365234,0.5950145721435547
E8.5-R3,E9.0-R2,27,27743,99878,24.623258590698242,0.5584688186645508
E8.5-R3,E9.0-R2,28,27743,99878,23.743249893188477,0.5397806167602539
E8.5-R3,E9.0-R2,29,27743,99878,24.200775146484375,0.5957117080688477
E8.5-R3,E9.0-R2,30,27743,99878,24.465923309326172,0.5565261840820312
E8.5-R3,E9.0-R2,31,27743,99878,24.97047233581543,0.5593967437744141
E8.5-R3,E9.0-R2,32,27743,99878,24.28943634033203,0.5715360641479492
E8.5-R3,E9.0-R2,33,27743,99878,23.766056060791016,0.5490875244140625
E8.5-R3,E9.0-R2,34,27743,99878,24.497539520263672,0.585270881652832
E8.5-R3,E9.0-R2,35,27743,99878,25.009231567382812,0.5766210556030273
E8.5-R3,E9.0-R2,36,27743,99878,24.30352783203125,0.5670099258422852
E8.5-R3,E9.0-R2,37,27743,99878,25.470359802246094,0.5416746139526367
E8.5-R3,E9.0-R2,38,27743,99878,24.701908111572266,0.564702033996582
E8.5-R3,E9.0-R2,39,27743,99878,24.563526153564453,0.5698490142822266
E8.5-R3,E9.0-R2,40,27743,99878,23.886985778808594,0.5482444763183594
E8.5-R3,E9.0-R2,41,27743,99878,25.013629913330078,0.5633268356323242
E8.5-R3,E9.0-R2,42,27743,99878,24.849014282226562,0.5642995834350586
E8.5-R3,E9.0-R2,43,27743,99878,25.29970932006836,0.5613136291503906
E8.5-R3,E9.0-R2,44,27743,99878,25.427227020263672,0.5706825256347656
E8.5-R3,E9.0-R2,45,27743,99878,23.438663482666016,0.5749101638793945
E8.5-R3,E9.0-R2,46,27743,99878,24.55666732788086,0.5973968505859375
E8.5-R3,E9.0-R2,47,27743,99878,24.998233795166016,0.5306892395019531
E8.5-R3,E9.0-R2,48,27743,99878,24.758913040161133,0.552485466003418
E8.5-R3,E9.0-R2,49,27743,99878,24.833284378051758,0.5800104141235352
E8.5-R3,E9.0-R3,0,27743,62867,20.42409896850586,0.30681800842285156
E8.5-R3,E9.0-R3,1,27743,62867,20.12063980102539,0.32233524322509766
E8.5-R3,E9.0-R3,2,27743,62867,20.566177368164062,0.3415794372558594
E8.5-R3,E9.0-R3,3,27743,62867,20.954599380493164,0.3159027099609375
E8.5-R3,E9.0-R3,4,27743,62867,20.69763946533203,0.29439258575439453
E8.5-R3,E9.0-R3,5,27743,62867,20.591629028320312,0.32686519622802734
E8.5-R3,E9.0-R3,6,27743,62867,20.538291931152344,0.36588573455810547
E8.5-R3,E9.0-R3,7,27743,62867,19.71916389465332,0.3104696273803711
E8.5-R3,E9.0-R3,8,27743,62867,20.643489837646484,0.33307552337646484
E8.5-R3,E9.0-R3,9,27743,62867,20.90509796142578,0.3190622329711914
E8.5-R3,E9.0-R3,10,27743,62867,19.879253387451172,0.3338775634765625
E8.5-R3,E9.0-R3,11,27743,62867,20.48245620727539,0.329742431640625
E8.5-R3,E9.0-R3,12,27743,62867,20.691143035888672,0.3174419403076172
E8.5-R3,E9.0-R3,13,27743,62867,21.111953735351562,0.3343687057495117
E8.5-R3,E9.0-R3,14,27743,62867,20.489748001098633,0.3117685317993164
E8.5-R3,E9.0-R3,15,27743,62867,20.2659912109375,0.33812427520751953
E8.5-R3,E9.0-R3,16,27743,62867,20.35885238647461,0.28379344940185547
E8.5-R3,E9.0-R3,17,27743,62867,20.925880432128906,0.3005542755126953
E8.5-R3,E9.0-R3,18,27743,62867,20.087303161621094,0.35970115661621094
E8.5-R3,E9.0-R3,19,27743,62867,20.489276885986328,0.34012508392333984
E8.5-R3,E9.0-R3,20,27743,62867,20.877574920654297,0.3426513671875
E8.5-R3,E9.0-R3,21,27743,62867,21.631359100341797,0.32779502868652344
E8.5-R3,E9.0-R3,22,27743,62867,21.557323455810547,0.3607196807861328
E8.5-R3,E9.0-R3,23,27743,62867,20.46222686767578,0.3518486022949219
E8.5-R3,E9.0-R3,24,27743,62867,20.239749908447266,0.31815338134765625
E8.5-R3,E9.0-R3,25,27743,62867,19.465782165527344,0.314453125
E8.5-R3,E9.0-R3,26,27743,62867,21.433645248413086,0.34721946716308594
E8.5-R3,E9.0-R3,27,27743,62867,21.095760345458984,0.3665800094604492
E8.5-R3,E9.0-R3,28,27743,62867,21.134353637695312,0.3452720642089844
E8.5-R3,E9.0-R3,29,27743,62867,19.79356575012207,0.30358123779296875
E8.5-R3,E9.0-R3,30,27743,62867,21.07323455810547,0.3330726623535156
E8.5-R3,E9.0-R3,31,27743,62867,19.81952667236328,0.3021707534790039
E8.5-R3,E9.0-R3,32,27743,62867,20.131202697753906,0.3086271286010742
E8.5-R3,E9.0-R3,33,27743,62867,19.92397689819336,0.3164024353027344
E8.5-R3,E9.0-R3,34,27743,62867,20.869564056396484,0.3293018341064453
E8.5-R3,E9.0-R3,35,27743,62867,20.38273048400879,0.31728363037109375
E8.5-R3,E9.0-R3,36,27743,62867,20.640790939331055,0.3123502731323242
E8.5-R3,E9.0-R3,37,27743,62867,19.976221084594727,0.3268775939941406
E8.5-R3,E9.0-R3,38,27743,62867,19.750518798828125,0.3372926712036133
E8.5-R3,E9.0-R3,39,27743,62867,21.713991165161133,0.3153657913208008
E8.5-R3,E9.0-R3,40,27743,62867,20.150699615478516,0.3067941665649414
E8.5-R3,E9.0-R3,41,27743,62867,20.905662536621094,0.32945823669433594
E8.5-R3,E9.0-R3,42,27743,62867,20.884796142578125,0.31972408294677734
E8.5-R3,E9.0-R3,43,27743,62867,20.183395385742188,0.3401336669921875
E8.5-R3,E9.0-R3,44,27743,62867,20.429903030395508,0.32932090759277344
E8.5-R3,E9.0-R3,45,27743,62867,20.530975341796875,0.3309774398803711
E8.5-R3,E9.0-R3,46,27743,62867,19.901180267333984,0.3202962875366211
E8.5-R3,E9.0-R3,47,27743,62867,21.313873291015625,0.3352327346801758
E8.5-R3,E9.0-R3,48,27743,62867,20.60997200012207,0.3266153335571289
E8.5-R3,E9.0-R3,49,27743,62867,20.77291488647461,0.3152599334716797
E8.5-R3,E9.5-R1,0,27743,383453,33.71974182128906,1.0753726959228516
E8.5-R3,E9.5-R1,1,27743,383453,34.928070068359375,1.0839767456054688
E8.5-R3,E9.5-R1,2,27743,383453,34.50779342651367,1.0527172088623047
E8.5-R3,E9.5-R1,3,27743,383453,32.95325469970703,1.0771570205688477
E8.5-R3,E9.5-R1,4,27743,383453,33.91159439086914,1.0983867645263672
E8.5-R3,E9.5-R1,5,27743,383453,33.84906005859375,1.1032743453979492
E8.5-R3,E9.5-R1,6,27743,383453,33.792144775390625,1.0862178802490234
E8.5-R3,E9.5-R1,7,27743,383453,33.633399963378906,1.0529565811157227
E8.5-R3,E9.5-R1,8,27743,383453,33.502716064453125,1.097494125366211
E8.5-R3,E9.5-R1,9,27743,383453,33.5042610168457,1.0389890670776367
E8.5-R3,E9.5-R1,10,27743,383453,33.71159744262695,1.081629753112793
E8.5-R3,E9.5-R1,11,27743,383453,32.83769989013672,1.0263566970825195
E8.5-R3,E9.5-R1,12,27743,383453,32.75225067138672,1.0581436157226562
E8.5-R3,E9.5-R1,13,27743,383453,34.126182556152344,1.1022319793701172
E8.5-R3,E9.5-R1,14,27743,383453,33.800148010253906,1.0564842224121094
E8.5-R3,E9.5-R1,15,27743,383453,33.77383041381836,1.076681137084961
E8.5-R3,E9.5-R1,16,27743,383453,33.76226806640625,1.0714855194091797
E8.5-R3,E9.5-R1,17,27743,383453,33.60565185546875,1.0659961700439453
E8.5-R3,E9.5-R1,18,27743,383453,34.08819580078125,1.0491352081298828
E8.5-R3,E9.5-R1,19,27743,383453,35.295265197753906,1.0911941528320312
E8.5-R3,E9.5-R1,20,27743,383453,35.3560791015625,1.1220951080322266
E8.5-R3,E9.5-R1,21,27743,383453,34.30107879638672,1.0845527648925781
E8.5-R3,E9.5-R1,22,27743,383453,33.358062744140625,1.0870018005371094
E8.5-R3,E9.5-R1,23,27743,383453,32.95055389404297,1.0961589813232422
E8.5-R3,E9.5-R1,24,27743,383453,34.14666748046875,1.0836477279663086
E8.5-R3,E9.5-R1,25,27743,383453,34.636436462402344,1.0899038314819336
E8.5-R3,E9.5-R1,26,27743,383453,34.01445770263672,1.0620698928833008
E8.5-R3,E9.5-R1,27,27743,383453,33.58854293823242,1.0585050582885742
E8.5-R3,E9.5-R1,28,27743,383453,34.01939392089844,1.0644922256469727
E8.5-R3,E9.5-R1,29,27743,383453,34.312644958496094,1.0526676177978516
E8.5-R3,E9.5-R1,30,27743,383453,34.63619613647461,1.0580530166625977
E8.5-R3,E9.5-R1,31,27743,383453,34.54226303100586,1.068772315979004
E8.5-R3,E9.5-R1,32,27743,383453,33.78232955932617,1.066690444946289
E8.5-R3,E9.5-R1,33,27743,383453,34.22508239746094,1.072286605834961
E8.5-R3,E9.5-R1,34,27743,383453,35.323509216308594,1.1208486557006836
E8.5-R3,E9.5-R1,35,27743,383453,33.95540237426758,1.110417366027832
E8.5-R3,E9.5-R1,36,27743,383453,34.55549621582031,1.0574932098388672
E8.5-R3,E9.5-R1,37,27743,383453,32.79808807373047,1.0346879959106445
E8.5-R3,E9.5-R1,38,27743,383453,33.172752380371094,1.062058448791504
E8.5-R3,E9.5-R1,39,27743,383453,34.35453796386719,1.1039276123046875
E8.5-R3,E9.5-R1,40,27743,383453,33.845951080322266,1.044229507446289
E8.5-R3,E9.5-R1,41,27743,383453,34.2321891784668,1.0594301223754883
E8.5-R3,E9.5-R1,42,27743,383453,33.803955078125,1.0896263122558594
E8.5-R3,E9.5-R1,43,27743,383453,33.86223602294922,1.0930118560791016
E8.5-R3,E9.5-R1,44,27743,383453,33.536224365234375,1.076767921447754
E8.5-R3,E9.5-R1,45,27743,383453,33.42606735229492,1.087686538696289
E8.5-R3,E9.5-R1,46,27743,383453,33.252464294433594,1.0800657272338867
E8.5-R3,E9.5-R1,47,27743,383453,34.7348747253418,1.0369529724121094
E8.5-R3,E9.5-R1,48,27743,383453,33.896995544433594,1.0561609268188477
E8.5-R3,E9.5-R1,49,27743,383453,34.521427154541016,1.081552505493164
E8.5-R3,E9.5-R2,0,27743,350716,35.33563232421875,1.0823478698730469
E8.5-R3,E9.5-R2,1,27743,350716,35.54472351074219,1.0824222564697266
E8.5-R3,E9.5-R2,2,27743,350716,35.12099838256836,1.1122159957885742
E8.5-R3,E9.5-R2,3,27743,350716,35.00339126586914,1.1381311416625977
E8.5-R3,E9.5-R2,4,27743,350716,35.407432556152344,1.1290035247802734
E8.5-R3,E9.5-R2,5,27743,350716,35.96799850463867,1.1220369338989258
E8.5-R3,E9.5-R2,6,27743,350716,35.595542907714844,1.0971641540527344
E8.5-R3,E9.5-R2,7,27743,350716,36.238250732421875,1.0971879959106445
E8.5-R3,E9.5-R2,8,27743,350716,34.17620086669922,1.0421524047851562
E8.5-R3,E9.5-R2,9,27743,350716,35.62348556518555,1.1387214660644531
E8.5-R3,E9.5-R2,10,27743,350716,35.61119079589844,1.0821666717529297
E8.5-R3,E9.5-R2,11,27743,350716,35.354576110839844,1.1102237701416016
E8.5-R3,E9.5-R2,12,27743,350716,35.1160774230957,1.1027803421020508
E8.5-R3,E9.5-R2,13,27743,350716,35.59416961669922,1.0864896774291992
E8.5-R3,E9.5-R2,14,27743,350716,35.054744720458984,1.070622444152832
E8.5-R3,E9.5-R2,15,27743,350716,34.94947052001953,1.0869855880737305
E8.5-R3,E9.5-R2,16,27743,350716,34.95127868652344,1.1229238510131836
E8.5-R3,E9.5-R2,17,27743,350716,35.17385482788086,1.0932960510253906
E8.5-R3,E9.5-R2,18,27743,350716,35.89861297607422,1.0390968322753906
E8.5-R3,E9.5-R2,19,27743,350716,35.191139221191406,1.1071195602416992
E8.5-R3,E9.5-R2,20,27743,350716,34.84416961669922,1.1217536926269531
E8.5-R3,E9.5-R2,21,27743,350716,36.616180419921875,1.096816062927246
E8.5-R3,E9.5-R2,22,27743,350716,35.04506301879883,1.0441007614135742
E8.5-R3,E9.5-R2,23,27743,350716,35.705291748046875,1.1211557388305664
E8.5-R3,E9.5-R2,24,27743,350716,35.632965087890625,1.1125173568725586
E8.5-R3,E9.5-R2,25,27743,350716,35.607994079589844,1.064305305480957
E8.5-R3,E9.5-R2,26,27743,350716,35.31243896484375,1.0997371673583984
E8.5-R3,E9.5-R2,27,27743,350716,35.36143493652344,1.1248273849487305
E8.5-R3,E9.5-R2,28,27743,350716,36.0792236328125,1.0750188827514648
E8.5-R3,E9.5-R2,29,27743,350716,35.34238052368164,1.1101560592651367
E8.5-R3,E9.5-R2,30,27743,350716,35.583221435546875,1.0872268676757812
E8.5-R3,E9.5-R2,31,27743,350716,35.404014587402344,1.0776052474975586
E8.5-R3,E9.5-R2,32,27743,350716,35.103965759277344,1.1081562042236328
E8.5-R3,E9.5-R2,33,27743,350716,35.12751007080078,1.0989294052124023
E8.5-R3,E9.5-R2,34,27743,350716,34.8917121887207,1.1147756576538086
E8.5-R3,E9.5-R2,35,27743,350716,34.98821258544922,1.1311635971069336
E8.5-R3,E9.5-R2,36,27743,350716,35.44145202636719,1.1177921295166016
E8.5-R3,E9.5-R2,37,27743,350716,35.019004821777344,1.0877723693847656
E8.5-R3,E9.5-R2,38,27743,350716,35.05316162109375,1.0753135681152344
E8.5-R3,E9.5-R2,39,27743,350716,34.29454040527344,1.0795106887817383
E8.5-R3,E9.5-R2,40,27743,350716,35.33221435546875,1.1160383224487305
E8.5-R3,E9.5-R2,41,27743,350716,35.394081115722656,1.1200408935546875
E8.5-R3,E9.5-R2,42,27743,350716,35.04944610595703,1.053034782409668
E8.5-R3,E9.5-R2,43,27743,350716,35.72711181640625,1.0778608322143555
E8.5-R3,E9.5-R2,44,27743,350716,34.43621826171875,1.0534753799438477
E8.5-R3,E9.5-R2,45,27743,350716,34.64521026611328,1.0986461639404297
E8.5-R3,E9.5-R2,46,27743,350716,36.02520751953125,1.0799026489257812
E8.5-R3,E9.5-R2,47,27743,350716,35.38648986816406,1.0853500366210938
E8.5-R3,E9.5-R2,48,27743,350716,34.61907958984375,1.113560676574707
E8.5-R3,E9.5-R2,49,27743,350716,36.44756317138672,1.100992202758789
E8.5-R3,E9.5-R3,0,27743,342873,32.22324752807617,0.9640703201293945
E8.5-R3,E9.5-R3,1,27743,342873,32.93168258666992,0.9864158630371094
E8.5-R3,E9.5-R3,2,27743,342873,33.59730529785156,0.9964656829833984
E8.5-R3,E9.5-R3,3,27743,342873,32.538612365722656,0.9837236404418945
E8.5-R3,E9.5-R3,4,27743,342873,32.70362854003906,0.960942268371582
E8.5-R3,E9.5-R3,5,27743,342873,33.80529022216797,1.0100202560424805
E8.5-R3,E9.5-R3,6,27743,342873,33.30397415161133,0.9749631881713867
E8.5-R3,E9.5-R3,7,27743,342873,32.85059356689453,1.0023117065429688
E8.5-R3,E9.5-R3,8,27743,342873,32.203330993652344,0.9900302886962891
E8.5-R3,E9.5-R3,9,27743,342873,32.07937240600586,0.9668960571289062
E8.5-R3,E9.5-R3,10,27743,342873,32.906524658203125,0.9722986221313477
E8.5-R3,E9.5-R3,11,27743,342873,31.74917221069336,1.0148754119873047
E8.5-R3,E9.5-R3,12,27743,342873,32.882694244384766,0.9519691467285156
E8.5-R3,E9.5-R3,13,27743,342873,33.337799072265625,0.9803142547607422
E8.5-R3,E9.5-R3,14,27743,342873,31.796520233154297,0.9727888107299805
E8.5-R3,E9.5-R3,15,27743,342873,32.455665588378906,0.9813508987426758
E8.5-R3,E9.5-R3,16,27743,342873,34.22447967529297,0.9538793563842773
E8.5-R3,E9.5-R3,17,27743,342873,32.62042999267578,1.0062065124511719
E8.5-R3,E9.5-R3,18,27743,342873,32.186431884765625,0.9253940582275391
E8.5-R3,E9.5-R3,19,27743,342873,31.53497886657715,0.9752998352050781
E8.5-R3,E9.5-R3,20,27743,342873,33.636470794677734,0.9447517395019531
E8.5-R3,E9.5-R3,21,27743,342873,32.798683166503906,0.9491024017333984
E8.5-R3,E9.5-R3,22,27743,342873,32.58902359008789,0.9734773635864258
E8.5-R3,E9.5-R3,23,27743,342873,31.471078872680664,0.9553680419921875
E8.5-R3,E9.5-R3,24,27743,342873,32.912109375,0.9637117385864258
E8.5-R3,E9.5-R3,25,27743,342873,32.44967269897461,1.0047273635864258
E8.5-R3,E9.5-R3,26,27743,342873,31.98261833190918,0.9248714447021484
E8.5-R3,E9.5-R3,27,27743,342873,32.95174026489258,0.9483098983764648
E8.5-R3,E9.5-R3,28,27743,342873,31.80581283569336,0.9774847030639648
E8.5-R3,E9.5-R3,29,27743,342873,32.94165802001953,0.9887561798095703
E8.5-R3,E9.5-R3,30,27743,342873,32.19127655029297,0.957524299621582
E8.5-R3,E9.5-R3,31,27743,342873,33.0716667175293,1.0037422180175781
E8.5-R3,E9.5-R3,32,27743,342873,32.8017578125,0.9810295104980469
E8.5-R3,E9.5-R3,33,27743,342873,33.42377471923828,0.9977865219116211
E8.5-R3,E9.5-R3,34,27743,342873,32.52791976928711,0.9980392456054688
E8.5-R3,E9.5-R3,35,27743,342873,33.38228988647461,0.9512205123901367
E8.5-R3,E9.5-R3,36,27743,342873,34.161590576171875,1.02130126953125
E8.5-R3,E9.5-R3,37,27743,342873,32.53351593017578,0.9476375579833984
E8.5-R3,E9.5-R3,38,27743,342873,33.07487487792969,0.9617071151733398
E8.5-R3,E9.5-R3,39,27743,342873,32.88136672973633,1.0050840377807617
E8.5-R3,E9.5-R3,40,27743,342873,32.732688903808594,0.9656620025634766
E8.5-R3,E9.5-R3,41,27743,342873,32.6573486328125,0.9655218124389648
E8.5-R3,E9.5-R3,42,27743,342873,32.805381774902344,0.9673643112182617
E8.5-R3,E9.5-R3,43,27743,342873,33.267616271972656,0.9900054931640625
E8.5-R3,E9.5-R3,44,27743,342873,34.16728210449219,1.0239686965942383
E8.5-R3,E9.5-R3,45,27743,342873,33.47845458984375,0.9770336151123047
E8.5-R3,E9.5-R3,46,27743,342873,33.32414245605469,0.9726238250732422
E8.5-R3,E9.5-R3,47,27743,342873,32.81153869628906,0.9821271896362305
E8.5-R3,E9.5-R3,48,27743,342873,33.5061149597168,0.9809713363647461
E8.5-R3,E9.5-R3,49,27743,342873,32.26423645019531,0.9750785827636719
E8.5-R3,E10.0-R1,0,27743,347550,38.52606964111328,1.2202157974243164
E8.5-R3,E10.0-R1,1,27743,347550,38.45938491821289,1.2467355728149414
E8.5-R3,E10.0-R1,2,27743,347550,38.354530334472656,1.2397966384887695
E8.5-R3,E10.0-R1,3,27743,347550,40.71067810058594,1.233724594116211
E8.5-R3,E10.0-R1,4,27743,347550,38.754486083984375,1.2168092727661133
E8.5-R3,E10.0-R1,5,27743,347550,39.28031539916992,1.2243432998657227
E8.5-R3,E10.0-R1,6,27743,347550,39.64949417114258,1.2397832870483398
E8.5-R3,E10.0-R1,7,27743,347550,39.213584899902344,1.2615947723388672
E8.5-R3,E10.0-R1,8,27743,347550,39.477882385253906,1.281829833984375
E8.5-R3,E10.0-R1,9,27743,347550,39.59034729003906,1.2514381408691406
E8.5-R3,E10.0-R1,10,27743,347550,39.57225799560547,1.1990766525268555
E8.5-R3,E10.0-R1,11,27743,347550,40.62713623046875,1.2454805374145508
E8.5-R3,E10.0-R1,12,27743,347550,38.88007736206055,1.2630863189697266
E8.5-R3,E10.0-R1,13,27743,347550,39.748863220214844,1.221670150756836
E8.5-R3,E10.0-R1,14,27743,347550,38.76132583618164,1.3017873764038086
E8.5-R3,E10.0-R1,15,27743,347550,38.875267028808594,1.2190027236938477
E8.5-R3,E10.0-R1,16,27743,347550,39.369110107421875,1.2844429016113281
E8.5-R3,E10.0-R1,17,27743,347550,39.25562286376953,1.2393779754638672
E8.5-R3,E10.0-R1,18,27743,347550,38.69622802734375,1.2520332336425781
E8.5-R3,E10.0-R1,19,27743,347550,40.23880386352539,1.2842187881469727
E8.5-R3,E10.0-R1,20,27743,347550,39.20929718017578,1.2053050994873047
E8.5-R3,E10.0-R1,21,27743,347550,40.22770690917969,1.2393169403076172
E8.5-R3,E10.0-R1,22,27743,347550,39.519710540771484,1.2798290252685547
E8.5-R3,E10.0-R1,23,27743,347550,40.030540466308594,1.1875782012939453
E8.5-R3,E10.0-R1,24,27743,347550,39.58937072753906,1.247354507446289
E8.5-R3,E10.0-R1,25,27743,347550,39.41943359375,1.2386350631713867
E8.5-R3,E10.0-R1,26,27743,347550,39.95237731933594,1.2289934158325195
E8.5-R3,E10.0-R1,27,27743,347550,39.38209533691406,1.2159481048583984
E8.5-R3,E10.0-R1,28,27743,347550,37.88380432128906,1.1749696731567383
E8.5-R3,E10.0-R1,29,27743,347550,39.60794448852539,1.2337522506713867
E8.5-R3,E10.0-R1,30,27743,347550,39.22284698486328,1.241598129272461
E8.5-R3,E10.0-R1,31,27743,347550,38.82329559326172,1.2395963668823242
E8.5-R3,E10.0-R1,32,27743,347550,39.978153228759766,1.2526559829711914
E8.5-R3,E10.0-R1,33,27743,347550,40.06273651123047,1.2313880920410156
E8.5-R3,E10.0-R1,34,27743,347550,40.32438659667969,1.2583589553833008
E8.5-R3,E10.0-R1,35,27743,347550,39.018310546875,1.2550220489501953
E8.5-R3,E10.0-R1,36,27743,347550,39.259185791015625,1.2064380645751953
E8.5-R3,E10.0-R1,37,27743,347550,39.93088150024414,1.2248668670654297
E8.5-R3,E10.0-R1,38,27743,347550,39.82506561279297,1.2581005096435547
E8.5-R3,E10.0-R1,39,27743,347550,39.32239532470703,1.247065544128418
E8.5-R3,E10.0-R1,40,27743,347550,39.49778747558594,1.2137031555175781
E8.5-R3,E10.0-R1,41,27743,347550,39.60370635986328,1.2583332061767578
E8.5-R3,E10.0-R1,42,27743,347550,39.17218780517578,1.2540016174316406
E8.5-R3,E10.0-R1,43,27743,347550,39.21514129638672,1.2726802825927734
E8.5-R3,E10.0-R1,44,27743,347550,39.41215515136719,1.2515735626220703
E8.5-R3,E10.0-R1,45,27743,347550,39.1553955078125,1.2135868072509766
E8.5-R3,E10.0-R1,46,27743,347550,39.71710205078125,1.2571277618408203
E8.5-R3,E10.0-R1,47,27743,347550,37.704010009765625,1.186619758605957
E8.5-R3,E10.0-R1,48,27743,347550,39.612640380859375,1.253310203552246
E8.5-R3,E10.0-R1,49,27743,347550,39.424747467041016,1.275991439819336
E9.0-R1,E9.0-R2,0,92063,99878,19.021934509277344,0.4078559875488281
E9.0-R1,E9.0-R2,1,92063,99878,20.532958984375,0.4444723129272461
E9.0-R1,E9.0-R2,2,92063,99878,19.77111053466797,0.4320030212402344
E9.0-R1,E9.0-R2,3,92063,99878,19.112422943115234,0.4207468032836914
E9.0-R1,E9.0-R2,4,92063,99878,19.363765716552734,0.4031696319580078
E9.0-R1,E9.0-R2,5,92063,99878,19.257936477661133,0.39128589630126953
E9.0-R1,E9.0-R2,6,92063,99878,18.935535430908203,0.4026603698730469
E9.0-R1,E9.0-R2,7,92063,99878,19.58891487121582,0.42015838623046875
E9.0-R1,E9.0-R2,8,92063,99878,19.239151000976562,0.4031953811645508
E9.0-R1,E9.0-R2,9,92063,99878,19.250465393066406,0.39929866790771484
E9.0-R1,E9.0-R2,10,92063,99878,20.102344512939453,0.4335746765136719
E9.0-R1,E9.0-R2,11,92063,99878,19.01705551147461,0.38027381896972656
E9.0-R1,E9.0-R2,12,92063,99878,19.165084838867188,0.4067802429199219
E9.0-R1,E9.0-R2,13,92063,99878,19.425525665283203,0.42426013946533203
E9.0-R1,E9.0-R2,14,92063,99878,20.132709503173828,0.4139595031738281
E9.0-R1,E9.0-R2,15,92063,99878,20.289169311523438,0.44185447692871094
E9.0-R1,E9.0-R2,16,92063,99878,19.237865447998047,0.37920284271240234
E9.0-R1,E9.0-R2,17,92063,99878,18.71495819091797,0.41884326934814453
E9.0-R1,E9.0-R2,18,92063,99878,20.0390625,0.42255496978759766
E9.0-R1,E9.0-R2,19,92063,99878,19.34626007080078,0.40337181091308594
E9.0-R1,E9.0-R2,20,92063,99878,19.554956436157227,0.41980838775634766
E9.0-R1,E9.0-R2,21,92063,99878,19.12354850769043,0.4219646453857422
E9.0-R1,E9.0-R2,22,92063,99878,19.021305084228516,0.40133094787597656
E9.0-R1,E9.0-R2,23,92063,99878,18.86411476135254,0.4048280715942383
E9.0-R1,E9.0-R2,24,92063,99878,19.406917572021484,0.4018888473510742
E9.0-R1,E9.0-R2,25,92063,99878,19.696407318115234,0.4273395538330078
E9.0-R1,E9.0-R2,26,92063,99878,18.67920684814453,0.3934450149536133
E9.0-R1,E9.0-R2,27,92063,99878,19.604114532470703,0.4109649658203125
E9.0-R1,E9.0-R2,28,92063,99878,19.48357391357422,0.4062232971191406
E9.0-R1,E9.0-R2,29,92063,99878,19.08322525024414,0.391998291015625
E9.0-R1,E9.0-R2,30,92063,99878,19.450340270996094,0.42707157135009766
E9.0-R1,E9.0-R2,31,92063,99878,19.315988540649414,0.39697265625
E9.0-R1,E9.0-R2,32,92063,99878,19.605026245117188,0.4305438995361328
E9.0-R1,E9.0-R2,33,92063,99878,19.5311279296875,0.37485218048095703
E9.0-R1,E9.0-R2,34,92063,99878,19.486263275146484,0.42423057556152344
E9.0-R1,E9.0-R2,35,92063,99878,19.249082565307617,0.40922069549560547
E9.0-R1,E9.0-R2,36,92063,99878,19.61632537841797,0.4117622375488281
E9.0-R1,E9.0-R2,37,92063,99878,19.73760223388672,0.4314594268798828
E9.0-R1,E9.0-R2,38,92063,99878,19.41513442993164,0.3841829299926758
E9.0-R1,E9.0-R2,39,92063,99878,18.89329719543457,0.39165687561035156
E9.0-R1,E9.0-R2,40,92063,99878,19.416629791259766,0.40421485900878906
E9.0-R1,E9.0-R2,41,92063,99878,20.48375129699707,0.45100975036621094
E9.0-R1,E9.0-R2,42,92063,99878,19.264354705810547,0.41353702545166016
E9.0-R1,E9.0-R2,43,92063,99878,19.613849639892578,0.4005270004272461
E9.0-R1,E9.0-R2,44,92063,99878,19.72064971923828,0.4201040267944336
E9.0-R1,E9.0-R2,45,92063,99878,19.961223602294922,0.41709136962890625
E9.0-R1,E9.0-R2,46,92063,99878,20.042858123779297,0.43494606018066406
E9.0-R1,E9.0-R2,47,92063,99878,18.732444763183594,0.40720272064208984
E9.0-R1,E9.0-R2,48,92063,99878,19.633514404296875,0.38327598571777344
E9.0-R1,E9.0-R2,49,92063,99878,20.323331832885742,0.4650440216064453
E9.0-R1,E9.0-R3,0,92063,62867,18.653940200805664,0.2582216262817383
E9.0-R1,E9.0-R3,1,92063,62867,18.667945861816406,0.24849319458007812
E9.0-R1,E9.0-R3,2,92063,62867,19.200664520263672,0.28191566467285156
E9.0-R1,E9.0-R3,3,92063,62867,19.035694122314453,0.2971382141113281
E9.0-R1,E9.0-R3,4,92063,62867,18.917949676513672,0.26273155212402344
E9.0-R1,E9.0-R3,5,92063,62867,18.86422348022461,0.2700042724609375
E9.0-R1,E9.0-R3,6,92063,62867,18.640811920166016,0.26175403594970703
E9.0-R1,E9.0-R3,7,92063,62867,18.875669479370117,0.2484903335571289
E9.0-R1,E9.0-R3,8,92063,62867,18.19144058227539,0.2639427185058594
E9.0-R1,E9.0-R3,9,92063,62867,18.543582916259766,0.2448720932006836
E9.0-R1,E9.0-R3,10,92063,62867,19.463939666748047,0.29041194915771484
E9.0-R1,E9.0-R3,11,92063,62867,19.259004592895508,0.24131202697753906
E9.0-R1,E9.0-R3,12,92063,62867,19.442995071411133,0.2570648193359375
E9.0-R1,E9.0-R3,13,92063,62867,18.60122299194336,0.28560543060302734
E9.0-R1,E9.0-R3,14,92063,62867,18.344629287719727,0.26055145263671875
E9.0-R1,E9.0-R3,15,92063,62867,18.748855590820312,0.2768268585205078
E9.0-R1,E9.0-R3,16,92063,62867,19.255332946777344,0.26215457916259766
E9.0-R1,E9.0-R3,17,92063,62867,18.523090362548828,0.25920963287353516
E9.0-R1,E9.0-R3,18,92063,62867,18.028621673583984,0.2549562454223633
E9.0-R1,E9.0-R3,19,92063,62867,18.833887100219727,0.2752361297607422
E9.0-R1,E9.0-R3,20,92063,62867,18.843313217163086,0.2736625671386719
E9.0-R1,E9.0-R3,21,92063,62867,18.929716110229492,0.2534360885620117
E9.0-R1,E9.0-R3,22,92063,62867,19.287067413330078,0.2756166458129883
E9.0-R1,E9.0-R3,23,92063,62867,19.02906036376953,0.2700176239013672
E9.0-R1,E9.0-R3,24,92063,62867,18.80763816833496,0.24846458435058594
E9.0-R1,E9.0-R3,25,92063,62867,18.57168197631836,0.2512216567993164
E9.0-R1,E9.0-R3,26,92063,62867,18.491924285888672,0.2440023422241211
E9.0-R1,E9.0-R3,27,92063,62867,18.636991500854492,0.2646036148071289
E9.0-R1,E9.0-R3,28,92063,62867,19.264888763427734,0.26981353759765625
E9.0-R1,E9.0-R3,29,92063,62867,18.483877182006836,0.25745105743408203
E9.0-R1,E9.0-R3,30,92063,62867,18.594406127929688,0.2636880874633789
E9.0-R1,E9.0-R3,31,92063,62867,18.97879409790039,0.2637758255004883
E9.0-R1,E9.0-R3,32,92063,62867,18.294645309448242,0.23977375030517578
E9.0-R1,E9.0-R3,33,92063,62867,19.70425796508789,0.27786731719970703
E9.0-R1,E9.0-R3,34,92063,62867,18.500926971435547,0.2746849060058594
E9.0-R1,E9.0-R3,35,92063,62867,18.348575592041016,0.2516946792602539
E9.0-R1,E9.0-R3,36,92063,62867,18.82605743408203,0.25771617889404297
E9.0-R1,E9.0-R3,37,92063,62867,18.522212982177734,0.2719841003417969
E9.0-R1,E9.0-R3,38,92063,62867,18.989227294921875,0.2743091583251953
E9.0-R1,E9.0-R3,39,92063,62867,18.778728485107422,0.2691631317138672
E9.0-R1,E9.0-R3,40,92063,62867,18.130794525146484,0.24490642547607422
E9.0-R1,E9.0-R3,41,92063,62867,18.27311897277832,0.24316883087158203
E9.0-R1,E9.0-R3,42,92063,62867,19.354595184326172,0.2586822509765625
E9.0-R1,E9.0-R3,43,92063,62867,19.090356826782227,0.2754983901977539
E9.0-R1,E9.0-R3,44,92063,62867,18.16367530822754,0.27457523345947266
E9.0-R1,E9.0-R3,45,92063,62867,19.277862548828125,0.2523651123046875
E9.0-R1,E9.0-R3,46,92063,62867,18.665973663330078,0.2686424255371094
E9.0-R1,E9.0-R3,47,92063,62867,18.944353103637695,0.2644844055175781
E9.0-R1,E9.0-R3,48,92063,62867,19.619945526123047,0.2640838623046875
E9.0-R1,E9.0-R3,49,92063,62867,18.52785873413086,0.27670860290527344
E9.0-R1,E9.5-R1,0,92063,383453,25.399682998657227,0.5767478942871094
E9.0-R1,E9.5-R1,1,92063,383453,25.738338470458984,0.5975971221923828
E9.0-R1,E9.5-R1,2,92063,383453,26.846982955932617,0.5966873168945312
E9.0-R1,E9.5-R1,3,92063,383453,25.320680618286133,0.5914554595947266
E9.0-R1,E9.5-R1,4,92063,383453,25.38404083251953,0.5876340866088867
E9.0-R1,E9.5-R1,5,92063,383453,25.83945083618164,0.6002120971679688
E9.0-R1,E9.5-R1,6,92063,383453,25.8914852142334,0.6039304733276367
E9.0-R1,E9.5-R1,7,92063,383453,25.98042106628418,0.5886697769165039
E9.0-R1,E9.5-R1,8,92063,383453,26.183374404907227,0.5754966735839844
E9.0-R1,E9.5-R1,9,92063,383453,26.006473541259766,0.5758295059204102
E9.0-R1,E9.5-R1,10,92063,383453,25.43277359008789,0.5958194732666016
E9.0-R1,E9.5-R1,11,92063,383453,25.737991333007812,0.5769538879394531
E9.0-R1,E9.5-R1,12,92063,383453,26.146364212036133,0.6234865188598633
E9.0-R1,E9.5-R1,13,92063,383453,25.24166488647461,0.6107902526855469
E9.0-R1,E9.5-R1,14,92063,383453,26.016820907592773,0.5986814498901367
E9.0-R1,E9.5-R1,15,92063,383453,24.85873794555664,0.5661334991455078
E9.0-R1,E9.5-R1,16,92063,383453,26.126556396484375,0.5983648300170898
E9.0-R1,E9.5-R1,17,92063,383453,25.590370178222656,0.5902776718139648
E9.0-R1,E9.5-R1,18,92063,383453,25.690460205078125,0.5845327377319336
E9.0-R1,E9.5-R1,19,92063,383453,26.12472152709961,0.6003799438476562
E9.0-R1,E9.5-R1,20,92063,383453,25.517927169799805,0.5872678756713867
E9.0-R1,E9.5-R1,21,92063,383453,25.052696228027344,0.5939531326293945
E9.0-R1,E9.5-R1,22,92063,383453,25.110824584960938,0.5818643569946289
E9.0-R1,E9.5-R1,23,92063,383453,25.436626434326172,0.5928611755371094
E9.0-R1,E9.5-R1,24,92063,383453,26.21205711364746,0.6298494338989258
E9.0-R1,E9.5-R1,25,92063,383453,25.463584899902344,0.597416877746582
E9.0-R1,E9.5-R1,26,92063,383453,25.364768981933594,0.5660066604614258
E9.0-R1,E9.5-R1,27,92063,383453,26.5147705078125,0.6127481460571289
E9.0-R1,E9.5-R1,28,92063,383453,25.649242401123047,0.5945186614990234
E9.0-R1,E9.5-R1,29,92063,383453,25.16851043701172,0.5657072067260742
E9.0-R1,E9.5-R1,30,92063,383453,25.706985473632812,0.6023111343383789
E9.0-R1,E9.5-R1,31,92063,383453,25.831565856933594,0.5796880722045898
E9.0-R1,E9.5-R1,32,92063,383453,25.92241096496582,0.59515380859375
E9.0-R1,E9.5-R1,33,92063,383453,26.197757720947266,0.5993785858154297
E9.0-R1,E9.5-R1,34,92063,383453,25.69202423095703,0.5920991897583008
E9.0-R1,E9.5-R1,35,92063,383453,25.538944244384766,0.5881128311157227
E9.0-R1,E9.5-R1,36,92063,383453,24.828571319580078,0.5718002319335938
E9.0-R1,E9.5-R1,37,92063,383453,25.692771911621094,0.5813827514648438
E9.0-R1,E9.5-R1,38,92063,383453,25.543214797973633,0.5841655731201172
E9.0-R1,E9.5-R1,39,92063,383453,25.582015991210938,0.5927848815917969
E9.0-R1,E9.5-R1,40,92063,383453,25.948532104492188,0.587590217590332
E9.0-R1,E9.5-R1,41,92063,383453,25.42292594909668,0.6032438278198242
E9.0-R1,E9.5-R1,42,92063,383453,26.064638137817383,0.6053180694580078
E9.0-R1,E9.5-R1,43,92063,383453,26.21631622314453,0.6100912094116211
E9.0-R1,E9.5-R1,44,92063,383453,25.8431396484375,0.5953950881958008
E9.0-R1,E9.5-R1,45,92063,383453,26.0802059173584,0.5931663513183594
E9.0-R1,E9.5-R1,46,92063,383453,25.81711196899414,0.5725221633911133
E9.0-R1,E9.5-R1,47,92063,383453,25.968656539916992,0.6061592102050781
E9.0-R1,E9.5-R1,48,92063,383453,25.191162109375,0.5783443450927734
E9.0-R1,E9.5-R1,49,92063,383453,24.937175750732422,0.5656461715698242
E9.0-R1,E9.5-R2,0,92063,350716,25.819074630737305,0.5073480606079102
E9.0-R1,E9.5-R2,1,92063,350716,25.219816207885742,0.4709463119506836
E9.0-R1,E9.5-R2,2,92063,350716,26.01274299621582,0.538752555847168
E9.0-R1,E9.5-R2,3,92063,350716,26.729869842529297,0.5162038803100586
E9.0-R1,E9.5-R2,4,92063,350716,26.796987533569336,0.4976768493652344
E9.0-R1,E9.5-R2,5,92063,350716,26.37777328491211,0.5122528076171875
E9.0-R1,E9.5-R2,6,92063,350716,26.724746704101562,0.5392608642578125
E9.0-R1,E9.5-R2,7,92063,350716,25.603960037231445,0.5028696060180664
E9.0-R1,E9.5-R2,8,92063,350716,25.923568725585938,0.5199565887451172
E9.0-R1,E9.5-R2,9,92063,350716,25.976661682128906,0.47765159606933594
E9.0-R1,E9.5-R2,10,92063,350716,25.953645706176758,0.5045614242553711
E9.0-R1,E9.5-R2,11,92063,350716,25.797382354736328,0.5093193054199219
E9.0-R1,E9.5-R2,12,92063,350716,25.402490615844727,0.49782371520996094
E9.0-R1,E9.5-R2,13,92063,350716,26.31447982788086,0.47360992431640625
E9.0-R1,E9.5-R2,14,92063,350716,25.33973503112793,0.48035430908203125
E9.0-R1,E9.5-R2,15,92063,350716,25.31297492980957,0.5139760971069336
E9.0-R1,E9.5-R2,16,92063,350716,26.4027099609375,0.47478771209716797
E9.0-R1,E9.5-R2,17,92063,350716,25.717329025268555,0.46752452850341797
E9.0-R1,E9.5-R2,18,92063,350716,25.94353485107422,0.5065698623657227
E9.0-R1,E9.5-R2,19,92063,350716,26.724231719970703,0.47368526458740234
E9.0-R1,E9.5-R2,20,92063,350716,26.270023345947266,0.5215616226196289
E9.0-R1,E9.5-R2,21,92063,350716,26.148941040039062,0.5237646102905273
E9.0-R1,E9.5-R2,22,92063,350716,25.109451293945312,0.49329185485839844
E9.0-R1,E9.5-R2,23,92063,350716,25.664167404174805,0.4880504608154297
E9.0-R1,E9.5-R2,24,92063,350716,25.358989715576172,0.4842653274536133
E9.0-R1,E9.5-R2,25,92063,350716,26.72866439819336,0.5211200714111328
E9.0-R1,E9.5-R2,26,92063,350716,25.9338436126709,0.49243831634521484
E9.0-R1,E9.5-R2,27,92063,350716,25.768306732177734,0.508397102355957
E9.0-R1,E9.5-R2,28,92063,350716,26.45281219482422,0.522160530090332
E9.0-R1,E9.5-R2,29,92063,350716,25.248098373413086,0.44503211975097656
E9.0-R1,E9.5-R2,30,92063,350716,26.351892471313477,0.5070657730102539
E9.0-R1,E9.5-R2,31,92063,350716,24.872018814086914,0.48122692108154297
E9.0-R1,E9.5-R2,32,92063,350716,26.924863815307617,0.5332450866699219
E9.0-R1,E9.5-R2,33,92063,350716,25.648303985595703,0.4800291061401367
E9.0-R1,E9.5-R2,34,92063,350716,25.37474822998047,0.5168962478637695
E9.0-R1,E9.5-R2,35,92063,350716,25.53654670715332,0.48011302947998047
E9.0-R1,E9.5-R2,36,92063,350716,25.827491760253906,0.5251808166503906
E9.0-R1,E9.5-R2,37,92063,350716,25.360809326171875,0.4651451110839844
E9.0-R1,E9.5-R2,38,92063,350716,25.512592315673828,0.47554492950439453
E9.0-R1,E9.5-R2,39,92063,350716,25.501102447509766,0.5086231231689453
E9.0-R1,E9.5-R2,40,92063,350716,26.34722137451172,0.5176982879638672
E9.0-R1,E9.5-R2,41,92063,350716,26.27208709716797,0.5061664581298828
E9.0-R1,E9.5-R2,42,92063,350716,25.916099548339844,0.47826385498046875
E9.0-R1,E9.5-R2,43,92063,350716,25.537765502929688,0.5338306427001953
E9.0-R1,E9.5-R2,44,92063,350716,26.16539764404297,0.49909400939941406
E9.0-R1,E9.5-R2,45,92063,350716,25.66266632080078,0.48752307891845703
E9.0-R1,E9.5-R2,46,92063,350716,25.63555145263672,0.4921741485595703
E9.0-R1,E9.5-R2,47,92063,350716,25.144588470458984,0.4894876480102539
E9.0-R1,E9.5-R2,48,92063,350716,26.401470184326172,0.49785614013671875
E9.0-R1,E9.5-R2,49,92063,350716,26.116348266601562,0.5126686096191406
E9.0-R1,E9.5-R3,0,92063,342873,25.8150634765625,0.5836124420166016
E9.0-R1,E9.5-R3,1,92063,342873,25.42395782470703,0.582646369934082
E9.0-R1,E9.5-R3,2,92063,342873,25.911224365234375,0.5821466445922852
E9.0-R1,E9.5-R3,3,92063,342873,24.863971710205078,0.5605897903442383
E9.0-R1,E9.5-R3,4,92063,342873,24.969690322875977,0.5511274337768555
E9.0-R1,E9.5-R3,5,92063,342873,24.828147888183594,0.546778678894043
E9.0-R1,E9.5-R3,6,92063,342873,24.569276809692383,0.5204133987426758
E9.0-R1,E9.5-R3,7,92063,342873,24.53289031982422,0.5362300872802734
E9.0-R1,E9.5-R3,8,92063,342873,26.103498458862305,0.5740232467651367
E9.0-R1,E9.5-R3,9,92063,342873,25.368053436279297,0.6043424606323242
E9.0-R1,E9.5-R3,10,92063,342873,24.888731002807617,0.5494108200073242
E9.0-R1,E9.5-R3,11,92063,342873,24.251693725585938,0.5451059341430664
E9.0-R1,E9.5-R3,12,92063,342873,25.062660217285156,0.5383615493774414
E9.0-R1,E9.5-R3,13,92063,342873,25.12722396850586,0.5523843765258789
E9.0-R1,E9.5-R3,14,92063,342873,25.920921325683594,0.57379150390625
E9.0-R1,E9.5-R3,15,92063,342873,24.848922729492188,0.5488834381103516
E9.0-R1,E9.5-R3,16,92063,342873,24.967180252075195,0.5351982116699219
E9.0-R1,E9.5-R3,17,92063,342873,24.942859649658203,0.5594825744628906
E9.0-R1,E9.5-R3,18,92063,342873,25.08548355102539,0.5695114135742188
E9.0-R1,E9.5-R3,19,92063,342873,24.469417572021484,0.5541467666625977
E9.0-R1,E9.5-R3,20,92063,342873,26.238845825195312,0.5760965347290039
E9.0-R1,E9.5-R3,21,92063,342873,25.1661434173584,0.5593767166137695
E9.0-R1,E9.5-R3,22,92063,342873,24.162073135375977,0.545496940612793
E9.0-R1,E9.5-R3,23,92063,342873,25.59743881225586,0.5655221939086914
E9.0-R1,E9.5-R3,24,92063,342873,24.67267608642578,0.5204858779907227
E9.0-R1,E9.5-R3,25,92063,342873,24.56877899169922,0.5386505126953125
E9.0-R1,E9.5-R3,26,92063,342873,25.475589752197266,0.5384635925292969
E9.0-R1,E9.5-R3,27,92063,342873,24.653236389160156,0.5683183670043945
E9.0-R1,E9.5-R3,28,92063,342873,25.135147094726562,0.5618820190429688
E9.0-R1,E9.5-R3,29,92063,342873,24.577232360839844,0.5460920333862305
E9.0-R1,E9.5-R3,30,92063,342873,24.541446685791016,0.517582893371582
E9.0-R1,E9.5-R3,31,92063,342873,24.846637725830078,0.543635368347168
E9.0-R1,E9.5-R3,32,92063,342873,25.357688903808594,0.5700740814208984
E9.0-R1,E9.5-R3,33,92063,342873,25.04547882080078,0.5426349639892578
E9.0-R1,E9.5-R3,34,92063,342873,25.876415252685547,0.5962381362915039
E9.0-R1,E9.5-R3,35,92063,342873,25.91820526123047,0.5650091171264648
E9.0-R1,E9.5-R3,36,92063,342873,25.521745681762695,0.5648250579833984
E9.0-R1,E9.5-R3,37,92063,342873,25.076820373535156,0.5451259613037109
E9.0-R1,E9.5-R3,38,92063,342873,25.685827255249023,0.5472373962402344
E9.0-R1,E9.5-R3,39,92063,342873,25.991802215576172,0.5675334930419922
E9.0-R1,E9.5-R3,40,92063,342873,24.880550384521484,0.5615024566650391
E9.0-R1,E9.5-R3,41,92063,342873,25.060344696044922,0.5626277923583984
E9.0-R1,E9.5-R3,42,92063,342873,25.864181518554688,0.5596437454223633
E9.0-R1,E9.5-R3,43,92063,342873,25.597274780273438,0.5514917373657227
E9.0-R1,E9.5-R3,44,92063,342873,24.962806701660156,0.539006233215332
E9.0-R1,E9.5-R3,45,92063,342873,24.772361755371094,0.5180568695068359
E9.0-R1,E9.5-R3,46,92063,342873,24.356037139892578,0.5173721313476562
E9.0-R1,E9.5-R3,47,92063,342873,25.440662384033203,0.5358943939208984
E9.0-R1,E9.5-R3,48,92063,342873,24.853778839111328,0.5583524703979492
E9.0-R1,E9.5-R3,49,92063,342873,25.40196990966797,0.5637092590332031
E9.0-R1,E10.0-R1,0,92063,347550,30.202007293701172,0.6990795135498047
E9.0-R1,E10.0-R1,1,92063,347550,30.626983642578125,0.7305412292480469
E9.0-R1,E10.0-R1,2,92063,347550,30.47524642944336,0.7074651718139648
E9.0-R1,E10.0-R1,3,92063,347550,30.10030746459961,0.7425670623779297
E9.0-R1,E10.0-R1,4,92063,347550,30.361141204833984,0.6996421813964844
E9.0-R1,E10.0-R1,5,92063,347550,30.48596954345703,0.7000837326049805
E9.0-R1,E10.0-R1,6,92063,347550,29.87451934814453,0.7322998046875
E9.0-R1,E10.0-R1,7,92063,347550,29.01772689819336,0.6655969619750977
E9.0-R1,E10.0-R1,8,92063,347550,30.345863342285156,0.7318277359008789
E9.0-R1,E10.0-R1,9,92063,347550,29.944774627685547,0.7149066925048828
E9.0-R1,E10.0-R1,10,92063,347550,29.61959457397461,0.6658391952514648
E9.0-R1,E10.0-R1,11,92063,347550,29.486534118652344,0.6666364669799805
E9.0-R1,E10.0-R1,12,92063,347550,31.21815299987793,0.7578353881835938
E9.0-R1,E10.0-R1,13,92063,347550,30.506996154785156,0.7082939147949219
E9.0-R1,E10.0-R1,14,92063,347550,30.56981086730957,0.7367334365844727
E9.0-R1,E10.0-R1,15,92063,347550,30.908466339111328,0.7103986740112305
E9.0-R1,E10.0-R1,16,92063,347550,30.439865112304688,0.7278251647949219
E9.0-R1,E10.0-R1,17,92063,347550,31.030025482177734,0.7120580673217773
E9.0-R1,E10.0-R1,18,92063,347550,29.893259048461914,0.7102785110473633
E9.0-R1,E10.0-R1,19,92063,347550,29.633834838867188,0.6865425109863281
E9.0-R1,E10.0-R1,20,92063,347550,30.8404483795166,0.7485637664794922
E9.0-R1,E10.0-R1,21,92063,347550,29.648944854736328,0.6497631072998047
E9.0-R1,E10.0-R1,22,92063,347550,30.770523071289062,0.7246532440185547
E9.0-R1,E10.0-R1,23,92063,347550,29.3980712890625,0.7092666625976562
E9.0-R1,E10.0-R1,24,92063,347550,30.493850708007812,0.7446317672729492
E9.0-R1,E10.0-R1,25,92063,347550,30.345726013183594,0.7287254333496094
E9.0-R1,E10.0-R1,26,92063,347550,30.85108757019043,0.7558174133300781
E9.0-R1,E10.0-R1,27,92063,347550,30.267507553100586,0.6718616485595703
E9.0-R1,E10.0-R1,28,92063,347550,30.454429626464844,0.7276678085327148
E9.0-R1,E10.0-R1,29,92063,347550,30.348453521728516,0.7336750030517578
E9.0-R1,E10.0-R1,30,92063,347550,29.906675338745117,0.6899490356445312
E9.0-R1,E10.0-R1,31,92063,347550,29.75562286376953,0.6782846450805664
E9.0-R1,E10.0-R1,32,92063,347550,31.24111557006836,0.7871170043945312
E9.0-R1,E10.0-R1,33,92063,347550,29.791053771972656,0.7114973068237305
E9.0-R1,E10.0-R1,34,92063,347550,30.699798583984375,0.6764926910400391
E9.0-R1,E10.0-R1,35,92063,347550,29.804134368896484,0.7215805053710938
E9.0-R1,E10.0-R1,36,92063,347550,29.866313934326172,0.7259798049926758
E9.0-R1,E10.0-R1,37,92063,347550,30.737098693847656,0.7136297225952148
E9.0-R1,E10.0-R1,38,92063,347550,30.525619506835938,0.7206659317016602
E9.0-R1,E10.0-R1,39,92063,347550,30.227676391601562,0.7198314666748047
E9.0-R1,E10.0-R1,40,92063,347550,31.165969848632812,0.758697509765625
E9.0-R1,E10.0-R1,41,92063,347550,30.03765296936035,0.6864948272705078
E9.0-R1,E10.0-R1,42,92063,347550,28.96026611328125,0.6764507293701172
E9.0-R1,E10.0-R1,43,92063,347550,30.162687301635742,0.7177400588989258
E9.0-R1,E10.0-R1,44,92063,347550,31.286273956298828,0.7534704208374023
E9.0-R1,E10.0-R1,45,92063,347550,29.442949295043945,0.7046289443969727
E9.0-R1,E10.0-R1,46,92063,347550,30.455183029174805,0.7212085723876953
E9.0-R1,E10.0-R1,47,92063,347550,30.680187225341797,0.721034049987793
E9.0-R1,E10.0-R1,48,92063,347550,29.938026428222656,0.7202062606811523
E9.0-R1,E10.0-R1,49,92063,347550,30.144630432128906,0.7337379455566406
E9.0-R2,E9.0-R3,0,99878,62867,17.978790283203125,0.2527427673339844
E9.0-R2,E9.0-R3,1,99878,62867,18.8278751373291,0.2704782485961914
E9.0-R2,E9.0-R3,2,99878,62867,18.79009246826172,0.26758861541748047
E9.0-R2,E9.0-R3,3,99878,62867,19.114849090576172,0.26189708709716797
E9.0-R2,E9.0-R3,4,99878,62867,19.426986694335938,0.2753486633300781
E9.0-R2,E9.0-R3,5,99878,62867,20.447675704956055,0.3063373565673828
E9.0-R2,E9.0-R3,6,99878,62867,18.80593490600586,0.2938346862792969
E9.0-R2,E9.0-R3,7,99878,62867,19.5789852142334,0.2842235565185547
E9.0-R2,E9.0-R3,8,99878,62867,19.759746551513672,0.30340576171875
E9.0-R2,E9.0-R3,9,99878,62867,18.709232330322266,0.2809600830078125
E9.0-R2,E9.0-R3,10,99878,62867,18.645160675048828,0.26036834716796875
E9.0-R2,E9.0-R3,11,99878,62867,19.256427764892578,0.2689704895019531
E9.0-R2,E9.0-R3,12,99878,62867,18.320270538330078,0.25292396545410156
E9.0-R2,E9.0-R3,13,99878,62867,19.66846466064453,0.2824373245239258
E9.0-R2,E9.0-R3,14,99878,62867,19.470619201660156,0.26706790924072266
E9.0-R2,E9.0-R3,15,99878,62867,20.378475189208984,0.3016510009765625
E9.0-R2,E9.0-R3,16,99878,62867,17.97220230102539,0.24855709075927734
E9.0-R2,E9.0-R3,17,99878,62867,19.800193786621094,0.31672000885009766
E9.0-R2,E9.0-R3,18,99878,62867,19.62433624267578,0.28661346435546875
E9.0-R2,E9.0-R3,19,99878,62867,19.619140625,0.29365062713623047
E9.0-R2,E9.0-R3,20,99878,62867,19.6466064453125,0.2789459228515625
E9.0-R2,E9.0-R3,21,99878,62867,19.62119483947754,0.27566051483154297
E9.0-R2,E9.0-R3,22,99878,62867,19.971256256103516,0.2921276092529297
E9.0-R2,E9.0-R3,23,99878,62867,19.410057067871094,0.3016366958618164
E9.0-R2,E9.0-R3,24,99878,62867,19.329498291015625,0.29732513427734375
E9.0-R2,E9.0-R3,25,99878,62867,19.229915618896484,0.27384376525878906
E9.0-R2,E9.0-R3,26,99878,62867,19.50186538696289,0.2681312561035156
E9.0-R2,E9.0-R3,27,99878,62867,18.685802459716797,0.27335548400878906
E9.0-R2,E9.0-R3,28,99878,62867,19.587249755859375,0.26404380798339844
E9.0-R2,E9.0-R3,29,99878,62867,20.111135482788086,0.2589693069458008
E9.0-R2,E9.0-R3,30,99878,62867,19.28424072265625,0.2666597366333008
E9.0-R2,E9.0-R3,31,99878,62867,19.89028549194336,0.30211925506591797
E9.0-R2,E9.0-R3,32,99878,62867,19.543087005615234,0.27031803131103516
E9.0-R2,E9.0-R3,33,99878,62867,18.591800689697266,0.2631988525390625
E9.0-R2,E9.0-R3,34,99878,62867,18.398448944091797,0.2837696075439453
E9.0-R2,E9.0-R3,35,99878,62867,19.196491241455078,0.29611873626708984
E9.0-R2,E9.0-R3,36,99878,62867,18.694652557373047,0.25905418395996094
E9.0-R2,E9.0-R3,37,99878,62867,19.28012466430664,0.25616455078125
E9.0-R2,E9.0-R3,38,99878,62867,19.485260009765625,0.2696800231933594
E9.0-R2,E9.0-R3,39,99878,62867,19.487581253051758,0.2798185348510742
E9.0-R2,E9.0-R3,40,99878,62867,18.420818328857422,0.23731327056884766
E9.0-R2,E9.0-R3,41,99878,62867,18.658742904663086,0.25450706481933594
E9.0-R2,E9.0-R3,42,99878,62867,19.030179977416992,0.2682046890258789
E9.0-R2,E9.0-R3,43,99878,62867,19.296329498291016,0.26766490936279297
E9.0-R2,E9.0-R3,44,99878,62867,19.67116928100586,0.2799701690673828
E9.0-R2,E9.0-R3,45,99878,62867,19.673614501953125,0.28081607818603516
E9.0-R2,E9.0-R3,46,99878,62867,19.72527313232422,0.2588644027709961
E9.0-R2,E9.0-R3,47,99878,62867,19.830486297607422,0.30714893341064453
E9.0-R2,E9.0-R3,48,99878,62867,19.21929168701172,0.2965078353881836
E9.0-R2,E9.0-R3,49,99878,62867,19.724952697753906,0.2847013473510742
E9.0-R2,E9.5-R1,0,99878,383453,24.726802825927734,0.5676546096801758
E9.0-R2,E9.5-R1,1,99878,383453,24.47483253479004,0.5882129669189453
E9.0-R2,E9.5-R1,2,99878,383453,24.803138732910156,0.5974302291870117
E9.0-R2,E9.5-R1,3,99878,383453,24.5526065826416,0.5684061050415039
E9.0-R2,E9.5-R1,4,99878,383453,25.56552505493164,0.5690584182739258
E9.0-R2,E9.5-R1,5,99878,383453,24.832956314086914,0.5853605270385742
E9.0-R2,E9.5-R1,6,99878,383453,24.495973587036133,0.5914878845214844
E9.0-R2,E9.5-R1,7,99878,383453,24.541465759277344,0.5740680694580078
E9.0-R2,E9.5-R1,8,99878,383453,24.62472152709961,0.6042890548706055
E9.0-R2,E9.5-R1,9,99878,383453,25.08734703063965,0.6348848342895508
E9.0-R2,E9.5-R1,10,99878,383453,24.59649658203125,0.598729133605957
E9.0-R2,E9.5-R1,11,99878,383453,25.77412986755371,0.6006917953491211
E9.0-R2,E9.5-R1,12,99878,383453,24.828386306762695,0.5837020874023438
E9.0-R2,E9.5-R1,13,99878,383453,24.65386962890625,0.6055011749267578
E9.0-R2,E9.5-R1,14,99878,383453,25.03921127319336,0.5838556289672852
E9.0-R2,E9.5-R1,15,99878,383453,23.589515686035156,0.566340446472168
E9.0-R2,E9.5-R1,16,99878,383453,25.213876724243164,0.6266593933105469
E9.0-R2,E9.5-R1,17,99878,383453,25.313045501708984,0.6183156967163086
E9.0-R2,E9.5-R1,18,99878,383453,24.661579132080078,0.5956783294677734
E9.0-R2,E9.5-R1,19,99878,383453,25.368858337402344,0.593836784362793
E9.0-R2,E9.5-R1,20,99878,383453,24.8608455657959,0.6018562316894531
E9.0-R2,E9.5-R1,21,99878,383453,25.22481346130371,0.6045913696289062
E9.0-R2,E9.5-R1,22,99878,383453,24.633163452148438,0.5777187347412109
E9.0-R2,E9.5-R1,23,99878,383453,25.071842193603516,0.5773124694824219
E9.0-R2,E9.5-R1,24,99878,383453,24.906810760498047,0.5908422470092773
E9.0-R2,E9.5-R1,25,99878,383453,24.896991729736328,0.5757608413696289
E9.0-R2,E9.5-R1,26,99878,383453,24.683143615722656,0.572697639465332
E9.0-R2,E9.5-R1,27,99878,383453,24.71651840209961,0.5937538146972656
E9.0-R2,E9.5-R1,28,99878,383453,24.964344024658203,0.5821971893310547
E9.0-R2,E9.5-R1,29,99878,383453,25.40961456298828,0.6015052795410156
E9.0-R2,E9.5-R1,30,99878,383453,24.579574584960938,0.5788326263427734
E9.0-R2,E9.5-R1,31,99878,383453,24.168514251708984,0.5836200714111328
E9.0-R2,E9.5-R1,32,99878,383453,24.405744552612305,0.5758810043334961
E9.0-R2,E9.5-R1,33,99878,383453,24.744380950927734,0.5922393798828125
E9.0-R2,E9.5-R1,34,99878,383453,24.858213424682617,0.6069488525390625
E9.0-R2,E9.5-R1,35,99878,383453,24.149124145507812,0.5941362380981445
E9.0-R2,E9.5-R1,36,99878,383453,25.70983123779297,0.5704078674316406
E9.0-R2,E9.5-R1,37,99878,383453,25.62563705444336,0.5925168991088867
E9.0-R2,E9.5-R1,38,99878,383453,25.90387725830078,0.5810117721557617
E9.0-R2,E9.5-R1,39,99878,383453,25.06607437133789,0.5910978317260742
E9.0-R2,E9.5-R1,40,99878,383453,24.669322967529297,0.5958690643310547
E9.0-R2,E9.5-R1,41,99878,383453,24.52484893798828,0.600520133972168
E9.0-R2,E9.5-R1,42,99878,383453,24.591947555541992,0.5779657363891602
E9.0-R2,E9.5-R1,43,99878,383453,25.07204818725586,0.5881567001342773
E9.0-R2,E9.5-R1,44,99878,383453,25.62738609313965,0.6252822875976562
E9.0-R2,E9.5-R1,45,99878,383453,24.992053985595703,0.579279899597168
E9.0-R2,E9.5-R1,46,99878,383453,24.400863647460938,0.584904670715332
E9.0-R2,E9.5-R1,47,99878,383453,24.562040328979492,0.5748729705810547
E9.0-R2,E9.5-R1,48,99878,383453,25.29102325439453,0.6120109558105469
E9.0-R2,E9.5-R1,49,99878,383453,25.49062156677246,0.6042823791503906
E9.0-R2,E9.5-R2,0,99878,350716,24.510684967041016,0.3714122772216797
E9.0-R2,E9.5-R2,1,99878,350716,23.6673583984375,0.36504554748535156
E9.0-R2,E9.5-R2,2,99878,350716,24.471220016479492,0.3945608139038086
E9.0-R2,E9.5-R2,3,99878,350716,23.469097137451172,0.369659423828125
E9.0-R2,E9.5-R2,4,99878,350716,23.630178451538086,0.367156982421875
E9.0-R2,E9.5-R2,5,99878,350716,24.283218383789062,0.3787851333618164
E9.0-R2,E9.5-R2,6,99878,350716,24.42983627319336,0.3876628875732422
E9.0-R2,E9.5-R2,7,99878,350716,23.678207397460938,0.3711099624633789
E9.0-R2,E9.5-R2,8,99878,350716,23.98876190185547,0.38469505310058594
E9.0-R2,E9.5-R2,9,99878,350716,23.65794563293457,0.3775920867919922
E9.0-R2,E9.5-R2,10,99878,350716,23.65341567993164,0.3980293273925781
E9.0-R2,E9.5-R2,11,99878,350716,23.683914184570312,0.37601184844970703
E9.0-R2,E9.5-R2,12,99878,350716,23.52808952331543,0.3792400360107422
E9.0-R2,E9.5-R2,13,99878,350716,25.173383712768555,0.3863353729248047
E9.0-R2,E9.5-R2,14,99878,350716,24.171180725097656,0.3956108093261719
E9.0-R2,E9.5-R2,15,99878,350716,24.263141632080078,0.39028263092041016
E9.0-R2,E9.5-R2,16,99878,350716,23.61441993713379,0.39841270446777344
E9.0-R2,E9.5-R2,17,99878,350716,23.518901824951172,0.3516054153442383
E9.0-R2,E9.5-R2,18,99878,350716,24.00491714477539,0.35384654998779297
E9.0-R2,E9.5-R2,19,99878,350716,24.605690002441406,0.3986644744873047
E9.0-R2,E9.5-R2,20,99878,350716,24.339824676513672,0.37338829040527344
E9.0-R2,E9.5-R2,21,99878,350716,23.69795799255371,0.36418628692626953
E9.0-R2,E9.5-R2,22,99878,350716,23.892986297607422,0.36571407318115234
E9.0-R2,E9.5-R2,23,99878,350716,24.207759857177734,0.3920135498046875
E9.0-R2,E9.5-R2,24,99878,350716,23.889759063720703,0.3772125244140625
E9.0-R2,E9.5-R2,25,99878,350716,23.159584045410156,0.3659791946411133
E9.0-R2,E9.5-R2,26,99878,350716,23.751968383789062,0.3741645812988281
E9.0-R2,E9.5-R2,27,99878,350716,23.150203704833984,0.35346031188964844
E9.0-R2,E9.5-R2,28,99878,350716,24.289756774902344,0.3666200637817383
E9.0-R2,E9.5-R2,29,99878,350716,23.920921325683594,0.38107967376708984
E9.0-R2,E9.5-R2,30,99878,350716,24.495010375976562,0.3808631896972656
E9.0-R2,E9.5-R2,31,99878,350716,23.754487991333008,0.3775815963745117
E9.0-R2,E9.5-R2,32,99878,350716,24.456295013427734,0.3716249465942383
E9.0-R2,E9.5-R2,33,99878,350716,24.201866149902344,0.37381553649902344
E9.0-R2,E9.5-R2,34,99878,350716,23.345966339111328,0.3875732421875
E9.0-R2,E9.5-R2,35,99878,350716,24.414775848388672,0.37320709228515625
E9.0-R2,E9.5-R2,36,99878,350716,23.92996597290039,0.3784933090209961
E9.0-R2,E9.5-R2,37,99878,350716,24.41714859008789,0.35874366760253906
E9.0-R2,E9.5-R2,38,99878,350716,24.249252319335938,0.3741483688354492
E9.0-R2,E9.5-R2,39,99878,350716,24.026447296142578,0.3382854461669922
E9.0-R2,E9.5-R2,40,99878,350716,24.045230865478516,0.36258697509765625
E9.0-R2,E9.5-R2,41,99878,350716,23.81938934326172,0.38106632232666016
E9.0-R2,E9.5-R2,42,99878,350716,24.65404510498047,0.40180110931396484
E9.0-R2,E9.5-R2,43,99878,350716,23.53055763244629,0.37712669372558594
E9.0-R2,E9.5-R2,44,99878,350716,24.618450164794922,0.3854951858520508
E9.0-R2,E9.5-R2,45,99878,350716,23.884815216064453,0.3753976821899414
E9.0-R2,E9.5-R2,46,99878,350716,23.995460510253906,0.38094520568847656
E9.0-R2,E9.5-R2,47,99878,350716,24.579912185668945,0.39848899841308594
E9.0-R2,E9.5-R2,48,99878,350716,24.216829299926758,0.39345359802246094
E9.0-R2,E9.5-R2,49,99878,350716,24.358028411865234,0.38331031799316406
E9.0-R2,E9.5-R3,0,99878,342873,22.46446990966797,0.451080322265625
E9.0-R2,E9.5-R3,1,99878,342873,23.751304626464844,0.45873260498046875
E9.0-R2,E9.5-R3,2,99878,342873,23.434314727783203,0.45795536041259766
E9.0-R2,E9.5-R3,3,99878,342873,23.279144287109375,0.4512910842895508
E9.0-R2,E9.5-R3,4,99878,342873,22.96122932434082,0.4740781784057617
E9.0-R2,E9.5-R3,5,99878,342873,22.07599639892578,0.45048999786376953
E9.0-R2,E9.5-R3,6,99878,342873,22.95842742919922,0.46237850189208984
E9.0-R2,E9.5-R3,7,99878,342873,23.78343963623047,0.4524412155151367
E9.0-R2,E9.5-R3,8,99878,342873,22.958772659301758,0.46968555450439453
E9.0-R2,E9.5-R3,9,99878,342873,22.648101806640625,0.48000144958496094
E9.0-R2,E9.5-R3,10,99878,342873,22.921550750732422,0.46164989471435547
E9.0-R2,E9.5-R3,11,99878,342873,24.105369567871094,0.4633493423461914
E9.0-R2,E9.5-R3,12,99878,342873,23.07886505126953,0.4645519256591797
E9.0-R2,E9.5-R3,13,99878,342873,22.715700149536133,0.4487266540527344
E9.0-R2,E9.5-R3,14,99878,342873,23.344234466552734,0.4726839065551758
E9.0-R2,E9.5-R3,15,99878,342873,23.19500732421875,0.46393299102783203
E9.0-R2,E9.5-R3,16,99878,342873,24.14956283569336,0.4735383987426758
E9.0-R2,E9.5-R3,17,99878,342873,22.854633331298828,0.45326995849609375
E9.0-R2,E9.5-R3,18,99878,342873,24.367111206054688,0.4736318588256836
E9.0-R2,E9.5-R3,19,99878,342873,22.931655883789062,0.45229244232177734
E9.0-R2,E9.5-R3,20,99878,342873,23.38675308227539,0.47315311431884766
E9.0-R2,E9.5-R3,21,99878,342873,22.603946685791016,0.46295738220214844
E9.0-R2,E9.5-R3,22,99878,342873,23.235193252563477,0.4646282196044922
E9.0-R2,E9.5-R3,23,99878,342873,23.925621032714844,0.4866056442260742
E9.0-R2,E9.5-R3,24,99878,342873,23.12579345703125,0.4559345245361328
E9.0-R2,E9.5-R3,25,99878,342873,22.6549072265625,0.43950462341308594
E9.0-R2,E9.5-R3,26,99878,342873,22.551753997802734,0.4640960693359375
E9.0-R2,E9.5-R3,27,99878,342873,22.692337036132812,0.4355897903442383
E9.0-R2,E9.5-R3,28,99878,342873,23.215221405029297,0.4616575241088867
E9.0-R2,E9.5-R3,29,99878,342873,22.304340362548828,0.4306478500366211
E9.0-R2,E9.5-R3,30,99878,342873,23.332914352416992,0.47212791442871094
E9.0-R2,E9.5-R3,31,99878,342873,23.56644058227539,0.46586036682128906
E9.0-R2,E9.5-R3,32,99878,342873,22.005184173583984,0.4521160125732422
E9.0-R2,E9.5-R3,33,99878,342873,23.36465072631836,0.4647254943847656
E9.0-R2,E9.5-R3,34,99878,342873,23.269412994384766,0.4713563919067383
E9.0-R2,E9.5-R3,35,99878,342873,23.136913299560547,0.4546518325805664
E9.0-R2,E9.5-R3,36,99878,342873,23.114171981811523,0.47450828552246094
E9.0-R2,E9.5-R3,37,99878,342873,23.599225997924805,0.4573240280151367
E9.0-R2,E9.5-R3,38,99878,342873,22.586448669433594,0.4489898681640625
E9.0-R2,E9.5-R3,39,99878,342873,22.580345153808594,0.4730987548828125
E9.0-R2,E9.5-R3,40,99878,342873,23.004627227783203,0.4490022659301758
E9.0-R2,E9.5-R3,41,99878,342873,22.970550537109375,0.4605140686035156
E9.0-R2,E9.5-R3,42,99878,342873,23.671497344970703,0.48099422454833984
E9.0-R2,E9.5-R3,43,99878,342873,22.976856231689453,0.46102046966552734
E9.0-R2,E9.5-R3,44,99878,342873,23.741748809814453,0.4795055389404297
E9.0-R2,E9.5-R3,45,99878,342873,22.634876251220703,0.4725522994995117
E9.0-R2,E9.5-R3,46,99878,342873,22.715524673461914,0.44996070861816406
E9.0-R2,E9.5-R3,47,99878,342873,22.524356842041016,0.4611320495605469
E9.0-R2,E9.5-R3,48,99878,342873,22.772531509399414,0.4731025695800781
E9.0-R2,E9.5-R3,49,99878,342873,23.14737319946289,0.46091651916503906
E9.0-R2,E10.0-R1,0,99878,347550,27.38397979736328,0.4841337203979492
E9.0-R2,E10.0-R1,1,99878,347550,27.248451232910156,0.5176401138305664
E9.0-R2,E10.0-R1,2,99878,347550,26.805316925048828,0.484283447265625
E9.0-R2,E10.0-R1,3,99878,347550,27.06586456298828,0.47535228729248047
E9.0-R2,E10.0-R1,4,99878,347550,26.264755249023438,0.467498779296875
E9.0-R2,E10.0-R1,5,99878,347550,27.502229690551758,0.4794149398803711
E9.0-R2,E10.0-R1,6,99878,347550,26.693025588989258,0.5115509033203125
E9.0-R2,E10.0-R1,7,99878,347550,26.54184341430664,0.46099090576171875
E9.0-R2,E10.0-R1,8,99878,347550,26.929546356201172,0.5058622360229492
E9.0-R2,E10.0-R1,9,99878,347550,26.40882110595703,0.47293663024902344
E9.0-R2,E10.0-R1,10,99878,347550,26.40079116821289,0.4729890823364258
E9.0-R2,E10.0-R1,11,99878,347550,27.231945037841797,0.512547492980957
E9.0-R2,E10.0-R1,12,99878,347550,26.61003303527832,0.47873973846435547
E9.0-R2,E10.0-R1,13,99878,347550,26.991321563720703,0.4868755340576172
E9.0-R2,E10.0-R1,14,99878,347550,26.823007583618164,0.4987764358520508
E9.0-R2,E10.0-R1,15,99878,347550,26.90841293334961,0.48073768615722656
E9.0-R2,E10.0-R1,16,99878,347550,27.487884521484375,0.49753475189208984
E9.0-R2,E10.0-R1,17,99878,347550,27.138385772705078,0.504241943359375
E9.0-R2,E10.0-R1,18,99878,347550,27.22811508178711,0.5070457458496094
E9.0-R2,E10.0-R1,19,99878,347550,26.910690307617188,0.47928428649902344
E9.0-R2,E10.0-R1,20,99878,347550,27.439533233642578,0.49950218200683594
E9.0-R2,E10.0-R1,21,99878,347550,26.968578338623047,0.46089839935302734
E9.0-R2,E10.0-R1,22,99878,347550,26.95394515991211,0.46949195861816406
E9.0-R2,E10.0-R1,23,99878,347550,27.465805053710938,0.509425163269043
E9.0-R2,E10.0-R1,24,99878,347550,27.157459259033203,0.49265384674072266
E9.0-R2,E10.0-R1,25,99878,347550,26.808937072753906,0.5074186325073242
E9.0-R2,E10.0-R1,26,99878,347550,26.54189109802246,0.4625539779663086
E9.0-R2,E10.0-R1,27,99878,347550,27.782058715820312,0.49033164978027344
E9.0-R2,E10.0-R1,28,99878,347550,27.027978897094727,0.4902191162109375
E9.0-R2,E10.0-R1,29,99878,347550,26.260452270507812,0.49007701873779297
E9.0-R2,E10.0-R1,30,99878,347550,26.562328338623047,0.4758567810058594
E9.0-R2,E10.0-R1,31,99878,347550,27.85161590576172,0.4860820770263672
E9.0-R2,E10.0-R1,32,99878,347550,27.366016387939453,0.49472904205322266
E9.0-R2,E10.0-R1,33,99878,347550,27.267822265625,0.4982004165649414
E9.0-R2,E10.0-R1,34,99878,347550,26.912250518798828,0.48151302337646484
E9.0-R2,E10.0-R1,35,99878,347550,26.278488159179688,0.5077199935913086
E9.0-R2,E10.0-R1,36,99878,347550,27.0740966796875,0.5015077590942383
E9.0-R2,E10.0-R1,37,99878,347550,27.06835174560547,0.49366283416748047
E9.0-R2,E10.0-R1,38,99878,347550,26.795196533203125,0.48508548736572266
E9.0-R2,E10.0-R1,39,99878,347550,27.31903648376465,0.5008831024169922
E9.0-R2,E10.0-R1,40,99878,347550,26.940101623535156,0.5161504745483398
E9.0-R2,E10.0-R1,41,99878,347550,27.645587921142578,0.4973602294921875
E9.0-R2,E10.0-R1,42,99878,347550,27.082387924194336,0.49827098846435547
E9.0-R2,E10.0-R1,43,99878,347550,26.087310791015625,0.4996938705444336
E9.0-R2,E10.0-R1,44,99878,347550,26.420665740966797,0.4847860336303711
E9.0-R2,E10.0-R1,45,99878,347550,26.66098403930664,0.46911048889160156
E9.0-R2,E10.0-R1,46,99878,347550,26.28799819946289,0.48780345916748047
E9.0-R2,E10.0-R1,47,99878,347550,26.666597366333008,0.4792900085449219
E9.0-R2,E10.0-R1,48,99878,347550,26.4467716217041,0.48862266540527344
E9.0-R2,E10.0-R1,49,99878,347550,26.962406158447266,0.5195283889770508
E9.0-R3,E9.5-R1,0,62867,383453,30.584842681884766,0.78076171875
E9.0-R3,E9.5-R1,1,62867,383453,30.218788146972656,0.7656993865966797
E9.0-R3,E9.5-R1,2,62867,383453,29.631664276123047,0.7502079010009766
E9.0-R3,E9.5-R1,3,62867,383453,30.407773971557617,0.7864599227905273
E9.0-R3,E9.5-R1,4,62867,383453,29.593345642089844,0.7707662582397461
E9.0-R3,E9.5-R1,5,62867,383453,29.841079711914062,0.7235174179077148
E9.0-R3,E9.5-R1,6,62867,383453,29.800533294677734,0.80316162109375
E9.0-R3,E9.5-R1,7,62867,383453,29.464405059814453,0.7841615676879883
E9.0-R3,E9.5-R1,8,62867,383453,29.441482543945312,0.7513408660888672
E9.0-R3,E9.5-R1,9,62867,383453,29.74334716796875,0.7888107299804688
E9.0-R3,E9.5-R1,10,62867,383453,30.41730499267578,0.7881879806518555
E9.0-R3,E9.5-R1,11,62867,383453,30.657203674316406,0.7620563507080078
E9.0-R3,E9.5-R1,12,62867,383453,29.998889923095703,0.7695932388305664
E9.0-R3,E9.5-R1,13,62867,383453,29.174842834472656,0.7820062637329102
E9.0-R3,E9.5-R1,14,62867,383453,30.945232391357422,0.7661991119384766
E9.0-R3,E9.5-R1,15,62867,383453,30.144737243652344,0.7461156845092773
E9.0-R3,E9.5-R1,16,62867,383453,30.337032318115234,0.7870197296142578
E9.0-R3,E9.5-R1,17,62867,383453,29.17047119140625,0.7619047164916992
E9.0-R3,E9.5-R1,18,62867,383453,29.327245712280273,0.7821636199951172
E9.0-R3,E9.5-R1,19,62867,383453,30.716259002685547,0.7732505798339844
E9.0-R3,E9.5-R1,20,62867,383453,30.217844009399414,0.7705888748168945
E9.0-R3,E9.5-R1,21,62867,383453,30.397600173950195,0.7896451950073242
E9.0-R3,E9.5-R1,22,62867,383453,30.30178451538086,0.7818002700805664
E9.0-R3,E9.5-R1,23,62867,383453,30.456506729125977,0.7944307327270508
E9.0-R3,E9.5-R1,24,62867,383453,31.0994815826416,0.792327880859375
E9.0-R3,E9.5-R1,25,62867,383453,30.04311180114746,0.7691230773925781
E9.0-R3,E9.5-R1,26,62867,383453,29.384788513183594,0.7841701507568359
E9.0-R3,E9.5-R1,27,62867,383453,29.32925796508789,0.7597465515136719
E9.0-R3,E9.5-R1,28,62867,383453,30.63971710205078,0.7953739166259766
E9.0-R3,E9.5-R1,29,62867,383453,30.63131332397461,0.8102607727050781
E9.0-R3,E9.5-R1,30,62867,383453,29.14877700805664,0.7596702575683594
E9.0-R3,E9.5-R1,31,62867,383453,29.495746612548828,0.7789707183837891
E9.0-R3,E9.5-R1,32,62867,383453,30.509963989257812,0.7896881103515625
E9.0-R3,E9.5-R1,33,62867,383453,30.427865982055664,0.7797708511352539
E9.0-R3,E9.5-R1,34,62867,383453,29.55669403076172,0.7610416412353516
E9.0-R3,E9.5-R1,35,62867,383453,29.566164016723633,0.7865028381347656
E9.0-R3,E9.5-R1,36,62867,383453,30.034738540649414,0.7825918197631836
E9.0-R3,E9.5-R1,37,62867,383453,29.52838134765625,0.7541446685791016
E9.0-R3,E9.5-R1,38,62867,383453,31.255115509033203,0.7950563430786133
E9.0-R3,E9.5-R1,39,62867,383453,28.647754669189453,0.7616510391235352
E9.0-R3,E9.5-R1,40,62867,383453,30.336448669433594,0.7899751663208008
E9.0-R3,E9.5-R1,41,62867,383453,31.081626892089844,0.7793912887573242
E9.0-R3,E9.5-R1,42,62867,383453,29.42122459411621,0.791722297668457
E9.0-R3,E9.5-R1,43,62867,383453,29.884811401367188,0.7778825759887695
E9.0-R3,E9.5-R1,44,62867,383453,29.662418365478516,0.7971630096435547
E9.0-R3,E9.5-R1,45,62867,383453,30.314151763916016,0.7677803039550781
E9.0-R3,E9.5-R1,46,62867,383453,29.893238067626953,0.7642192840576172
E9.0-R3,E9.5-R1,47,62867,383453,30.03424835205078,0.7965917587280273
E9.0-R3,E9.5-R1,48,62867,383453,29.018718719482422,0.7599735260009766
E9.0-R3,E9.5-R1,49,62867,383453,30.588703155517578,0.7975749969482422
E9.0-R3,E9.5-R2,0,62867,350716,30.068267822265625,0.6489677429199219
E9.0-R3,E9.5-R2,1,62867,350716,29.30315399169922,0.6592588424682617
E9.0-R3,E9.5-R2,2,62867,350716,28.663679122924805,0.6042976379394531
E9.0-R3,E9.5-R2,3,62867,350716,28.850969314575195,0.6423044204711914
E9.0-R3,E9.5-R2,4,62867,350716,29.599449157714844,0.6259078979492188
E9.0-R3,E9.5-R2,5,62867,350716,29.249404907226562,0.6143770217895508
E9.0-R3,E9.5-R2,6,62867,350716,29.586963653564453,0.6230239868164062
E9.0-R3,E9.5-R2,7,62867,350716,29.19032096862793,0.6236457824707031
E9.0-R3,E9.5-R2,8,62867,350716,29.58999252319336,0.6447582244873047
E9.0-R3,E9.5-R2,9,62867,350716,28.689983367919922,0.646510124206543
E9.0-R3,E9.5-R2,10,62867,350716,28.84125518798828,0.6200723648071289
E9.0-R3,E9.5-R2,11,62867,350716,30.31043243408203,0.6410026550292969
E9.0-R3,E9.5-R2,12,62867,350716,29.371551513671875,0.6252670288085938
E9.0-R3,E9.5-R2,13,62867,350716,29.31296157836914,0.6269054412841797
E9.0-R3,E9.5-R2,14,62867,350716,28.97286605834961,0.6283206939697266
E9.0-R3,E9.5-R2,15,62867,350716,29.414051055908203,0.6603317260742188
E9.0-R3,E9.5-R2,16,62867,350716,29.244802474975586,0.6172676086425781
E9.0-R3,E9.5-R2,17,62867,350716,28.632869720458984,0.6336479187011719
E9.0-R3,E9.5-R2,18,62867,350716,28.330772399902344,0.6022958755493164
E9.0-R3,E9.5-R2,19,62867,350716,29.124635696411133,0.5921363830566406
E9.0-R3,E9.5-R2,20,62867,350716,30.079910278320312,0.6186866760253906
E9.0-R3,E9.5-R2,21,62867,350716,29.892414093017578,0.6308822631835938
E9.0-R3,E9.5-R2,22,62867,350716,28.688121795654297,0.624354362487793
E9.0-R3,E9.5-R2,23,62867,350716,28.374404907226562,0.6295309066772461
E9.0-R3,E9.5-R2,24,62867,350716,28.44675636291504,0.6239948272705078
E9.0-R3,E9.5-R2,25,62867,350716,28.34897232055664,0.6116600036621094
E9.0-R3,E9.5-R2,26,62867,350716,28.499317169189453,0.6455450057983398
E9.0-R3,E9.5-R2,27,62867,350716,28.772459030151367,0.6561546325683594
E9.0-R3,E9.5-R2,28,62867,350716,29.209184646606445,0.6339054107666016
E9.0-R3,E9.5-R2,29,62867,350716,29.24152374267578,0.6284160614013672
E9.0-R3,E9.5-R2,30,62867,350716,29.565196990966797,0.6324491500854492
E9.0-R3,E9.5-R2,31,62867,350716,30.096147537231445,0.6374273300170898
E9.0-R3,E9.5-R2,32,62867,350716,28.983787536621094,0.6193981170654297
E9.0-R3,E9.5-R2,33,62867,350716,29.562335968017578,0.6425313949584961
E9.0-R3,E9.5-R2,34,62867,350716,29.297636032104492,0.6463527679443359
E9.0-R3,E9.5-R2,35,62867,350716,29.084867477416992,0.6379280090332031
E9.0-R3,E9.5-R2,36,62867,350716,29.502046585083008,0.6301250457763672
E9.0-R3,E9.5-R2,37,62867,350716,29.65273094177246,0.6520013809204102
E9.0-R3,E9.5-R2,38,62867,350716,30.027559280395508,0.6738166809082031
E9.0-R3,E9.5-R2,39,62867,350716,29.802501678466797,0.635284423828125
E9.0-R3,E9.5-R2,40,62867,350716,29.352035522460938,0.6349277496337891
E9.0-R3,E9.5-R2,41,62867,350716,29.81362533569336,0.6372957229614258
E9.0-R3,E9.5-R2,42,62867,350716,28.661197662353516,0.6408920288085938
E9.0-R3,E9.5-R2,43,62867,350716,28.936565399169922,0.641697883605957
E9.0-R3,E9.5-R2,44,62867,350716,29.587318420410156,0.6561088562011719
E9.0-R3,E9.5-R2,45,62867,350716,29.313709259033203,0.6274852752685547
E9.0-R3,E9.5-R2,46,62867,350716,30.271360397338867,0.6694450378417969
E9.0-R3,E9.5-R2,47,62867,350716,28.8392333984375,0.6356105804443359
E9.0-R3,E9.5-R2,48,62867,350716,28.990886688232422,0.6426019668579102
E9.0-R3,E9.5-R2,49,62867,350716,28.741403579711914,0.6415767669677734
E9.0-R3,E9.5-R3,0,62867,342873,29.272480010986328,0.7145233154296875
E9.0-R3,E9.5-R3,1,62867,342873,30.246431350708008,0.7745723724365234
E9.0-R3,E9.5-R3,2,62867,342873,29.50506019592285,0.7604341506958008
E9.0-R3,E9.5-R3,3,62867,342873,29.068523406982422,0.7254400253295898
E9.0-R3,E9.5-R3,4,62867,342873,29.854677200317383,0.7265663146972656
E9.0-R3,E9.5-R3,5,62867,342873,30.470821380615234,0.7435922622680664
E9.0-R3,E9.5-R3,6,62867,342873,28.632762908935547,0.7059478759765625
E9.0-R3,E9.5-R3,7,62867,342873,29.215795516967773,0.7540950775146484
E9.0-R3,E9.5-R3,8,62867,342873,27.725597381591797,0.7009439468383789
E9.0-R3,E9.5-R3,9,62867,342873,29.896249771118164,0.7360391616821289
E9.0-R3,E9.5-R3,10,62867,342873,28.776891708374023,0.730494499206543
E9.0-R3,E9.5-R3,11,62867,342873,29.072053909301758,0.7836055755615234
E9.0-R3,E9.5-R3,12,62867,342873,29.072956085205078,0.7447757720947266
E9.0-R3,E9.5-R3,13,62867,342873,29.645160675048828,0.7282962799072266
E9.0-R3,E9.5-R3,14,62867,342873,29.408403396606445,0.7087459564208984
E9.0-R3,E9.5-R3,15,62867,342873,29.162263870239258,0.7567119598388672
E9.0-R3,E9.5-R3,16,62867,342873,27.806968688964844,0.7204828262329102
E9.0-R3,E9.5-R3,17,62867,342873,29.40264892578125,0.7028560638427734
E9.0-R3,E9.5-R3,18,62867,342873,28.641883850097656,0.6922416687011719
E9.0-R3,E9.5-R3,19,62867,342873,29.439682006835938,0.697382926940918
E9.0-R3,E9.5-R3,20,62867,342873,29.031509399414062,0.7221975326538086
E9.0-R3,E9.5-R3,21,62867,342873,28.931026458740234,0.7459344863891602
E9.0-R3,E9.5-R3,22,62867,342873,29.413089752197266,0.7333278656005859
E9.0-R3,E9.5-R3,23,62867,342873,29.704788208007812,0.7497024536132812
E9.0-R3,E9.5-R3,24,62867,342873,29.518184661865234,0.7492799758911133
E9.0-R3,E9.5-R3,25,62867,342873,29.77227210998535,0.7549057006835938
E9.0-R3,E9.5-R3,26,62867,342873,28.764358520507812,0.7003555297851562
E9.0-R3,E9.5-R3,27,62867,342873,30.072803497314453,0.7359018325805664
E9.0-R3,E9.5-R3,28,62867,342873,29.547264099121094,0.7368993759155273
E9.0-R3,E9.5-R3,29,62867,342873,28.390335083007812,0.721832275390625
E9.0-R3,E9.5-R3,30,62867,342873,28.710336685180664,0.7220525741577148
E9.0-R3,E9.5-R3,31,62867,342873,29.226287841796875,0.7244987487792969
E9.0-R3,E9.5-R3,32,62867,342873,28.31841278076172,0.6911849975585938
E9.0-R3,E9.5-R3,33,62867,342873,29.539485931396484,0.7265396118164062
E9.0-R3,E9.5-R3,34,62867,342873,28.672515869140625,0.7240543365478516
E9.0-R3,E9.5-R3,35,62867,342873,29.253759384155273,0.707463264465332
E9.0-R3,E9.5-R3,36,62867,342873,28.78689193725586,0.7041358947753906
E9.0-R3,E9.5-R3,37,62867,342873,28.412004470825195,0.7446956634521484
E9.0-R3,E9.5-R3,38,62867,342873,29.0734920501709,0.7199392318725586
E9.0-R3,E9.5-R3,39,62867,342873,28.747543334960938,0.7139883041381836
E9.0-R3,E9.5-R3,40,62867,342873,29.462390899658203,0.7305288314819336
E9.0-R3,E9.5-R3,41,62867,342873,29.1484375,0.718017578125
E9.0-R3,E9.5-R3,42,62867,342873,28.957164764404297,0.7289142608642578
E9.0-R3,E9.5-R3,43,62867,342873,29.62549591064453,0.7287569046020508
E9.0-R3,E9.5-R3,44,62867,342873,29.020496368408203,0.7356710433959961
E9.0-R3,E9.5-R3,45,62867,342873,29.764999389648438,0.7345752716064453
E9.0-R3,E9.5-R3,46,62867,342873,28.459026336669922,0.7004098892211914
E9.0-R3,E9.5-R3,47,62867,342873,29.443195343017578,0.7590398788452148
E9.0-R3,E9.5-R3,48,62867,342873,30.202701568603516,0.7183475494384766
E9.0-R3,E9.5-R3,49,62867,342873,28.981975555419922,0.7233190536499023
E9.0-R3,E10.0-R1,0,62867,347550,34.422828674316406,0.8764438629150391
E9.0-R3,E10.0-R1,1,62867,347550,34.074798583984375,0.9208717346191406
E9.0-R3,E10.0-R1,2,62867,347550,35.334136962890625,0.9145431518554688
E9.0-R3,E10.0-R1,3,62867,347550,34.247474670410156,0.8612823486328125
E9.0-R3,E10.0-R1,4,62867,347550,35.301025390625,0.9008092880249023
E9.0-R3,E10.0-R1,5,62867,347550,35.29119873046875,0.9359674453735352
E9.0-R3,E10.0-R1,6,62867,347550,34.14662170410156,0.9153690338134766
E9.0-R3,E10.0-R1,7,62867,347550,35.31345748901367,0.8962821960449219
E9.0-R3,E10.0-R1,8,62867,347550,34.181861877441406,0.9094839096069336
E9.0-R3,E10.0-R1,9,62867,347550,33.89540481567383,0.8984975814819336
E9.0-R3,E10.0-R1,10,62867,347550,33.78465270996094,0.9050064086914062
E9.0-R3,E10.0-R1,11,62867,347550,35.358604431152344,0.9066057205200195
E9.0-R3,E10.0-R1,12,62867,347550,35.28312683105469,0.9127655029296875
E9.0-R3,E10.0-R1,13,62867,347550,34.11138916015625,0.9183664321899414
E9.0-R3,E10.0-R1,14,62867,347550,35.42973327636719,0.9130334854125977
E9.0-R3,E10.0-R1,15,62867,347550,34.43968963623047,0.8922634124755859
E9.0-R3,E10.0-R1,16,62867,347550,35.024112701416016,0.9249200820922852
E9.0-R3,E10.0-R1,17,62867,347550,35.392822265625,0.950200080871582
E9.0-R3,E10.0-R1,18,62867,347550,34.508018493652344,0.8845109939575195
E9.0-R3,E10.0-R1,19,62867,347550,34.02863311767578,0.8657445907592773
E9.0-R3,E10.0-R1,20,62867,347550,34.65747833251953,0.881342887878418
E9.0-R3,E10.0-R1,21,62867,347550,34.35272216796875,0.9155216217041016
E9.0-R3,E10.0-R1,22,62867,347550,35.83506393432617,0.939600944519043
E9.0-R3,E10.0-R1,23,62867,347550,33.82740020751953,0.8841428756713867
E9.0-R3,E10.0-R1,24,62867,347550,34.708152770996094,0.9011936187744141
E9.0-R3,E10.0-R1,25,62867,347550,34.33259582519531,0.8965425491333008
E9.0-R3,E10.0-R1,26,62867,347550,34.32948303222656,0.8891391754150391
E9.0-R3,E10.0-R1,27,62867,347550,34.16020584106445,0.8384389877319336
E9.0-R3,E10.0-R1,28,62867,347550,34.6427116394043,0.9349279403686523
E9.0-R3,E10.0-R1,29,62867,347550,34.2899169921875,0.9447088241577148
E9.0-R3,E10.0-R1,30,62867,347550,35.60839080810547,0.9218540191650391
E9.0-R3,E10.0-R1,31,62867,347550,34.36864471435547,0.8604297637939453
E9.0-R3,E10.0-R1,32,62867,347550,35.054691314697266,0.898951530456543
E9.0-R3,E10.0-R1,33,62867,347550,34.55234909057617,0.8912210464477539
E9.0-R3,E10.0-R1,34,62867,347550,35.26933288574219,0.9131698608398438
E9.0-R3,E10.0-R1,35,62867,347550,35.446998596191406,0.8795919418334961
E9.0-R3,E10.0-R1,36,62867,347550,35.655460357666016,0.9186906814575195
E9.0-R3,E10.0-R1,37,62867,347550,35.069698333740234,0.9198293685913086
E9.0-R3,E10.0-R1,38,62867,347550,35.89868927001953,0.8666572570800781
E9.0-R3,E10.0-R1,39,62867,347550,35.04298400878906,0.9096775054931641
E9.0-R3,E10.0-R1,40,62867,347550,34.46364212036133,0.9348163604736328
E9.0-R3,E10.0-R1,41,62867,347550,34.70325469970703,0.8877048492431641
E9.0-R3,E10.0-R1,42,62867,347550,34.35968780517578,0.8984375
E9.0-R3,E10.0-R1,43,62867,347550,34.37983703613281,0.9345188140869141
E9.0-R3,E10.0-R1,44,62867,347550,34.44509506225586,0.8824167251586914
E9.0-R3,E10.0-R1,45,62867,347550,34.6480712890625,0.8932075500488281
E9.0-R3,E10.0-R1,46,62867,347550,33.97719192504883,0.8351078033447266
E9.0-R3,E10.0-R1,47,62867,347550,36.63336181640625,0.9370708465576172
E9.0-R3,E10.0-R1,48,62867,347550,34.92646408081055,0.91583251953125
E9.0-R3,E10.0-R1,49,62867,347550,34.83717346191406,0.8954896926879883
E9.5-R1,E9.5-R2,0,383453,350716,22.154388427734375,0.32383060455322266
E9.5-R1,E9.5-R2,1,383453,350716,21.594884872436523,0.33001136779785156
E9.5-R1,E9.5-R2,2,383453,350716,21.308568954467773,0.3274364471435547
E9.5-R1,E9.5-R2,3,383453,350716,21.786422729492188,0.32831478118896484
E9.5-R1,E9.5-R2,4,383453,350716,21.040721893310547,0.3265800476074219
E9.5-R1,E9.5-R2,5,383453,350716,21.635902404785156,0.32033824920654297
E9.5-R1,E9.5-R2,6,383453,350716,21.582984924316406,0.3216543197631836
E9.5-R1,E9.5-R2,7,383453,350716,21.17683982849121,0.3058595657348633
E9.5-R1,E9.5-R2,8,383453,350716,21.55913543701172,0.33997535705566406
E9.5-R1,E9.5-R2,9,383453,350716,21.472318649291992,0.31484031677246094
E9.5-R1,E9.5-R2,10,383453,350716,21.3088321685791,0.3200197219848633
E9.5-R1,E9.5-R2,11,383453,350716,21.241905212402344,0.3137626647949219
E9.5-R1,E9.5-R2,12,383453,350716,21.092397689819336,0.3126821517944336
E9.5-R1,E9.5-R2,13,383453,350716,21.229856491088867,0.31360721588134766
E9.5-R1,E9.5-R2,14,383453,350716,21.616527557373047,0.3238954544067383
E9.5-R1,E9.5-R2,15,383453,350716,20.947574615478516,0.330963134765625
E9.5-R1,E9.5-R2,16,383453,350716,21.521032333374023,0.32662010192871094
E9.5-R1,E9.5-R2,17,383453,350716,21.756389617919922,0.3203907012939453
E9.5-R1,E9.5-R2,18,383453,350716,21.433164596557617,0.3215198516845703
E9.5-R1,E9.5-R2,19,383453,350716,22.595613479614258,0.3355979919433594
E9.5-R1,E9.5-R2,20,383453,350716,21.049942016601562,0.3193016052246094
E9.5-R1,E9.5-R2,21,383453,350716,21.359458923339844,0.3180198669433594
E9.5-R1,E9.5-R2,22,383453,350716,21.422094345092773,0.3227415084838867
E9.5-R1,E9.5-R2,23,383453,350716,21.540769577026367,0.3209104537963867
E9.5-R1,E9.5-R2,24,383453,350716,21.476531982421875,0.32952117919921875
E9.5-R1,E9.5-R2,25,383453,350716,21.673986434936523,0.34536266326904297
E9.5-R1,E9.5-R2,26,383453,350716,22.1463680267334,0.30147361755371094
E9.5-R1,E9.5-R2,27,383453,350716,21.484832763671875,0.31526947021484375
E9.5-R1,E9.5-R2,28,383453,350716,21.79909896850586,0.35859203338623047
E9.5-R1,E9.5-R2,29,383453,350716,21.784812927246094,0.3279752731323242
E9.5-R1,E9.5-R2,30,383453,350716,22.065948486328125,0.3325624465942383
E9.5-R1,E9.5-R2,31,383453,350716,21.693069458007812,0.33146095275878906
E9.5-R1,E9.5-R2,32,383453,350716,21.827014923095703,0.3304433822631836
E9.5-R1,E9.5-R2,33,383453,350716,21.340763092041016,0.31357765197753906
E9.5-R1,E9.5-R2,34,383453,350716,21.104734420776367,0.31989383697509766
E9.5-R1,E9.5-R2,35,383453,350716,20.95968246459961,0.3325767517089844
E9.5-R1,E9.5-R2,36,383453,350716,21.899755477905273,0.34699344635009766
E9.5-R1,E9.5-R2,37,383453,350716,21.855363845825195,0.30351734161376953
E9.5-R1,E9.5-R2,38,383453,350716,21.45317840576172,0.3067960739135742
E9.5-R1,E9.5-R2,39,383453,350716,20.896198272705078,0.3074655532836914
E9.5-R1,E9.5-R2,40,383453,350716,21.191020965576172,0.30155181884765625
E9.5-R1,E9.5-R2,41,383453,350716,21.10948371887207,0.3335895538330078
E9.5-R1,E9.5-R2,42,383453,350716,20.789310455322266,0.3278179168701172
E9.5-R1,E9.5-R2,43,383453,350716,22.024930953979492,0.3234834671020508
E9.5-R1,E9.5-R2,44,383453,350716,21.266620635986328,0.30255889892578125
E9.5-R1,E9.5-R2,45,383453,350716,21.918437957763672,0.3158292770385742
E9.5-R1,E9.5-R2,46,383453,350716,21.446481704711914,0.3246440887451172
E9.5-R1,E9.5-R2,47,383453,350716,21.274211883544922,0.3027677536010742
E9.5-R1,E9.5-R2,48,383453,350716,21.661577224731445,0.3282909393310547
E9.5-R1,E9.5-R2,49,383453,350716,20.836200714111328,0.32210445404052734
E9.5-R1,E9.5-R3,0,383453,342873,20.382659912109375,0.3523721694946289
E9.5-R1,E9.5-R3,1,383453,342873,19.69009780883789,0.3358192443847656
E9.5-R1,E9.5-R3,2,383453,342873,20.137012481689453,0.34317779541015625
E9.5-R1,E9.5-R3,3,383453,342873,20.351871490478516,0.34529590606689453
E9.5-R1,E9.5-R3,4,383453,342873,20.4488468170166,0.33804893493652344
E9.5-R1,E9.5-R3,5,383453,342873,20.62978172302246,0.34797096252441406
E9.5-R1,E9.5-R3,6,383453,342873,20.438331604003906,0.32201385498046875
E9.5-R1,E9.5-R3,7,383453,342873,20.348058700561523,0.3412199020385742
E9.5-R1,E9.5-R3,8,383453,342873,19.89145278930664,0.3374214172363281
E9.5-R1,E9.5-R3,9,383453,342873,20.607425689697266,0.35904598236083984
E9.5-R1,E9.5-R3,10,383453,342873,19.961830139160156,0.3538942337036133
E9.5-R1,E9.5-R3,11,383453,342873,20.27295684814453,0.35513782501220703
E9.5-R1,E9.5-R3,12,383453,342873,20.50653076171875,0.32680702209472656
E9.5-R1,E9.5-R3,13,383453,342873,20.796133041381836,0.3383913040161133
E9.5-R1,E9.5-R3,14,383453,342873,20.233261108398438,0.3631629943847656
E9.5-R1,E9.5-R3,15,383453,342873,20.585525512695312,0.3509178161621094
E9.5-R1,E9.5-R3,16,383453,342873,20.690093994140625,0.37452220916748047
E9.5-R1,E9.5-R3,17,383453,342873,20.607738494873047,0.339263916015625
E9.5-R1,E9.5-R3,18,383453,342873,19.945144653320312,0.34134483337402344
E9.5-R1,E9.5-R3,19,383453,342873,20.629335403442383,0.3577117919921875
E9.5-R1,E9.5-R3,20,383453,342873,19.675765991210938,0.3416166305541992
E9.5-R1,E9.5-R3,21,383453,342873,20.919815063476562,0.35387229919433594
E9.5-R1,E9.5-R3,22,383453,342873,20.458309173583984,0.3475971221923828
E9.5-R1,E9.5-R3,23,383453,342873,20.007308959960938,0.33657264709472656
E9.5-R1,E9.5-R3,24,383453,342873,20.358463287353516,0.34709739685058594
E9.5-R1,E9.5-R3,25,383453,342873,20.548545837402344,0.33232879638671875
E9.5-R1,E9.5-R3,26,383453,342873,20.71108627319336,0.3831787109375
E9.5-R1,E9.5-R3,27,383453,342873,19.990020751953125,0.3435020446777344
E9.5-R1,E9.5-R3,28,383453,342873,20.206562042236328,0.3391857147216797
E9.5-R1,E9.5-R3,29,383453,342873,19.923709869384766,0.32583141326904297
E9.5-R1,E9.5-R3,30,383453,342873,19.74374771118164,0.3334827423095703
E9.5-R1,E9.5-R3,31,383453,342873,20.7831974029541,0.33769798278808594
E9.5-R1,E9.5-R3,32,383453,342873,20.025630950927734,0.3436717987060547
E9.5-R1,E9.5-R3,33,383453,342873,20.00807762145996,0.3531341552734375
E9.5-R1,E9.5-R3,34,383453,342873,20.615291595458984,0.3606996536254883
E9.5-R1,E9.5-R3,35,383453,342873,20.313735961914062,0.3588418960571289
E9.5-R1,E9.5-R3,36,383453,342873,20.48785400390625,0.3442678451538086
E9.5-R1,E9.5-R3,37,383453,342873,20.650390625,0.3518180847167969
E9.5-R1,E9.5-R3,38,383453,342873,20.005203247070312,0.3280000686645508
E9.5-R1,E9.5-R3,39,383453,342873,20.769153594970703,0.3656167984008789
E9.5-R1,E9.5-R3,40,383453,342873,19.957679748535156,0.3524608612060547
E9.5-R1,E9.5-R3,41,383453,342873,20.63690185546875,0.3668050765991211
E9.5-R1,E9.5-R3,42,383453,342873,20.486412048339844,0.34268665313720703
E9.5-R1,E9.5-R3,43,383453,342873,20.004413604736328,0.34375667572021484
E9.5-R1,E9.5-R3,44,383453,342873,20.040117263793945,0.3305196762084961
E9.5-R1,E9.5-R3,45,383453,342873,20.48659896850586,0.3363943099975586
E9.5-R1,E9.5-R3,46,383453,342873,20.392295837402344,0.3283395767211914
E9.5-R1,E9.5-R3,47,383453,342873,20.35584259033203,0.361480712890625
E9.5-R1,E9.5-R3,48,383453,342873,20.512575149536133,0.3484477996826172
E9.5-R1,E9.5-R3,49,383453,342873,20.388397216796875,0.3437223434448242
E9.5-R1,E10.0-R1,0,383453,347550,23.823963165283203,0.43163394927978516
E9.5-R1,E10.0-R1,1,383453,347550,24.72170639038086,0.4553642272949219
E9.5-R1,E10.0-R1,2,383453,347550,23.912761688232422,0.4418506622314453
E9.5-R1,E10.0-R1,3,383453,347550,23.640336990356445,0.4216890335083008
E9.5-R1,E10.0-R1,4,383453,347550,23.75442886352539,0.44272899627685547
E9.5-R1,E10.0-R1,5,383453,347550,23.39754867553711,0.41365814208984375
E9.5-R1,E10.0-R1,6,383453,347550,23.806930541992188,0.4365549087524414
E9.5-R1,E10.0-R1,7,383453,347550,24.152685165405273,0.4406881332397461
E9.5-R1,E10.0-R1,8,383453,347550,23.505348205566406,0.41702938079833984
E9.5-R1,E10.0-R1,9,383453,347550,23.607412338256836,0.41091156005859375
E9.5-R1,E10.0-R1,10,383453,347550,23.87262535095215,0.43800830841064453
E9.5-R1,E10.0-R1,11,383453,347550,23.358694076538086,0.4240398406982422
E9.5-R1,E10.0-R1,12,383453,347550,22.88564109802246,0.42613887786865234
E9.5-R1,E10.0-R1,13,383453,347550,23.818204879760742,0.43035888671875
E9.5-R1,E10.0-R1,14,383453,347550,23.072059631347656,0.4317331314086914
E9.5-R1,E10.0-R1,15,383453,347550,23.88385009765625,0.4566984176635742
E9.5-R1,E10.0-R1,16,383453,347550,24.674644470214844,0.45877742767333984
E9.5-R1,E10.0-R1,17,383453,347550,23.91596221923828,0.45199108123779297
E9.5-R1,E10.0-R1,18,383453,347550,22.991317749023438,0.43260669708251953
E9.5-R1,E10.0-R1,19,383453,347550,23.94464111328125,0.4326057434082031
E9.5-R1,E10.0-R1,20,383453,347550,23.32720947265625,0.4114980697631836
E9.5-R1,E10.0-R1,21,383453,347550,23.74789810180664,0.4214916229248047
E9.5-R1,E10.0-R1,22,383453,347550,22.666580200195312,0.40055084228515625
E9.5-R1,E10.0-R1,23,383453,347550,23.094629287719727,0.4223499298095703
E9.5-R1,E10.0-R1,24,383453,347550,22.992786407470703,0.4061145782470703
E9.5-R1,E10.0-R1,25,383453,347550,23.426624298095703,0.4331245422363281
E9.5-R1,E10.0-R1,26,383453,347550,23.285831451416016,0.40480613708496094
E9.5-R1,E10.0-R1,27,383453,347550,24.019264221191406,0.4357481002807617
E9.5-R1,E10.0-R1,28,383453,347550,23.145959854125977,0.42398643493652344
E9.5-R1,E10.0-R1,29,383453,347550,23.80575180053711,0.4327840805053711
E9.5-R1,E10.0-R1,30,383453,347550,24.406757354736328,0.43640804290771484
E9.5-R1,E10.0-R1,31,383453,347550,23.84395980834961,0.44547462463378906
E9.5-R1,E10.0-R1,32,383453,347550,24.262720108032227,0.4352884292602539
E9.5-R1,E10.0-R1,33,383453,347550,23.992630004882812,0.4293994903564453
E9.5-R1,E10.0-R1,34,383453,347550,23.56622886657715,0.4243144989013672
E9.5-R1,E10.0-R1,35,383453,347550,23.52642059326172,0.41554927825927734
E9.5-R1,E10.0-R1,36,383453,347550,23.197185516357422,0.43097496032714844
E9.5-R1,E10.0-R1,37,383453,347550,23.13852882385254,0.4011077880859375
E9.5-R1,E10.0-R1,38,383453,347550,23.235641479492188,0.4105110168457031
E9.5-R1,E10.0-R1,39,383453,347550,24.17101287841797,0.4403247833251953
E9.5-R1,E10.0-R1,40,383453,347550,23.764080047607422,0.44666099548339844
E9.5-R1,E10.0-R1,41,383453,347550,23.5178165435791,0.43346500396728516
E9.5-R1,E10.0-R1,42,383453,347550,23.288131713867188,0.41611480712890625
E9.5-R1,E10.0-R1,43,383453,347550,22.752120971679688,0.41545867919921875
E9.5-R1,E10.0-R1,44,383453,347550,23.459400177001953,0.45197391510009766
E9.5-R1,E10.0-R1,45,383453,347550,24.180988311767578,0.4476137161254883
E9.5-R1,E10.0-R1,46,383453,347550,23.69509506225586,0.4430217742919922
E9.5-R1,E10.0-R1,47,383453,347550,23.246299743652344,0.38147640228271484
E9.5-R1,E10.0-R1,48,383453,347550,22.871082305908203,0.4161968231201172
E9.5-R1,E10.0-R1,49,383453,347550,23.720237731933594,0.4089241027832031
E9.5-R2,E9.5-R3,0,350716,342873,20.038246154785156,0.2057018280029297
E9.5-R2,E9.5-R3,1,350716,342873,19.730606079101562,0.2044992446899414
E9.5-R2,E9.5-R3,2,350716,342873,20.472129821777344,0.2122945785522461
E9.5-R2,E9.5-R3,3,350716,342873,19.555419921875,0.19818878173828125
E9.5-R2,E9.5-R3,4,350716,342873,19.668378829956055,0.20104217529296875
E9.5-R2,E9.5-R3,5,350716,342873,19.326038360595703,0.1873760223388672
E9.5-R2,E9.5-R3,6,350716,342873,19.952348709106445,0.21160888671875
E9.5-R2,E9.5-R3,7,350716,342873,19.637100219726562,0.2008190155029297
E9.5-R2,E9.5-R3,8,350716,342873,20.31671905517578,0.22495365142822266
E9.5-R2,E9.5-R3,9,350716,342873,19.519847869873047,0.21764469146728516
E9.5-R2,E9.5-R3,10,350716,342873,20.314308166503906,0.21617507934570312
E9.5-R2,E9.5-R3,11,350716,342873,19.921653747558594,0.21986961364746094
E9.5-R2,E9.5-R3,12,350716,342873,20.23351287841797,0.21161651611328125
E9.5-R2,E9.5-R3,13,350716,342873,19.578048706054688,0.19404029846191406
E9.5-R2,E9.5-R3,14,350716,342873,20.29684829711914,0.21945476531982422
E9.5-R2,E9.5-R3,15,350716,342873,19.849620819091797,0.2088947296142578
E9.5-R2,E9.5-R3,16,350716,342873,19.556568145751953,0.2100362777709961
E9.5-R2,E9.5-R3,17,350716,342873,20.091506958007812,0.21812057495117188
E9.5-R2,E9.5-R3,18,350716,342873,20.001750946044922,0.2060222625732422
E9.5-R2,E9.5-R3,19,350716,342873,19.418519973754883,0.2075061798095703
E9.5-R2,E9.5-R3,20,350716,342873,19.982749938964844,0.2073078155517578
E9.5-R2,E9.5-R3,21,350716,342873,19.756681442260742,0.2178211212158203
E9.5-R2,E9.5-R3,22,350716,342873,19.707714080810547,0.19273948669433594
E9.5-R2,E9.5-R3,23,350716,342873,19.13327407836914,0.19243907928466797
E9.5-R2,E9.5-R3,24,350716,342873,19.844066619873047,0.20361614227294922
E9.5-R2,E9.5-R3,25,350716,342873,19.84535026550293,0.2189645767211914
E9.5-R2,E9.5-R3,26,350716,342873,19.287382125854492,0.1987314224243164
E9.5-R2,E9.5-R3,27,350716,342873,20.244667053222656,0.21276092529296875
E9.5-R2,E9.5-R3,28,350716,342873,20.604299545288086,0.2042684555053711
E9.5-R2,E9.5-R3,29,350716,342873,20.161548614501953,0.2139577865600586
E9.5-R2,E9.5-R3,30,350716,342873,19.5288028717041,0.20291805267333984
E9.5-R2,E9.5-R3,31,350716,342873,19.93343734741211,0.20684814453125
E9.5-R2,E9.5-R3,32,350716,342873,20.18976593017578,0.20914936065673828
E9.5-R2,E9.5-R3,33,350716,342873,19.389175415039062,0.20277118682861328
E9.5-R2,E9.5-R3,34,350716,342873,20.474279403686523,0.22596263885498047
E9.5-R2,E9.5-R3,35,350716,342873,19.963594436645508,0.22147178649902344
E9.5-R2,E9.5-R3,36,350716,342873,19.148876190185547,0.21047592163085938
E9.5-R2,E9.5-R3,37,350716,342873,20.371644973754883,0.20522308349609375
E9.5-R2,E9.5-R3,38,350716,342873,19.817028045654297,0.20987510681152344
E9.5-R2,E9.5-R3,39,350716,342873,19.63791275024414,0.21204566955566406
E9.5-R2,E9.5-R3,40,350716,342873,20.32634735107422,0.22419261932373047
E9.5-R2,E9.5-R3,41,350716,342873,20.71920394897461,0.22371196746826172
E9.5-R2,E9.5-R3,42,350716,342873,19.406641006469727,0.2093524932861328
E9.5-R2,E9.5-R3,43,350716,342873,20.128677368164062,0.2019205093383789
E9.5-R2,E9.5-R3,44,350716,342873,20.48159408569336,0.2065286636352539
E9.5-R2,E9.5-R3,45,350716,342873,20.040775299072266,0.2240467071533203
E9.5-R2,E9.5-R3,46,350716,342873,20.095909118652344,0.2108469009399414
E9.5-R2,E9.5-R3,47,350716,342873,19.21498680114746,0.2164478302001953
E9.5-R2,E9.5-R3,48,350716,342873,19.98179054260254,0.21033382415771484
E9.5-R2,E9.5-R3,49,350716,342873,20.531166076660156,0.217071533203125
E9.5-R2,E10.0-R1,0,350716,347550,21.07284927368164,0.15940284729003906
E9.5-R2,E10.0-R1,1,350716,347550,20.828617095947266,0.1547985076904297
E9.5-R2,E10.0-R1,2,350716,347550,20.658931732177734,0.1832141876220703
E9.5-R2,E10.0-R1,3,350716,347550,20.69186782836914,0.1435527801513672
E9.5-R2,E10.0-R1,4,350716,347550,20.94860076904297,0.15761375427246094
E9.5-R2,E10.0-R1,5,350716,347550,20.62000274658203,0.16814041137695312
E9.5-R2,E10.0-R1,6,350716,347550,21.487567901611328,0.1585254669189453
E9.5-R2,E10.0-R1,7,350716,347550,20.301071166992188,0.15300273895263672
E9.5-R2,E10.0-R1,8,350716,347550,21.339447021484375,0.155517578125
E9.5-R2,E10.0-R1,9,350716,347550,21.272659301757812,0.1884908676147461
E9.5-R2,E10.0-R1,10,350716,347550,20.944181442260742,0.14942359924316406
E9.5-R2,E10.0-R1,11,350716,347550,20.971820831298828,0.1574382781982422
E9.5-R2,E10.0-R1,12,350716,347550,21.357580184936523,0.1546764373779297
E9.5-R2,E10.0-R1,13,350716,347550,20.81707000732422,0.1585235595703125
E9.5-R2,E10.0-R1,14,350716,347550,20.643268585205078,0.15996742248535156
E9.5-R2,E10.0-R1,15,350716,347550,21.592117309570312,0.16585731506347656
E9.5-R2,E10.0-R1,16,350716,347550,21.82265281677246,0.16166210174560547
E9.5-R2,E10.0-R1,17,350716,347550,20.844070434570312,0.1676797866821289
E9.5-R2,E10.0-R1,18,350716,347550,20.557498931884766,0.1564178466796875
E9.5-R2,E10.0-R1,19,350716,347550,20.799213409423828,0.15276336669921875
E9.5-R2,E10.0-R1,20,350716,347550,20.763290405273438,0.1538066864013672
E9.5-R2,E10.0-R1,21,350716,347550,21.071815490722656,0.15002727508544922
E9.5-R2,E10.0-R1,22,350716,347550,21.224376678466797,0.172760009765625
E9.5-R2,E10.0-R1,23,350716,347550,20.861522674560547,0.1419849395751953
E9.5-R2,E10.0-R1,24,350716,347550,21.14356231689453,0.17920875549316406
E9.5-R2,E10.0-R1,25,350716,347550,20.44559097290039,0.14133262634277344
E9.5-R2,E10.0-R1,26,350716,347550,20.729778289794922,0.1558361053466797
E9.5-R2,E10.0-R1,27,350716,347550,20.966007232666016,0.16505908966064453
E9.5-R2,E10.0-R1,28,350716,347550,21.119171142578125,0.16762924194335938
E9.5-R2,E10.0-R1,29,350716,347550,19.861757278442383,0.15123653411865234
E9.5-R2,E10.0-R1,30,350716,347550,21.21509552001953,0.18430233001708984
E9.5-R2,E10.0-R1,31,350716,347550,21.40005111694336,0.15866374969482422
E9.5-R2,E10.0-R1,32,350716,347550,21.271411895751953,0.1682424545288086
E9.5-R2,E10.0-R1,33,350716,347550,20.965978622436523,0.1497507095336914
E9.5-R2,E10.0-R1,34,350716,347550,21.30524444580078,0.15646839141845703
E9.5-R2,E10.0-R1,35,350716,347550,20.911996841430664,0.1594371795654297
E9.5-R2,E10.0-R1,36,350716,347550,20.127399444580078,0.14060115814208984
E9.5-R2,E10.0-R1,37,350716,347550,20.764781951904297,0.15938377380371094
E9.5-R2,E10.0-R1,38,350716,347550,20.676719665527344,0.16291236877441406
E9.5-R2,E10.0-R1,39,350716,347550,20.964977264404297,0.15599536895751953
E9.5-R2,E10.0-R1,40,350716,347550,20.77391815185547,0.1464090347290039
E9.5-R2,E10.0-R1,41,350716,347550,20.54192352294922,0.16266822814941406
E9.5-R2,E10.0-R1,42,350716,347550,21.147260665893555,0.16670703887939453
E9.5-R2,E10.0-R1,43,350716,347550,21.051509857177734,0.16741657257080078
E9.5-R2,E10.0-R1,44,350716,347550,21.154125213623047,0.1586132049560547
E9.5-R2,E10.0-R1,45,350716,347550,20.845861434936523,0.1660633087158203
E9.5-R2,E10.0-R1,46,350716,347550,21.48322105407715,0.1757974624633789
E9.5-R2,E10.0-R1,47,350716,347550,21.02696990966797,0.15424633026123047
E9.5-R2,E10.0-R1,48,350716,347550,21.074047088623047,0.15610694885253906
E9.5-R2,E10.0-R1,49,350716,347550,20.058561325073242,0.13690948486328125
E9.5-R3,E10.0-R1,0,342873,347550,20.366661071777344,0.20831298828125
E9.5-R3,E10.0-R1,1,342873,347550,20.811378479003906,0.2076263427734375
E9.5-R3,E10.0-R1,2,342873,347550,20.820632934570312,0.21219825744628906
E9.5-R3,E10.0-R1,3,342873,347550,20.34328842163086,0.2047901153564453
E9.5-R3,E10.0-R1,4,342873,347550,21.083600997924805,0.22720813751220703
E9.5-R3,E10.0-R1,5,342873,347550,20.660446166992188,0.20945453643798828
E9.5-R3,E10.0-R1,6,342873,347550,20.884525299072266,0.20279884338378906
E9.5-R3,E10.0-R1,7,342873,347550,20.798049926757812,0.21085166931152344
E9.5-R3,E10.0-R1,8,342873,347550,20.27739906311035,0.20953083038330078
E9.5-R3,E10.0-R1,9,342873,347550,20.465259552001953,0.18738365173339844
E9.5-R3,E10.0-R1,10,342873,347550,20.345640182495117,0.19307422637939453
E9.5-R3,E10.0-R1,11,342873,347550,20.79745101928711,0.2217721939086914
E9.5-R3,E10.0-R1,12,342873,347550,21.343299865722656,0.20984268188476562
E9.5-R3,E10.0-R1,13,342873,347550,20.823284149169922,0.20618820190429688
E9.5-R3,E10.0-R1,14,342873,347550,20.554189682006836,0.1996469497680664
E9.5-R3,E10.0-R1,15,342873,347550,20.347187042236328,0.2139568328857422
E9.5-R3,E10.0-R1,16,342873,347550,20.586923599243164,0.21205520629882812
E9.5-R3,E10.0-R1,17,342873,347550,21.44236183166504,0.21589183807373047
E9.5-R3,E10.0-R1,18,342873,347550,20.646059036254883,0.2217845916748047
E9.5-R3,E10.0-R1,19,342873,347550,20.60201644897461,0.19816970825195312
E9.5-R3,E10.0-R1,20,342873,347550,20.48451805114746,0.21757125854492188
E9.5-R3,E10.0-R1,21,342873,347550,20.966552734375,0.20502853393554688
E9.5-R3,E10.0-R1,22,342873,347550,20.207218170166016,0.20851421356201172
E9.5-R3,E10.0-R1,23,342873,347550,20.497222900390625,0.19588756561279297
E9.5-R3,E10.0-R1,24,342873,347550,20.466415405273438,0.2176828384399414
E9.5-R3,E10.0-R1,25,342873,347550,20.711278915405273,0.22227001190185547
E9.5-R3,E10.0-R1,26,342873,347550,20.12984848022461,0.18929576873779297
E9.5-R3,E10.0-R1,27,342873,347550,20.543563842773438,0.1959829330444336
E9.5-R3,E10.0-R1,28,342873,347550,20.497520446777344,0.20069217681884766
E9.5-R3,E10.0-R1,29,342873,347550,20.316936492919922,0.18718624114990234
E9.5-R3,E10.0-R1,30,342873,347550,20.617595672607422,0.20501995086669922
E9.5-R3,E10.0-R1,31,342873,347550,20.884380340576172,0.20516204833984375
E9.5-R3,E10.0-R1,32,342873,347550,20.334293365478516,0.19260501861572266
E9.5-R3,E10.0-R1,33,342873,347550,20.495702743530273,0.2088003158569336
E9.5-R3,E10.0-R1,34,342873,347550,20.419586181640625,0.19127941131591797
E9.5-R3,E10.0-R1,35,342873,347550,20.98130226135254,0.20555591583251953
E9.5-R3,E10.0-R1,36,342873,347550,20.13397216796875,0.2042226791381836
E9.5-R3,E10.0-R1,37,342873,347550,21.165430068969727,0.20552730560302734
E9.5-R3,E10.0-R1,38,342873,347550,20.37226104736328,0.20946502685546875
E9.5-R3,E10.0-R1,39,342873,347550,20.165973663330078,0.21350860595703125
E9.5-R3,E10.0-R1,40,342873,347550,20.34824562072754,0.20231246948242188
E9.5-R3,E10.0-R1,41,342873,347550,20.505813598632812,0.22777175903320312
E9.5-R3,E10.0-R1,42,342873,347550,20.835615158081055,0.19939613342285156
E9.5-R3,E10.0-R1,43,342873,347550,20.59227752685547,0.2029743194580078
E9.5-R3,E10.0-R1,44,342873,347550,20.87238311767578,0.2164449691772461
E9.5-R3,E10.0-R1,45,342873,347550,21.632274627685547,0.2337331771850586
E9.5-R3,E10.0-R1,46,342873,347550,20.843721389770508,0.21863079071044922
E9.5-R3,E10.0-R1,47,342873,347550,20.36174964904785,0.2129077911376953
E9.5-R3,E10.0-R1,48,342873,347550,20.673961639404297,0.21916675567626953
E9.5-R3,E10.0-R1,49,342873,347550,20.491867065429688,0.21553516387939453
