bucket,dataset_a,dataset_b,embryo_a,embryo_b,batch,n_a,n_b,time_a,time_b,sinkhorn
early,qiu2022,devmap,E6.5,E7.5-R1,0,4444,1342,E6.5,7.5,62.872310638427734
early,qiu2022,devmap,E6.5,E7.5-R1,1,4444,1342,E6.5,7.5,42.564762115478516
early,qiu2022,devmap,E6.5,E7.5-R1,2,4444,1342,E6.5,7.5,54.86124801635742
early,qiu2022,devmap,E6.5,E7.5-R1,3,4444,1342,E6.5,7.5,60.08704376220703
early,qiu2022,devmap,E6.5,E7.5-R1,4,4444,1342,E6.5,7.5,50.31464767456055
early,qiu2022,devmap,E6.5,E7.5-R1,5,4444,1342,E6.5,7.5,63.07722473144531
early,qiu2022,devmap,E6.5,E7.5-R1,6,4444,1342,E6.5,7.5,41.60028839111328
early,qiu2022,devmap,E6.5,E7.5-R1,7,4444,1342,E6.5,7.5,74.97420501708984
early,qiu2022,devmap,E6.5,E7.5-R1,8,4444,1342,E6.5,7.5,51.89662170410156
early,qiu2022,devmap,E6.5,E7.5-R1,9,4444,1342,E6.5,7.5,58.89876174926758
early,qiu2022,devmap,E6.5,E7.5-R1,10,4444,1342,E6.5,7.5,49.755313873291016
early,qiu2022,devmap,E6.5,E7.5-R1,11,4444,1342,E6.5,7.5,74.14144897460938
early,qiu2022,devmap,E6.5,E7.5-R1,12,4444,1342,E6.5,7.5,61.56648254394531
early,qiu2022,devmap,E6.5,E7.5-R1,13,4444,1342,E6.5,7.5,59.194114685058594
early,qiu2022,devmap,E6.5,E7.5-R1,14,4444,1342,E6.5,7.5,47.95668029785156
early,qiu2022,devmap,E6.5,E7.5-R1,15,4444,1342,E6.5,7.5,52.53049087524414
early,qiu2022,devmap,E6.5,E7.5-R1,16,4444,1342,E6.5,7.5,55.07356262207031
early,qiu2022,devmap,E6.5,E7.5-R1,17,4444,1342,E6.5,7.5,53.570926666259766
early,qiu2022,devmap,E6.5,E7.5-R1,18,4444,1342,E6.5,7.5,45.175575256347656
early,qiu2022,devmap,E6.5,E7.5-R1,19,4444,1342,E6.5,7.5,48.387664794921875
early,qiu2022,devmap,E6.5,E7.5-R1,20,4444,1342,E6.5,7.5,50.706382751464844
early,qiu2022,devmap,E6.5,E7.5-R1,21,4444,1342,E6.5,7.5,46.978546142578125
early,qiu2022,devmap,E6.5,E7.5-R1,22,4444,1342,E6.5,7.5,56.982879638671875
early,qiu2022,devmap,E6.5,E7.5-R1,23,4444,1342,E6.5,7.5,56.11518859863281
early,qiu2022,devmap,E6.5,E7.5-R1,24,4444,1342,E6.5,7.5,49.730743408203125
early,qiu2022,devmap,E6.5,E7.5-R1,25,4444,1342,E6.5,7.5,43.20198440551758
early,qiu2022,devmap,E6.5,E7.5-R1,26,4444,1342,E6.5,7.5,51.57611083984375
early,qiu2022,devmap,E6.5,E7.5-R1,27,4444,1342,E6.5,7.5,42.81843566894531
early,qiu2022,devmap,E6.5,E7.5-R1,28,4444,1342,E6.5,7.5,65.91932678222656
early,qiu2022,devmap,E6.5,E7.5-R1,29,4444,1342,E6.5,7.5,42.64160919189453
early,qiu2022,devmap,E6.5,E7.5-R1,30,4444,1342,E6.5,7.5,45.47236251831055
early,qiu2022,devmap,E6.5,E7.5-R1,31,4444,1342,E6.5,7.5,52.6142692565918
early,qiu2022,devmap,E6.5,E7.5-R1,32,4444,1342,E6.5,7.5,42.554412841796875
early,qiu2022,devmap,E6.5,E7.5-R1,33,4444,1342,E6.5,7.5,51.91825866699219
early,qiu2022,devmap,E6.5,E7.5-R1,34,4444,1342,E6.5,7.5,55.7092399597168
early,qiu2022,devmap,E6.5,E7.5-R1,35,4444,1342,E6.5,7.5,46.5062141418457
early,qiu2022,devmap,E6.5,E7.5-R1,36,4444,1342,E6.5,7.5,44.195640563964844
early,qiu2022,devmap,E6.5,E7.5-R1,37,4444,1342,E6.5,7.5,52.70641326904297
early,qiu2022,devmap,E6.5,E7.5-R1,38,4444,1342,E6.5,7.5,49.37991714477539
early,qiu2022,devmap,E6.5,E7.5-R1,39,4444,1342,E6.5,7.5,55.33946990966797
early,qiu2022,devmap,E6.5,E7.5-R1,40,4444,1342,E6.5,7.5,42.24055480957031
early,qiu2022,devmap,E6.5,E7.5-R1,41,4444,1342,E6.5,7.5,55.755455017089844
early,qiu2022,devmap,E6.5,E7.5-R1,42,4444,1342,E6.5,7.5,62.0048713684082
early,qiu2022,devmap,E6.5,E7.5-R1,43,4444,1342,E6.5,7.5,50.43552780151367
early,qiu2022,devmap,E6.5,E7.5-R1,44,4444,1342,E6.5,7.5,52.80051803588867
early,qiu2022,devmap,E6.5,E7.5-R1,45,4444,1342,E6.5,7.5,55.92045211791992
early,qiu2022,devmap,E6.5,E7.5-R1,46,4444,1342,E6.5,7.5,49.65296173095703
early,qiu2022,devmap,E6.5,E7.5-R1,47,4444,1342,E6.5,7.5,48.45513153076172
early,qiu2022,devmap,E6.5,E7.5-R1,48,4444,1342,E6.5,7.5,47.53669738769531
early,qiu2022,devmap,E6.5,E7.5-R1,49,4444,1342,E6.5,7.5,49.62937927246094
early,qiu2022,devmap,E6.5,E7.5-R2,0,4444,1838,E6.5,7.5,61.83564758300781
early,qiu2022,devmap,E6.5,E7.5-R2,1,4444,1838,E6.5,7.5,53.55259704589844
early,qiu2022,devmap,E6.5,E7.5-R2,2,4444,1838,E6.5,7.5,49.48133087158203
early,qiu2022,devmap,E6.5,E7.5-R2,3,4444,1838,E6.5,7.5,40.20637893676758
early,qiu2022,devmap,E6.5,E7.5-R2,4,4444,1838,E6.5,7.5,51.06793212890625
early,qiu2022,devmap,E6.5,E7.5-R2,5,4444,1838,E6.5,7.5,48.958072662353516
early,qiu2022,devmap,E6.5,E7.5-R2,6,4444,1838,E6.5,7.5,55.403297424316406
early,qiu2022,devmap,E6.5,E7.5-R2,7,4444,1838,E6.5,7.5,56.2269172668457
early,qiu2022,devmap,E6.5,E7.5-R2,8,4444,1838,E6.5,7.5,50.28538131713867
early,qiu2022,devmap,E6.5,E7.5-R2,9,4444,1838,E6.5,7.5,50.38054275512695
early,qiu2022,devmap,E6.5,E7.5-R2,10,4444,1838,E6.5,7.5,51.971275329589844
early,qiu2022,devmap,E6.5,E7.5-R2,11,4444,1838,E6.5,7.5,67.54341888427734
early,qiu2022,devmap,E6.5,E7.5-R2,12,4444,1838,E6.5,7.5,51.89942169189453
early,qiu2022,devmap,E6.5,E7.5-R2,13,4444,1838,E6.5,7.5,57.28907012939453
early,qiu2022,devmap,E6.5,E7.5-R2,14,4444,1838,E6.5,7.5,61.391357421875
early,qiu2022,devmap,E6.5,E7.5-R2,15,4444,1838,E6.5,7.5,64.39408874511719
early,qiu2022,devmap,E6.5,E7.5-R2,16,4444,1838,E6.5,7.5,55.38261032104492
early,qiu2022,devmap,E6.5,E7.5-R2,17,4444,1838,E6.5,7.5,72.99915313720703
early,qiu2022,devmap,E6.5,E7.5-R2,18,4444,1838,E6.5,7.5,66.71888732910156
early,qiu2022,devmap,E6.5,E7.5-R2,19,4444,1838,E6.5,7.5,48.943267822265625
early,qiu2022,devmap,E6.5,E7.5-R2,20,4444,1838,E6.5,7.5,64.67594909667969
early,qiu2022,devmap,E6.5,E7.5-R2,21,4444,1838,E6.5,7.5,63.611328125
early,qiu2022,devmap,E6.5,E7.5-R2,22,4444,1838,E6.5,7.5,49.92401123046875
early,qiu2022,devmap,E6.5,E7.5-R2,23,4444,1838,E6.5,7.5,55.704681396484375
early,qiu2022,devmap,E6.5,E7.5-R2,24,4444,1838,E6.5,7.5,51.71924591064453
early,qiu2022,devmap,E6.5,E7.5-R2,25,4444,1838,E6.5,7.5,41.36488342285156
early,qiu2022,devmap,E6.5,E7.5-R2,26,4444,1838,E6.5,7.5,64.94924926757812
early,qiu2022,devmap,E6.5,E7.5-R2,27,4444,1838,E6.5,7.5,51.509239196777344
early,qiu2022,devmap,E6.5,E7.5-R2,28,4444,1838,E6.5,7.5,57.31991958618164
early,qiu2022,devmap,E6.5,E7.5-R2,29,4444,1838,E6.5,7.5,56.67183303833008
early,qiu2022,devmap,E6.5,E7.5-R2,30,4444,1838,E6.5,7.5,55.00657653808594
early,qiu2022,devmap,E6.5,E7.5-R2,31,4444,1838,E6.5,7.5,48.99519729614258
early,qiu2022,devmap,E6.5,E7.5-R2,32,4444,1838,E6.5,7.5,47.80879592895508
early,qiu2022,devmap,E6.5,E7.5-R2,33,4444,1838,E6.5,7.5,60.2484016418457
early,qiu2022,devmap,E6.5,E7.5-R2,34,4444,1838,E6.5,7.5,54.838714599609375
early,qiu2022,devmap,E6.5,E7.5-R2,35,4444,1838,E6.5,7.5,40.96931457519531
early,qiu2022,devmap,E6.5,E7.5-R2,36,4444,1838,E6.5,7.5,49.14984130859375
early,qiu2022,devmap,E6.5,E7.5-R2,37,4444,1838,E6.5,7.5,55.773677825927734
early,qiu2022,devmap,E6.5,E7.5-R2,38,4444,1838,E6.5,7.5,64.4675064086914
early,qiu2022,devmap,E6.5,E7.5-R2,39,4444,1838,E6.5,7.5,38.914119720458984
early,qiu2022,devmap,E6.5,E7.5-R2,40,4444,1838,E6.5,7.5,59.115440368652344
early,qiu2022,devmap,E6.5,E7.5-R2,41,4444,1838,E6.5,7.5,61.141815185546875
early,qiu2022,devmap,E6.5,E7.5-R2,42,4444,1838,E6.5,7.5,51.181060791015625
early,qiu2022,devmap,E6.5,E7.5-R2,43,4444,1838,E6.5,7.5,72.42080688476562
early,qiu2022,devmap,E6.5,E7.5-R2,44,4444,1838,E6.5,7.5,45.60506820678711
early,qiu2022,devmap,E6.5,E7.5-R2,45,4444,1838,E6.5,7.5,56.21611785888672
early,qiu2022,devmap,E6.5,E7.5-R2,46,4444,1838,E6.5,7.5,52.95111083984375
early,qiu2022,devmap,E6.5,E7.5-R2,47,4444,1838,E6.5,7.5,51.92333984375
early,qiu2022,devmap,E6.5,E7.5-R2,48,4444,1838,E6.5,7.5,47.05626678466797
early,qiu2022,devmap,E6.5,E7.5-R2,49,4444,1838,E6.5,7.5,53.09934616088867
early,qiu2022,devmap,E6.5,E7.5-R3,0,4444,1468,E6.5,7.5,50.847564697265625
early,qiu2022,devmap,E6.5,E7.5-R3,1,4444,1468,E6.5,7.5,57.26954650878906
early,qiu2022,devmap,E6.5,E7.5-R3,2,4444,1468,E6.5,7.5,47.730194091796875
early,qiu2022,devmap,E6.5,E7.5-R3,3,4444,1468,E6.5,7.5,47.35955810546875
early,qiu2022,devmap,E6.5,E7.5-R3,4,4444,1468,E6.5,7.5,59.28723907470703
early,qiu2022,devmap,E6.5,E7.5-R3,5,4444,1468,E6.5,7.5,50.50603485107422
early,qiu2022,devmap,E6.5,E7.5-R3,6,4444,1468,E6.5,7.5,63.867061614990234
early,qiu2022,devmap,E6.5,E7.5-R3,7,4444,1468,E6.5,7.5,57.18121337890625
early,qiu2022,devmap,E6.5,E7.5-R3,8,4444,1468,E6.5,7.5,54.763877868652344
early,qiu2022,devmap,E6.5,E7.5-R3,9,4444,1468,E6.5,7.5,48.252601623535156
early,qiu2022,devmap,E6.5,E7.5-R3,10,4444,1468,E6.5,7.5,51.34270095825195
early,qiu2022,devmap,E6.5,E7.5-R3,11,4444,1468,E6.5,7.5,73.40585327148438
early,qiu2022,devmap,E6.5,E7.5-R3,12,4444,1468,E6.5,7.5,65.51078796386719
early,qiu2022,devmap,E6.5,E7.5-R3,13,4444,1468,E6.5,7.5,49.567047119140625
early,qiu2022,devmap,E6.5,E7.5-R3,14,4444,1468,E6.5,7.5,59.60978698730469
early,qiu2022,devmap,E6.5,E7.5-R3,15,4444,1468,E6.5,7.5,61.025848388671875
early,qiu2022,devmap,E6.5,E7.5-R3,16,4444,1468,E6.5,7.5,59.173038482666016
early,qiu2022,devmap,E6.5,E7.5-R3,17,4444,1468,E6.5,7.5,39.74913787841797
early,qiu2022,devmap,E6.5,E7.5-R3,18,4444,1468,E6.5,7.5,66.76011657714844
early,qiu2022,devmap,E6.5,E7.5-R3,19,4444,1468,E6.5,7.5,48.78266143798828
early,qiu2022,devmap,E6.5,E7.5-R3,20,4444,1468,E6.5,7.5,72.82493591308594
early,qiu2022,devmap,E6.5,E7.5-R3,21,4444,1468,E6.5,7.5,49.141441345214844
early,qiu2022,devmap,E6.5,E7.5-R3,22,4444,1468,E6.5,7.5,45.694583892822266
early,qiu2022,devmap,E6.5,E7.5-R3,23,4444,1468,E6.5,7.5,57.3800163269043
early,qiu2022,devmap,E6.5,E7.5-R3,24,4444,1468,E6.5,7.5,56.756874084472656
early,qiu2022,devmap,E6.5,E7.5-R3,25,4444,1468,E6.5,7.5,55.63032531738281
early,qiu2022,devmap,E6.5,E7.5-R3,26,4444,1468,E6.5,7.5,76.75491333007812
early,qiu2022,devmap,E6.5,E7.5-R3,27,4444,1468,E6.5,7.5,54.68280792236328
early,qiu2022,devmap,E6.5,E7.5-R3,28,4444,1468,E6.5,7.5,52.746089935302734
early,qiu2022,devmap,E6.5,E7.5-R3,29,4444,1468,E6.5,7.5,48.826534271240234
early,qiu2022,devmap,E6.5,E7.5-R3,30,4444,1468,E6.5,7.5,44.58311080932617
early,qiu2022,devmap,E6.5,E7.5-R3,31,4444,1468,E6.5,7.5,50.92495346069336
early,qiu2022,devmap,E6.5,E7.5-R3,32,4444,1468,E6.5,7.5,54.062679290771484
early,qiu2022,devmap,E6.5,E7.5-R3,33,4444,1468,E6.5,7.5,53.87310791015625
early,qiu2022,devmap,E6.5,E7.5-R3,34,4444,1468,E6.5,7.5,52.591915130615234
early,qiu2022,devmap,E6.5,E7.5-R3,35,4444,1468,E6.5,7.5,61.887020111083984
early,qiu2022,devmap,E6.5,E7.5-R3,36,4444,1468,E6.5,7.5,48.32891082763672
early,qiu2022,devmap,E6.5,E7.5-R3,37,4444,1468,E6.5,7.5,53.512657165527344
early,qiu2022,devmap,E6.5,E7.5-R3,38,4444,1468,E6.5,7.5,49.22760009765625
early,qiu2022,devmap,E6.5,E7.5-R3,39,4444,1468,E6.5,7.5,59.5927848815918
early,qiu2022,devmap,E6.5,E7.5-R3,40,4444,1468,E6.5,7.5,36.6746826171875
early,qiu2022,devmap,E6.5,E7.5-R3,41,4444,1468,E6.5,7.5,58.780067443847656
early,qiu2022,devmap,E6.5,E7.5-R3,42,4444,1468,E6.5,7.5,56.96266555786133
early,qiu2022,devmap,E6.5,E7.5-R3,43,4444,1468,E6.5,7.5,53.90184783935547
early,qiu2022,devmap,E6.5,E7.5-R3,44,4444,1468,E6.5,7.5,39.34605407714844
early,qiu2022,devmap,E6.5,E7.5-R3,45,4444,1468,E6.5,7.5,30.97219467163086
early,qiu2022,devmap,E6.5,E7.5-R3,46,4444,1468,E6.5,7.5,48.613128662109375
early,qiu2022,devmap,E6.5,E7.5-R3,47,4444,1468,E6.5,7.5,57.5355224609375
early,qiu2022,devmap,E6.5,E7.5-R3,48,4444,1468,E6.5,7.5,60.243831634521484
early,qiu2022,devmap,E6.5,E7.5-R3,49,4444,1468,E6.5,7.5,49.239906311035156
early,qiu2022,devmap,E6.5,E8.0-R1,0,4444,4498,E6.5,8.0,51.691444396972656
early,qiu2022,devmap,E6.5,E8.0-R1,1,4444,4498,E6.5,8.0,61.67741394042969
early,qiu2022,devmap,E6.5,E8.0-R1,2,4444,4498,E6.5,8.0,60.996856689453125
early,qiu2022,devmap,E6.5,E8.0-R1,3,4444,4498,E6.5,8.0,63.52406692504883
early,qiu2022,devmap,E6.5,E8.0-R1,4,4444,4498,E6.5,8.0,58.2975959777832
early,qiu2022,devmap,E6.5,E8.0-R1,5,4444,4498,E6.5,8.0,59.183868408203125
early,qiu2022,devmap,E6.5,E8.0-R1,6,4444,4498,E6.5,8.0,56.883819580078125
early,qiu2022,devmap,E6.5,E8.0-R1,7,4444,4498,E6.5,8.0,58.595909118652344
early,qiu2022,devmap,E6.5,E8.0-R1,8,4444,4498,E6.5,8.0,61.23046112060547
early,qiu2022,devmap,E6.5,E8.0-R1,9,4444,4498,E6.5,8.0,67.1662368774414
early,qiu2022,devmap,E6.5,E8.0-R1,10,4444,4498,E6.5,8.0,78.32173156738281
early,qiu2022,devmap,E6.5,E8.0-R1,11,4444,4498,E6.5,8.0,55.634681701660156
early,qiu2022,devmap,E6.5,E8.0-R1,12,4444,4498,E6.5,8.0,51.893096923828125
early,qiu2022,devmap,E6.5,E8.0-R1,13,4444,4498,E6.5,8.0,41.845462799072266
early,qiu2022,devmap,E6.5,E8.0-R1,14,4444,4498,E6.5,8.0,56.255306243896484
early,qiu2022,devmap,E6.5,E8.0-R1,15,4444,4498,E6.5,8.0,49.28432083129883
early,qiu2022,devmap,E6.5,E8.0-R1,16,4444,4498,E6.5,8.0,53.249210357666016
early,qiu2022,devmap,E6.5,E8.0-R1,17,4444,4498,E6.5,8.0,40.37481689453125
early,qiu2022,devmap,E6.5,E8.0-R1,18,4444,4498,E6.5,8.0,57.672813415527344
early,qiu2022,devmap,E6.5,E8.0-R1,19,4444,4498,E6.5,8.0,60.928897857666016
early,qiu2022,devmap,E6.5,E8.0-R1,20,4444,4498,E6.5,8.0,56.23567199707031
early,qiu2022,devmap,E6.5,E8.0-R1,21,4444,4498,E6.5,8.0,64.73766326904297
early,qiu2022,devmap,E6.5,E8.0-R1,22,4444,4498,E6.5,8.0,55.74425506591797
early,qiu2022,devmap,E6.5,E8.0-R1,23,4444,4498,E6.5,8.0,53.76474380493164
early,qiu2022,devmap,E6.5,E8.0-R1,24,4444,4498,E6.5,8.0,61.569427490234375
early,qiu2022,devmap,E6.5,E8.0-R1,25,4444,4498,E6.5,8.0,56.16752624511719
early,qiu2022,devmap,E6.5,E8.0-R1,26,4444,4498,E6.5,8.0,51.1804084777832
early,qiu2022,devmap,E6.5,E8.0-R1,27,4444,4498,E6.5,8.0,49.03961944580078
early,qiu2022,devmap,E6.5,E8.0-R1,28,4444,4498,E6.5,8.0,47.250282287597656
early,qiu2022,devmap,E6.5,E8.0-R1,29,4444,4498,E6.5,8.0,47.89569854736328
early,qiu2022,devmap,E6.5,E8.0-R1,30,4444,4498,E6.5,8.0,65.45149993896484
early,qiu2022,devmap,E6.5,E8.0-R1,31,4444,4498,E6.5,8.0,42.059051513671875
early,qiu2022,devmap,E6.5,E8.0-R1,32,4444,4498,E6.5,8.0,60.16680145263672
early,qiu2022,devmap,E6.5,E8.0-R1,33,4444,4498,E6.5,8.0,46.01369094848633
early,qiu2022,devmap,E6.5,E8.0-R1,34,4444,4498,E6.5,8.0,56.428794860839844
early,qiu2022,devmap,E6.5,E8.0-R1,35,4444,4498,E6.5,8.0,54.33290100097656
early,qiu2022,devmap,E6.5,E8.0-R1,36,4444,4498,E6.5,8.0,48.91023254394531
early,qiu2022,devmap,E6.5,E8.0-R1,37,4444,4498,E6.5,8.0,51.218589782714844
early,qiu2022,devmap,E6.5,E8.0-R1,38,4444,4498,E6.5,8.0,59.73405838012695
early,qiu2022,devmap,E6.5,E8.0-R1,39,4444,4498,E6.5,8.0,59.1672477722168
early,qiu2022,devmap,E6.5,E8.0-R1,40,4444,4498,E6.5,8.0,66.30842590332031
early,qiu2022,devmap,E6.5,E8.0-R1,41,4444,4498,E6.5,8.0,49.6378173828125
early,qiu2022,devmap,E6.5,E8.0-R1,42,4444,4498,E6.5,8.0,59.648773193359375
early,qiu2022,devmap,E6.5,E8.0-R1,43,4444,4498,E6.5,8.0,42.21626281738281
early,qiu2022,devmap,E6.5,E8.0-R1,44,4444,4498,E6.5,8.0,65.45643615722656
early,qiu2022,devmap,E6.5,E8.0-R1,45,4444,4498,E6.5,8.0,62.76924133300781
early,qiu2022,devmap,E6.5,E8.0-R1,46,4444,4498,E6.5,8.0,48.56146240234375
early,qiu2022,devmap,E6.5,E8.0-R1,47,4444,4498,E6.5,8.0,61.79745101928711
early,qiu2022,devmap,E6.5,E8.0-R1,48,4444,4498,E6.5,8.0,64.19355773925781
early,qiu2022,devmap,E6.5,E8.0-R1,49,4444,4498,E6.5,8.0,64.2896728515625
early,qiu2022,devmap,E6.5,E8.0-R2,0,4444,10681,E6.5,8.0,58.84193801879883
early,qiu2022,devmap,E6.5,E8.0-R2,1,4444,10681,E6.5,8.0,60.13567352294922
early,qiu2022,devmap,E6.5,E8.0-R2,2,4444,10681,E6.5,8.0,59.22739791870117
early,qiu2022,devmap,E6.5,E8.0-R2,3,4444,10681,E6.5,8.0,61.72592544555664
early,qiu2022,devmap,E6.5,E8.0-R2,4,4444,10681,E6.5,8.0,72.70065307617188
early,qiu2022,devmap,E6.5,E8.0-R2,5,4444,10681,E6.5,8.0,55.24531555175781
early,qiu2022,devmap,E6.5,E8.0-R2,6,4444,10681,E6.5,8.0,56.9710693359375
early,qiu2022,devmap,E6.5,E8.0-R2,7,4444,10681,E6.5,8.0,75.55689239501953
early,qiu2022,devmap,E6.5,E8.0-R2,8,4444,10681,E6.5,8.0,56.133270263671875
early,qiu2022,devmap,E6.5,E8.0-R2,9,4444,10681,E6.5,8.0,48.500701904296875
early,qiu2022,devmap,E6.5,E8.0-R2,10,4444,10681,E6.5,8.0,47.938411712646484
early,qiu2022,devmap,E6.5,E8.0-R2,11,4444,10681,E6.5,8.0,72.79660034179688
early,qiu2022,devmap,E6.5,E8.0-R2,12,4444,10681,E6.5,8.0,61.779449462890625
early,qiu2022,devmap,E6.5,E8.0-R2,13,4444,10681,E6.5,8.0,43.93262481689453
early,qiu2022,devmap,E6.5,E8.0-R2,14,4444,10681,E6.5,8.0,52.305572509765625
early,qiu2022,devmap,E6.5,E8.0-R2,15,4444,10681,E6.5,8.0,53.458587646484375
early,qiu2022,devmap,E6.5,E8.0-R2,16,4444,10681,E6.5,8.0,57.125083923339844
early,qiu2022,devmap,E6.5,E8.0-R2,17,4444,10681,E6.5,8.0,70.18792724609375
early,qiu2022,devmap,E6.5,E8.0-R2,18,4444,10681,E6.5,8.0,56.676753997802734
early,qiu2022,devmap,E6.5,E8.0-R2,19,4444,10681,E6.5,8.0,55.02332305908203
early,qiu2022,devmap,E6.5,E8.0-R2,20,4444,10681,E6.5,8.0,47.7050666809082
early,qiu2022,devmap,E6.5,E8.0-R2,21,4444,10681,E6.5,8.0,59.55824661254883
early,qiu2022,devmap,E6.5,E8.0-R2,22,4444,10681,E6.5,8.0,55.55863952636719
early,qiu2022,devmap,E6.5,E8.0-R2,23,4444,10681,E6.5,8.0,57.86991882324219
early,qiu2022,devmap,E6.5,E8.0-R2,24,4444,10681,E6.5,8.0,60.648475646972656
early,qiu2022,devmap,E6.5,E8.0-R2,25,4444,10681,E6.5,8.0,51.95254898071289
early,qiu2022,devmap,E6.5,E8.0-R2,26,4444,10681,E6.5,8.0,55.55915832519531
early,qiu2022,devmap,E6.5,E8.0-R2,27,4444,10681,E6.5,8.0,63.60795593261719
early,qiu2022,devmap,E6.5,E8.0-R2,28,4444,10681,E6.5,8.0,62.489376068115234
early,qiu2022,devmap,E6.5,E8.0-R2,29,4444,10681,E6.5,8.0,55.41667175292969
early,qiu2022,devmap,E6.5,E8.0-R2,30,4444,10681,E6.5,8.0,73.34259796142578
early,qiu2022,devmap,E6.5,E8.0-R2,31,4444,10681,E6.5,8.0,55.63262176513672
early,qiu2022,devmap,E6.5,E8.0-R2,32,4444,10681,E6.5,8.0,59.75617599487305
early,qiu2022,devmap,E6.5,E8.0-R2,33,4444,10681,E6.5,8.0,48.60700988769531
early,qiu2022,devmap,E6.5,E8.0-R2,34,4444,10681,E6.5,8.0,54.614471435546875
early,qiu2022,devmap,E6.5,E8.0-R2,35,4444,10681,E6.5,8.0,59.6123046875
early,qiu2022,devmap,E6.5,E8.0-R2,36,4444,10681,E6.5,8.0,68.70767211914062
early,qiu2022,devmap,E6.5,E8.0-R2,37,4444,10681,E6.5,8.0,66.32904052734375
early,qiu2022,devmap,E6.5,E8.0-R2,38,4444,10681,E6.5,8.0,37.29441452026367
early,qiu2022,devmap,E6.5,E8.0-R2,39,4444,10681,E6.5,8.0,71.89080810546875
early,qiu2022,devmap,E6.5,E8.0-R2,40,4444,10681,E6.5,8.0,59.97031784057617
early,qiu2022,devmap,E6.5,E8.0-R2,41,4444,10681,E6.5,8.0,51.76782989501953
early,qiu2022,devmap,E6.5,E8.0-R2,42,4444,10681,E6.5,8.0,55.93946838378906
early,qiu2022,devmap,E6.5,E8.0-R2,43,4444,10681,E6.5,8.0,56.604705810546875
early,qiu2022,devmap,E6.5,E8.0-R2,44,4444,10681,E6.5,8.0,57.08981704711914
early,qiu2022,devmap,E6.5,E8.0-R2,45,4444,10681,E6.5,8.0,40.9451904296875
early,qiu2022,devmap,E6.5,E8.0-R2,46,4444,10681,E6.5,8.0,71.51805114746094
early,qiu2022,devmap,E6.5,E8.0-R2,47,4444,10681,E6.5,8.0,42.06467056274414
early,qiu2022,devmap,E6.5,E8.0-R2,48,4444,10681,E6.5,8.0,66.45669555664062
early,qiu2022,devmap,E6.5,E8.0-R2,49,4444,10681,E6.5,8.0,55.46922302246094
early,qiu2022,devmap,E6.5,E8.0-R3,0,4444,6763,E6.5,8.0,66.82418060302734
early,qiu2022,devmap,E6.5,E8.0-R3,1,4444,6763,E6.5,8.0,39.61439514160156
early,qiu2022,devmap,E6.5,E8.0-R3,2,4444,6763,E6.5,8.0,51.92741394042969
early,qiu2022,devmap,E6.5,E8.0-R3,3,4444,6763,E6.5,8.0,54.797752380371094
early,qiu2022,devmap,E6.5,E8.0-R3,4,4444,6763,E6.5,8.0,62.13238525390625
early,qiu2022,devmap,E6.5,E8.0-R3,5,4444,6763,E6.5,8.0,48.122291564941406
early,qiu2022,devmap,E6.5,E8.0-R3,6,4444,6763,E6.5,8.0,51.08250427246094
early,qiu2022,devmap,E6.5,E8.0-R3,7,4444,6763,E6.5,8.0,63.5095329284668
early,qiu2022,devmap,E6.5,E8.0-R3,8,4444,6763,E6.5,8.0,60.112548828125
early,qiu2022,devmap,E6.5,E8.0-R3,9,4444,6763,E6.5,8.0,54.27252960205078
early,qiu2022,devmap,E6.5,E8.0-R3,10,4444,6763,E6.5,8.0,42.83955764770508
early,qiu2022,devmap,E6.5,E8.0-R3,11,4444,6763,E6.5,8.0,58.0609130859375
early,qiu2022,devmap,E6.5,E8.0-R3,12,4444,6763,E6.5,8.0,53.71578598022461
early,qiu2022,devmap,E6.5,E8.0-R3,13,4444,6763,E6.5,8.0,75.68504333496094
early,qiu2022,devmap,E6.5,E8.0-R3,14,4444,6763,E6.5,8.0,68.25981903076172
early,qiu2022,devmap,E6.5,E8.0-R3,15,4444,6763,E6.5,8.0,60.907745361328125
early,qiu2022,devmap,E6.5,E8.0-R3,16,4444,6763,E6.5,8.0,48.042816162109375
early,qiu2022,devmap,E6.5,E8.0-R3,17,4444,6763,E6.5,8.0,64.49594116210938
early,qiu2022,devmap,E6.5,E8.0-R3,18,4444,6763,E6.5,8.0,57.39128875732422
early,qiu2022,devmap,E6.5,E8.0-R3,19,4444,6763,E6.5,8.0,56.67893981933594
early,qiu2022,devmap,E6.5,E8.0-R3,20,4444,6763,E6.5,8.0,49.28294372558594
early,qiu2022,devmap,E6.5,E8.0-R3,21,4444,6763,E6.5,8.0,57.11579132080078
early,qiu2022,devmap,E6.5,E8.0-R3,22,4444,6763,E6.5,8.0,56.82640838623047
early,qiu2022,devmap,E6.5,E8.0-R3,23,4444,6763,E6.5,8.0,59.884830474853516
early,qiu2022,devmap,E6.5,E8.0-R3,24,4444,6763,E6.5,8.0,41.484649658203125
early,qiu2022,devmap,E6.5,E8.0-R3,25,4444,6763,E6.5,8.0,61.160091400146484
early,qiu2022,devmap,E6.5,E8.0-R3,26,4444,6763,E6.5,8.0,38.556312561035156
early,qiu2022,devmap,E6.5,E8.0-R3,27,4444,6763,E6.5,8.0,53.51469802856445
early,qiu2022,devmap,E6.5,E8.0-R3,28,4444,6763,E6.5,8.0,49.4066276550293
early,qiu2022,devmap,E6.5,E8.0-R3,29,4444,6763,E6.5,8.0,69.73435974121094
early,qiu2022,devmap,E6.5,E8.0-R3,30,4444,6763,E6.5,8.0,46.481651306152344
early,qiu2022,devmap,E6.5,E8.0-R3,31,4444,6763,E6.5,8.0,50.46690368652344
early,qiu2022,devmap,E6.5,E8.0-R3,32,4444,6763,E6.5,8.0,63.531856536865234
early,qiu2022,devmap,E6.5,E8.0-R3,33,4444,6763,E6.5,8.0,66.17533874511719
early,qiu2022,devmap,E6.5,E8.0-R3,34,4444,6763,E6.5,8.0,59.47296142578125
early,qiu2022,devmap,E6.5,E8.0-R3,35,4444,6763,E6.5,8.0,65.26154327392578
early,qiu2022,devmap,E6.5,E8.0-R3,36,4444,6763,E6.5,8.0,71.14042663574219
early,qiu2022,devmap,E6.5,E8.0-R3,37,4444,6763,E6.5,8.0,45.52954864501953
early,qiu2022,devmap,E6.5,E8.0-R3,38,4444,6763,E6.5,8.0,50.064453125
early,qiu2022,devmap,E6.5,E8.0-R3,39,4444,6763,E6.5,8.0,65.45438385009766
early,qiu2022,devmap,E6.5,E8.0-R3,40,4444,6763,E6.5,8.0,56.935462951660156
early,qiu2022,devmap,E6.5,E8.0-R3,41,4444,6763,E6.5,8.0,59.75971984863281
early,qiu2022,devmap,E6.5,E8.0-R3,42,4444,6763,E6.5,8.0,60.08045196533203
early,qiu2022,devmap,E6.5,E8.0-R3,43,4444,6763,E6.5,8.0,58.51209259033203
early,qiu2022,devmap,E6.5,E8.0-R3,44,4444,6763,E6.5,8.0,65.39896392822266
early,qiu2022,devmap,E6.5,E8.0-R3,45,4444,6763,E6.5,8.0,46.09568786621094
early,qiu2022,devmap,E6.5,E8.0-R3,46,4444,6763,E6.5,8.0,58.36077880859375
early,qiu2022,devmap,E6.5,E8.0-R3,47,4444,6763,E6.5,8.0,58.95075225830078
early,qiu2022,devmap,E6.5,E8.0-R3,48,4444,6763,E6.5,8.0,59.094970703125
early,qiu2022,devmap,E6.5,E8.0-R3,49,4444,6763,E6.5,8.0,51.64982604980469
early,qiu2022,devmap,E6.5,E8.5-R1,0,4444,23435,E6.5,8.5,50.13144302368164
early,qiu2022,devmap,E6.5,E8.5-R1,1,4444,23435,E6.5,8.5,48.870933532714844
early,qiu2022,devmap,E6.5,E8.5-R1,2,4444,23435,E6.5,8.5,68.7638931274414
early,qiu2022,devmap,E6.5,E8.5-R1,3,4444,23435,E6.5,8.5,65.04313659667969
early,qiu2022,devmap,E6.5,E8.5-R1,4,4444,23435,E6.5,8.5,73.11865234375
early,qiu2022,devmap,E6.5,E8.5-R1,5,4444,23435,E6.5,8.5,71.27401733398438
early,qiu2022,devmap,E6.5,E8.5-R1,6,4444,23435,E6.5,8.5,54.915748596191406
early,qiu2022,devmap,E6.5,E8.5-R1,7,4444,23435,E6.5,8.5,57.50214767456055
early,qiu2022,devmap,E6.5,E8.5-R1,8,4444,23435,E6.5,8.5,61.095394134521484
early,qiu2022,devmap,E6.5,E8.5-R1,9,4444,23435,E6.5,8.5,53.359580993652344
early,qiu2022,devmap,E6.5,E8.5-R1,10,4444,23435,E6.5,8.5,50.2032470703125
early,qiu2022,devmap,E6.5,E8.5-R1,11,4444,23435,E6.5,8.5,68.32823181152344
early,qiu2022,devmap,E6.5,E8.5-R1,12,4444,23435,E6.5,8.5,55.67067337036133
early,qiu2022,devmap,E6.5,E8.5-R1,13,4444,23435,E6.5,8.5,52.43547058105469
early,qiu2022,devmap,E6.5,E8.5-R1,14,4444,23435,E6.5,8.5,59.79803466796875
early,qiu2022,devmap,E6.5,E8.5-R1,15,4444,23435,E6.5,8.5,58.17911911010742
early,qiu2022,devmap,E6.5,E8.5-R1,16,4444,23435,E6.5,8.5,51.56645202636719
early,qiu2022,devmap,E6.5,E8.5-R1,17,4444,23435,E6.5,8.5,65.62614440917969
early,qiu2022,devmap,E6.5,E8.5-R1,18,4444,23435,E6.5,8.5,54.901451110839844
early,qiu2022,devmap,E6.5,E8.5-R1,19,4444,23435,E6.5,8.5,47.59584045410156
early,qiu2022,devmap,E6.5,E8.5-R1,20,4444,23435,E6.5,8.5,64.71456909179688
early,qiu2022,devmap,E6.5,E8.5-R1,21,4444,23435,E6.5,8.5,57.606407165527344
early,qiu2022,devmap,E6.5,E8.5-R1,22,4444,23435,E6.5,8.5,64.02186584472656
early,qiu2022,devmap,E6.5,E8.5-R1,23,4444,23435,E6.5,8.5,56.83076477050781
early,qiu2022,devmap,E6.5,E8.5-R1,24,4444,23435,E6.5,8.5,62.00299835205078
early,qiu2022,devmap,E6.5,E8.5-R1,25,4444,23435,E6.5,8.5,66.81698608398438
early,qiu2022,devmap,E6.5,E8.5-R1,26,4444,23435,E6.5,8.5,62.614654541015625
early,qiu2022,devmap,E6.5,E8.5-R1,27,4444,23435,E6.5,8.5,57.65057373046875
early,qiu2022,devmap,E6.5,E8.5-R1,28,4444,23435,E6.5,8.5,61.1471061706543
early,qiu2022,devmap,E6.5,E8.5-R1,29,4444,23435,E6.5,8.5,83.5863037109375
early,qiu2022,devmap,E6.5,E8.5-R1,30,4444,23435,E6.5,8.5,44.85926818847656
early,qiu2022,devmap,E6.5,E8.5-R1,31,4444,23435,E6.5,8.5,50.58689880371094
early,qiu2022,devmap,E6.5,E8.5-R1,32,4444,23435,E6.5,8.5,60.58257293701172
early,qiu2022,devmap,E6.5,E8.5-R1,33,4444,23435,E6.5,8.5,56.680885314941406
early,qiu2022,devmap,E6.5,E8.5-R1,34,4444,23435,E6.5,8.5,57.894012451171875
early,qiu2022,devmap,E6.5,E8.5-R1,35,4444,23435,E6.5,8.5,53.789398193359375
early,qiu2022,devmap,E6.5,E8.5-R1,36,4444,23435,E6.5,8.5,57.752037048339844
early,qiu2022,devmap,E6.5,E8.5-R1,37,4444,23435,E6.5,8.5,63.75068664550781
early,qiu2022,devmap,E6.5,E8.5-R1,38,4444,23435,E6.5,8.5,66.171630859375
early,qiu2022,devmap,E6.5,E8.5-R1,39,4444,23435,E6.5,8.5,55.71712875366211
early,qiu2022,devmap,E6.5,E8.5-R1,40,4444,23435,E6.5,8.5,66.43109130859375
early,qiu2022,devmap,E6.5,E8.5-R1,41,4444,23435,E6.5,8.5,68.68205261230469
early,qiu2022,devmap,E6.5,E8.5-R1,42,4444,23435,E6.5,8.5,54.362483978271484
early,qiu2022,devmap,E6.5,E8.5-R1,43,4444,23435,E6.5,8.5,60.296836853027344
early,qiu2022,devmap,E6.5,E8.5-R1,44,4444,23435,E6.5,8.5,40.23774719238281
early,qiu2022,devmap,E6.5,E8.5-R1,45,4444,23435,E6.5,8.5,55.508995056152344
early,qiu2022,devmap,E6.5,E8.5-R1,46,4444,23435,E6.5,8.5,58.62601852416992
early,qiu2022,devmap,E6.5,E8.5-R1,47,4444,23435,E6.5,8.5,53.830936431884766
early,qiu2022,devmap,E6.5,E8.5-R1,48,4444,23435,E6.5,8.5,44.199485778808594
early,qiu2022,devmap,E6.5,E8.5-R1,49,4444,23435,E6.5,8.5,58.55264663696289
early,qiu2022,devmap,E6.5,E8.5-R2,0,4444,38216,E6.5,8.5,69.62248229980469
early,qiu2022,devmap,E6.5,E8.5-R2,1,4444,38216,E6.5,8.5,53.61137008666992
early,qiu2022,devmap,E6.5,E8.5-R2,2,4444,38216,E6.5,8.5,59.88691711425781
early,qiu2022,devmap,E6.5,E8.5-R2,3,4444,38216,E6.5,8.5,61.48813247680664
early,qiu2022,devmap,E6.5,E8.5-R2,4,4444,38216,E6.5,8.5,58.8837890625
early,qiu2022,devmap,E6.5,E8.5-R2,5,4444,38216,E6.5,8.5,60.336097717285156
early,qiu2022,devmap,E6.5,E8.5-R2,6,4444,38216,E6.5,8.5,60.890342712402344
early,qiu2022,devmap,E6.5,E8.5-R2,7,4444,38216,E6.5,8.5,54.9022216796875
early,qiu2022,devmap,E6.5,E8.5-R2,8,4444,38216,E6.5,8.5,47.97355651855469
early,qiu2022,devmap,E6.5,E8.5-R2,9,4444,38216,E6.5,8.5,55.55008316040039
early,qiu2022,devmap,E6.5,E8.5-R2,10,4444,38216,E6.5,8.5,53.78015899658203
early,qiu2022,devmap,E6.5,E8.5-R2,11,4444,38216,E6.5,8.5,62.98187255859375
early,qiu2022,devmap,E6.5,E8.5-R2,12,4444,38216,E6.5,8.5,56.08095932006836
early,qiu2022,devmap,E6.5,E8.5-R2,13,4444,38216,E6.5,8.5,60.14081573486328
early,qiu2022,devmap,E6.5,E8.5-R2,14,4444,38216,E6.5,8.5,54.115665435791016
early,qiu2022,devmap,E6.5,E8.5-R2,15,4444,38216,E6.5,8.5,54.92253875732422
early,qiu2022,devmap,E6.5,E8.5-R2,16,4444,38216,E6.5,8.5,56.86631774902344
early,qiu2022,devmap,E6.5,E8.5-R2,17,4444,38216,E6.5,8.5,60.49176025390625
early,qiu2022,devmap,E6.5,E8.5-R2,18,4444,38216,E6.5,8.5,62.61553192138672
early,qiu2022,devmap,E6.5,E8.5-R2,19,4444,38216,E6.5,8.5,60.366397857666016
early,qiu2022,devmap,E6.5,E8.5-R2,20,4444,38216,E6.5,8.5,45.674072265625
early,qiu2022,devmap,E6.5,E8.5-R2,21,4444,38216,E6.5,8.5,67.18812561035156
early,qiu2022,devmap,E6.5,E8.5-R2,22,4444,38216,E6.5,8.5,65.0146484375
early,qiu2022,devmap,E6.5,E8.5-R2,23,4444,38216,E6.5,8.5,62.280242919921875
early,qiu2022,devmap,E6.5,E8.5-R2,24,4444,38216,E6.5,8.5,48.125274658203125
early,qiu2022,devmap,E6.5,E8.5-R2,25,4444,38216,E6.5,8.5,47.89606475830078
early,qiu2022,devmap,E6.5,E8.5-R2,26,4444,38216,E6.5,8.5,70.50247192382812
early,qiu2022,devmap,E6.5,E8.5-R2,27,4444,38216,E6.5,8.5,50.336341857910156
early,qiu2022,devmap,E6.5,E8.5-R2,28,4444,38216,E6.5,8.5,65.40696716308594
early,qiu2022,devmap,E6.5,E8.5-R2,29,4444,38216,E6.5,8.5,58.56581497192383
early,qiu2022,devmap,E6.5,E8.5-R2,30,4444,38216,E6.5,8.5,55.991485595703125
early,qiu2022,devmap,E6.5,E8.5-R2,31,4444,38216,E6.5,8.5,63.37034606933594
early,qiu2022,devmap,E6.5,E8.5-R2,32,4444,38216,E6.5,8.5,49.31066131591797
early,qiu2022,devmap,E6.5,E8.5-R2,33,4444,38216,E6.5,8.5,74.33904266357422
early,qiu2022,devmap,E6.5,E8.5-R2,34,4444,38216,E6.5,8.5,68.60804748535156
early,qiu2022,devmap,E6.5,E8.5-R2,35,4444,38216,E6.5,8.5,52.48915100097656
early,qiu2022,devmap,E6.5,E8.5-R2,36,4444,38216,E6.5,8.5,69.4739990234375
early,qiu2022,devmap,E6.5,E8.5-R2,37,4444,38216,E6.5,8.5,59.738441467285156
early,qiu2022,devmap,E6.5,E8.5-R2,38,4444,38216,E6.5,8.5,59.47145080566406
early,qiu2022,devmap,E6.5,E8.5-R2,39,4444,38216,E6.5,8.5,61.30064392089844
early,qiu2022,devmap,E6.5,E8.5-R2,40,4444,38216,E6.5,8.5,56.94291305541992
early,qiu2022,devmap,E6.5,E8.5-R2,41,4444,38216,E6.5,8.5,59.175376892089844
early,qiu2022,devmap,E6.5,E8.5-R2,42,4444,38216,E6.5,8.5,53.70634078979492
early,qiu2022,devmap,E6.5,E8.5-R2,43,4444,38216,E6.5,8.5,41.38170623779297
early,qiu2022,devmap,E6.5,E8.5-R2,44,4444,38216,E6.5,8.5,50.64610290527344
early,qiu2022,devmap,E6.5,E8.5-R2,45,4444,38216,E6.5,8.5,62.276851654052734
early,qiu2022,devmap,E6.5,E8.5-R2,46,4444,38216,E6.5,8.5,47.89414978027344
early,qiu2022,devmap,E6.5,E8.5-R2,47,4444,38216,E6.5,8.5,58.568031311035156
early,qiu2022,devmap,E6.5,E8.5-R2,48,4444,38216,E6.5,8.5,46.996337890625
early,qiu2022,devmap,E6.5,E8.5-R2,49,4444,38216,E6.5,8.5,64.43431854248047
early,qiu2022,devmap,E6.5,E8.5-R3,0,4444,27743,E6.5,8.5,58.25629806518555
early,qiu2022,devmap,E6.5,E8.5-R3,1,4444,27743,E6.5,8.5,55.17048645019531
early,qiu2022,devmap,E6.5,E8.5-R3,2,4444,27743,E6.5,8.5,48.862831115722656
early,qiu2022,devmap,E6.5,E8.5-R3,3,4444,27743,E6.5,8.5,52.4173698425293
early,qiu2022,devmap,E6.5,E8.5-R3,4,4444,27743,E6.5,8.5,46.47065353393555
early,qiu2022,devmap,E6.5,E8.5-R3,5,4444,27743,E6.5,8.5,47.720436096191406
early,qiu2022,devmap,E6.5,E8.5-R3,6,4444,27743,E6.5,8.5,62.310821533203125
early,qiu2022,devmap,E6.5,E8.5-R3,7,4444,27743,E6.5,8.5,44.115150451660156
early,qiu2022,devmap,E6.5,E8.5-R3,8,4444,27743,E6.5,8.5,56.21743392944336
early,qiu2022,devmap,E6.5,E8.5-R3,9,4444,27743,E6.5,8.5,76.084716796875
early,qiu2022,devmap,E6.5,E8.5-R3,10,4444,27743,E6.5,8.5,46.101844787597656
early,qiu2022,devmap,E6.5,E8.5-R3,11,4444,27743,E6.5,8.5,58.905517578125
early,qiu2022,devmap,E6.5,E8.5-R3,12,4444,27743,E6.5,8.5,66.58189392089844
early,qiu2022,devmap,E6.5,E8.5-R3,13,4444,27743,E6.5,8.5,46.19450378417969
early,qiu2022,devmap,E6.5,E8.5-R3,14,4444,27743,E6.5,8.5,63.170753479003906
early,qiu2022,devmap,E6.5,E8.5-R3,15,4444,27743,E6.5,8.5,58.2509880065918
early,qiu2022,devmap,E6.5,E8.5-R3,16,4444,27743,E6.5,8.5,46.923912048339844
early,qiu2022,devmap,E6.5,E8.5-R3,17,4444,27743,E6.5,8.5,57.75115966796875
early,qiu2022,devmap,E6.5,E8.5-R3,18,4444,27743,E6.5,8.5,52.58195495605469
early,qiu2022,devmap,E6.5,E8.5-R3,19,4444,27743,E6.5,8.5,50.873016357421875
early,qiu2022,devmap,E6.5,E8.5-R3,20,4444,27743,E6.5,8.5,67.59672546386719
early,qiu2022,devmap,E6.5,E8.5-R3,21,4444,27743,E6.5,8.5,66.24519348144531
early,qiu2022,devmap,E6.5,E8.5-R3,22,4444,27743,E6.5,8.5,65.48629760742188
early,qiu2022,devmap,E6.5,E8.5-R3,23,4444,27743,E6.5,8.5,53.786781311035156
early,qiu2022,devmap,E6.5,E8.5-R3,24,4444,27743,E6.5,8.5,62.20519256591797
early,qiu2022,devmap,E6.5,E8.5-R3,25,4444,27743,E6.5,8.5,62.303611755371094
early,qiu2022,devmap,E6.5,E8.5-R3,26,4444,27743,E6.5,8.5,63.15660858154297
early,qiu2022,devmap,E6.5,E8.5-R3,27,4444,27743,E6.5,8.5,53.678680419921875
early,qiu2022,devmap,E6.5,E8.5-R3,28,4444,27743,E6.5,8.5,46.0911865234375
early,qiu2022,devmap,E6.5,E8.5-R3,29,4444,27743,E6.5,8.5,50.538761138916016
early,qiu2022,devmap,E6.5,E8.5-R3,30,4444,27743,E6.5,8.5,63.77543640136719
early,qiu2022,devmap,E6.5,E8.5-R3,31,4444,27743,E6.5,8.5,52.749778747558594
early,qiu2022,devmap,E6.5,E8.5-R3,32,4444,27743,E6.5,8.5,47.054168701171875
early,qiu2022,devmap,E6.5,E8.5-R3,33,4444,27743,E6.5,8.5,54.04158020019531
early,qiu2022,devmap,E6.5,E8.5-R3,34,4444,27743,E6.5,8.5,56.64411926269531
early,qiu2022,devmap,E6.5,E8.5-R3,35,4444,27743,E6.5,8.5,61.154624938964844
early,qiu2022,devmap,E6.5,E8.5-R3,36,4444,27743,E6.5,8.5,86.4778060913086
early,qiu2022,devmap,E6.5,E8.5-R3,37,4444,27743,E6.5,8.5,42.76603698730469
early,qiu2022,devmap,E6.5,E8.5-R3,38,4444,27743,E6.5,8.5,74.9576416015625
early,qiu2022,devmap,E6.5,E8.5-R3,39,4444,27743,E6.5,8.5,56.20841598510742
early,qiu2022,devmap,E6.5,E8.5-R3,40,4444,27743,E6.5,8.5,74.78836822509766
early,qiu2022,devmap,E6.5,E8.5-R3,41,4444,27743,E6.5,8.5,81.70486450195312
early,qiu2022,devmap,E6.5,E8.5-R3,42,4444,27743,E6.5,8.5,57.111602783203125
early,qiu2022,devmap,E6.5,E8.5-R3,43,4444,27743,E6.5,8.5,55.95119094848633
early,qiu2022,devmap,E6.5,E8.5-R3,44,4444,27743,E6.5,8.5,71.37944030761719
early,qiu2022,devmap,E6.5,E8.5-R3,45,4444,27743,E6.5,8.5,54.735069274902344
early,qiu2022,devmap,E6.5,E8.5-R3,46,4444,27743,E6.5,8.5,53.386932373046875
early,qiu2022,devmap,E6.5,E8.5-R3,47,4444,27743,E6.5,8.5,54.87413024902344
early,qiu2022,devmap,E6.5,E8.5-R3,48,4444,27743,E6.5,8.5,57.57052993774414
early,qiu2022,devmap,E6.5,E8.5-R3,49,4444,27743,E6.5,8.5,63.71778106689453
early,qiu2022,devmap,E6.75,E7.5-R1,0,2075,1342,E6.75,7.5,23.790393829345703
early,qiu2022,devmap,E6.75,E7.5-R1,1,2075,1342,E6.75,7.5,27.062990188598633
early,qiu2022,devmap,E6.75,E7.5-R1,2,2075,1342,E6.75,7.5,25.02128791809082
early,qiu2022,devmap,E6.75,E7.5-R1,3,2075,1342,E6.75,7.5,23.3408260345459
early,qiu2022,devmap,E6.75,E7.5-R1,4,2075,1342,E6.75,7.5,27.111900329589844
early,qiu2022,devmap,E6.75,E7.5-R1,5,2075,1342,E6.75,7.5,22.801380157470703
early,qiu2022,devmap,E6.75,E7.5-R1,6,2075,1342,E6.75,7.5,23.950504302978516
early,qiu2022,devmap,E6.75,E7.5-R1,7,2075,1342,E6.75,7.5,25.269262313842773
early,qiu2022,devmap,E6.75,E7.5-R1,8,2075,1342,E6.75,7.5,27.032302856445312
early,qiu2022,devmap,E6.75,E7.5-R1,9,2075,1342,E6.75,7.5,26.481168746948242
early,qiu2022,devmap,E6.75,E7.5-R1,10,2075,1342,E6.75,7.5,25.550079345703125
early,qiu2022,devmap,E6.75,E7.5-R1,11,2075,1342,E6.75,7.5,27.52016830444336
early,qiu2022,devmap,E6.75,E7.5-R1,12,2075,1342,E6.75,7.5,25.249706268310547
early,qiu2022,devmap,E6.75,E7.5-R1,13,2075,1342,E6.75,7.5,23.3734130859375
early,qiu2022,devmap,E6.75,E7.5-R1,14,2075,1342,E6.75,7.5,25.60807991027832
early,qiu2022,devmap,E6.75,E7.5-R1,15,2075,1342,E6.75,7.5,25.24764633178711
early,qiu2022,devmap,E6.75,E7.5-R1,16,2075,1342,E6.75,7.5,26.180646896362305
early,qiu2022,devmap,E6.75,E7.5-R1,17,2075,1342,E6.75,7.5,25.97006607055664
early,qiu2022,devmap,E6.75,E7.5-R1,18,2075,1342,E6.75,7.5,26.705406188964844
early,qiu2022,devmap,E6.75,E7.5-R1,19,2075,1342,E6.75,7.5,26.442514419555664
early,qiu2022,devmap,E6.75,E7.5-R1,20,2075,1342,E6.75,7.5,26.331315994262695
early,qiu2022,devmap,E6.75,E7.5-R1,21,2075,1342,E6.75,7.5,26.96094512939453
early,qiu2022,devmap,E6.75,E7.5-R1,22,2075,1342,E6.75,7.5,24.762290954589844
early,qiu2022,devmap,E6.75,E7.5-R1,23,2075,1342,E6.75,7.5,25.657169342041016
early,qiu2022,devmap,E6.75,E7.5-R1,24,2075,1342,E6.75,7.5,24.87948226928711
early,qiu2022,devmap,E6.75,E7.5-R1,25,2075,1342,E6.75,7.5,25.156646728515625
early,qiu2022,devmap,E6.75,E7.5-R1,26,2075,1342,E6.75,7.5,25.30013656616211
early,qiu2022,devmap,E6.75,E7.5-R1,27,2075,1342,E6.75,7.5,26.656139373779297
early,qiu2022,devmap,E6.75,E7.5-R1,28,2075,1342,E6.75,7.5,27.292190551757812
early,qiu2022,devmap,E6.75,E7.5-R1,29,2075,1342,E6.75,7.5,27.216398239135742
early,qiu2022,devmap,E6.75,E7.5-R1,30,2075,1342,E6.75,7.5,24.866283416748047
early,qiu2022,devmap,E6.75,E7.5-R1,31,2075,1342,E6.75,7.5,22.905357360839844
early,qiu2022,devmap,E6.75,E7.5-R1,32,2075,1342,E6.75,7.5,23.62978744506836
early,qiu2022,devmap,E6.75,E7.5-R1,33,2075,1342,E6.75,7.5,24.724946975708008
early,qiu2022,devmap,E6.75,E7.5-R1,34,2075,1342,E6.75,7.5,24.972076416015625
early,qiu2022,devmap,E6.75,E7.5-R1,35,2075,1342,E6.75,7.5,25.374279022216797
early,qiu2022,devmap,E6.75,E7.5-R1,36,2075,1342,E6.75,7.5,24.999170303344727
early,qiu2022,devmap,E6.75,E7.5-R1,37,2075,1342,E6.75,7.5,24.359848022460938
early,qiu2022,devmap,E6.75,E7.5-R1,38,2075,1342,E6.75,7.5,25.79581069946289
early,qiu2022,devmap,E6.75,E7.5-R1,39,2075,1342,E6.75,7.5,25.33592987060547
early,qiu2022,devmap,E6.75,E7.5-R1,40,2075,1342,E6.75,7.5,26.920902252197266
early,qiu2022,devmap,E6.75,E7.5-R1,41,2075,1342,E6.75,7.5,24.291637420654297
early,qiu2022,devmap,E6.75,E7.5-R1,42,2075,1342,E6.75,7.5,23.593807220458984
early,qiu2022,devmap,E6.75,E7.5-R1,43,2075,1342,E6.75,7.5,25.839920043945312
early,qiu2022,devmap,E6.75,E7.5-R1,44,2075,1342,E6.75,7.5,24.177352905273438
early,qiu2022,devmap,E6.75,E7.5-R1,45,2075,1342,E6.75,7.5,25.428945541381836
early,qiu2022,devmap,E6.75,E7.5-R1,46,2075,1342,E6.75,7.5,23.7918701171875
early,qiu2022,devmap,E6.75,E7.5-R1,47,2075,1342,E6.75,7.5,26.58030128479004
early,qiu2022,devmap,E6.75,E7.5-R1,48,2075,1342,E6.75,7.5,25.332969665527344
early,qiu2022,devmap,E6.75,E7.5-R1,49,2075,1342,E6.75,7.5,24.462533950805664
early,qiu2022,devmap,E6.75,E7.5-R2,0,2075,1838,E6.75,7.5,28.290979385375977
early,qiu2022,devmap,E6.75,E7.5-R2,1,2075,1838,E6.75,7.5,26.169017791748047
early,qiu2022,devmap,E6.75,E7.5-R2,2,2075,1838,E6.75,7.5,24.30295753479004
early,qiu2022,devmap,E6.75,E7.5-R2,3,2075,1838,E6.75,7.5,25.802417755126953
early,qiu2022,devmap,E6.75,E7.5-R2,4,2075,1838,E6.75,7.5,25.60257339477539
early,qiu2022,devmap,E6.75,E7.5-R2,5,2075,1838,E6.75,7.5,24.578506469726562
early,qiu2022,devmap,E6.75,E7.5-R2,6,2075,1838,E6.75,7.5,25.71727180480957
early,qiu2022,devmap,E6.75,E7.5-R2,7,2075,1838,E6.75,7.5,24.857440948486328
early,qiu2022,devmap,E6.75,E7.5-R2,8,2075,1838,E6.75,7.5,27.36416244506836
early,qiu2022,devmap,E6.75,E7.5-R2,9,2075,1838,E6.75,7.5,25.973217010498047
early,qiu2022,devmap,E6.75,E7.5-R2,10,2075,1838,E6.75,7.5,24.7716064453125
early,qiu2022,devmap,E6.75,E7.5-R2,11,2075,1838,E6.75,7.5,23.824777603149414
early,qiu2022,devmap,E6.75,E7.5-R2,12,2075,1838,E6.75,7.5,22.45555305480957
early,qiu2022,devmap,E6.75,E7.5-R2,13,2075,1838,E6.75,7.5,25.290409088134766
early,qiu2022,devmap,E6.75,E7.5-R2,14,2075,1838,E6.75,7.5,24.825712203979492
early,qiu2022,devmap,E6.75,E7.5-R2,15,2075,1838,E6.75,7.5,27.735811233520508
early,qiu2022,devmap,E6.75,E7.5-R2,16,2075,1838,E6.75,7.5,26.596534729003906
early,qiu2022,devmap,E6.75,E7.5-R2,17,2075,1838,E6.75,7.5,24.262840270996094
early,qiu2022,devmap,E6.75,E7.5-R2,18,2075,1838,E6.75,7.5,26.335811614990234
early,qiu2022,devmap,E6.75,E7.5-R2,19,2075,1838,E6.75,7.5,26.241989135742188
early,qiu2022,devmap,E6.75,E7.5-R2,20,2075,1838,E6.75,7.5,25.65938949584961
early,qiu2022,devmap,E6.75,E7.5-R2,21,2075,1838,E6.75,7.5,26.64055061340332
early,qiu2022,devmap,E6.75,E7.5-R2,22,2075,1838,E6.75,7.5,25.21986198425293
early,qiu2022,devmap,E6.75,E7.5-R2,23,2075,1838,E6.75,7.5,24.576915740966797
early,qiu2022,devmap,E6.75,E7.5-R2,24,2075,1838,E6.75,7.5,24.43402862548828
early,qiu2022,devmap,E6.75,E7.5-R2,25,2075,1838,E6.75,7.5,24.896564483642578
early,qiu2022,devmap,E6.75,E7.5-R2,26,2075,1838,E6.75,7.5,26.086360931396484
early,qiu2022,devmap,E6.75,E7.5-R2,27,2075,1838,E6.75,7.5,26.839622497558594
early,qiu2022,devmap,E6.75,E7.5-R2,28,2075,1838,E6.75,7.5,24.52012825012207
early,qiu2022,devmap,E6.75,E7.5-R2,29,2075,1838,E6.75,7.5,25.26963233947754
early,qiu2022,devmap,E6.75,E7.5-R2,30,2075,1838,E6.75,7.5,25.126548767089844
early,qiu2022,devmap,E6.75,E7.5-R2,31,2075,1838,E6.75,7.5,25.657224655151367
early,qiu2022,devmap,E6.75,E7.5-R2,32,2075,1838,E6.75,7.5,24.291675567626953
early,qiu2022,devmap,E6.75,E7.5-R2,33,2075,1838,E6.75,7.5,25.216144561767578
early,qiu2022,devmap,E6.75,E7.5-R2,34,2075,1838,E6.75,7.5,25.014053344726562
early,qiu2022,devmap,E6.75,E7.5-R2,35,2075,1838,E6.75,7.5,25.461917877197266
early,qiu2022,devmap,E6.75,E7.5-R2,36,2075,1838,E6.75,7.5,25.92913246154785
early,qiu2022,devmap,E6.75,E7.5-R2,37,2075,1838,E6.75,7.5,24.544639587402344
early,qiu2022,devmap,E6.75,E7.5-R2,38,2075,1838,E6.75,7.5,25.319950103759766
early,qiu2022,devmap,E6.75,E7.5-R2,39,2075,1838,E6.75,7.5,25.097288131713867
early,qiu2022,devmap,E6.75,E7.5-R2,40,2075,1838,E6.75,7.5,27.603534698486328
early,qiu2022,devmap,E6.75,E7.5-R2,41,2075,1838,E6.75,7.5,26.556716918945312
early,qiu2022,devmap,E6.75,E7.5-R2,42,2075,1838,E6.75,7.5,25.193212509155273
early,qiu2022,devmap,E6.75,E7.5-R2,43,2075,1838,E6.75,7.5,24.977191925048828
early,qiu2022,devmap,E6.75,E7.5-R2,44,2075,1838,E6.75,7.5,26.20554542541504
early,qiu2022,devmap,E6.75,E7.5-R2,45,2075,1838,E6.75,7.5,26.39020538330078
early,qiu2022,devmap,E6.75,E7.5-R2,46,2075,1838,E6.75,7.5,25.46399688720703
early,qiu2022,devmap,E6.75,E7.5-R2,47,2075,1838,E6.75,7.5,27.078201293945312
early,qiu2022,devmap,E6.75,E7.5-R2,48,2075,1838,E6.75,7.5,27.196781158447266
early,qiu2022,devmap,E6.75,E7.5-R2,49,2075,1838,E6.75,7.5,23.684833526611328
early,qiu2022,devmap,E6.75,E7.5-R3,0,2075,1468,E6.75,7.5,26.357345581054688
early,qiu2022,devmap,E6.75,E7.5-R3,1,2075,1468,E6.75,7.5,25.423847198486328
early,qiu2022,devmap,E6.75,E7.5-R3,2,2075,1468,E6.75,7.5,26.493942260742188
early,qiu2022,devmap,E6.75,E7.5-R3,3,2075,1468,E6.75,7.5,27.979572296142578
early,qiu2022,devmap,E6.75,E7.5-R3,4,2075,1468,E6.75,7.5,27.792743682861328
early,qiu2022,devmap,E6.75,E7.5-R3,5,2075,1468,E6.75,7.5,26.068340301513672
early,qiu2022,devmap,E6.75,E7.5-R3,6,2075,1468,E6.75,7.5,25.714500427246094
early,qiu2022,devmap,E6.75,E7.5-R3,7,2075,1468,E6.75,7.5,24.285263061523438
early,qiu2022,devmap,E6.75,E7.5-R3,8,2075,1468,E6.75,7.5,23.09873390197754
early,qiu2022,devmap,E6.75,E7.5-R3,9,2075,1468,E6.75,7.5,27.809362411499023
early,qiu2022,devmap,E6.75,E7.5-R3,10,2075,1468,E6.75,7.5,24.064167022705078
early,qiu2022,devmap,E6.75,E7.5-R3,11,2075,1468,E6.75,7.5,22.786785125732422
early,qiu2022,devmap,E6.75,E7.5-R3,12,2075,1468,E6.75,7.5,26.8371639251709
early,qiu2022,devmap,E6.75,E7.5-R3,13,2075,1468,E6.75,7.5,27.214740753173828
early,qiu2022,devmap,E6.75,E7.5-R3,14,2075,1468,E6.75,7.5,25.551841735839844
early,qiu2022,devmap,E6.75,E7.5-R3,15,2075,1468,E6.75,7.5,24.52880096435547
early,qiu2022,devmap,E6.75,E7.5-R3,16,2075,1468,E6.75,7.5,25.84502410888672
early,qiu2022,devmap,E6.75,E7.5-R3,17,2075,1468,E6.75,7.5,26.89654541015625
early,qiu2022,devmap,E6.75,E7.5-R3,18,2075,1468,E6.75,7.5,25.824636459350586
early,qiu2022,devmap,E6.75,E7.5-R3,19,2075,1468,E6.75,7.5,23.390491485595703
early,qiu2022,devmap,E6.75,E7.5-R3,20,2075,1468,E6.75,7.5,26.051799774169922
early,qiu2022,devmap,E6.75,E7.5-R3,21,2075,1468,E6.75,7.5,24.234737396240234
early,qiu2022,devmap,E6.75,E7.5-R3,22,2075,1468,E6.75,7.5,26.044696807861328
early,qiu2022,devmap,E6.75,E7.5-R3,23,2075,1468,E6.75,7.5,25.10405731201172
early,qiu2022,devmap,E6.75,E7.5-R3,24,2075,1468,E6.75,7.5,25.018205642700195
early,qiu2022,devmap,E6.75,E7.5-R3,25,2075,1468,E6.75,7.5,24.71842384338379
early,qiu2022,devmap,E6.75,E7.5-R3,26,2075,1468,E6.75,7.5,25.329383850097656
early,qiu2022,devmap,E6.75,E7.5-R3,27,2075,1468,E6.75,7.5,26.799943923950195
early,qiu2022,devmap,E6.75,E7.5-R3,28,2075,1468,E6.75,7.5,24.69854736328125
early,qiu2022,devmap,E6.75,E7.5-R3,29,2075,1468,E6.75,7.5,25.429454803466797
early,qiu2022,devmap,E6.75,E7.5-R3,30,2075,1468,E6.75,7.5,26.811450958251953
early,qiu2022,devmap,E6.75,E7.5-R3,31,2075,1468,E6.75,7.5,24.573402404785156
early,qiu2022,devmap,E6.75,E7.5-R3,32,2075,1468,E6.75,7.5,26.690589904785156
early,qiu2022,devmap,E6.75,E7.5-R3,33,2075,1468,E6.75,7.5,25.28479766845703
early,qiu2022,devmap,E6.75,E7.5-R3,34,2075,1468,E6.75,7.5,25.856067657470703
early,qiu2022,devmap,E6.75,E7.5-R3,35,2075,1468,E6.75,7.5,26.41469955444336
early,qiu2022,devmap,E6.75,E7.5-R3,36,2075,1468,E6.75,7.5,23.699777603149414
early,qiu2022,devmap,E6.75,E7.5-R3,37,2075,1468,E6.75,7.5,26.69869613647461
early,qiu2022,devmap,E6.75,E7.5-R3,38,2075,1468,E6.75,7.5,24.075977325439453
early,qiu2022,devmap,E6.75,E7.5-R3,39,2075,1468,E6.75,7.5,26.314884185791016
early,qiu2022,devmap,E6.75,E7.5-R3,40,2075,1468,E6.75,7.5,26.094608306884766
early,qiu2022,devmap,E6.75,E7.5-R3,41,2075,1468,E6.75,7.5,27.046573638916016
early,qiu2022,devmap,E6.75,E7.5-R3,42,2075,1468,E6.75,7.5,26.311235427856445
early,qiu2022,devmap,E6.75,E7.5-R3,43,2075,1468,E6.75,7.5,24.324382781982422
early,qiu2022,devmap,E6.75,E7.5-R3,44,2075,1468,E6.75,7.5,26.18569564819336
early,qiu2022,devmap,E6.75,E7.5-R3,45,2075,1468,E6.75,7.5,25.81711769104004
early,qiu2022,devmap,E6.75,E7.5-R3,46,2075,1468,E6.75,7.5,25.465171813964844
early,qiu2022,devmap,E6.75,E7.5-R3,47,2075,1468,E6.75,7.5,26.470088958740234
early,qiu2022,devmap,E6.75,E7.5-R3,48,2075,1468,E6.75,7.5,26.058826446533203
early,qiu2022,devmap,E6.75,E7.5-R3,49,2075,1468,E6.75,7.5,26.9156436920166
early,qiu2022,devmap,E6.75,E8.0-R1,0,2075,4498,E6.75,8.0,25.678577423095703
early,qiu2022,devmap,E6.75,E8.0-R1,1,2075,4498,E6.75,8.0,24.781967163085938
early,qiu2022,devmap,E6.75,E8.0-R1,2,2075,4498,E6.75,8.0,24.945716857910156
early,qiu2022,devmap,E6.75,E8.0-R1,3,2075,4498,E6.75,8.0,25.700082778930664
early,qiu2022,devmap,E6.75,E8.0-R1,4,2075,4498,E6.75,8.0,24.97630500793457
early,qiu2022,devmap,E6.75,E8.0-R1,5,2075,4498,E6.75,8.0,25.87903594970703
early,qiu2022,devmap,E6.75,E8.0-R1,6,2075,4498,E6.75,8.0,26.036535263061523
early,qiu2022,devmap,E6.75,E8.0-R1,7,2075,4498,E6.75,8.0,26.10595703125
early,qiu2022,devmap,E6.75,E8.0-R1,8,2075,4498,E6.75,8.0,25.399484634399414
early,qiu2022,devmap,E6.75,E8.0-R1,9,2075,4498,E6.75,8.0,24.38425064086914
early,qiu2022,devmap,E6.75,E8.0-R1,10,2075,4498,E6.75,8.0,24.930606842041016
early,qiu2022,devmap,E6.75,E8.0-R1,11,2075,4498,E6.75,8.0,25.69986343383789
early,qiu2022,devmap,E6.75,E8.0-R1,12,2075,4498,E6.75,8.0,24.909486770629883
early,qiu2022,devmap,E6.75,E8.0-R1,13,2075,4498,E6.75,8.0,25.370471954345703
early,qiu2022,devmap,E6.75,E8.0-R1,14,2075,4498,E6.75,8.0,24.754127502441406
early,qiu2022,devmap,E6.75,E8.0-R1,15,2075,4498,E6.75,8.0,26.53118324279785
early,qiu2022,devmap,E6.75,E8.0-R1,16,2075,4498,E6.75,8.0,25.395477294921875
early,qiu2022,devmap,E6.75,E8.0-R1,17,2075,4498,E6.75,8.0,25.30859375
early,qiu2022,devmap,E6.75,E8.0-R1,18,2075,4498,E6.75,8.0,25.799896240234375
early,qiu2022,devmap,E6.75,E8.0-R1,19,2075,4498,E6.75,8.0,25.978431701660156
early,qiu2022,devmap,E6.75,E8.0-R1,20,2075,4498,E6.75,8.0,25.459075927734375
early,qiu2022,devmap,E6.75,E8.0-R1,21,2075,4498,E6.75,8.0,25.61690902709961
early,qiu2022,devmap,E6.75,E8.0-R1,22,2075,4498,E6.75,8.0,25.01581382751465
early,qiu2022,devmap,E6.75,E8.0-R1,23,2075,4498,E6.75,8.0,24.759197235107422
early,qiu2022,devmap,E6.75,E8.0-R1,24,2075,4498,E6.75,8.0,25.019020080566406
early,qiu2022,devmap,E6.75,E8.0-R1,25,2075,4498,E6.75,8.0,24.507164001464844
early,qiu2022,devmap,E6.75,E8.0-R1,26,2075,4498,E6.75,8.0,26.354902267456055
early,qiu2022,devmap,E6.75,E8.0-R1,27,2075,4498,E6.75,8.0,24.517719268798828
early,qiu2022,devmap,E6.75,E8.0-R1,28,2075,4498,E6.75,8.0,26.42059326171875
early,qiu2022,devmap,E6.75,E8.0-R1,29,2075,4498,E6.75,8.0,24.659889221191406
early,qiu2022,devmap,E6.75,E8.0-R1,30,2075,4498,E6.75,8.0,25.665327072143555
early,qiu2022,devmap,E6.75,E8.0-R1,31,2075,4498,E6.75,8.0,26.153114318847656
early,qiu2022,devmap,E6.75,E8.0-R1,32,2075,4498,E6.75,8.0,24.96332550048828
early,qiu2022,devmap,E6.75,E8.0-R1,33,2075,4498,E6.75,8.0,24.16583251953125
early,qiu2022,devmap,E6.75,E8.0-R1,34,2075,4498,E6.75,8.0,26.290184020996094
early,qiu2022,devmap,E6.75,E8.0-R1,35,2075,4498,E6.75,8.0,24.355899810791016
early,qiu2022,devmap,E6.75,E8.0-R1,36,2075,4498,E6.75,8.0,24.144128799438477
early,qiu2022,devmap,E6.75,E8.0-R1,37,2075,4498,E6.75,8.0,24.497663497924805
early,qiu2022,devmap,E6.75,E8.0-R1,38,2075,4498,E6.75,8.0,26.032426834106445
early,qiu2022,devmap,E6.75,E8.0-R1,39,2075,4498,E6.75,8.0,26.996421813964844
early,qiu2022,devmap,E6.75,E8.0-R1,40,2075,4498,E6.75,8.0,25.654399871826172
early,qiu2022,devmap,E6.75,E8.0-R1,41,2075,4498,E6.75,8.0,26.01066017150879
early,qiu2022,devmap,E6.75,E8.0-R1,42,2075,4498,E6.75,8.0,26.234012603759766
early,qiu2022,devmap,E6.75,E8.0-R1,43,2075,4498,E6.75,8.0,24.671295166015625
early,qiu2022,devmap,E6.75,E8.0-R1,44,2075,4498,E6.75,8.0,25.94570541381836
early,qiu2022,devmap,E6.75,E8.0-R1,45,2075,4498,E6.75,8.0,25.387161254882812
early,qiu2022,devmap,E6.75,E8.0-R1,46,2075,4498,E6.75,8.0,24.902233123779297
early,qiu2022,devmap,E6.75,E8.0-R1,47,2075,4498,E6.75,8.0,25.225833892822266
early,qiu2022,devmap,E6.75,E8.0-R1,48,2075,4498,E6.75,8.0,24.735496520996094
early,qiu2022,devmap,E6.75,E8.0-R1,49,2075,4498,E6.75,8.0,25.450550079345703
early,qiu2022,devmap,E6.75,E8.0-R2,0,2075,10681,E6.75,8.0,27.348731994628906
early,qiu2022,devmap,E6.75,E8.0-R2,1,2075,10681,E6.75,8.0,26.702939987182617
early,qiu2022,devmap,E6.75,E8.0-R2,2,2075,10681,E6.75,8.0,28.343507766723633
early,qiu2022,devmap,E6.75,E8.0-R2,3,2075,10681,E6.75,8.0,26.74052619934082
early,qiu2022,devmap,E6.75,E8.0-R2,4,2075,10681,E6.75,8.0,27.47115135192871
early,qiu2022,devmap,E6.75,E8.0-R2,5,2075,10681,E6.75,8.0,27.978069305419922
early,qiu2022,devmap,E6.75,E8.0-R2,6,2075,10681,E6.75,8.0,27.498775482177734
early,qiu2022,devmap,E6.75,E8.0-R2,7,2075,10681,E6.75,8.0,27.24173355102539
early,qiu2022,devmap,E6.75,E8.0-R2,8,2075,10681,E6.75,8.0,27.37697410583496
early,qiu2022,devmap,E6.75,E8.0-R2,9,2075,10681,E6.75,8.0,27.385311126708984
early,qiu2022,devmap,E6.75,E8.0-R2,10,2075,10681,E6.75,8.0,27.770076751708984
early,qiu2022,devmap,E6.75,E8.0-R2,11,2075,10681,E6.75,8.0,27.418245315551758
early,qiu2022,devmap,E6.75,E8.0-R2,12,2075,10681,E6.75,8.0,26.977027893066406
early,qiu2022,devmap,E6.75,E8.0-R2,13,2075,10681,E6.75,8.0,27.73501968383789
early,qiu2022,devmap,E6.75,E8.0-R2,14,2075,10681,E6.75,8.0,27.05856704711914
early,qiu2022,devmap,E6.75,E8.0-R2,15,2075,10681,E6.75,8.0,26.756210327148438
early,qiu2022,devmap,E6.75,E8.0-R2,16,2075,10681,E6.75,8.0,27.260997772216797
early,qiu2022,devmap,E6.75,E8.0-R2,17,2075,10681,E6.75,8.0,26.655132293701172
early,qiu2022,devmap,E6.75,E8.0-R2,18,2075,10681,E6.75,8.0,27.118045806884766
early,qiu2022,devmap,E6.75,E8.0-R2,19,2075,10681,E6.75,8.0,26.135662078857422
early,qiu2022,devmap,E6.75,E8.0-R2,20,2075,10681,E6.75,8.0,26.888107299804688
early,qiu2022,devmap,E6.75,E8.0-R2,21,2075,10681,E6.75,8.0,28.16277313232422
early,qiu2022,devmap,E6.75,E8.0-R2,22,2075,10681,E6.75,8.0,27.07002067565918
early,qiu2022,devmap,E6.75,E8.0-R2,23,2075,10681,E6.75,8.0,26.974639892578125
early,qiu2022,devmap,E6.75,E8.0-R2,24,2075,10681,E6.75,8.0,26.445512771606445
early,qiu2022,devmap,E6.75,E8.0-R2,25,2075,10681,E6.75,8.0,27.404510498046875
early,qiu2022,devmap,E6.75,E8.0-R2,26,2075,10681,E6.75,8.0,26.955135345458984
early,qiu2022,devmap,E6.75,E8.0-R2,27,2075,10681,E6.75,8.0,27.548377990722656
early,qiu2022,devmap,E6.75,E8.0-R2,28,2075,10681,E6.75,8.0,26.943889617919922
early,qiu2022,devmap,E6.75,E8.0-R2,29,2075,10681,E6.75,8.0,27.25369644165039
early,qiu2022,devmap,E6.75,E8.0-R2,30,2075,10681,E6.75,8.0,26.65146255493164
early,qiu2022,devmap,E6.75,E8.0-R2,31,2075,10681,E6.75,8.0,26.97983169555664
early,qiu2022,devmap,E6.75,E8.0-R2,32,2075,10681,E6.75,8.0,27.000404357910156
early,qiu2022,devmap,E6.75,E8.0-R2,33,2075,10681,E6.75,8.0,27.218664169311523
early,qiu2022,devmap,E6.75,E8.0-R2,34,2075,10681,E6.75,8.0,27.390670776367188
early,qiu2022,devmap,E6.75,E8.0-R2,35,2075,10681,E6.75,8.0,27.713451385498047
early,qiu2022,devmap,E6.75,E8.0-R2,36,2075,10681,E6.75,8.0,28.04345703125
early,qiu2022,devmap,E6.75,E8.0-R2,37,2075,10681,E6.75,8.0,27.98238754272461
early,qiu2022,devmap,E6.75,E8.0-R2,38,2075,10681,E6.75,8.0,28.574359893798828
early,qiu2022,devmap,E6.75,E8.0-R2,39,2075,10681,E6.75,8.0,28.024499893188477
early,qiu2022,devmap,E6.75,E8.0-R2,40,2075,10681,E6.75,8.0,26.744779586791992
early,qiu2022,devmap,E6.75,E8.0-R2,41,2075,10681,E6.75,8.0,27.393234252929688
early,qiu2022,devmap,E6.75,E8.0-R2,42,2075,10681,E6.75,8.0,27.12010955810547
early,qiu2022,devmap,E6.75,E8.0-R2,43,2075,10681,E6.75,8.0,27.725494384765625
early,qiu2022,devmap,E6.75,E8.0-R2,44,2075,10681,E6.75,8.0,27.50749969482422
early,qiu2022,devmap,E6.75,E8.0-R2,45,2075,10681,E6.75,8.0,27.33491325378418
early,qiu2022,devmap,E6.75,E8.0-R2,46,2075,10681,E6.75,8.0,28.06324005126953
early,qiu2022,devmap,E6.75,E8.0-R2,47,2075,10681,E6.75,8.0,27.334583282470703
early,qiu2022,devmap,E6.75,E8.0-R2,48,2075,10681,E6.75,8.0,27.312822341918945
early,qiu2022,devmap,E6.75,E8.0-R2,49,2075,10681,E6.75,8.0,27.45016860961914
early,qiu2022,devmap,E6.75,E8.0-R3,0,2075,6763,E6.75,8.0,25.996963500976562
early,qiu2022,devmap,E6.75,E8.0-R3,1,2075,6763,E6.75,8.0,27.316715240478516
early,qiu2022,devmap,E6.75,E8.0-R3,2,2075,6763,E6.75,8.0,25.17011070251465
early,qiu2022,devmap,E6.75,E8.0-R3,3,2075,6763,E6.75,8.0,25.62865447998047
early,qiu2022,devmap,E6.75,E8.0-R3,4,2075,6763,E6.75,8.0,25.51442527770996
early,qiu2022,devmap,E6.75,E8.0-R3,5,2075,6763,E6.75,8.0,25.953500747680664
early,qiu2022,devmap,E6.75,E8.0-R3,6,2075,6763,E6.75,8.0,25.38805389404297
early,qiu2022,devmap,E6.75,E8.0-R3,7,2075,6763,E6.75,8.0,26.615806579589844
early,qiu2022,devmap,E6.75,E8.0-R3,8,2075,6763,E6.75,8.0,26.737985610961914
early,qiu2022,devmap,E6.75,E8.0-R3,9,2075,6763,E6.75,8.0,26.002044677734375
early,qiu2022,devmap,E6.75,E8.0-R3,10,2075,6763,E6.75,8.0,26.113204956054688
early,qiu2022,devmap,E6.75,E8.0-R3,11,2075,6763,E6.75,8.0,25.59241485595703
early,qiu2022,devmap,E6.75,E8.0-R3,12,2075,6763,E6.75,8.0,25.967533111572266
early,qiu2022,devmap,E6.75,E8.0-R3,13,2075,6763,E6.75,8.0,26.869182586669922
early,qiu2022,devmap,E6.75,E8.0-R3,14,2075,6763,E6.75,8.0,26.294055938720703
early,qiu2022,devmap,E6.75,E8.0-R3,15,2075,6763,E6.75,8.0,26.270490646362305
early,qiu2022,devmap,E6.75,E8.0-R3,16,2075,6763,E6.75,8.0,25.295061111450195
early,qiu2022,devmap,E6.75,E8.0-R3,17,2075,6763,E6.75,8.0,25.620574951171875
early,qiu2022,devmap,E6.75,E8.0-R3,18,2075,6763,E6.75,8.0,26.140789031982422
early,qiu2022,devmap,E6.75,E8.0-R3,19,2075,6763,E6.75,8.0,26.25629425048828
early,qiu2022,devmap,E6.75,E8.0-R3,20,2075,6763,E6.75,8.0,26.898571014404297
early,qiu2022,devmap,E6.75,E8.0-R3,21,2075,6763,E6.75,8.0,27.25005531311035
early,qiu2022,devmap,E6.75,E8.0-R3,22,2075,6763,E6.75,8.0,26.3145809173584
early,qiu2022,devmap,E6.75,E8.0-R3,23,2075,6763,E6.75,8.0,26.19589614868164
early,qiu2022,devmap,E6.75,E8.0-R3,24,2075,6763,E6.75,8.0,25.111499786376953
early,qiu2022,devmap,E6.75,E8.0-R3,25,2075,6763,E6.75,8.0,27.19829559326172
early,qiu2022,devmap,E6.75,E8.0-R3,26,2075,6763,E6.75,8.0,25.95643424987793
early,qiu2022,devmap,E6.75,E8.0-R3,27,2075,6763,E6.75,8.0,26.091251373291016
early,qiu2022,devmap,E6.75,E8.0-R3,28,2075,6763,E6.75,8.0,25.41162109375
early,qiu2022,devmap,E6.75,E8.0-R3,29,2075,6763,E6.75,8.0,26.194229125976562
early,qiu2022,devmap,E6.75,E8.0-R3,30,2075,6763,E6.75,8.0,25.435579299926758
early,qiu2022,devmap,E6.75,E8.0-R3,31,2075,6763,E6.75,8.0,25.889997482299805
early,qiu2022,devmap,E6.75,E8.0-R3,32,2075,6763,E6.75,8.0,25.775156021118164
early,qiu2022,devmap,E6.75,E8.0-R3,33,2075,6763,E6.75,8.0,26.697710037231445
early,qiu2022,devmap,E6.75,E8.0-R3,34,2075,6763,E6.75,8.0,25.85628890991211
early,qiu2022,devmap,E6.75,E8.0-R3,35,2075,6763,E6.75,8.0,26.207937240600586
early,qiu2022,devmap,E6.75,E8.0-R3,36,2075,6763,E6.75,8.0,26.795162200927734
early,qiu2022,devmap,E6.75,E8.0-R3,37,2075,6763,E6.75,8.0,26.08860969543457
early,qiu2022,devmap,E6.75,E8.0-R3,38,2075,6763,E6.75,8.0,25.3585147857666
early,qiu2022,devmap,E6.75,E8.0-R3,39,2075,6763,E6.75,8.0,26.636199951171875
early,qiu2022,devmap,E6.75,E8.0-R3,40,2075,6763,E6.75,8.0,25.69634437561035
early,qiu2022,devmap,E6.75,E8.0-R3,41,2075,6763,E6.75,8.0,25.88549041748047
early,qiu2022,devmap,E6.75,E8.0-R3,42,2075,6763,E6.75,8.0,25.76483154296875
early,qiu2022,devmap,E6.75,E8.0-R3,43,2075,6763,E6.75,8.0,26.563594818115234
early,qiu2022,devmap,E6.75,E8.0-R3,44,2075,6763,E6.75,8.0,26.188398361206055
early,qiu2022,devmap,E6.75,E8.0-R3,45,2075,6763,E6.75,8.0,26.9157657623291
early,qiu2022,devmap,E6.75,E8.0-R3,46,2075,6763,E6.75,8.0,26.39217185974121
early,qiu2022,devmap,E6.75,E8.0-R3,47,2075,6763,E6.75,8.0,26.752792358398438
early,qiu2022,devmap,E6.75,E8.0-R3,48,2075,6763,E6.75,8.0,26.9333438873291
early,qiu2022,devmap,E6.75,E8.0-R3,49,2075,6763,E6.75,8.0,26.025253295898438
early,qiu2022,devmap,E6.75,E8.5-R1,0,2075,23435,E6.75,8.5,30.131038665771484
early,qiu2022,devmap,E6.75,E8.5-R1,1,2075,23435,E6.75,8.5,30.028663635253906
early,qiu2022,devmap,E6.75,E8.5-R1,2,2075,23435,E6.75,8.5,30.989953994750977
early,qiu2022,devmap,E6.75,E8.5-R1,3,2075,23435,E6.75,8.5,30.258026123046875
early,qiu2022,devmap,E6.75,E8.5-R1,4,2075,23435,E6.75,8.5,30.87706756591797
early,qiu2022,devmap,E6.75,E8.5-R1,5,2075,23435,E6.75,8.5,29.48194694519043
early,qiu2022,devmap,E6.75,E8.5-R1,6,2075,23435,E6.75,8.5,30.780792236328125
early,qiu2022,devmap,E6.75,E8.5-R1,7,2075,23435,E6.75,8.5,30.792343139648438
early,qiu2022,devmap,E6.75,E8.5-R1,8,2075,23435,E6.75,8.5,29.312816619873047
early,qiu2022,devmap,E6.75,E8.5-R1,9,2075,23435,E6.75,8.5,30.525005340576172
early,qiu2022,devmap,E6.75,E8.5-R1,10,2075,23435,E6.75,8.5,30.286434173583984
early,qiu2022,devmap,E6.75,E8.5-R1,11,2075,23435,E6.75,8.5,30.214387893676758
early,qiu2022,devmap,E6.75,E8.5-R1,12,2075,23435,E6.75,8.5,30.021072387695312
early,qiu2022,devmap,E6.75,E8.5-R1,13,2075,23435,E6.75,8.5,30.208072662353516
early,qiu2022,devmap,E6.75,E8.5-R1,14,2075,23435,E6.75,8.5,30.646987915039062
early,qiu2022,devmap,E6.75,E8.5-R1,15,2075,23435,E6.75,8.5,30.283370971679688
early,qiu2022,devmap,E6.75,E8.5-R1,16,2075,23435,E6.75,8.5,29.644084930419922
early,qiu2022,devmap,E6.75,E8.5-R1,17,2075,23435,E6.75,8.5,30.699445724487305
early,qiu2022,devmap,E6.75,E8.5-R1,18,2075,23435,E6.75,8.5,30.423437118530273
early,qiu2022,devmap,E6.75,E8.5-R1,19,2075,23435,E6.75,8.5,30.80774688720703
early,qiu2022,devmap,E6.75,E8.5-R1,20,2075,23435,E6.75,8.5,30.742576599121094
early,qiu2022,devmap,E6.75,E8.5-R1,21,2075,23435,E6.75,8.5,30.273902893066406
early,qiu2022,devmap,E6.75,E8.5-R1,22,2075,23435,E6.75,8.5,30.68606185913086
early,qiu2022,devmap,E6.75,E8.5-R1,23,2075,23435,E6.75,8.5,29.766918182373047
early,qiu2022,devmap,E6.75,E8.5-R1,24,2075,23435,E6.75,8.5,29.992755889892578
early,qiu2022,devmap,E6.75,E8.5-R1,25,2075,23435,E6.75,8.5,30.807052612304688
early,qiu2022,devmap,E6.75,E8.5-R1,26,2075,23435,E6.75,8.5,30.86030387878418
early,qiu2022,devmap,E6.75,E8.5-R1,27,2075,23435,E6.75,8.5,30.898269653320312
early,qiu2022,devmap,E6.75,E8.5-R1,28,2075,23435,E6.75,8.5,29.937454223632812
early,qiu2022,devmap,E6.75,E8.5-R1,29,2075,23435,E6.75,8.5,30.983139038085938
early,qiu2022,devmap,E6.75,E8.5-R1,30,2075,23435,E6.75,8.5,30.4659423828125
early,qiu2022,devmap,E6.75,E8.5-R1,31,2075,23435,E6.75,8.5,31.03660774230957
early,qiu2022,devmap,E6.75,E8.5-R1,32,2075,23435,E6.75,8.5,30.715049743652344
early,qiu2022,devmap,E6.75,E8.5-R1,33,2075,23435,E6.75,8.5,30.573711395263672
early,qiu2022,devmap,E6.75,E8.5-R1,34,2075,23435,E6.75,8.5,30.948509216308594
early,qiu2022,devmap,E6.75,E8.5-R1,35,2075,23435,E6.75,8.5,30.374183654785156
early,qiu2022,devmap,E6.75,E8.5-R1,36,2075,23435,E6.75,8.5,30.909412384033203
early,qiu2022,devmap,E6.75,E8.5-R1,37,2075,23435,E6.75,8.5,30.619998931884766
early,qiu2022,devmap,E6.75,E8.5-R1,38,2075,23435,E6.75,8.5,29.99722671508789
early,qiu2022,devmap,E6.75,E8.5-R1,39,2075,23435,E6.75,8.5,30.590007781982422
early,qiu2022,devmap,E6.75,E8.5-R1,40,2075,23435,E6.75,8.5,30.327104568481445
early,qiu2022,devmap,E6.75,E8.5-R1,41,2075,23435,E6.75,8.5,30.495807647705078
early,qiu2022,devmap,E6.75,E8.5-R1,42,2075,23435,E6.75,8.5,29.897737503051758
early,qiu2022,devmap,E6.75,E8.5-R1,43,2075,23435,E6.75,8.5,30.146255493164062
early,qiu2022,devmap,E6.75,E8.5-R1,44,2075,23435,E6.75,8.5,30.287391662597656
early,qiu2022,devmap,E6.75,E8.5-R1,45,2075,23435,E6.75,8.5,30.40900421142578
early,qiu2022,devmap,E6.75,E8.5-R1,46,2075,23435,E6.75,8.5,30.56235694885254
early,qiu2022,devmap,E6.75,E8.5-R1,47,2075,23435,E6.75,8.5,30.525259017944336
early,qiu2022,devmap,E6.75,E8.5-R1,48,2075,23435,E6.75,8.5,29.517093658447266
early,qiu2022,devmap,E6.75,E8.5-R1,49,2075,23435,E6.75,8.5,29.700363159179688
early,qiu2022,devmap,E6.75,E8.5-R2,0,2075,38216,E6.75,8.5,30.88361358642578
early,qiu2022,devmap,E6.75,E8.5-R2,1,2075,38216,E6.75,8.5,29.913084030151367
early,qiu2022,devmap,E6.75,E8.5-R2,2,2075,38216,E6.75,8.5,29.76738739013672
early,qiu2022,devmap,E6.75,E8.5-R2,3,2075,38216,E6.75,8.5,29.535594940185547
early,qiu2022,devmap,E6.75,E8.5-R2,4,2075,38216,E6.75,8.5,29.92221450805664
early,qiu2022,devmap,E6.75,E8.5-R2,5,2075,38216,E6.75,8.5,30.150943756103516
early,qiu2022,devmap,E6.75,E8.5-R2,6,2075,38216,E6.75,8.5,30.014188766479492
early,qiu2022,devmap,E6.75,E8.5-R2,7,2075,38216,E6.75,8.5,29.43967056274414
early,qiu2022,devmap,E6.75,E8.5-R2,8,2075,38216,E6.75,8.5,29.527511596679688
early,qiu2022,devmap,E6.75,E8.5-R2,9,2075,38216,E6.75,8.5,30.614233016967773
early,qiu2022,devmap,E6.75,E8.5-R2,10,2075,38216,E6.75,8.5,29.994903564453125
early,qiu2022,devmap,E6.75,E8.5-R2,11,2075,38216,E6.75,8.5,30.493038177490234
early,qiu2022,devmap,E6.75,E8.5-R2,12,2075,38216,E6.75,8.5,30.300403594970703
early,qiu2022,devmap,E6.75,E8.5-R2,13,2075,38216,E6.75,8.5,30.010141372680664
early,qiu2022,devmap,E6.75,E8.5-R2,14,2075,38216,E6.75,8.5,30.50627899169922
early,qiu2022,devmap,E6.75,E8.5-R2,15,2075,38216,E6.75,8.5,30.360088348388672
early,qiu2022,devmap,E6.75,E8.5-R2,16,2075,38216,E6.75,8.5,30.494140625
early,qiu2022,devmap,E6.75,E8.5-R2,17,2075,38216,E6.75,8.5,29.476749420166016
early,qiu2022,devmap,E6.75,E8.5-R2,18,2075,38216,E6.75,8.5,30.07339096069336
early,qiu2022,devmap,E6.75,E8.5-R2,19,2075,38216,E6.75,8.5,29.934297561645508
early,qiu2022,devmap,E6.75,E8.5-R2,20,2075,38216,E6.75,8.5,30.685373306274414
early,qiu2022,devmap,E6.75,E8.5-R2,21,2075,38216,E6.75,8.5,30.74546241760254
early,qiu2022,devmap,E6.75,E8.5-R2,22,2075,38216,E6.75,8.5,30.374385833740234
early,qiu2022,devmap,E6.75,E8.5-R2,23,2075,38216,E6.75,8.5,30.653934478759766
early,qiu2022,devmap,E6.75,E8.5-R2,24,2075,38216,E6.75,8.5,29.885990142822266
early,qiu2022,devmap,E6.75,E8.5-R2,25,2075,38216,E6.75,8.5,29.407798767089844
early,qiu2022,devmap,E6.75,E8.5-R2,26,2075,38216,E6.75,8.5,30.31490707397461
early,qiu2022,devmap,E6.75,E8.5-R2,27,2075,38216,E6.75,8.5,29.76917266845703
early,qiu2022,devmap,E6.75,E8.5-R2,28,2075,38216,E6.75,8.5,30.67512321472168
early,qiu2022,devmap,E6.75,E8.5-R2,29,2075,38216,E6.75,8.5,30.72368812561035
early,qiu2022,devmap,E6.75,E8.5-R2,30,2075,38216,E6.75,8.5,30.350330352783203
early,qiu2022,devmap,E6.75,E8.5-R2,31,2075,38216,E6.75,8.5,30.772132873535156
early,qiu2022,devmap,E6.75,E8.5-R2,32,2075,38216,E6.75,8.5,30.588577270507812
early,qiu2022,devmap,E6.75,E8.5-R2,33,2075,38216,E6.75,8.5,29.662384033203125
early,qiu2022,devmap,E6.75,E8.5-R2,34,2075,38216,E6.75,8.5,30.710494995117188
early,qiu2022,devmap,E6.75,E8.5-R2,35,2075,38216,E6.75,8.5,29.850543975830078
early,qiu2022,devmap,E6.75,E8.5-R2,36,2075,38216,E6.75,8.5,30.228275299072266
early,qiu2022,devmap,E6.75,E8.5-R2,37,2075,38216,E6.75,8.5,29.913692474365234
early,qiu2022,devmap,E6.75,E8.5-R2,38,2075,38216,E6.75,8.5,30.579540252685547
early,qiu2022,devmap,E6.75,E8.5-R2,39,2075,38216,E6.75,8.5,30.146934509277344
early,qiu2022,devmap,E6.75,E8.5-R2,40,2075,38216,E6.75,8.5,29.488475799560547
early,qiu2022,devmap,E6.75,E8.5-R2,41,2075,38216,E6.75,8.5,30.01861000061035
early,qiu2022,devmap,E6.75,E8.5-R2,42,2075,38216,E6.75,8.5,29.844188690185547
early,qiu2022,devmap,E6.75,E8.5-R2,43,2075,38216,E6.75,8.5,30.054567337036133
early,qiu2022,devmap,E6.75,E8.5-R2,44,2075,38216,E6.75,8.5,29.40255355834961
early,qiu2022,devmap,E6.75,E8.5-R2,45,2075,38216,E6.75,8.5,29.98543357849121
early,qiu2022,devmap,E6.75,E8.5-R2,46,2075,38216,E6.75,8.5,29.2362117767334
early,qiu2022,devmap,E6.75,E8.5-R2,47,2075,38216,E6.75,8.5,29.338960647583008
early,qiu2022,devmap,E6.75,E8.5-R2,48,2075,38216,E6.75,8.5,30.278892517089844
early,qiu2022,devmap,E6.75,E8.5-R2,49,2075,38216,E6.75,8.5,30.157760620117188
early,qiu2022,devmap,E6.75,E8.5-R3,0,2075,27743,E6.75,8.5,29.899812698364258
early,qiu2022,devmap,E6.75,E8.5-R3,1,2075,27743,E6.75,8.5,29.317913055419922
early,qiu2022,devmap,E6.75,E8.5-R3,2,2075,27743,E6.75,8.5,29.234699249267578
early,qiu2022,devmap,E6.75,E8.5-R3,3,2075,27743,E6.75,8.5,29.99997329711914
early,qiu2022,devmap,E6.75,E8.5-R3,4,2075,27743,E6.75,8.5,30.305660247802734
early,qiu2022,devmap,E6.75,E8.5-R3,5,2075,27743,E6.75,8.5,30.052095413208008
early,qiu2022,devmap,E6.75,E8.5-R3,6,2075,27743,E6.75,8.5,29.727994918823242
early,qiu2022,devmap,E6.75,E8.5-R3,7,2075,27743,E6.75,8.5,28.277326583862305
early,qiu2022,devmap,E6.75,E8.5-R3,8,2075,27743,E6.75,8.5,30.613039016723633
early,qiu2022,devmap,E6.75,E8.5-R3,9,2075,27743,E6.75,8.5,29.11556625366211
early,qiu2022,devmap,E6.75,E8.5-R3,10,2075,27743,E6.75,8.5,29.957656860351562
early,qiu2022,devmap,E6.75,E8.5-R3,11,2075,27743,E6.75,8.5,29.229877471923828
early,qiu2022,devmap,E6.75,E8.5-R3,12,2075,27743,E6.75,8.5,29.179149627685547
early,qiu2022,devmap,E6.75,E8.5-R3,13,2075,27743,E6.75,8.5,29.387731552124023
early,qiu2022,devmap,E6.75,E8.5-R3,14,2075,27743,E6.75,8.5,29.40719985961914
early,qiu2022,devmap,E6.75,E8.5-R3,15,2075,27743,E6.75,8.5,29.793222427368164
early,qiu2022,devmap,E6.75,E8.5-R3,16,2075,27743,E6.75,8.5,28.853946685791016
early,qiu2022,devmap,E6.75,E8.5-R3,17,2075,27743,E6.75,8.5,30.420013427734375
early,qiu2022,devmap,E6.75,E8.5-R3,18,2075,27743,E6.75,8.5,29.594562530517578
early,qiu2022,devmap,E6.75,E8.5-R3,19,2075,27743,E6.75,8.5,30.07794952392578
early,qiu2022,devmap,E6.75,E8.5-R3,20,2075,27743,E6.75,8.5,29.573047637939453
early,qiu2022,devmap,E6.75,E8.5-R3,21,2075,27743,E6.75,8.5,30.029808044433594
early,qiu2022,devmap,E6.75,E8.5-R3,22,2075,27743,E6.75,8.5,30.054853439331055
early,qiu2022,devmap,E6.75,E8.5-R3,23,2075,27743,E6.75,8.5,29.58909797668457
early,qiu2022,devmap,E6.75,E8.5-R3,24,2075,27743,E6.75,8.5,29.347454071044922
early,qiu2022,devmap,E6.75,E8.5-R3,25,2075,27743,E6.75,8.5,29.493362426757812
early,qiu2022,devmap,E6.75,E8.5-R3,26,2075,27743,E6.75,8.5,28.99668312072754
early,qiu2022,devmap,E6.75,E8.5-R3,27,2075,27743,E6.75,8.5,30.479251861572266
early,qiu2022,devmap,E6.75,E8.5-R3,28,2075,27743,E6.75,8.5,29.40058708190918
early,qiu2022,devmap,E6.75,E8.5-R3,29,2075,27743,E6.75,8.5,30.065887451171875
early,qiu2022,devmap,E6.75,E8.5-R3,30,2075,27743,E6.75,8.5,28.972270965576172
early,qiu2022,devmap,E6.75,E8.5-R3,31,2075,27743,E6.75,8.5,28.628185272216797
early,qiu2022,devmap,E6.75,E8.5-R3,32,2075,27743,E6.75,8.5,29.396808624267578
early,qiu2022,devmap,E6.75,E8.5-R3,33,2075,27743,E6.75,8.5,29.041385650634766
early,qiu2022,devmap,E6.75,E8.5-R3,34,2075,27743,E6.75,8.5,29.73695945739746
early,qiu2022,devmap,E6.75,E8.5-R3,35,2075,27743,E6.75,8.5,29.865201950073242
early,qiu2022,devmap,E6.75,E8.5-R3,36,2075,27743,E6.75,8.5,28.841899871826172
early,qiu2022,devmap,E6.75,E8.5-R3,37,2075,27743,E6.75,8.5,30.183069229125977
early,qiu2022,devmap,E6.75,E8.5-R3,38,2075,27743,E6.75,8.5,30.39773941040039
early,qiu2022,devmap,E6.75,E8.5-R3,39,2075,27743,E6.75,8.5,29.245037078857422
early,qiu2022,devmap,E6.75,E8.5-R3,40,2075,27743,E6.75,8.5,29.664058685302734
early,qiu2022,devmap,E6.75,E8.5-R3,41,2075,27743,E6.75,8.5,29.384021759033203
early,qiu2022,devmap,E6.75,E8.5-R3,42,2075,27743,E6.75,8.5,29.920642852783203
early,qiu2022,devmap,E6.75,E8.5-R3,43,2075,27743,E6.75,8.5,30.38822364807129
early,qiu2022,devmap,E6.75,E8.5-R3,44,2075,27743,E6.75,8.5,30.182079315185547
early,qiu2022,devmap,E6.75,E8.5-R3,45,2075,27743,E6.75,8.5,29.95867156982422
early,qiu2022,devmap,E6.75,E8.5-R3,46,2075,27743,E6.75,8.5,29.396259307861328
early,qiu2022,devmap,E6.75,E8.5-R3,47,2075,27743,E6.75,8.5,29.28200912475586
early,qiu2022,devmap,E6.75,E8.5-R3,48,2075,27743,E6.75,8.5,30.792543411254883
early,qiu2022,devmap,E6.75,E8.5-R3,49,2075,27743,E6.75,8.5,29.7071533203125
early,qiu2022,devmap,E7.25,E7.5-R1,0,13537,1342,E7.25,7.5,22.35489273071289
early,qiu2022,devmap,E7.25,E7.5-R1,1,13537,1342,E7.25,7.5,23.272571563720703
early,qiu2022,devmap,E7.25,E7.5-R1,2,13537,1342,E7.25,7.5,22.84010124206543
early,qiu2022,devmap,E7.25,E7.5-R1,3,13537,1342,E7.25,7.5,21.563764572143555
early,qiu2022,devmap,E7.25,E7.5-R1,4,13537,1342,E7.25,7.5,25.679168701171875
early,qiu2022,devmap,E7.25,E7.5-R1,5,13537,1342,E7.25,7.5,21.72882080078125
early,qiu2022,devmap,E7.25,E7.5-R1,6,13537,1342,E7.25,7.5,23.740787506103516
early,qiu2022,devmap,E7.25,E7.5-R1,7,13537,1342,E7.25,7.5,23.806194305419922
early,qiu2022,devmap,E7.25,E7.5-R1,8,13537,1342,E7.25,7.5,22.644554138183594
early,qiu2022,devmap,E7.25,E7.5-R1,9,13537,1342,E7.25,7.5,21.693359375
early,qiu2022,devmap,E7.25,E7.5-R1,10,13537,1342,E7.25,7.5,23.745864868164062
early,qiu2022,devmap,E7.25,E7.5-R1,11,13537,1342,E7.25,7.5,23.734107971191406
early,qiu2022,devmap,E7.25,E7.5-R1,12,13537,1342,E7.25,7.5,23.14717674255371
early,qiu2022,devmap,E7.25,E7.5-R1,13,13537,1342,E7.25,7.5,24.10171890258789
early,qiu2022,devmap,E7.25,E7.5-R1,14,13537,1342,E7.25,7.5,21.231792449951172
early,qiu2022,devmap,E7.25,E7.5-R1,15,13537,1342,E7.25,7.5,25.014572143554688
early,qiu2022,devmap,E7.25,E7.5-R1,16,13537,1342,E7.25,7.5,22.26189422607422
early,qiu2022,devmap,E7.25,E7.5-R1,17,13537,1342,E7.25,7.5,24.952823638916016
early,qiu2022,devmap,E7.25,E7.5-R1,18,13537,1342,E7.25,7.5,24.306968688964844
early,qiu2022,devmap,E7.25,E7.5-R1,19,13537,1342,E7.25,7.5,24.82314682006836
early,qiu2022,devmap,E7.25,E7.5-R1,20,13537,1342,E7.25,7.5,22.021690368652344
early,qiu2022,devmap,E7.25,E7.5-R1,21,13537,1342,E7.25,7.5,23.867136001586914
early,qiu2022,devmap,E7.25,E7.5-R1,22,13537,1342,E7.25,7.5,24.674274444580078
early,qiu2022,devmap,E7.25,E7.5-R1,23,13537,1342,E7.25,7.5,23.941646575927734
early,qiu2022,devmap,E7.25,E7.5-R1,24,13537,1342,E7.25,7.5,24.582210540771484
early,qiu2022,devmap,E7.25,E7.5-R1,25,13537,1342,E7.25,7.5,21.181060791015625
early,qiu2022,devmap,E7.25,E7.5-R1,26,13537,1342,E7.25,7.5,21.43384552001953
early,qiu2022,devmap,E7.25,E7.5-R1,27,13537,1342,E7.25,7.5,21.453044891357422
early,qiu2022,devmap,E7.25,E7.5-R1,28,13537,1342,E7.25,7.5,26.0964412689209
early,qiu2022,devmap,E7.25,E7.5-R1,29,13537,1342,E7.25,7.5,25.61347198486328
early,qiu2022,devmap,E7.25,E7.5-R1,30,13537,1342,E7.25,7.5,24.094593048095703
early,qiu2022,devmap,E7.25,E7.5-R1,31,13537,1342,E7.25,7.5,23.58415985107422
early,qiu2022,devmap,E7.25,E7.5-R1,32,13537,1342,E7.25,7.5,21.653263092041016
early,qiu2022,devmap,E7.25,E7.5-R1,33,13537,1342,E7.25,7.5,23.37923812866211
early,qiu2022,devmap,E7.25,E7.5-R1,34,13537,1342,E7.25,7.5,26.00722885131836
early,qiu2022,devmap,E7.25,E7.5-R1,35,13537,1342,E7.25,7.5,23.750167846679688
early,qiu2022,devmap,E7.25,E7.5-R1,36,13537,1342,E7.25,7.5,23.795026779174805
early,qiu2022,devmap,E7.25,E7.5-R1,37,13537,1342,E7.25,7.5,21.73882293701172
early,qiu2022,devmap,E7.25,E7.5-R1,38,13537,1342,E7.25,7.5,21.889711380004883
early,qiu2022,devmap,E7.25,E7.5-R1,39,13537,1342,E7.25,7.5,23.8365478515625
early,qiu2022,devmap,E7.25,E7.5-R1,40,13537,1342,E7.25,7.5,22.70807456970215
early,qiu2022,devmap,E7.25,E7.5-R1,41,13537,1342,E7.25,7.5,23.649682998657227
early,qiu2022,devmap,E7.25,E7.5-R1,42,13537,1342,E7.25,7.5,22.275806427001953
early,qiu2022,devmap,E7.25,E7.5-R1,43,13537,1342,E7.25,7.5,23.17060661315918
early,qiu2022,devmap,E7.25,E7.5-R1,44,13537,1342,E7.25,7.5,24.789825439453125
early,qiu2022,devmap,E7.25,E7.5-R1,45,13537,1342,E7.25,7.5,23.381298065185547
early,qiu2022,devmap,E7.25,E7.5-R1,46,13537,1342,E7.25,7.5,22.140548706054688
early,qiu2022,devmap,E7.25,E7.5-R1,47,13537,1342,E7.25,7.5,23.29733657836914
early,qiu2022,devmap,E7.25,E7.5-R1,48,13537,1342,E7.25,7.5,23.079010009765625
early,qiu2022,devmap,E7.25,E7.5-R1,49,13537,1342,E7.25,7.5,23.81875228881836
early,qiu2022,devmap,E7.25,E7.5-R2,0,13537,1838,E7.25,7.5,25.098176956176758
early,qiu2022,devmap,E7.25,E7.5-R2,1,13537,1838,E7.25,7.5,22.879873275756836
early,qiu2022,devmap,E7.25,E7.5-R2,2,13537,1838,E7.25,7.5,24.043298721313477
early,qiu2022,devmap,E7.25,E7.5-R2,3,13537,1838,E7.25,7.5,24.903160095214844
early,qiu2022,devmap,E7.25,E7.5-R2,4,13537,1838,E7.25,7.5,22.90142059326172
early,qiu2022,devmap,E7.25,E7.5-R2,5,13537,1838,E7.25,7.5,23.0411376953125
early,qiu2022,devmap,E7.25,E7.5-R2,6,13537,1838,E7.25,7.5,24.66407012939453
early,qiu2022,devmap,E7.25,E7.5-R2,7,13537,1838,E7.25,7.5,24.945194244384766
early,qiu2022,devmap,E7.25,E7.5-R2,8,13537,1838,E7.25,7.5,22.453001022338867
early,qiu2022,devmap,E7.25,E7.5-R2,9,13537,1838,E7.25,7.5,24.626060485839844
early,qiu2022,devmap,E7.25,E7.5-R2,10,13537,1838,E7.25,7.5,23.574748992919922
early,qiu2022,devmap,E7.25,E7.5-R2,11,13537,1838,E7.25,7.5,22.105098724365234
early,qiu2022,devmap,E7.25,E7.5-R2,12,13537,1838,E7.25,7.5,24.088680267333984
early,qiu2022,devmap,E7.25,E7.5-R2,13,13537,1838,E7.25,7.5,22.812969207763672
early,qiu2022,devmap,E7.25,E7.5-R2,14,13537,1838,E7.25,7.5,24.68512725830078
early,qiu2022,devmap,E7.25,E7.5-R2,15,13537,1838,E7.25,7.5,23.256820678710938
early,qiu2022,devmap,E7.25,E7.5-R2,16,13537,1838,E7.25,7.5,23.088787078857422
early,qiu2022,devmap,E7.25,E7.5-R2,17,13537,1838,E7.25,7.5,27.538841247558594
early,qiu2022,devmap,E7.25,E7.5-R2,18,13537,1838,E7.25,7.5,24.05864906311035
early,qiu2022,devmap,E7.25,E7.5-R2,19,13537,1838,E7.25,7.5,24.804765701293945
early,qiu2022,devmap,E7.25,E7.5-R2,20,13537,1838,E7.25,7.5,24.056095123291016
early,qiu2022,devmap,E7.25,E7.5-R2,21,13537,1838,E7.25,7.5,24.403493881225586
early,qiu2022,devmap,E7.25,E7.5-R2,22,13537,1838,E7.25,7.5,23.597190856933594
early,qiu2022,devmap,E7.25,E7.5-R2,23,13537,1838,E7.25,7.5,24.787322998046875
early,qiu2022,devmap,E7.25,E7.5-R2,24,13537,1838,E7.25,7.5,23.048091888427734
early,qiu2022,devmap,E7.25,E7.5-R2,25,13537,1838,E7.25,7.5,24.040441513061523
early,qiu2022,devmap,E7.25,E7.5-R2,26,13537,1838,E7.25,7.5,24.484130859375
early,qiu2022,devmap,E7.25,E7.5-R2,27,13537,1838,E7.25,7.5,24.20151138305664
early,qiu2022,devmap,E7.25,E7.5-R2,28,13537,1838,E7.25,7.5,24.041452407836914
early,qiu2022,devmap,E7.25,E7.5-R2,29,13537,1838,E7.25,7.5,23.731502532958984
early,qiu2022,devmap,E7.25,E7.5-R2,30,13537,1838,E7.25,7.5,23.543373107910156
early,qiu2022,devmap,E7.25,E7.5-R2,31,13537,1838,E7.25,7.5,23.734207153320312
early,qiu2022,devmap,E7.25,E7.5-R2,32,13537,1838,E7.25,7.5,23.909189224243164
early,qiu2022,devmap,E7.25,E7.5-R2,33,13537,1838,E7.25,7.5,22.670082092285156
early,qiu2022,devmap,E7.25,E7.5-R2,34,13537,1838,E7.25,7.5,26.06325912475586
early,qiu2022,devmap,E7.25,E7.5-R2,35,13537,1838,E7.25,7.5,22.36815071105957
early,qiu2022,devmap,E7.25,E7.5-R2,36,13537,1838,E7.25,7.5,24.16722297668457
early,qiu2022,devmap,E7.25,E7.5-R2,37,13537,1838,E7.25,7.5,23.04939079284668
early,qiu2022,devmap,E7.25,E7.5-R2,38,13537,1838,E7.25,7.5,24.230894088745117
early,qiu2022,devmap,E7.25,E7.5-R2,39,13537,1838,E7.25,7.5,23.5437068939209
early,qiu2022,devmap,E7.25,E7.5-R2,40,13537,1838,E7.25,7.5,24.652339935302734
early,qiu2022,devmap,E7.25,E7.5-R2,41,13537,1838,E7.25,7.5,23.614498138427734
early,qiu2022,devmap,E7.25,E7.5-R2,42,13537,1838,E7.25,7.5,25.52210235595703
early,qiu2022,devmap,E7.25,E7.5-R2,43,13537,1838,E7.25,7.5,25.133548736572266
early,qiu2022,devmap,E7.25,E7.5-R2,44,13537,1838,E7.25,7.5,23.624351501464844
early,qiu2022,devmap,E7.25,E7.5-R2,45,13537,1838,E7.25,7.5,23.926612854003906
early,qiu2022,devmap,E7.25,E7.5-R2,46,13537,1838,E7.25,7.5,24.974939346313477
early,qiu2022,devmap,E7.25,E7.5-R2,47,13537,1838,E7.25,7.5,23.810714721679688
early,qiu2022,devmap,E7.25,E7.5-R2,48,13537,1838,E7.25,7.5,23.810701370239258
early,qiu2022,devmap,E7.25,E7.5-R2,49,13537,1838,E7.25,7.5,24.675006866455078
early,qiu2022,devmap,E7.25,E7.5-R3,0,13537,1468,E7.25,7.5,23.052534103393555
early,qiu2022,devmap,E7.25,E7.5-R3,1,13537,1468,E7.25,7.5,24.650344848632812
early,qiu2022,devmap,E7.25,E7.5-R3,2,13537,1468,E7.25,7.5,25.481103897094727
early,qiu2022,devmap,E7.25,E7.5-R3,3,13537,1468,E7.25,7.5,24.270469665527344
early,qiu2022,devmap,E7.25,E7.5-R3,4,13537,1468,E7.25,7.5,26.158042907714844
early,qiu2022,devmap,E7.25,E7.5-R3,5,13537,1468,E7.25,7.5,25.068756103515625
early,qiu2022,devmap,E7.25,E7.5-R3,6,13537,1468,E7.25,7.5,22.11829376220703
early,qiu2022,devmap,E7.25,E7.5-R3,7,13537,1468,E7.25,7.5,21.59980010986328
early,qiu2022,devmap,E7.25,E7.5-R3,8,13537,1468,E7.25,7.5,26.40286636352539
early,qiu2022,devmap,E7.25,E7.5-R3,9,13537,1468,E7.25,7.5,24.348752975463867
early,qiu2022,devmap,E7.25,E7.5-R3,10,13537,1468,E7.25,7.5,22.663801193237305
early,qiu2022,devmap,E7.25,E7.5-R3,11,13537,1468,E7.25,7.5,22.856338500976562
early,qiu2022,devmap,E7.25,E7.5-R3,12,13537,1468,E7.25,7.5,23.167312622070312
early,qiu2022,devmap,E7.25,E7.5-R3,13,13537,1468,E7.25,7.5,24.43577003479004
early,qiu2022,devmap,E7.25,E7.5-R3,14,13537,1468,E7.25,7.5,23.773147583007812
early,qiu2022,devmap,E7.25,E7.5-R3,15,13537,1468,E7.25,7.5,22.145084381103516
early,qiu2022,devmap,E7.25,E7.5-R3,16,13537,1468,E7.25,7.5,24.30547523498535
early,qiu2022,devmap,E7.25,E7.5-R3,17,13537,1468,E7.25,7.5,22.65447425842285
early,qiu2022,devmap,E7.25,E7.5-R3,18,13537,1468,E7.25,7.5,22.991647720336914
early,qiu2022,devmap,E7.25,E7.5-R3,19,13537,1468,E7.25,7.5,24.98011016845703
early,qiu2022,devmap,E7.25,E7.5-R3,20,13537,1468,E7.25,7.5,22.60036849975586
early,qiu2022,devmap,E7.25,E7.5-R3,21,13537,1468,E7.25,7.5,23.533218383789062
early,qiu2022,devmap,E7.25,E7.5-R3,22,13537,1468,E7.25,7.5,24.924297332763672
early,qiu2022,devmap,E7.25,E7.5-R3,23,13537,1468,E7.25,7.5,25.373022079467773
early,qiu2022,devmap,E7.25,E7.5-R3,24,13537,1468,E7.25,7.5,23.445571899414062
early,qiu2022,devmap,E7.25,E7.5-R3,25,13537,1468,E7.25,7.5,22.904926300048828
early,qiu2022,devmap,E7.25,E7.5-R3,26,13537,1468,E7.25,7.5,23.421829223632812
early,qiu2022,devmap,E7.25,E7.5-R3,27,13537,1468,E7.25,7.5,24.1712703704834
early,qiu2022,devmap,E7.25,E7.5-R3,28,13537,1468,E7.25,7.5,23.309398651123047
early,qiu2022,devmap,E7.25,E7.5-R3,29,13537,1468,E7.25,7.5,23.468204498291016
early,qiu2022,devmap,E7.25,E7.5-R3,30,13537,1468,E7.25,7.5,23.41427993774414
early,qiu2022,devmap,E7.25,E7.5-R3,31,13537,1468,E7.25,7.5,24.945804595947266
early,qiu2022,devmap,E7.25,E7.5-R3,32,13537,1468,E7.25,7.5,21.89611053466797
early,qiu2022,devmap,E7.25,E7.5-R3,33,13537,1468,E7.25,7.5,23.728954315185547
early,qiu2022,devmap,E7.25,E7.5-R3,34,13537,1468,E7.25,7.5,23.249454498291016
early,qiu2022,devmap,E7.25,E7.5-R3,35,13537,1468,E7.25,7.5,24.142333984375
early,qiu2022,devmap,E7.25,E7.5-R3,36,13537,1468,E7.25,7.5,22.710113525390625
early,qiu2022,devmap,E7.25,E7.5-R3,37,13537,1468,E7.25,7.5,22.7803955078125
early,qiu2022,devmap,E7.25,E7.5-R3,38,13537,1468,E7.25,7.5,23.534732818603516
early,qiu2022,devmap,E7.25,E7.5-R3,39,13537,1468,E7.25,7.5,23.798568725585938
early,qiu2022,devmap,E7.25,E7.5-R3,40,13537,1468,E7.25,7.5,24.483081817626953
early,qiu2022,devmap,E7.25,E7.5-R3,41,13537,1468,E7.25,7.5,23.132896423339844
early,qiu2022,devmap,E7.25,E7.5-R3,42,13537,1468,E7.25,7.5,23.541107177734375
early,qiu2022,devmap,E7.25,E7.5-R3,43,13537,1468,E7.25,7.5,22.90130615234375
early,qiu2022,devmap,E7.25,E7.5-R3,44,13537,1468,E7.25,7.5,23.03915786743164
early,qiu2022,devmap,E7.25,E7.5-R3,45,13537,1468,E7.25,7.5,22.559032440185547
early,qiu2022,devmap,E7.25,E7.5-R3,46,13537,1468,E7.25,7.5,24.70771598815918
early,qiu2022,devmap,E7.25,E7.5-R3,47,13537,1468,E7.25,7.5,24.643348693847656
early,qiu2022,devmap,E7.25,E7.5-R3,48,13537,1468,E7.25,7.5,25.05585479736328
early,qiu2022,devmap,E7.25,E7.5-R3,49,13537,1468,E7.25,7.5,22.866641998291016
early,qiu2022,devmap,E7.25,E8.0-R1,0,13537,4498,E7.25,8.0,23.77032470703125
early,qiu2022,devmap,E7.25,E8.0-R1,1,13537,4498,E7.25,8.0,24.30080795288086
early,qiu2022,devmap,E7.25,E8.0-R1,2,13537,4498,E7.25,8.0,25.021591186523438
early,qiu2022,devmap,E7.25,E8.0-R1,3,13537,4498,E7.25,8.0,24.273828506469727
early,qiu2022,devmap,E7.25,E8.0-R1,4,13537,4498,E7.25,8.0,23.917638778686523
early,qiu2022,devmap,E7.25,E8.0-R1,5,13537,4498,E7.25,8.0,23.767887115478516
early,qiu2022,devmap,E7.25,E8.0-R1,6,13537,4498,E7.25,8.0,23.558788299560547
early,qiu2022,devmap,E7.25,E8.0-R1,7,13537,4498,E7.25,8.0,25.643146514892578
early,qiu2022,devmap,E7.25,E8.0-R1,8,13537,4498,E7.25,8.0,23.02729034423828
early,qiu2022,devmap,E7.25,E8.0-R1,9,13537,4498,E7.25,8.0,24.913185119628906
early,qiu2022,devmap,E7.25,E8.0-R1,10,13537,4498,E7.25,8.0,23.57616424560547
early,qiu2022,devmap,E7.25,E8.0-R1,11,13537,4498,E7.25,8.0,25.296428680419922
early,qiu2022,devmap,E7.25,E8.0-R1,12,13537,4498,E7.25,8.0,23.88603973388672
early,qiu2022,devmap,E7.25,E8.0-R1,13,13537,4498,E7.25,8.0,24.606281280517578
early,qiu2022,devmap,E7.25,E8.0-R1,14,13537,4498,E7.25,8.0,24.406686782836914
early,qiu2022,devmap,E7.25,E8.0-R1,15,13537,4498,E7.25,8.0,24.52979278564453
early,qiu2022,devmap,E7.25,E8.0-R1,16,13537,4498,E7.25,8.0,24.987449645996094
early,qiu2022,devmap,E7.25,E8.0-R1,17,13537,4498,E7.25,8.0,24.542301177978516
early,qiu2022,devmap,E7.25,E8.0-R1,18,13537,4498,E7.25,8.0,23.883556365966797
early,qiu2022,devmap,E7.25,E8.0-R1,19,13537,4498,E7.25,8.0,24.211814880371094
early,qiu2022,devmap,E7.25,E8.0-R1,20,13537,4498,E7.25,8.0,23.714561462402344
early,qiu2022,devmap,E7.25,E8.0-R1,21,13537,4498,E7.25,8.0,24.349445343017578
early,qiu2022,devmap,E7.25,E8.0-R1,22,13537,4498,E7.25,8.0,24.468219757080078
early,qiu2022,devmap,E7.25,E8.0-R1,23,13537,4498,E7.25,8.0,23.487823486328125
early,qiu2022,devmap,E7.25,E8.0-R1,24,13537,4498,E7.25,8.0,24.236034393310547
early,qiu2022,devmap,E7.25,E8.0-R1,25,13537,4498,E7.25,8.0,23.58462905883789
early,qiu2022,devmap,E7.25,E8.0-R1,26,13537,4498,E7.25,8.0,24.141010284423828
early,qiu2022,devmap,E7.25,E8.0-R1,27,13537,4498,E7.25,8.0,23.945934295654297
early,qiu2022,devmap,E7.25,E8.0-R1,28,13537,4498,E7.25,8.0,24.36631965637207
early,qiu2022,devmap,E7.25,E8.0-R1,29,13537,4498,E7.25,8.0,24.896102905273438
early,qiu2022,devmap,E7.25,E8.0-R1,30,13537,4498,E7.25,8.0,24.79193878173828
early,qiu2022,devmap,E7.25,E8.0-R1,31,13537,4498,E7.25,8.0,25.190662384033203
early,qiu2022,devmap,E7.25,E8.0-R1,32,13537,4498,E7.25,8.0,24.345169067382812
early,qiu2022,devmap,E7.25,E8.0-R1,33,13537,4498,E7.25,8.0,24.718538284301758
early,qiu2022,devmap,E7.25,E8.0-R1,34,13537,4498,E7.25,8.0,25.37301254272461
early,qiu2022,devmap,E7.25,E8.0-R1,35,13537,4498,E7.25,8.0,24.43413734436035
early,qiu2022,devmap,E7.25,E8.0-R1,36,13537,4498,E7.25,8.0,23.932537078857422
early,qiu2022,devmap,E7.25,E8.0-R1,37,13537,4498,E7.25,8.0,24.521696090698242
early,qiu2022,devmap,E7.25,E8.0-R1,38,13537,4498,E7.25,8.0,23.510284423828125
early,qiu2022,devmap,E7.25,E8.0-R1,39,13537,4498,E7.25,8.0,24.716251373291016
early,qiu2022,devmap,E7.25,E8.0-R1,40,13537,4498,E7.25,8.0,25.127044677734375
early,qiu2022,devmap,E7.25,E8.0-R1,41,13537,4498,E7.25,8.0,25.037961959838867
early,qiu2022,devmap,E7.25,E8.0-R1,42,13537,4498,E7.25,8.0,24.423892974853516
early,qiu2022,devmap,E7.25,E8.0-R1,43,13537,4498,E7.25,8.0,24.976024627685547
early,qiu2022,devmap,E7.25,E8.0-R1,44,13537,4498,E7.25,8.0,25.17060661315918
early,qiu2022,devmap,E7.25,E8.0-R1,45,13537,4498,E7.25,8.0,24.28328514099121
early,qiu2022,devmap,E7.25,E8.0-R1,46,13537,4498,E7.25,8.0,24.710750579833984
early,qiu2022,devmap,E7.25,E8.0-R1,47,13537,4498,E7.25,8.0,24.60970115661621
early,qiu2022,devmap,E7.25,E8.0-R1,48,13537,4498,E7.25,8.0,23.468685150146484
early,qiu2022,devmap,E7.25,E8.0-R1,49,13537,4498,E7.25,8.0,24.984222412109375
early,qiu2022,devmap,E7.25,E8.0-R2,0,13537,10681,E7.25,8.0,25.649864196777344
early,qiu2022,devmap,E7.25,E8.0-R2,1,13537,10681,E7.25,8.0,26.051136016845703
early,qiu2022,devmap,E7.25,E8.0-R2,2,13537,10681,E7.25,8.0,25.938627243041992
early,qiu2022,devmap,E7.25,E8.0-R2,3,13537,10681,E7.25,8.0,25.858657836914062
early,qiu2022,devmap,E7.25,E8.0-R2,4,13537,10681,E7.25,8.0,25.31743812561035
early,qiu2022,devmap,E7.25,E8.0-R2,5,13537,10681,E7.25,8.0,25.32333755493164
early,qiu2022,devmap,E7.25,E8.0-R2,6,13537,10681,E7.25,8.0,25.44085693359375
early,qiu2022,devmap,E7.25,E8.0-R2,7,13537,10681,E7.25,8.0,25.417144775390625
early,qiu2022,devmap,E7.25,E8.0-R2,8,13537,10681,E7.25,8.0,25.990509033203125
early,qiu2022,devmap,E7.25,E8.0-R2,9,13537,10681,E7.25,8.0,25.29523468017578
early,qiu2022,devmap,E7.25,E8.0-R2,10,13537,10681,E7.25,8.0,25.234325408935547
early,qiu2022,devmap,E7.25,E8.0-R2,11,13537,10681,E7.25,8.0,25.479650497436523
early,qiu2022,devmap,E7.25,E8.0-R2,12,13537,10681,E7.25,8.0,24.96045684814453
early,qiu2022,devmap,E7.25,E8.0-R2,13,13537,10681,E7.25,8.0,25.822338104248047
early,qiu2022,devmap,E7.25,E8.0-R2,14,13537,10681,E7.25,8.0,25.505210876464844
early,qiu2022,devmap,E7.25,E8.0-R2,15,13537,10681,E7.25,8.0,25.65945816040039
early,qiu2022,devmap,E7.25,E8.0-R2,16,13537,10681,E7.25,8.0,25.656478881835938
early,qiu2022,devmap,E7.25,E8.0-R2,17,13537,10681,E7.25,8.0,25.36007308959961
early,qiu2022,devmap,E7.25,E8.0-R2,18,13537,10681,E7.25,8.0,25.999038696289062
early,qiu2022,devmap,E7.25,E8.0-R2,19,13537,10681,E7.25,8.0,24.992263793945312
early,qiu2022,devmap,E7.25,E8.0-R2,20,13537,10681,E7.25,8.0,25.800010681152344
early,qiu2022,devmap,E7.25,E8.0-R2,21,13537,10681,E7.25,8.0,25.668140411376953
early,qiu2022,devmap,E7.25,E8.0-R2,22,13537,10681,E7.25,8.0,25.467262268066406
early,qiu2022,devmap,E7.25,E8.0-R2,23,13537,10681,E7.25,8.0,25.953153610229492
early,qiu2022,devmap,E7.25,E8.0-R2,24,13537,10681,E7.25,8.0,24.8670654296875
early,qiu2022,devmap,E7.25,E8.0-R2,25,13537,10681,E7.25,8.0,26.309520721435547
early,qiu2022,devmap,E7.25,E8.0-R2,26,13537,10681,E7.25,8.0,25.004112243652344
early,qiu2022,devmap,E7.25,E8.0-R2,27,13537,10681,E7.25,8.0,25.57073974609375
early,qiu2022,devmap,E7.25,E8.0-R2,28,13537,10681,E7.25,8.0,25.658708572387695
early,qiu2022,devmap,E7.25,E8.0-R2,29,13537,10681,E7.25,8.0,25.45046615600586
early,qiu2022,devmap,E7.25,E8.0-R2,30,13537,10681,E7.25,8.0,25.499061584472656
early,qiu2022,devmap,E7.25,E8.0-R2,31,13537,10681,E7.25,8.0,25.728260040283203
early,qiu2022,devmap,E7.25,E8.0-R2,32,13537,10681,E7.25,8.0,24.673500061035156
early,qiu2022,devmap,E7.25,E8.0-R2,33,13537,10681,E7.25,8.0,25.43463897705078
early,qiu2022,devmap,E7.25,E8.0-R2,34,13537,10681,E7.25,8.0,25.210203170776367
early,qiu2022,devmap,E7.25,E8.0-R2,35,13537,10681,E7.25,8.0,25.65168571472168
early,qiu2022,devmap,E7.25,E8.0-R2,36,13537,10681,E7.25,8.0,25.358200073242188
early,qiu2022,devmap,E7.25,E8.0-R2,37,13537,10681,E7.25,8.0,25.61640739440918
early,qiu2022,devmap,E7.25,E8.0-R2,38,13537,10681,E7.25,8.0,25.8302001953125
early,qiu2022,devmap,E7.25,E8.0-R2,39,13537,10681,E7.25,8.0,25.88766098022461
early,qiu2022,devmap,E7.25,E8.0-R2,40,13537,10681,E7.25,8.0,25.679027557373047
early,qiu2022,devmap,E7.25,E8.0-R2,41,13537,10681,E7.25,8.0,25.552223205566406
early,qiu2022,devmap,E7.25,E8.0-R2,42,13537,10681,E7.25,8.0,25.051700592041016
early,qiu2022,devmap,E7.25,E8.0-R2,43,13537,10681,E7.25,8.0,25.899978637695312
early,qiu2022,devmap,E7.25,E8.0-R2,44,13537,10681,E7.25,8.0,25.80318260192871
early,qiu2022,devmap,E7.25,E8.0-R2,45,13537,10681,E7.25,8.0,25.333791732788086
early,qiu2022,devmap,E7.25,E8.0-R2,46,13537,10681,E7.25,8.0,25.32961082458496
early,qiu2022,devmap,E7.25,E8.0-R2,47,13537,10681,E7.25,8.0,25.809947967529297
early,qiu2022,devmap,E7.25,E8.0-R2,48,13537,10681,E7.25,8.0,25.683095932006836
early,qiu2022,devmap,E7.25,E8.0-R2,49,13537,10681,E7.25,8.0,25.966419219970703
early,qiu2022,devmap,E7.25,E8.0-R3,0,13537,6763,E7.25,8.0,24.87564468383789
early,qiu2022,devmap,E7.25,E8.0-R3,1,13537,6763,E7.25,8.0,25.53250503540039
early,qiu2022,devmap,E7.25,E8.0-R3,2,13537,6763,E7.25,8.0,25.119281768798828
early,qiu2022,devmap,E7.25,E8.0-R3,3,13537,6763,E7.25,8.0,25.425647735595703
early,qiu2022,devmap,E7.25,E8.0-R3,4,13537,6763,E7.25,8.0,24.978862762451172
early,qiu2022,devmap,E7.25,E8.0-R3,5,13537,6763,E7.25,8.0,25.36587905883789
early,qiu2022,devmap,E7.25,E8.0-R3,6,13537,6763,E7.25,8.0,25.266586303710938
early,qiu2022,devmap,E7.25,E8.0-R3,7,13537,6763,E7.25,8.0,24.570465087890625
early,qiu2022,devmap,E7.25,E8.0-R3,8,13537,6763,E7.25,8.0,25.204330444335938
early,qiu2022,devmap,E7.25,E8.0-R3,9,13537,6763,E7.25,8.0,24.766620635986328
early,qiu2022,devmap,E7.25,E8.0-R3,10,13537,6763,E7.25,8.0,25.069067001342773
early,qiu2022,devmap,E7.25,E8.0-R3,11,13537,6763,E7.25,8.0,25.589935302734375
early,qiu2022,devmap,E7.25,E8.0-R3,12,13537,6763,E7.25,8.0,25.163063049316406
early,qiu2022,devmap,E7.25,E8.0-R3,13,13537,6763,E7.25,8.0,24.466602325439453
early,qiu2022,devmap,E7.25,E8.0-R3,14,13537,6763,E7.25,8.0,24.022212982177734
early,qiu2022,devmap,E7.25,E8.0-R3,15,13537,6763,E7.25,8.0,25.470806121826172
early,qiu2022,devmap,E7.25,E8.0-R3,16,13537,6763,E7.25,8.0,25.176742553710938
early,qiu2022,devmap,E7.25,E8.0-R3,17,13537,6763,E7.25,8.0,24.55322265625
early,qiu2022,devmap,E7.25,E8.0-R3,18,13537,6763,E7.25,8.0,25.31051254272461
early,qiu2022,devmap,E7.25,E8.0-R3,19,13537,6763,E7.25,8.0,24.98273468017578
early,qiu2022,devmap,E7.25,E8.0-R3,20,13537,6763,E7.25,8.0,25.59402847290039
early,qiu2022,devmap,E7.25,E8.0-R3,21,13537,6763,E7.25,8.0,25.529521942138672
early,qiu2022,devmap,E7.25,E8.0-R3,22,13537,6763,E7.25,8.0,24.784019470214844
early,qiu2022,devmap,E7.25,E8.0-R3,23,13537,6763,E7.25,8.0,24.381465911865234
early,qiu2022,devmap,E7.25,E8.0-R3,24,13537,6763,E7.25,8.0,25.714839935302734
early,qiu2022,devmap,E7.25,E8.0-R3,25,13537,6763,E7.25,8.0,25.143138885498047
early,qiu2022,devmap,E7.25,E8.0-R3,26,13537,6763,E7.25,8.0,25.356632232666016
early,qiu2022,devmap,E7.25,E8.0-R3,27,13537,6763,E7.25,8.0,25.427364349365234
early,qiu2022,devmap,E7.25,E8.0-R3,28,13537,6763,E7.25,8.0,25.597501754760742
early,qiu2022,devmap,E7.25,E8.0-R3,29,13537,6763,E7.25,8.0,24.961347579956055
early,qiu2022,devmap,E7.25,E8.0-R3,30,13537,6763,E7.25,8.0,24.837139129638672
early,qiu2022,devmap,E7.25,E8.0-R3,31,13537,6763,E7.25,8.0,25.531909942626953
early,qiu2022,devmap,E7.25,E8.0-R3,32,13537,6763,E7.25,8.0,24.44689178466797
early,qiu2022,devmap,E7.25,E8.0-R3,33,13537,6763,E7.25,8.0,25.08295249938965
early,qiu2022,devmap,E7.25,E8.0-R3,34,13537,6763,E7.25,8.0,25.789813995361328
early,qiu2022,devmap,E7.25,E8.0-R3,35,13537,6763,E7.25,8.0,25.73715591430664
early,qiu2022,devmap,E7.25,E8.0-R3,36,13537,6763,E7.25,8.0,24.485885620117188
early,qiu2022,devmap,E7.25,E8.0-R3,37,13537,6763,E7.25,8.0,25.319637298583984
early,qiu2022,devmap,E7.25,E8.0-R3,38,13537,6763,E7.25,8.0,25.22297477722168
early,qiu2022,devmap,E7.25,E8.0-R3,39,13537,6763,E7.25,8.0,25.22103500366211
early,qiu2022,devmap,E7.25,E8.0-R3,40,13537,6763,E7.25,8.0,24.802860260009766
early,qiu2022,devmap,E7.25,E8.0-R3,41,13537,6763,E7.25,8.0,24.394824981689453
early,qiu2022,devmap,E7.25,E8.0-R3,42,13537,6763,E7.25,8.0,24.723844528198242
early,qiu2022,devmap,E7.25,E8.0-R3,43,13537,6763,E7.25,8.0,25.04337501525879
early,qiu2022,devmap,E7.25,E8.0-R3,44,13537,6763,E7.25,8.0,24.941425323486328
early,qiu2022,devmap,E7.25,E8.0-R3,45,13537,6763,E7.25,8.0,25.24899673461914
early,qiu2022,devmap,E7.25,E8.0-R3,46,13537,6763,E7.25,8.0,24.847164154052734
early,qiu2022,devmap,E7.25,E8.0-R3,47,13537,6763,E7.25,8.0,24.980987548828125
early,qiu2022,devmap,E7.25,E8.0-R3,48,13537,6763,E7.25,8.0,25.154523849487305
early,qiu2022,devmap,E7.25,E8.0-R3,49,13537,6763,E7.25,8.0,24.802946090698242
early,qiu2022,devmap,E7.25,E8.5-R1,0,13537,23435,E7.25,8.5,27.80693817138672
early,qiu2022,devmap,E7.25,E8.5-R1,1,13537,23435,E7.25,8.5,27.72987937927246
early,qiu2022,devmap,E7.25,E8.5-R1,2,13537,23435,E7.25,8.5,27.69664764404297
early,qiu2022,devmap,E7.25,E8.5-R1,3,13537,23435,E7.25,8.5,28.24221420288086
early,qiu2022,devmap,E7.25,E8.5-R1,4,13537,23435,E7.25,8.5,27.45477294921875
early,qiu2022,devmap,E7.25,E8.5-R1,5,13537,23435,E7.25,8.5,27.626407623291016
early,qiu2022,devmap,E7.25,E8.5-R1,6,13537,23435,E7.25,8.5,27.81500244140625
early,qiu2022,devmap,E7.25,E8.5-R1,7,13537,23435,E7.25,8.5,27.484416961669922
early,qiu2022,devmap,E7.25,E8.5-R1,8,13537,23435,E7.25,8.5,27.384029388427734
early,qiu2022,devmap,E7.25,E8.5-R1,9,13537,23435,E7.25,8.5,27.335208892822266
early,qiu2022,devmap,E7.25,E8.5-R1,10,13537,23435,E7.25,8.5,27.813365936279297
early,qiu2022,devmap,E7.25,E8.5-R1,11,13537,23435,E7.25,8.5,27.681917190551758
early,qiu2022,devmap,E7.25,E8.5-R1,12,13537,23435,E7.25,8.5,27.50265884399414
early,qiu2022,devmap,E7.25,E8.5-R1,13,13537,23435,E7.25,8.5,27.61761474609375
early,qiu2022,devmap,E7.25,E8.5-R1,14,13537,23435,E7.25,8.5,27.923961639404297
early,qiu2022,devmap,E7.25,E8.5-R1,15,13537,23435,E7.25,8.5,27.710498809814453
early,qiu2022,devmap,E7.25,E8.5-R1,16,13537,23435,E7.25,8.5,28.012725830078125
early,qiu2022,devmap,E7.25,E8.5-R1,17,13537,23435,E7.25,8.5,27.686811447143555
early,qiu2022,devmap,E7.25,E8.5-R1,18,13537,23435,E7.25,8.5,27.322032928466797
early,qiu2022,devmap,E7.25,E8.5-R1,19,13537,23435,E7.25,8.5,27.246959686279297
early,qiu2022,devmap,E7.25,E8.5-R1,20,13537,23435,E7.25,8.5,27.887176513671875
early,qiu2022,devmap,E7.25,E8.5-R1,21,13537,23435,E7.25,8.5,27.786834716796875
early,qiu2022,devmap,E7.25,E8.5-R1,22,13537,23435,E7.25,8.5,27.789749145507812
early,qiu2022,devmap,E7.25,E8.5-R1,23,13537,23435,E7.25,8.5,28.168581008911133
early,qiu2022,devmap,E7.25,E8.5-R1,24,13537,23435,E7.25,8.5,27.49768829345703
early,qiu2022,devmap,E7.25,E8.5-R1,25,13537,23435,E7.25,8.5,27.854930877685547
early,qiu2022,devmap,E7.25,E8.5-R1,26,13537,23435,E7.25,8.5,27.404151916503906
early,qiu2022,devmap,E7.25,E8.5-R1,27,13537,23435,E7.25,8.5,28.376527786254883
early,qiu2022,devmap,E7.25,E8.5-R1,28,13537,23435,E7.25,8.5,27.55756378173828
early,qiu2022,devmap,E7.25,E8.5-R1,29,13537,23435,E7.25,8.5,27.199071884155273
early,qiu2022,devmap,E7.25,E8.5-R1,30,13537,23435,E7.25,8.5,27.106298446655273
early,qiu2022,devmap,E7.25,E8.5-R1,31,13537,23435,E7.25,8.5,27.731292724609375
early,qiu2022,devmap,E7.25,E8.5-R1,32,13537,23435,E7.25,8.5,26.829727172851562
early,qiu2022,devmap,E7.25,E8.5-R1,33,13537,23435,E7.25,8.5,27.791744232177734
early,qiu2022,devmap,E7.25,E8.5-R1,34,13537,23435,E7.25,8.5,27.86438751220703
early,qiu2022,devmap,E7.25,E8.5-R1,35,13537,23435,E7.25,8.5,27.554088592529297
early,qiu2022,devmap,E7.25,E8.5-R1,36,13537,23435,E7.25,8.5,27.963855743408203
early,qiu2022,devmap,E7.25,E8.5-R1,37,13537,23435,E7.25,8.5,27.715517044067383
early,qiu2022,devmap,E7.25,E8.5-R1,38,13537,23435,E7.25,8.5,27.55942153930664
early,qiu2022,devmap,E7.25,E8.5-R1,39,13537,23435,E7.25,8.5,27.350833892822266
early,qiu2022,devmap,E7.25,E8.5-R1,40,13537,23435,E7.25,8.5,27.49269676208496
early,qiu2022,devmap,E7.25,E8.5-R1,41,13537,23435,E7.25,8.5,27.50076675415039
early,qiu2022,devmap,E7.25,E8.5-R1,42,13537,23435,E7.25,8.5,27.074932098388672
early,qiu2022,devmap,E7.25,E8.5-R1,43,13537,23435,E7.25,8.5,27.315082550048828
early,qiu2022,devmap,E7.25,E8.5-R1,44,13537,23435,E7.25,8.5,26.96359634399414
early,qiu2022,devmap,E7.25,E8.5-R1,45,13537,23435,E7.25,8.5,27.610240936279297
early,qiu2022,devmap,E7.25,E8.5-R1,46,13537,23435,E7.25,8.5,27.902938842773438
early,qiu2022,devmap,E7.25,E8.5-R1,47,13537,23435,E7.25,8.5,27.436058044433594
early,qiu2022,devmap,E7.25,E8.5-R1,48,13537,23435,E7.25,8.5,27.898632049560547
early,qiu2022,devmap,E7.25,E8.5-R1,49,13537,23435,E7.25,8.5,28.330768585205078
early,qiu2022,devmap,E7.25,E8.5-R2,0,13537,38216,E7.25,8.5,27.074474334716797
early,qiu2022,devmap,E7.25,E8.5-R2,1,13537,38216,E7.25,8.5,27.886131286621094
early,qiu2022,devmap,E7.25,E8.5-R2,2,13537,38216,E7.25,8.5,27.4682674407959
early,qiu2022,devmap,E7.25,E8.5-R2,3,13537,38216,E7.25,8.5,27.450191497802734
early,qiu2022,devmap,E7.25,E8.5-R2,4,13537,38216,E7.25,8.5,27.98658561706543
early,qiu2022,devmap,E7.25,E8.5-R2,5,13537,38216,E7.25,8.5,27.493642807006836
early,qiu2022,devmap,E7.25,E8.5-R2,6,13537,38216,E7.25,8.5,27.567962646484375
early,qiu2022,devmap,E7.25,E8.5-R2,7,13537,38216,E7.25,8.5,27.385013580322266
early,qiu2022,devmap,E7.25,E8.5-R2,8,13537,38216,E7.25,8.5,27.686893463134766
early,qiu2022,devmap,E7.25,E8.5-R2,9,13537,38216,E7.25,8.5,26.716882705688477
early,qiu2022,devmap,E7.25,E8.5-R2,10,13537,38216,E7.25,8.5,27.176555633544922
early,qiu2022,devmap,E7.25,E8.5-R2,11,13537,38216,E7.25,8.5,27.340702056884766
early,qiu2022,devmap,E7.25,E8.5-R2,12,13537,38216,E7.25,8.5,27.202877044677734
early,qiu2022,devmap,E7.25,E8.5-R2,13,13537,38216,E7.25,8.5,27.54145050048828
early,qiu2022,devmap,E7.25,E8.5-R2,14,13537,38216,E7.25,8.5,27.78825569152832
early,qiu2022,devmap,E7.25,E8.5-R2,15,13537,38216,E7.25,8.5,28.041736602783203
early,qiu2022,devmap,E7.25,E8.5-R2,16,13537,38216,E7.25,8.5,27.35870361328125
early,qiu2022,devmap,E7.25,E8.5-R2,17,13537,38216,E7.25,8.5,27.45876693725586
early,qiu2022,devmap,E7.25,E8.5-R2,18,13537,38216,E7.25,8.5,27.433631896972656
early,qiu2022,devmap,E7.25,E8.5-R2,19,13537,38216,E7.25,8.5,27.44199562072754
early,qiu2022,devmap,E7.25,E8.5-R2,20,13537,38216,E7.25,8.5,27.153392791748047
early,qiu2022,devmap,E7.25,E8.5-R2,21,13537,38216,E7.25,8.5,27.28789710998535
early,qiu2022,devmap,E7.25,E8.5-R2,22,13537,38216,E7.25,8.5,27.814741134643555
early,qiu2022,devmap,E7.25,E8.5-R2,23,13537,38216,E7.25,8.5,27.505332946777344
early,qiu2022,devmap,E7.25,E8.5-R2,24,13537,38216,E7.25,8.5,27.403522491455078
early,qiu2022,devmap,E7.25,E8.5-R2,25,13537,38216,E7.25,8.5,27.340702056884766
early,qiu2022,devmap,E7.25,E8.5-R2,26,13537,38216,E7.25,8.5,27.912609100341797
early,qiu2022,devmap,E7.25,E8.5-R2,27,13537,38216,E7.25,8.5,27.389087677001953
early,qiu2022,devmap,E7.25,E8.5-R2,28,13537,38216,E7.25,8.5,27.56233787536621
early,qiu2022,devmap,E7.25,E8.5-R2,29,13537,38216,E7.25,8.5,27.147689819335938
early,qiu2022,devmap,E7.25,E8.5-R2,30,13537,38216,E7.25,8.5,26.876628875732422
early,qiu2022,devmap,E7.25,E8.5-R2,31,13537,38216,E7.25,8.5,27.21563720703125
early,qiu2022,devmap,E7.25,E8.5-R2,32,13537,38216,E7.25,8.5,28.141633987426758
early,qiu2022,devmap,E7.25,E8.5-R2,33,13537,38216,E7.25,8.5,27.542600631713867
early,qiu2022,devmap,E7.25,E8.5-R2,34,13537,38216,E7.25,8.5,27.66023826599121
early,qiu2022,devmap,E7.25,E8.5-R2,35,13537,38216,E7.25,8.5,27.123241424560547
early,qiu2022,devmap,E7.25,E8.5-R2,36,13537,38216,E7.25,8.5,27.080692291259766
early,qiu2022,devmap,E7.25,E8.5-R2,37,13537,38216,E7.25,8.5,27.25069236755371
early,qiu2022,devmap,E7.25,E8.5-R2,38,13537,38216,E7.25,8.5,27.22422218322754
early,qiu2022,devmap,E7.25,E8.5-R2,39,13537,38216,E7.25,8.5,27.28672981262207
early,qiu2022,devmap,E7.25,E8.5-R2,40,13537,38216,E7.25,8.5,26.803913116455078
early,qiu2022,devmap,E7.25,E8.5-R2,41,13537,38216,E7.25,8.5,28.067747116088867
early,qiu2022,devmap,E7.25,E8.5-R2,42,13537,38216,E7.25,8.5,27.440685272216797
early,qiu2022,devmap,E7.25,E8.5-R2,43,13537,38216,E7.25,8.5,27.447586059570312
early,qiu2022,devmap,E7.25,E8.5-R2,44,13537,38216,E7.25,8.5,27.504108428955078
early,qiu2022,devmap,E7.25,E8.5-R2,45,13537,38216,E7.25,8.5,27.68006134033203
early,qiu2022,devmap,E7.25,E8.5-R2,46,13537,38216,E7.25,8.5,27.272275924682617
early,qiu2022,devmap,E7.25,E8.5-R2,47,13537,38216,E7.25,8.5,27.434654235839844
early,qiu2022,devmap,E7.25,E8.5-R2,48,13537,38216,E7.25,8.5,27.163497924804688
early,qiu2022,devmap,E7.25,E8.5-R2,49,13537,38216,E7.25,8.5,27.56267547607422
early,qiu2022,devmap,E7.25,E8.5-R3,0,13537,27743,E7.25,8.5,26.36794662475586
early,qiu2022,devmap,E7.25,E8.5-R3,1,13537,27743,E7.25,8.5,27.154354095458984
early,qiu2022,devmap,E7.25,E8.5-R3,2,13537,27743,E7.25,8.5,26.785329818725586
early,qiu2022,devmap,E7.25,E8.5-R3,3,13537,27743,E7.25,8.5,26.753816604614258
early,qiu2022,devmap,E7.25,E8.5-R3,4,13537,27743,E7.25,8.5,26.71572494506836
early,qiu2022,devmap,E7.25,E8.5-R3,5,13537,27743,E7.25,8.5,26.44713592529297
early,qiu2022,devmap,E7.25,E8.5-R3,6,13537,27743,E7.25,8.5,26.812389373779297
early,qiu2022,devmap,E7.25,E8.5-R3,7,13537,27743,E7.25,8.5,26.842628479003906
early,qiu2022,devmap,E7.25,E8.5-R3,8,13537,27743,E7.25,8.5,27.19271469116211
early,qiu2022,devmap,E7.25,E8.5-R3,9,13537,27743,E7.25,8.5,27.53866195678711
early,qiu2022,devmap,E7.25,E8.5-R3,10,13537,27743,E7.25,8.5,26.739606857299805
early,qiu2022,devmap,E7.25,E8.5-R3,11,13537,27743,E7.25,8.5,26.700429916381836
early,qiu2022,devmap,E7.25,E8.5-R3,12,13537,27743,E7.25,8.5,26.866329193115234
early,qiu2022,devmap,E7.25,E8.5-R3,13,13537,27743,E7.25,8.5,26.968849182128906
early,qiu2022,devmap,E7.25,E8.5-R3,14,13537,27743,E7.25,8.5,27.124446868896484
early,qiu2022,devmap,E7.25,E8.5-R3,15,13537,27743,E7.25,8.5,26.94424057006836
early,qiu2022,devmap,E7.25,E8.5-R3,16,13537,27743,E7.25,8.5,27.264680862426758
early,qiu2022,devmap,E7.25,E8.5-R3,17,13537,27743,E7.25,8.5,26.976390838623047
early,qiu2022,devmap,E7.25,E8.5-R3,18,13537,27743,E7.25,8.5,26.411785125732422
early,qiu2022,devmap,E7.25,E8.5-R3,19,13537,27743,E7.25,8.5,27.09151840209961
early,qiu2022,devmap,E7.25,E8.5-R3,20,13537,27743,E7.25,8.5,27.078353881835938
early,qiu2022,devmap,E7.25,E8.5-R3,21,13537,27743,E7.25,8.5,27.15166473388672
early,qiu2022,devmap,E7.25,E8.5-R3,22,13537,27743,E7.25,8.5,27.195478439331055
early,qiu2022,devmap,E7.25,E8.5-R3,23,13537,27743,E7.25,8.5,26.66805648803711
early,qiu2022,devmap,E7.25,E8.5-R3,24,13537,27743,E7.25,8.5,26.839073181152344
early,qiu2022,devmap,E7.25,E8.5-R3,25,13537,27743,E7.25,8.5,27.284208297729492
early,qiu2022,devmap,E7.25,E8.5-R3,26,13537,27743,E7.25,8.5,27.12063217163086
early,qiu2022,devmap,E7.25,E8.5-R3,27,13537,27743,E7.25,8.5,26.45583724975586
early,qiu2022,devmap,E7.25,E8.5-R3,28,13537,27743,E7.25,8.5,26.779388427734375
early,qiu2022,devmap,E7.25,E8.5-R3,29,13537,27743,E7.25,8.5,26.20583724975586
early,qiu2022,devmap,E7.25,E8.5-R3,30,13537,27743,E7.25,8.5,26.95248794555664
early,qiu2022,devmap,E7.25,E8.5-R3,31,13537,27743,E7.25,8.5,27.005294799804688
early,qiu2022,devmap,E7.25,E8.5-R3,32,13537,27743,E7.25,8.5,27.128368377685547
early,qiu2022,devmap,E7.25,E8.5-R3,33,13537,27743,E7.25,8.5,26.930078506469727
early,qiu2022,devmap,E7.25,E8.5-R3,34,13537,27743,E7.25,8.5,26.858234405517578
early,qiu2022,devmap,E7.25,E8.5-R3,35,13537,27743,E7.25,8.5,27.102100372314453
early,qiu2022,devmap,E7.25,E8.5-R3,36,13537,27743,E7.25,8.5,27.300125122070312
early,qiu2022,devmap,E7.25,E8.5-R3,37,13537,27743,E7.25,8.5,26.97960662841797
early,qiu2022,devmap,E7.25,E8.5-R3,38,13537,27743,E7.25,8.5,27.01561164855957
early,qiu2022,devmap,E7.25,E8.5-R3,39,13537,27743,E7.25,8.5,27.082582473754883
early,qiu2022,devmap,E7.25,E8.5-R3,40,13537,27743,E7.25,8.5,26.915260314941406
early,qiu2022,devmap,E7.25,E8.5-R3,41,13537,27743,E7.25,8.5,27.032588958740234
early,qiu2022,devmap,E7.25,E8.5-R3,42,13537,27743,E7.25,8.5,26.890050888061523
early,qiu2022,devmap,E7.25,E8.5-R3,43,13537,27743,E7.25,8.5,26.674272537231445
early,qiu2022,devmap,E7.25,E8.5-R3,44,13537,27743,E7.25,8.5,26.657363891601562
early,qiu2022,devmap,E7.25,E8.5-R3,45,13537,27743,E7.25,8.5,26.507774353027344
early,qiu2022,devmap,E7.25,E8.5-R3,46,13537,27743,E7.25,8.5,26.55186653137207
early,qiu2022,devmap,E7.25,E8.5-R3,47,13537,27743,E7.25,8.5,27.092205047607422
early,qiu2022,devmap,E7.25,E8.5-R3,48,13537,27743,E7.25,8.5,26.767871856689453
early,qiu2022,devmap,E7.25,E8.5-R3,49,13537,27743,E7.25,8.5,26.930870056152344
early,qiu2022,devmap,E7.5,E7.5-R1,0,10994,1342,E7.5,7.5,23.25848388671875
early,qiu2022,devmap,E7.5,E7.5-R1,1,10994,1342,E7.5,7.5,22.662487030029297
early,qiu2022,devmap,E7.5,E7.5-R1,2,10994,1342,E7.5,7.5,23.291309356689453
early,qiu2022,devmap,E7.5,E7.5-R1,3,10994,1342,E7.5,7.5,22.058982849121094
early,qiu2022,devmap,E7.5,E7.5-R1,4,10994,1342,E7.5,7.5,22.931406021118164
early,qiu2022,devmap,E7.5,E7.5-R1,5,10994,1342,E7.5,7.5,21.99593734741211
early,qiu2022,devmap,E7.5,E7.5-R1,6,10994,1342,E7.5,7.5,23.016460418701172
early,qiu2022,devmap,E7.5,E7.5-R1,7,10994,1342,E7.5,7.5,22.727169036865234
early,qiu2022,devmap,E7.5,E7.5-R1,8,10994,1342,E7.5,7.5,22.052337646484375
early,qiu2022,devmap,E7.5,E7.5-R1,9,10994,1342,E7.5,7.5,22.962244033813477
early,qiu2022,devmap,E7.5,E7.5-R1,10,10994,1342,E7.5,7.5,22.541889190673828
early,qiu2022,devmap,E7.5,E7.5-R1,11,10994,1342,E7.5,7.5,23.13576889038086
early,qiu2022,devmap,E7.5,E7.5-R1,12,10994,1342,E7.5,7.5,24.45588493347168
early,qiu2022,devmap,E7.5,E7.5-R1,13,10994,1342,E7.5,7.5,24.691064834594727
early,qiu2022,devmap,E7.5,E7.5-R1,14,10994,1342,E7.5,7.5,21.489011764526367
early,qiu2022,devmap,E7.5,E7.5-R1,15,10994,1342,E7.5,7.5,21.585168838500977
early,qiu2022,devmap,E7.5,E7.5-R1,16,10994,1342,E7.5,7.5,23.08126449584961
early,qiu2022,devmap,E7.5,E7.5-R1,17,10994,1342,E7.5,7.5,22.595460891723633
early,qiu2022,devmap,E7.5,E7.5-R1,18,10994,1342,E7.5,7.5,23.132694244384766
early,qiu2022,devmap,E7.5,E7.5-R1,19,10994,1342,E7.5,7.5,24.282155990600586
early,qiu2022,devmap,E7.5,E7.5-R1,20,10994,1342,E7.5,7.5,23.318077087402344
early,qiu2022,devmap,E7.5,E7.5-R1,21,10994,1342,E7.5,7.5,22.105533599853516
early,qiu2022,devmap,E7.5,E7.5-R1,22,10994,1342,E7.5,7.5,21.70220947265625
early,qiu2022,devmap,E7.5,E7.5-R1,23,10994,1342,E7.5,7.5,23.166908264160156
early,qiu2022,devmap,E7.5,E7.5-R1,24,10994,1342,E7.5,7.5,23.034238815307617
early,qiu2022,devmap,E7.5,E7.5-R1,25,10994,1342,E7.5,7.5,21.52923583984375
early,qiu2022,devmap,E7.5,E7.5-R1,26,10994,1342,E7.5,7.5,22.54458999633789
early,qiu2022,devmap,E7.5,E7.5-R1,27,10994,1342,E7.5,7.5,24.186744689941406
early,qiu2022,devmap,E7.5,E7.5-R1,28,10994,1342,E7.5,7.5,22.57938003540039
early,qiu2022,devmap,E7.5,E7.5-R1,29,10994,1342,E7.5,7.5,21.39116668701172
early,qiu2022,devmap,E7.5,E7.5-R1,30,10994,1342,E7.5,7.5,22.78692626953125
early,qiu2022,devmap,E7.5,E7.5-R1,31,10994,1342,E7.5,7.5,21.563060760498047
early,qiu2022,devmap,E7.5,E7.5-R1,32,10994,1342,E7.5,7.5,21.946842193603516
early,qiu2022,devmap,E7.5,E7.5-R1,33,10994,1342,E7.5,7.5,22.147727966308594
early,qiu2022,devmap,E7.5,E7.5-R1,34,10994,1342,E7.5,7.5,23.915666580200195
early,qiu2022,devmap,E7.5,E7.5-R1,35,10994,1342,E7.5,7.5,22.71163558959961
early,qiu2022,devmap,E7.5,E7.5-R1,36,10994,1342,E7.5,7.5,21.86437225341797
early,qiu2022,devmap,E7.5,E7.5-R1,37,10994,1342,E7.5,7.5,23.177169799804688
early,qiu2022,devmap,E7.5,E7.5-R1,38,10994,1342,E7.5,7.5,22.487781524658203
early,qiu2022,devmap,E7.5,E7.5-R1,39,10994,1342,E7.5,7.5,25.165481567382812
early,qiu2022,devmap,E7.5,E7.5-R1,40,10994,1342,E7.5,7.5,24.480894088745117
early,qiu2022,devmap,E7.5,E7.5-R1,41,10994,1342,E7.5,7.5,21.212039947509766
early,qiu2022,devmap,E7.5,E7.5-R1,42,10994,1342,E7.5,7.5,22.14938735961914
early,qiu2022,devmap,E7.5,E7.5-R1,43,10994,1342,E7.5,7.5,22.857986450195312
early,qiu2022,devmap,E7.5,E7.5-R1,44,10994,1342,E7.5,7.5,22.43401336669922
early,qiu2022,devmap,E7.5,E7.5-R1,45,10994,1342,E7.5,7.5,24.438064575195312
early,qiu2022,devmap,E7.5,E7.5-R1,46,10994,1342,E7.5,7.5,22.20513153076172
early,qiu2022,devmap,E7.5,E7.5-R1,47,10994,1342,E7.5,7.5,24.500999450683594
early,qiu2022,devmap,E7.5,E7.5-R1,48,10994,1342,E7.5,7.5,24.11142349243164
early,qiu2022,devmap,E7.5,E7.5-R1,49,10994,1342,E7.5,7.5,22.69161605834961
early,qiu2022,devmap,E7.5,E7.5-R2,0,10994,1838,E7.5,7.5,20.842510223388672
early,qiu2022,devmap,E7.5,E7.5-R2,1,10994,1838,E7.5,7.5,23.60519790649414
early,qiu2022,devmap,E7.5,E7.5-R2,2,10994,1838,E7.5,7.5,21.606674194335938
early,qiu2022,devmap,E7.5,E7.5-R2,3,10994,1838,E7.5,7.5,22.215856552124023
early,qiu2022,devmap,E7.5,E7.5-R2,4,10994,1838,E7.5,7.5,20.124425888061523
early,qiu2022,devmap,E7.5,E7.5-R2,5,10994,1838,E7.5,7.5,20.402936935424805
early,qiu2022,devmap,E7.5,E7.5-R2,6,10994,1838,E7.5,7.5,20.38910675048828
early,qiu2022,devmap,E7.5,E7.5-R2,7,10994,1838,E7.5,7.5,21.037086486816406
early,qiu2022,devmap,E7.5,E7.5-R2,8,10994,1838,E7.5,7.5,20.946285247802734
early,qiu2022,devmap,E7.5,E7.5-R2,9,10994,1838,E7.5,7.5,21.03725814819336
early,qiu2022,devmap,E7.5,E7.5-R2,10,10994,1838,E7.5,7.5,21.8815975189209
early,qiu2022,devmap,E7.5,E7.5-R2,11,10994,1838,E7.5,7.5,20.700321197509766
early,qiu2022,devmap,E7.5,E7.5-R2,12,10994,1838,E7.5,7.5,20.653663635253906
early,qiu2022,devmap,E7.5,E7.5-R2,13,10994,1838,E7.5,7.5,21.056140899658203
early,qiu2022,devmap,E7.5,E7.5-R2,14,10994,1838,E7.5,7.5,22.75930404663086
early,qiu2022,devmap,E7.5,E7.5-R2,15,10994,1838,E7.5,7.5,21.698402404785156
early,qiu2022,devmap,E7.5,E7.5-R2,16,10994,1838,E7.5,7.5,20.061790466308594
early,qiu2022,devmap,E7.5,E7.5-R2,17,10994,1838,E7.5,7.5,21.109790802001953
early,qiu2022,devmap,E7.5,E7.5-R2,18,10994,1838,E7.5,7.5,22.660917282104492
early,qiu2022,devmap,E7.5,E7.5-R2,19,10994,1838,E7.5,7.5,21.331623077392578
early,qiu2022,devmap,E7.5,E7.5-R2,20,10994,1838,E7.5,7.5,21.429916381835938
early,qiu2022,devmap,E7.5,E7.5-R2,21,10994,1838,E7.5,7.5,21.447582244873047
early,qiu2022,devmap,E7.5,E7.5-R2,22,10994,1838,E7.5,7.5,22.215932846069336
early,qiu2022,devmap,E7.5,E7.5-R2,23,10994,1838,E7.5,7.5,21.86750030517578
early,qiu2022,devmap,E7.5,E7.5-R2,24,10994,1838,E7.5,7.5,21.633100509643555
early,qiu2022,devmap,E7.5,E7.5-R2,25,10994,1838,E7.5,7.5,21.629745483398438
early,qiu2022,devmap,E7.5,E7.5-R2,26,10994,1838,E7.5,7.5,21.311840057373047
early,qiu2022,devmap,E7.5,E7.5-R2,27,10994,1838,E7.5,7.5,21.89199447631836
early,qiu2022,devmap,E7.5,E7.5-R2,28,10994,1838,E7.5,7.5,20.334640502929688
early,qiu2022,devmap,E7.5,E7.5-R2,29,10994,1838,E7.5,7.5,21.172611236572266
early,qiu2022,devmap,E7.5,E7.5-R2,30,10994,1838,E7.5,7.5,21.317365646362305
early,qiu2022,devmap,E7.5,E7.5-R2,31,10994,1838,E7.5,7.5,20.99490737915039
early,qiu2022,devmap,E7.5,E7.5-R2,32,10994,1838,E7.5,7.5,21.46196174621582
early,qiu2022,devmap,E7.5,E7.5-R2,33,10994,1838,E7.5,7.5,22.560962677001953
early,qiu2022,devmap,E7.5,E7.5-R2,34,10994,1838,E7.5,7.5,21.58885383605957
early,qiu2022,devmap,E7.5,E7.5-R2,35,10994,1838,E7.5,7.5,21.793842315673828
early,qiu2022,devmap,E7.5,E7.5-R2,36,10994,1838,E7.5,7.5,21.48310089111328
early,qiu2022,devmap,E7.5,E7.5-R2,37,10994,1838,E7.5,7.5,20.708641052246094
early,qiu2022,devmap,E7.5,E7.5-R2,38,10994,1838,E7.5,7.5,20.441879272460938
early,qiu2022,devmap,E7.5,E7.5-R2,39,10994,1838,E7.5,7.5,21.951683044433594
early,qiu2022,devmap,E7.5,E7.5-R2,40,10994,1838,E7.5,7.5,21.740657806396484
early,qiu2022,devmap,E7.5,E7.5-R2,41,10994,1838,E7.5,7.5,20.385679244995117
early,qiu2022,devmap,E7.5,E7.5-R2,42,10994,1838,E7.5,7.5,21.260547637939453
early,qiu2022,devmap,E7.5,E7.5-R2,43,10994,1838,E7.5,7.5,21.268016815185547
early,qiu2022,devmap,E7.5,E7.5-R2,44,10994,1838,E7.5,7.5,20.439504623413086
early,qiu2022,devmap,E7.5,E7.5-R2,45,10994,1838,E7.5,7.5,20.830097198486328
early,qiu2022,devmap,E7.5,E7.5-R2,46,10994,1838,E7.5,7.5,22.63311004638672
early,qiu2022,devmap,E7.5,E7.5-R2,47,10994,1838,E7.5,7.5,21.539749145507812
early,qiu2022,devmap,E7.5,E7.5-R2,48,10994,1838,E7.5,7.5,20.968521118164062
early,qiu2022,devmap,E7.5,E7.5-R2,49,10994,1838,E7.5,7.5,21.220298767089844
early,qiu2022,devmap,E7.5,E7.5-R3,0,10994,1468,E7.5,7.5,21.897037506103516
early,qiu2022,devmap,E7.5,E7.5-R3,1,10994,1468,E7.5,7.5,23.44647979736328
early,qiu2022,devmap,E7.5,E7.5-R3,2,10994,1468,E7.5,7.5,25.1008358001709
early,qiu2022,devmap,E7.5,E7.5-R3,3,10994,1468,E7.5,7.5,26.64646339416504
early,qiu2022,devmap,E7.5,E7.5-R3,4,10994,1468,E7.5,7.5,24.77623748779297
early,qiu2022,devmap,E7.5,E7.5-R3,5,10994,1468,E7.5,7.5,22.17464828491211
early,qiu2022,devmap,E7.5,E7.5-R3,6,10994,1468,E7.5,7.5,23.003585815429688
early,qiu2022,devmap,E7.5,E7.5-R3,7,10994,1468,E7.5,7.5,23.972187042236328
early,qiu2022,devmap,E7.5,E7.5-R3,8,10994,1468,E7.5,7.5,23.64862823486328
early,qiu2022,devmap,E7.5,E7.5-R3,9,10994,1468,E7.5,7.5,22.895959854125977
early,qiu2022,devmap,E7.5,E7.5-R3,10,10994,1468,E7.5,7.5,21.054115295410156
early,qiu2022,devmap,E7.5,E7.5-R3,11,10994,1468,E7.5,7.5,20.997180938720703
early,qiu2022,devmap,E7.5,E7.5-R3,12,10994,1468,E7.5,7.5,22.195892333984375
early,qiu2022,devmap,E7.5,E7.5-R3,13,10994,1468,E7.5,7.5,22.290538787841797
early,qiu2022,devmap,E7.5,E7.5-R3,14,10994,1468,E7.5,7.5,23.613847732543945
early,qiu2022,devmap,E7.5,E7.5-R3,15,10994,1468,E7.5,7.5,23.30619239807129
early,qiu2022,devmap,E7.5,E7.5-R3,16,10994,1468,E7.5,7.5,22.546001434326172
early,qiu2022,devmap,E7.5,E7.5-R3,17,10994,1468,E7.5,7.5,23.377300262451172
early,qiu2022,devmap,E7.5,E7.5-R3,18,10994,1468,E7.5,7.5,22.42197036743164
early,qiu2022,devmap,E7.5,E7.5-R3,19,10994,1468,E7.5,7.5,23.311874389648438
early,qiu2022,devmap,E7.5,E7.5-R3,20,10994,1468,E7.5,7.5,22.702587127685547
early,qiu2022,devmap,E7.5,E7.5-R3,21,10994,1468,E7.5,7.5,23.072765350341797
early,qiu2022,devmap,E7.5,E7.5-R3,22,10994,1468,E7.5,7.5,23.838909149169922
early,qiu2022,devmap,E7.5,E7.5-R3,23,10994,1468,E7.5,7.5,22.912303924560547
early,qiu2022,devmap,E7.5,E7.5-R3,24,10994,1468,E7.5,7.5,23.056007385253906
early,qiu2022,devmap,E7.5,E7.5-R3,25,10994,1468,E7.5,7.5,22.420442581176758
early,qiu2022,devmap,E7.5,E7.5-R3,26,10994,1468,E7.5,7.5,24.770034790039062
early,qiu2022,devmap,E7.5,E7.5-R3,27,10994,1468,E7.5,7.5,20.669940948486328
early,qiu2022,devmap,E7.5,E7.5-R3,28,10994,1468,E7.5,7.5,22.962697982788086
early,qiu2022,devmap,E7.5,E7.5-R3,29,10994,1468,E7.5,7.5,23.828723907470703
early,qiu2022,devmap,E7.5,E7.5-R3,30,10994,1468,E7.5,7.5,24.135356903076172
early,qiu2022,devmap,E7.5,E7.5-R3,31,10994,1468,E7.5,7.5,24.338966369628906
early,qiu2022,devmap,E7.5,E7.5-R3,32,10994,1468,E7.5,7.5,23.696632385253906
early,qiu2022,devmap,E7.5,E7.5-R3,33,10994,1468,E7.5,7.5,23.45336151123047
early,qiu2022,devmap,E7.5,E7.5-R3,34,10994,1468,E7.5,7.5,21.237262725830078
early,qiu2022,devmap,E7.5,E7.5-R3,35,10994,1468,E7.5,7.5,25.75392723083496
early,qiu2022,devmap,E7.5,E7.5-R3,36,10994,1468,E7.5,7.5,21.366649627685547
early,qiu2022,devmap,E7.5,E7.5-R3,37,10994,1468,E7.5,7.5,21.766300201416016
early,qiu2022,devmap,E7.5,E7.5-R3,38,10994,1468,E7.5,7.5,24.8471736907959
early,qiu2022,devmap,E7.5,E7.5-R3,39,10994,1468,E7.5,7.5,23.259685516357422
early,qiu2022,devmap,E7.5,E7.5-R3,40,10994,1468,E7.5,7.5,24.015033721923828
early,qiu2022,devmap,E7.5,E7.5-R3,41,10994,1468,E7.5,7.5,21.899410247802734
early,qiu2022,devmap,E7.5,E7.5-R3,42,10994,1468,E7.5,7.5,24.29641342163086
early,qiu2022,devmap,E7.5,E7.5-R3,43,10994,1468,E7.5,7.5,23.220260620117188
early,qiu2022,devmap,E7.5,E7.5-R3,44,10994,1468,E7.5,7.5,24.891284942626953
early,qiu2022,devmap,E7.5,E7.5-R3,45,10994,1468,E7.5,7.5,22.53412628173828
early,qiu2022,devmap,E7.5,E7.5-R3,46,10994,1468,E7.5,7.5,22.276426315307617
early,qiu2022,devmap,E7.5,E7.5-R3,47,10994,1468,E7.5,7.5,21.865737915039062
early,qiu2022,devmap,E7.5,E7.5-R3,48,10994,1468,E7.5,7.5,22.65709686279297
early,qiu2022,devmap,E7.5,E7.5-R3,49,10994,1468,E7.5,7.5,24.366825103759766
early,qiu2022,devmap,E7.5,E8.0-R1,0,10994,4498,E7.5,8.0,22.364788055419922
early,qiu2022,devmap,E7.5,E8.0-R1,1,10994,4498,E7.5,8.0,23.309274673461914
early,qiu2022,devmap,E7.5,E8.0-R1,2,10994,4498,E7.5,8.0,21.85675811767578
early,qiu2022,devmap,E7.5,E8.0-R1,3,10994,4498,E7.5,8.0,22.959550857543945
early,qiu2022,devmap,E7.5,E8.0-R1,4,10994,4498,E7.5,8.0,21.74181365966797
early,qiu2022,devmap,E7.5,E8.0-R1,5,10994,4498,E7.5,8.0,22.571128845214844
early,qiu2022,devmap,E7.5,E8.0-R1,6,10994,4498,E7.5,8.0,22.658889770507812
early,qiu2022,devmap,E7.5,E8.0-R1,7,10994,4498,E7.5,8.0,22.51531982421875
early,qiu2022,devmap,E7.5,E8.0-R1,8,10994,4498,E7.5,8.0,22.745746612548828
early,qiu2022,devmap,E7.5,E8.0-R1,9,10994,4498,E7.5,8.0,22.3926944732666
early,qiu2022,devmap,E7.5,E8.0-R1,10,10994,4498,E7.5,8.0,23.21884536743164
early,qiu2022,devmap,E7.5,E8.0-R1,11,10994,4498,E7.5,8.0,23.859493255615234
early,qiu2022,devmap,E7.5,E8.0-R1,12,10994,4498,E7.5,8.0,22.204755783081055
early,qiu2022,devmap,E7.5,E8.0-R1,13,10994,4498,E7.5,8.0,21.574790954589844
early,qiu2022,devmap,E7.5,E8.0-R1,14,10994,4498,E7.5,8.0,23.411623001098633
early,qiu2022,devmap,E7.5,E8.0-R1,15,10994,4498,E7.5,8.0,22.8601016998291
early,qiu2022,devmap,E7.5,E8.0-R1,16,10994,4498,E7.5,8.0,23.08460235595703
early,qiu2022,devmap,E7.5,E8.0-R1,17,10994,4498,E7.5,8.0,22.05913734436035
early,qiu2022,devmap,E7.5,E8.0-R1,18,10994,4498,E7.5,8.0,22.555034637451172
early,qiu2022,devmap,E7.5,E8.0-R1,19,10994,4498,E7.5,8.0,22.281503677368164
early,qiu2022,devmap,E7.5,E8.0-R1,20,10994,4498,E7.5,8.0,23.452552795410156
early,qiu2022,devmap,E7.5,E8.0-R1,21,10994,4498,E7.5,8.0,22.42327117919922
early,qiu2022,devmap,E7.5,E8.0-R1,22,10994,4498,E7.5,8.0,23.29309844970703
early,qiu2022,devmap,E7.5,E8.0-R1,23,10994,4498,E7.5,8.0,22.907461166381836
early,qiu2022,devmap,E7.5,E8.0-R1,24,10994,4498,E7.5,8.0,22.44074058532715
early,qiu2022,devmap,E7.5,E8.0-R1,25,10994,4498,E7.5,8.0,22.15277862548828
early,qiu2022,devmap,E7.5,E8.0-R1,26,10994,4498,E7.5,8.0,22.753324508666992
early,qiu2022,devmap,E7.5,E8.0-R1,27,10994,4498,E7.5,8.0,22.091970443725586
early,qiu2022,devmap,E7.5,E8.0-R1,28,10994,4498,E7.5,8.0,23.311824798583984
early,qiu2022,devmap,E7.5,E8.0-R1,29,10994,4498,E7.5,8.0,23.643760681152344
early,qiu2022,devmap,E7.5,E8.0-R1,30,10994,4498,E7.5,8.0,22.155183792114258
early,qiu2022,devmap,E7.5,E8.0-R1,31,10994,4498,E7.5,8.0,22.583595275878906
early,qiu2022,devmap,E7.5,E8.0-R1,32,10994,4498,E7.5,8.0,22.75017547607422
early,qiu2022,devmap,E7.5,E8.0-R1,33,10994,4498,E7.5,8.0,22.080093383789062
early,qiu2022,devmap,E7.5,E8.0-R1,34,10994,4498,E7.5,8.0,22.59259796142578
early,qiu2022,devmap,E7.5,E8.0-R1,35,10994,4498,E7.5,8.0,23.05004119873047
early,qiu2022,devmap,E7.5,E8.0-R1,36,10994,4498,E7.5,8.0,21.375652313232422
early,qiu2022,devmap,E7.5,E8.0-R1,37,10994,4498,E7.5,8.0,23.079345703125
early,qiu2022,devmap,E7.5,E8.0-R1,38,10994,4498,E7.5,8.0,22.546886444091797
early,qiu2022,devmap,E7.5,E8.0-R1,39,10994,4498,E7.5,8.0,22.96645736694336
early,qiu2022,devmap,E7.5,E8.0-R1,40,10994,4498,E7.5,8.0,22.22195816040039
early,qiu2022,devmap,E7.5,E8.0-R1,41,10994,4498,E7.5,8.0,22.924633026123047
early,qiu2022,devmap,E7.5,E8.0-R1,42,10994,4498,E7.5,8.0,22.263946533203125
early,qiu2022,devmap,E7.5,E8.0-R1,43,10994,4498,E7.5,8.0,23.062854766845703
early,qiu2022,devmap,E7.5,E8.0-R1,44,10994,4498,E7.5,8.0,22.088008880615234
early,qiu2022,devmap,E7.5,E8.0-R1,45,10994,4498,E7.5,8.0,23.04438018798828
early,qiu2022,devmap,E7.5,E8.0-R1,46,10994,4498,E7.5,8.0,22.070724487304688
early,qiu2022,devmap,E7.5,E8.0-R1,47,10994,4498,E7.5,8.0,22.27777099609375
early,qiu2022,devmap,E7.5,E8.0-R1,48,10994,4498,E7.5,8.0,23.62883758544922
early,qiu2022,devmap,E7.5,E8.0-R1,49,10994,4498,E7.5,8.0,23.617053985595703
early,qiu2022,devmap,E7.5,E8.0-R2,0,10994,10681,E7.5,8.0,25.413585662841797
early,qiu2022,devmap,E7.5,E8.0-R2,1,10994,10681,E7.5,8.0,25.962688446044922
early,qiu2022,devmap,E7.5,E8.0-R2,2,10994,10681,E7.5,8.0,25.659629821777344
early,qiu2022,devmap,E7.5,E8.0-R2,3,10994,10681,E7.5,8.0,25.595577239990234
early,qiu2022,devmap,E7.5,E8.0-R2,4,10994,10681,E7.5,8.0,25.305347442626953
early,qiu2022,devmap,E7.5,E8.0-R2,5,10994,10681,E7.5,8.0,25.42584228515625
early,qiu2022,devmap,E7.5,E8.0-R2,6,10994,10681,E7.5,8.0,25.716259002685547
early,qiu2022,devmap,E7.5,E8.0-R2,7,10994,10681,E7.5,8.0,25.441009521484375
early,qiu2022,devmap,E7.5,E8.0-R2,8,10994,10681,E7.5,8.0,25.573421478271484
early,qiu2022,devmap,E7.5,E8.0-R2,9,10994,10681,E7.5,8.0,25.393089294433594
early,qiu2022,devmap,E7.5,E8.0-R2,10,10994,10681,E7.5,8.0,25.41854476928711
early,qiu2022,devmap,E7.5,E8.0-R2,11,10994,10681,E7.5,8.0,25.393722534179688
early,qiu2022,devmap,E7.5,E8.0-R2,12,10994,10681,E7.5,8.0,25.24453353881836
early,qiu2022,devmap,E7.5,E8.0-R2,13,10994,10681,E7.5,8.0,25.525074005126953
early,qiu2022,devmap,E7.5,E8.0-R2,14,10994,10681,E7.5,8.0,25.315876007080078
early,qiu2022,devmap,E7.5,E8.0-R2,15,10994,10681,E7.5,8.0,25.830673217773438
early,qiu2022,devmap,E7.5,E8.0-R2,16,10994,10681,E7.5,8.0,25.414588928222656
early,qiu2022,devmap,E7.5,E8.0-R2,17,10994,10681,E7.5,8.0,25.364639282226562
early,qiu2022,devmap,E7.5,E8.0-R2,18,10994,10681,E7.5,8.0,25.259157180786133
early,qiu2022,devmap,E7.5,E8.0-R2,19,10994,10681,E7.5,8.0,25.400590896606445
early,qiu2022,devmap,E7.5,E8.0-R2,20,10994,10681,E7.5,8.0,25.212303161621094
early,qiu2022,devmap,E7.5,E8.0-R2,21,10994,10681,E7.5,8.0,25.59309959411621
early,qiu2022,devmap,E7.5,E8.0-R2,22,10994,10681,E7.5,8.0,25.412702560424805
early,qiu2022,devmap,E7.5,E8.0-R2,23,10994,10681,E7.5,8.0,25.349090576171875
early,qiu2022,devmap,E7.5,E8.0-R2,24,10994,10681,E7.5,8.0,25.590742111206055
early,qiu2022,devmap,E7.5,E8.0-R2,25,10994,10681,E7.5,8.0,25.64990997314453
early,qiu2022,devmap,E7.5,E8.0-R2,26,10994,10681,E7.5,8.0,25.892505645751953
early,qiu2022,devmap,E7.5,E8.0-R2,27,10994,10681,E7.5,8.0,25.518096923828125
early,qiu2022,devmap,E7.5,E8.0-R2,28,10994,10681,E7.5,8.0,26.012065887451172
early,qiu2022,devmap,E7.5,E8.0-R2,29,10994,10681,E7.5,8.0,26.12737464904785
early,qiu2022,devmap,E7.5,E8.0-R2,30,10994,10681,E7.5,8.0,25.65948486328125
early,qiu2022,devmap,E7.5,E8.0-R2,31,10994,10681,E7.5,8.0,25.594392776489258
early,qiu2022,devmap,E7.5,E8.0-R2,32,10994,10681,E7.5,8.0,25.94774627685547
early,qiu2022,devmap,E7.5,E8.0-R2,33,10994,10681,E7.5,8.0,25.409591674804688
early,qiu2022,devmap,E7.5,E8.0-R2,34,10994,10681,E7.5,8.0,25.062965393066406
early,qiu2022,devmap,E7.5,E8.0-R2,35,10994,10681,E7.5,8.0,25.603744506835938
early,qiu2022,devmap,E7.5,E8.0-R2,36,10994,10681,E7.5,8.0,25.204771041870117
early,qiu2022,devmap,E7.5,E8.0-R2,37,10994,10681,E7.5,8.0,25.67605209350586
early,qiu2022,devmap,E7.5,E8.0-R2,38,10994,10681,E7.5,8.0,25.127666473388672
early,qiu2022,devmap,E7.5,E8.0-R2,39,10994,10681,E7.5,8.0,25.40288543701172
early,qiu2022,devmap,E7.5,E8.0-R2,40,10994,10681,E7.5,8.0,25.828855514526367
early,qiu2022,devmap,E7.5,E8.0-R2,41,10994,10681,E7.5,8.0,26.389312744140625
early,qiu2022,devmap,E7.5,E8.0-R2,42,10994,10681,E7.5,8.0,25.218719482421875
early,qiu2022,devmap,E7.5,E8.0-R2,43,10994,10681,E7.5,8.0,25.66636085510254
early,qiu2022,devmap,E7.5,E8.0-R2,44,10994,10681,E7.5,8.0,25.322818756103516
early,qiu2022,devmap,E7.5,E8.0-R2,45,10994,10681,E7.5,8.0,25.39545440673828
early,qiu2022,devmap,E7.5,E8.0-R2,46,10994,10681,E7.5,8.0,25.775047302246094
early,qiu2022,devmap,E7.5,E8.0-R2,47,10994,10681,E7.5,8.0,25.442012786865234
early,qiu2022,devmap,E7.5,E8.0-R2,48,10994,10681,E7.5,8.0,25.400287628173828
early,qiu2022,devmap,E7.5,E8.0-R2,49,10994,10681,E7.5,8.0,24.444795608520508
early,qiu2022,devmap,E7.5,E8.0-R3,0,10994,6763,E7.5,8.0,22.92702865600586
early,qiu2022,devmap,E7.5,E8.0-R3,1,10994,6763,E7.5,8.0,23.61673355102539
early,qiu2022,devmap,E7.5,E8.0-R3,2,10994,6763,E7.5,8.0,24.296567916870117
early,qiu2022,devmap,E7.5,E8.0-R3,3,10994,6763,E7.5,8.0,23.776060104370117
early,qiu2022,devmap,E7.5,E8.0-R3,4,10994,6763,E7.5,8.0,23.4587459564209
early,qiu2022,devmap,E7.5,E8.0-R3,5,10994,6763,E7.5,8.0,24.099563598632812
early,qiu2022,devmap,E7.5,E8.0-R3,6,10994,6763,E7.5,8.0,23.81661605834961
early,qiu2022,devmap,E7.5,E8.0-R3,7,10994,6763,E7.5,8.0,23.98558807373047
early,qiu2022,devmap,E7.5,E8.0-R3,8,10994,6763,E7.5,8.0,22.10881805419922
early,qiu2022,devmap,E7.5,E8.0-R3,9,10994,6763,E7.5,8.0,23.243803024291992
early,qiu2022,devmap,E7.5,E8.0-R3,10,10994,6763,E7.5,8.0,24.125286102294922
early,qiu2022,devmap,E7.5,E8.0-R3,11,10994,6763,E7.5,8.0,23.69928550720215
early,qiu2022,devmap,E7.5,E8.0-R3,12,10994,6763,E7.5,8.0,22.990386962890625
early,qiu2022,devmap,E7.5,E8.0-R3,13,10994,6763,E7.5,8.0,23.582660675048828
early,qiu2022,devmap,E7.5,E8.0-R3,14,10994,6763,E7.5,8.0,23.424951553344727
early,qiu2022,devmap,E7.5,E8.0-R3,15,10994,6763,E7.5,8.0,23.685733795166016
early,qiu2022,devmap,E7.5,E8.0-R3,16,10994,6763,E7.5,8.0,23.775802612304688
early,qiu2022,devmap,E7.5,E8.0-R3,17,10994,6763,E7.5,8.0,24.073734283447266
early,qiu2022,devmap,E7.5,E8.0-R3,18,10994,6763,E7.5,8.0,25.264713287353516
early,qiu2022,devmap,E7.5,E8.0-R3,19,10994,6763,E7.5,8.0,23.28020477294922
early,qiu2022,devmap,E7.5,E8.0-R3,20,10994,6763,E7.5,8.0,23.56639862060547
early,qiu2022,devmap,E7.5,E8.0-R3,21,10994,6763,E7.5,8.0,23.752668380737305
early,qiu2022,devmap,E7.5,E8.0-R3,22,10994,6763,E7.5,8.0,23.464998245239258
early,qiu2022,devmap,E7.5,E8.0-R3,23,10994,6763,E7.5,8.0,23.683258056640625
early,qiu2022,devmap,E7.5,E8.0-R3,24,10994,6763,E7.5,8.0,23.476425170898438
early,qiu2022,devmap,E7.5,E8.0-R3,25,10994,6763,E7.5,8.0,24.094703674316406
early,qiu2022,devmap,E7.5,E8.0-R3,26,10994,6763,E7.5,8.0,23.579849243164062
early,qiu2022,devmap,E7.5,E8.0-R3,27,10994,6763,E7.5,8.0,23.98548126220703
early,qiu2022,devmap,E7.5,E8.0-R3,28,10994,6763,E7.5,8.0,22.397823333740234
early,qiu2022,devmap,E7.5,E8.0-R3,29,10994,6763,E7.5,8.0,23.6722469329834
early,qiu2022,devmap,E7.5,E8.0-R3,30,10994,6763,E7.5,8.0,24.008817672729492
early,qiu2022,devmap,E7.5,E8.0-R3,31,10994,6763,E7.5,8.0,24.715103149414062
early,qiu2022,devmap,E7.5,E8.0-R3,32,10994,6763,E7.5,8.0,23.97947120666504
early,qiu2022,devmap,E7.5,E8.0-R3,33,10994,6763,E7.5,8.0,24.135316848754883
early,qiu2022,devmap,E7.5,E8.0-R3,34,10994,6763,E7.5,8.0,23.54961395263672
early,qiu2022,devmap,E7.5,E8.0-R3,35,10994,6763,E7.5,8.0,23.762454986572266
early,qiu2022,devmap,E7.5,E8.0-R3,36,10994,6763,E7.5,8.0,24.755672454833984
early,qiu2022,devmap,E7.5,E8.0-R3,37,10994,6763,E7.5,8.0,23.904619216918945
early,qiu2022,devmap,E7.5,E8.0-R3,38,10994,6763,E7.5,8.0,23.551843643188477
early,qiu2022,devmap,E7.5,E8.0-R3,39,10994,6763,E7.5,8.0,23.422855377197266
early,qiu2022,devmap,E7.5,E8.0-R3,40,10994,6763,E7.5,8.0,24.23660659790039
early,qiu2022,devmap,E7.5,E8.0-R3,41,10994,6763,E7.5,8.0,23.44826889038086
early,qiu2022,devmap,E7.5,E8.0-R3,42,10994,6763,E7.5,8.0,24.075695037841797
early,qiu2022,devmap,E7.5,E8.0-R3,43,10994,6763,E7.5,8.0,23.938400268554688
early,qiu2022,devmap,E7.5,E8.0-R3,44,10994,6763,E7.5,8.0,23.514476776123047
early,qiu2022,devmap,E7.5,E8.0-R3,45,10994,6763,E7.5,8.0,24.09767723083496
early,qiu2022,devmap,E7.5,E8.0-R3,46,10994,6763,E7.5,8.0,23.086048126220703
early,qiu2022,devmap,E7.5,E8.0-R3,47,10994,6763,E7.5,8.0,23.432186126708984
early,qiu2022,devmap,E7.5,E8.0-R3,48,10994,6763,E7.5,8.0,23.47879981994629
early,qiu2022,devmap,E7.5,E8.0-R3,49,10994,6763,E7.5,8.0,23.12697982788086
early,qiu2022,devmap,E7.5,E8.5-R1,0,10994,23435,E7.5,8.5,27.989681243896484
early,qiu2022,devmap,E7.5,E8.5-R1,1,10994,23435,E7.5,8.5,27.47455596923828
early,qiu2022,devmap,E7.5,E8.5-R1,2,10994,23435,E7.5,8.5,27.097196578979492
early,qiu2022,devmap,E7.5,E8.5-R1,3,10994,23435,E7.5,8.5,27.72515106201172
early,qiu2022,devmap,E7.5,E8.5-R1,4,10994,23435,E7.5,8.5,27.62091636657715
early,qiu2022,devmap,E7.5,E8.5-R1,5,10994,23435,E7.5,8.5,27.652076721191406
early,qiu2022,devmap,E7.5,E8.5-R1,6,10994,23435,E7.5,8.5,27.384353637695312
early,qiu2022,devmap,E7.5,E8.5-R1,7,10994,23435,E7.5,8.5,27.453678131103516
early,qiu2022,devmap,E7.5,E8.5-R1,8,10994,23435,E7.5,8.5,27.41347885131836
early,qiu2022,devmap,E7.5,E8.5-R1,9,10994,23435,E7.5,8.5,27.528148651123047
early,qiu2022,devmap,E7.5,E8.5-R1,10,10994,23435,E7.5,8.5,27.415325164794922
early,qiu2022,devmap,E7.5,E8.5-R1,11,10994,23435,E7.5,8.5,27.259376525878906
early,qiu2022,devmap,E7.5,E8.5-R1,12,10994,23435,E7.5,8.5,27.513675689697266
early,qiu2022,devmap,E7.5,E8.5-R1,13,10994,23435,E7.5,8.5,27.38353729248047
early,qiu2022,devmap,E7.5,E8.5-R1,14,10994,23435,E7.5,8.5,27.000526428222656
early,qiu2022,devmap,E7.5,E8.5-R1,15,10994,23435,E7.5,8.5,27.057022094726562
early,qiu2022,devmap,E7.5,E8.5-R1,16,10994,23435,E7.5,8.5,28.123050689697266
early,qiu2022,devmap,E7.5,E8.5-R1,17,10994,23435,E7.5,8.5,27.456737518310547
early,qiu2022,devmap,E7.5,E8.5-R1,18,10994,23435,E7.5,8.5,27.40599822998047
early,qiu2022,devmap,E7.5,E8.5-R1,19,10994,23435,E7.5,8.5,26.973041534423828
early,qiu2022,devmap,E7.5,E8.5-R1,20,10994,23435,E7.5,8.5,27.291160583496094
early,qiu2022,devmap,E7.5,E8.5-R1,21,10994,23435,E7.5,8.5,27.632339477539062
early,qiu2022,devmap,E7.5,E8.5-R1,22,10994,23435,E7.5,8.5,27.58892822265625
early,qiu2022,devmap,E7.5,E8.5-R1,23,10994,23435,E7.5,8.5,27.373634338378906
early,qiu2022,devmap,E7.5,E8.5-R1,24,10994,23435,E7.5,8.5,27.268756866455078
early,qiu2022,devmap,E7.5,E8.5-R1,25,10994,23435,E7.5,8.5,27.564842224121094
early,qiu2022,devmap,E7.5,E8.5-R1,26,10994,23435,E7.5,8.5,27.18971824645996
early,qiu2022,devmap,E7.5,E8.5-R1,27,10994,23435,E7.5,8.5,27.31118392944336
early,qiu2022,devmap,E7.5,E8.5-R1,28,10994,23435,E7.5,8.5,27.816375732421875
early,qiu2022,devmap,E7.5,E8.5-R1,29,10994,23435,E7.5,8.5,27.75139617919922
early,qiu2022,devmap,E7.5,E8.5-R1,30,10994,23435,E7.5,8.5,27.686920166015625
early,qiu2022,devmap,E7.5,E8.5-R1,31,10994,23435,E7.5,8.5,27.278486251831055
early,qiu2022,devmap,E7.5,E8.5-R1,32,10994,23435,E7.5,8.5,27.120582580566406
early,qiu2022,devmap,E7.5,E8.5-R1,33,10994,23435,E7.5,8.5,27.51349639892578
early,qiu2022,devmap,E7.5,E8.5-R1,34,10994,23435,E7.5,8.5,27.279739379882812
early,qiu2022,devmap,E7.5,E8.5-R1,35,10994,23435,E7.5,8.5,26.719802856445312
early,qiu2022,devmap,E7.5,E8.5-R1,36,10994,23435,E7.5,8.5,27.124366760253906
early,qiu2022,devmap,E7.5,E8.5-R1,37,10994,23435,E7.5,8.5,27.669654846191406
early,qiu2022,devmap,E7.5,E8.5-R1,38,10994,23435,E7.5,8.5,27.166133880615234
early,qiu2022,devmap,E7.5,E8.5-R1,39,10994,23435,E7.5,8.5,27.32693862915039
early,qiu2022,devmap,E7.5,E8.5-R1,40,10994,23435,E7.5,8.5,27.57556915283203
early,qiu2022,devmap,E7.5,E8.5-R1,41,10994,23435,E7.5,8.5,27.708572387695312
early,qiu2022,devmap,E7.5,E8.5-R1,42,10994,23435,E7.5,8.5,27.722400665283203
early,qiu2022,devmap,E7.5,E8.5-R1,43,10994,23435,E7.5,8.5,27.277694702148438
early,qiu2022,devmap,E7.5,E8.5-R1,44,10994,23435,E7.5,8.5,27.099924087524414
early,qiu2022,devmap,E7.5,E8.5-R1,45,10994,23435,E7.5,8.5,27.75524139404297
early,qiu2022,devmap,E7.5,E8.5-R1,46,10994,23435,E7.5,8.5,27.599102020263672
early,qiu2022,devmap,E7.5,E8.5-R1,47,10994,23435,E7.5,8.5,27.780229568481445
early,qiu2022,devmap,E7.5,E8.5-R1,48,10994,23435,E7.5,8.5,27.21044921875
early,qiu2022,devmap,E7.5,E8.5-R1,49,10994,23435,E7.5,8.5,27.69817352294922
early,qiu2022,devmap,E7.5,E8.5-R2,0,10994,38216,E7.5,8.5,27.206584930419922
early,qiu2022,devmap,E7.5,E8.5-R2,1,10994,38216,E7.5,8.5,27.60232925415039
early,qiu2022,devmap,E7.5,E8.5-R2,2,10994,38216,E7.5,8.5,28.207740783691406
early,qiu2022,devmap,E7.5,E8.5-R2,3,10994,38216,E7.5,8.5,27.51732635498047
early,qiu2022,devmap,E7.5,E8.5-R2,4,10994,38216,E7.5,8.5,27.412235260009766
early,qiu2022,devmap,E7.5,E8.5-R2,5,10994,38216,E7.5,8.5,27.09263801574707
early,qiu2022,devmap,E7.5,E8.5-R2,6,10994,38216,E7.5,8.5,27.72278594970703
early,qiu2022,devmap,E7.5,E8.5-R2,7,10994,38216,E7.5,8.5,27.81591033935547
early,qiu2022,devmap,E7.5,E8.5-R2,8,10994,38216,E7.5,8.5,27.471149444580078
early,qiu2022,devmap,E7.5,E8.5-R2,9,10994,38216,E7.5,8.5,27.74303436279297
early,qiu2022,devmap,E7.5,E8.5-R2,10,10994,38216,E7.5,8.5,27.525598526000977
early,qiu2022,devmap,E7.5,E8.5-R2,11,10994,38216,E7.5,8.5,27.468032836914062
early,qiu2022,devmap,E7.5,E8.5-R2,12,10994,38216,E7.5,8.5,27.663185119628906
early,qiu2022,devmap,E7.5,E8.5-R2,13,10994,38216,E7.5,8.5,27.768362045288086
early,qiu2022,devmap,E7.5,E8.5-R2,14,10994,38216,E7.5,8.5,27.375354766845703
early,qiu2022,devmap,E7.5,E8.5-R2,15,10994,38216,E7.5,8.5,27.332897186279297
early,qiu2022,devmap,E7.5,E8.5-R2,16,10994,38216,E7.5,8.5,27.96200180053711
early,qiu2022,devmap,E7.5,E8.5-R2,17,10994,38216,E7.5,8.5,27.24915313720703
early,qiu2022,devmap,E7.5,E8.5-R2,18,10994,38216,E7.5,8.5,27.64617919921875
early,qiu2022,devmap,E7.5,E8.5-R2,19,10994,38216,E7.5,8.5,27.965656280517578
early,qiu2022,devmap,E7.5,E8.5-R2,20,10994,38216,E7.5,8.5,27.149330139160156
early,qiu2022,devmap,E7.5,E8.5-R2,21,10994,38216,E7.5,8.5,27.281696319580078
early,qiu2022,devmap,E7.5,E8.5-R2,22,10994,38216,E7.5,8.5,27.909025192260742
early,qiu2022,devmap,E7.5,E8.5-R2,23,10994,38216,E7.5,8.5,27.153827667236328
early,qiu2022,devmap,E7.5,E8.5-R2,24,10994,38216,E7.5,8.5,27.149484634399414
early,qiu2022,devmap,E7.5,E8.5-R2,25,10994,38216,E7.5,8.5,28.19718360900879
early,qiu2022,devmap,E7.5,E8.5-R2,26,10994,38216,E7.5,8.5,27.5894832611084
early,qiu2022,devmap,E7.5,E8.5-R2,27,10994,38216,E7.5,8.5,27.976377487182617
early,qiu2022,devmap,E7.5,E8.5-R2,28,10994,38216,E7.5,8.5,27.09221649169922
early,qiu2022,devmap,E7.5,E8.5-R2,29,10994,38216,E7.5,8.5,27.250778198242188
early,qiu2022,devmap,E7.5,E8.5-R2,30,10994,38216,E7.5,8.5,27.817752838134766
early,qiu2022,devmap,E7.5,E8.5-R2,31,10994,38216,E7.5,8.5,27.012561798095703
early,qiu2022,devmap,E7.5,E8.5-R2,32,10994,38216,E7.5,8.5,27.26934051513672
early,qiu2022,devmap,E7.5,E8.5-R2,33,10994,38216,E7.5,8.5,27.520828247070312
early,qiu2022,devmap,E7.5,E8.5-R2,34,10994,38216,E7.5,8.5,27.537513732910156
early,qiu2022,devmap,E7.5,E8.5-R2,35,10994,38216,E7.5,8.5,27.234546661376953
early,qiu2022,devmap,E7.5,E8.5-R2,36,10994,38216,E7.5,8.5,27.309925079345703
early,qiu2022,devmap,E7.5,E8.5-R2,37,10994,38216,E7.5,8.5,27.031116485595703
early,qiu2022,devmap,E7.5,E8.5-R2,38,10994,38216,E7.5,8.5,27.375701904296875
early,qiu2022,devmap,E7.5,E8.5-R2,39,10994,38216,E7.5,8.5,27.770111083984375
early,qiu2022,devmap,E7.5,E8.5-R2,40,10994,38216,E7.5,8.5,27.742948532104492
early,qiu2022,devmap,E7.5,E8.5-R2,41,10994,38216,E7.5,8.5,27.594341278076172
early,qiu2022,devmap,E7.5,E8.5-R2,42,10994,38216,E7.5,8.5,27.870861053466797
early,qiu2022,devmap,E7.5,E8.5-R2,43,10994,38216,E7.5,8.5,27.748878479003906
early,qiu2022,devmap,E7.5,E8.5-R2,44,10994,38216,E7.5,8.5,27.74117660522461
early,qiu2022,devmap,E7.5,E8.5-R2,45,10994,38216,E7.5,8.5,27.46894073486328
early,qiu2022,devmap,E7.5,E8.5-R2,46,10994,38216,E7.5,8.5,27.316457748413086
early,qiu2022,devmap,E7.5,E8.5-R2,47,10994,38216,E7.5,8.5,27.08901596069336
early,qiu2022,devmap,E7.5,E8.5-R2,48,10994,38216,E7.5,8.5,27.707517623901367
early,qiu2022,devmap,E7.5,E8.5-R2,49,10994,38216,E7.5,8.5,28.04401397705078
early,qiu2022,devmap,E7.5,E8.5-R3,0,10994,27743,E7.5,8.5,26.599550247192383
early,qiu2022,devmap,E7.5,E8.5-R3,1,10994,27743,E7.5,8.5,27.082157135009766
early,qiu2022,devmap,E7.5,E8.5-R3,2,10994,27743,E7.5,8.5,26.5428524017334
early,qiu2022,devmap,E7.5,E8.5-R3,3,10994,27743,E7.5,8.5,27.69455337524414
early,qiu2022,devmap,E7.5,E8.5-R3,4,10994,27743,E7.5,8.5,26.646053314208984
early,qiu2022,devmap,E7.5,E8.5-R3,5,10994,27743,E7.5,8.5,26.738845825195312
early,qiu2022,devmap,E7.5,E8.5-R3,6,10994,27743,E7.5,8.5,27.481300354003906
early,qiu2022,devmap,E7.5,E8.5-R3,7,10994,27743,E7.5,8.5,27.34572982788086
early,qiu2022,devmap,E7.5,E8.5-R3,8,10994,27743,E7.5,8.5,26.45343017578125
early,qiu2022,devmap,E7.5,E8.5-R3,9,10994,27743,E7.5,8.5,27.597373962402344
early,qiu2022,devmap,E7.5,E8.5-R3,10,10994,27743,E7.5,8.5,27.47044563293457
early,qiu2022,devmap,E7.5,E8.5-R3,11,10994,27743,E7.5,8.5,27.495670318603516
early,qiu2022,devmap,E7.5,E8.5-R3,12,10994,27743,E7.5,8.5,26.935747146606445
early,qiu2022,devmap,E7.5,E8.5-R3,13,10994,27743,E7.5,8.5,26.7257022857666
early,qiu2022,devmap,E7.5,E8.5-R3,14,10994,27743,E7.5,8.5,27.290157318115234
early,qiu2022,devmap,E7.5,E8.5-R3,15,10994,27743,E7.5,8.5,26.563297271728516
early,qiu2022,devmap,E7.5,E8.5-R3,16,10994,27743,E7.5,8.5,26.893903732299805
early,qiu2022,devmap,E7.5,E8.5-R3,17,10994,27743,E7.5,8.5,27.291337966918945
early,qiu2022,devmap,E7.5,E8.5-R3,18,10994,27743,E7.5,8.5,26.84977912902832
early,qiu2022,devmap,E7.5,E8.5-R3,19,10994,27743,E7.5,8.5,26.375732421875
early,qiu2022,devmap,E7.5,E8.5-R3,20,10994,27743,E7.5,8.5,26.70184326171875
early,qiu2022,devmap,E7.5,E8.5-R3,21,10994,27743,E7.5,8.5,26.327251434326172
early,qiu2022,devmap,E7.5,E8.5-R3,22,10994,27743,E7.5,8.5,27.098670959472656
early,qiu2022,devmap,E7.5,E8.5-R3,23,10994,27743,E7.5,8.5,26.942861557006836
early,qiu2022,devmap,E7.5,E8.5-R3,24,10994,27743,E7.5,8.5,26.929607391357422
early,qiu2022,devmap,E7.5,E8.5-R3,25,10994,27743,E7.5,8.5,26.886877059936523
early,qiu2022,devmap,E7.5,E8.5-R3,26,10994,27743,E7.5,8.5,26.4758243560791
early,qiu2022,devmap,E7.5,E8.5-R3,27,10994,27743,E7.5,8.5,27.581958770751953
early,qiu2022,devmap,E7.5,E8.5-R3,28,10994,27743,E7.5,8.5,26.781217575073242
early,qiu2022,devmap,E7.5,E8.5-R3,29,10994,27743,E7.5,8.5,26.448108673095703
early,qiu2022,devmap,E7.5,E8.5-R3,30,10994,27743,E7.5,8.5,27.063594818115234
early,qiu2022,devmap,E7.5,E8.5-R3,31,10994,27743,E7.5,8.5,27.561614990234375
early,qiu2022,devmap,E7.5,E8.5-R3,32,10994,27743,E7.5,8.5,26.923641204833984
early,qiu2022,devmap,E7.5,E8.5-R3,33,10994,27743,E7.5,8.5,26.806411743164062
early,qiu2022,devmap,E7.5,E8.5-R3,34,10994,27743,E7.5,8.5,26.39057731628418
early,qiu2022,devmap,E7.5,E8.5-R3,35,10994,27743,E7.5,8.5,25.992341995239258
early,qiu2022,devmap,E7.5,E8.5-R3,36,10994,27743,E7.5,8.5,26.793563842773438
early,qiu2022,devmap,E7.5,E8.5-R3,37,10994,27743,E7.5,8.5,25.974184036254883
early,qiu2022,devmap,E7.5,E8.5-R3,38,10994,27743,E7.5,8.5,27.811336517333984
early,qiu2022,devmap,E7.5,E8.5-R3,39,10994,27743,E7.5,8.5,27.403987884521484
early,qiu2022,devmap,E7.5,E8.5-R3,40,10994,27743,E7.5,8.5,26.589460372924805
early,qiu2022,devmap,E7.5,E8.5-R3,41,10994,27743,E7.5,8.5,26.619802474975586
early,qiu2022,devmap,E7.5,E8.5-R3,42,10994,27743,E7.5,8.5,26.773452758789062
early,qiu2022,devmap,E7.5,E8.5-R3,43,10994,27743,E7.5,8.5,27.118749618530273
early,qiu2022,devmap,E7.5,E8.5-R3,44,10994,27743,E7.5,8.5,27.326086044311523
early,qiu2022,devmap,E7.5,E8.5-R3,45,10994,27743,E7.5,8.5,27.330955505371094
early,qiu2022,devmap,E7.5,E8.5-R3,46,10994,27743,E7.5,8.5,27.197050094604492
early,qiu2022,devmap,E7.5,E8.5-R3,47,10994,27743,E7.5,8.5,26.810523986816406
early,qiu2022,devmap,E7.5,E8.5-R3,48,10994,27743,E7.5,8.5,26.736331939697266
early,qiu2022,devmap,E7.5,E8.5-R3,49,10994,27743,E7.5,8.5,26.95380401611328
early,qiu2022,devmap,E7.75,E7.5-R1,0,14493,1342,E7.75,7.5,27.177104949951172
early,qiu2022,devmap,E7.75,E7.5-R1,1,14493,1342,E7.75,7.5,25.614349365234375
early,qiu2022,devmap,E7.75,E7.5-R1,2,14493,1342,E7.75,7.5,25.46977996826172
early,qiu2022,devmap,E7.75,E7.5-R1,3,14493,1342,E7.75,7.5,24.425132751464844
early,qiu2022,devmap,E7.75,E7.5-R1,4,14493,1342,E7.75,7.5,27.166244506835938
early,qiu2022,devmap,E7.75,E7.5-R1,5,14493,1342,E7.75,7.5,29.023387908935547
early,qiu2022,devmap,E7.75,E7.5-R1,6,14493,1342,E7.75,7.5,25.962560653686523
early,qiu2022,devmap,E7.75,E7.5-R1,7,14493,1342,E7.75,7.5,25.44101333618164
early,qiu2022,devmap,E7.75,E7.5-R1,8,14493,1342,E7.75,7.5,26.08017349243164
early,qiu2022,devmap,E7.75,E7.5-R1,9,14493,1342,E7.75,7.5,27.296178817749023
early,qiu2022,devmap,E7.75,E7.5-R1,10,14493,1342,E7.75,7.5,25.206806182861328
early,qiu2022,devmap,E7.75,E7.5-R1,11,14493,1342,E7.75,7.5,27.470149993896484
early,qiu2022,devmap,E7.75,E7.5-R1,12,14493,1342,E7.75,7.5,26.95956802368164
early,qiu2022,devmap,E7.75,E7.5-R1,13,14493,1342,E7.75,7.5,25.258052825927734
early,qiu2022,devmap,E7.75,E7.5-R1,14,14493,1342,E7.75,7.5,25.195838928222656
early,qiu2022,devmap,E7.75,E7.5-R1,15,14493,1342,E7.75,7.5,28.254058837890625
early,qiu2022,devmap,E7.75,E7.5-R1,16,14493,1342,E7.75,7.5,25.8132266998291
early,qiu2022,devmap,E7.75,E7.5-R1,17,14493,1342,E7.75,7.5,26.164955139160156
early,qiu2022,devmap,E7.75,E7.5-R1,18,14493,1342,E7.75,7.5,24.81772232055664
early,qiu2022,devmap,E7.75,E7.5-R1,19,14493,1342,E7.75,7.5,26.02165985107422
early,qiu2022,devmap,E7.75,E7.5-R1,20,14493,1342,E7.75,7.5,25.47170639038086
early,qiu2022,devmap,E7.75,E7.5-R1,21,14493,1342,E7.75,7.5,26.52279281616211
early,qiu2022,devmap,E7.75,E7.5-R1,22,14493,1342,E7.75,7.5,27.15355682373047
early,qiu2022,devmap,E7.75,E7.5-R1,23,14493,1342,E7.75,7.5,26.138334274291992
early,qiu2022,devmap,E7.75,E7.5-R1,24,14493,1342,E7.75,7.5,26.70903968811035
early,qiu2022,devmap,E7.75,E7.5-R1,25,14493,1342,E7.75,7.5,25.76666831970215
early,qiu2022,devmap,E7.75,E7.5-R1,26,14493,1342,E7.75,7.5,24.45915412902832
early,qiu2022,devmap,E7.75,E7.5-R1,27,14493,1342,E7.75,7.5,26.623676300048828
early,qiu2022,devmap,E7.75,E7.5-R1,28,14493,1342,E7.75,7.5,27.01043701171875
early,qiu2022,devmap,E7.75,E7.5-R1,29,14493,1342,E7.75,7.5,27.726696014404297
early,qiu2022,devmap,E7.75,E7.5-R1,30,14493,1342,E7.75,7.5,25.417827606201172
early,qiu2022,devmap,E7.75,E7.5-R1,31,14493,1342,E7.75,7.5,26.324581146240234
early,qiu2022,devmap,E7.75,E7.5-R1,32,14493,1342,E7.75,7.5,25.3990478515625
early,qiu2022,devmap,E7.75,E7.5-R1,33,14493,1342,E7.75,7.5,25.746519088745117
early,qiu2022,devmap,E7.75,E7.5-R1,34,14493,1342,E7.75,7.5,27.00313377380371
early,qiu2022,devmap,E7.75,E7.5-R1,35,14493,1342,E7.75,7.5,25.937427520751953
early,qiu2022,devmap,E7.75,E7.5-R1,36,14493,1342,E7.75,7.5,26.744565963745117
early,qiu2022,devmap,E7.75,E7.5-R1,37,14493,1342,E7.75,7.5,26.973142623901367
early,qiu2022,devmap,E7.75,E7.5-R1,38,14493,1342,E7.75,7.5,27.613128662109375
early,qiu2022,devmap,E7.75,E7.5-R1,39,14493,1342,E7.75,7.5,27.389060974121094
early,qiu2022,devmap,E7.75,E7.5-R1,40,14493,1342,E7.75,7.5,26.182727813720703
early,qiu2022,devmap,E7.75,E7.5-R1,41,14493,1342,E7.75,7.5,27.58725357055664
early,qiu2022,devmap,E7.75,E7.5-R1,42,14493,1342,E7.75,7.5,25.16289520263672
early,qiu2022,devmap,E7.75,E7.5-R1,43,14493,1342,E7.75,7.5,23.29888153076172
early,qiu2022,devmap,E7.75,E7.5-R1,44,14493,1342,E7.75,7.5,26.66636085510254
early,qiu2022,devmap,E7.75,E7.5-R1,45,14493,1342,E7.75,7.5,25.969514846801758
early,qiu2022,devmap,E7.75,E7.5-R1,46,14493,1342,E7.75,7.5,25.861085891723633
early,qiu2022,devmap,E7.75,E7.5-R1,47,14493,1342,E7.75,7.5,27.385677337646484
early,qiu2022,devmap,E7.75,E7.5-R1,48,14493,1342,E7.75,7.5,25.765899658203125
early,qiu2022,devmap,E7.75,E7.5-R1,49,14493,1342,E7.75,7.5,25.869632720947266
early,qiu2022,devmap,E7.75,E7.5-R2,0,14493,1838,E7.75,7.5,23.54386329650879
early,qiu2022,devmap,E7.75,E7.5-R2,1,14493,1838,E7.75,7.5,23.071115493774414
early,qiu2022,devmap,E7.75,E7.5-R2,2,14493,1838,E7.75,7.5,24.081642150878906
early,qiu2022,devmap,E7.75,E7.5-R2,3,14493,1838,E7.75,7.5,24.963462829589844
early,qiu2022,devmap,E7.75,E7.5-R2,4,14493,1838,E7.75,7.5,22.01052474975586
early,qiu2022,devmap,E7.75,E7.5-R2,5,14493,1838,E7.75,7.5,23.627784729003906
early,qiu2022,devmap,E7.75,E7.5-R2,6,14493,1838,E7.75,7.5,23.11287498474121
early,qiu2022,devmap,E7.75,E7.5-R2,7,14493,1838,E7.75,7.5,24.21628189086914
early,qiu2022,devmap,E7.75,E7.5-R2,8,14493,1838,E7.75,7.5,22.909503936767578
early,qiu2022,devmap,E7.75,E7.5-R2,9,14493,1838,E7.75,7.5,24.078834533691406
early,qiu2022,devmap,E7.75,E7.5-R2,10,14493,1838,E7.75,7.5,22.221466064453125
early,qiu2022,devmap,E7.75,E7.5-R2,11,14493,1838,E7.75,7.5,25.93039321899414
early,qiu2022,devmap,E7.75,E7.5-R2,12,14493,1838,E7.75,7.5,22.60041046142578
early,qiu2022,devmap,E7.75,E7.5-R2,13,14493,1838,E7.75,7.5,22.80750274658203
early,qiu2022,devmap,E7.75,E7.5-R2,14,14493,1838,E7.75,7.5,23.299144744873047
early,qiu2022,devmap,E7.75,E7.5-R2,15,14493,1838,E7.75,7.5,22.6275634765625
early,qiu2022,devmap,E7.75,E7.5-R2,16,14493,1838,E7.75,7.5,23.728652954101562
early,qiu2022,devmap,E7.75,E7.5-R2,17,14493,1838,E7.75,7.5,22.91790008544922
early,qiu2022,devmap,E7.75,E7.5-R2,18,14493,1838,E7.75,7.5,23.068641662597656
early,qiu2022,devmap,E7.75,E7.5-R2,19,14493,1838,E7.75,7.5,23.46253204345703
early,qiu2022,devmap,E7.75,E7.5-R2,20,14493,1838,E7.75,7.5,21.99113655090332
early,qiu2022,devmap,E7.75,E7.5-R2,21,14493,1838,E7.75,7.5,23.62464714050293
early,qiu2022,devmap,E7.75,E7.5-R2,22,14493,1838,E7.75,7.5,22.78107452392578
early,qiu2022,devmap,E7.75,E7.5-R2,23,14493,1838,E7.75,7.5,22.815475463867188
early,qiu2022,devmap,E7.75,E7.5-R2,24,14493,1838,E7.75,7.5,22.525150299072266
early,qiu2022,devmap,E7.75,E7.5-R2,25,14493,1838,E7.75,7.5,22.36312484741211
early,qiu2022,devmap,E7.75,E7.5-R2,26,14493,1838,E7.75,7.5,22.999889373779297
early,qiu2022,devmap,E7.75,E7.5-R2,27,14493,1838,E7.75,7.5,23.07448959350586
early,qiu2022,devmap,E7.75,E7.5-R2,28,14493,1838,E7.75,7.5,22.644155502319336
early,qiu2022,devmap,E7.75,E7.5-R2,29,14493,1838,E7.75,7.5,24.117341995239258
early,qiu2022,devmap,E7.75,E7.5-R2,30,14493,1838,E7.75,7.5,21.72758674621582
early,qiu2022,devmap,E7.75,E7.5-R2,31,14493,1838,E7.75,7.5,22.422677993774414
early,qiu2022,devmap,E7.75,E7.5-R2,32,14493,1838,E7.75,7.5,22.368492126464844
early,qiu2022,devmap,E7.75,E7.5-R2,33,14493,1838,E7.75,7.5,20.762218475341797
early,qiu2022,devmap,E7.75,E7.5-R2,34,14493,1838,E7.75,7.5,25.74968147277832
early,qiu2022,devmap,E7.75,E7.5-R2,35,14493,1838,E7.75,7.5,21.633628845214844
early,qiu2022,devmap,E7.75,E7.5-R2,36,14493,1838,E7.75,7.5,23.60842514038086
early,qiu2022,devmap,E7.75,E7.5-R2,37,14493,1838,E7.75,7.5,23.150135040283203
early,qiu2022,devmap,E7.75,E7.5-R2,38,14493,1838,E7.75,7.5,24.6298828125
early,qiu2022,devmap,E7.75,E7.5-R2,39,14493,1838,E7.75,7.5,23.075464248657227
early,qiu2022,devmap,E7.75,E7.5-R2,40,14493,1838,E7.75,7.5,25.044071197509766
early,qiu2022,devmap,E7.75,E7.5-R2,41,14493,1838,E7.75,7.5,23.274030685424805
early,qiu2022,devmap,E7.75,E7.5-R2,42,14493,1838,E7.75,7.5,23.271228790283203
early,qiu2022,devmap,E7.75,E7.5-R2,43,14493,1838,E7.75,7.5,22.16138458251953
early,qiu2022,devmap,E7.75,E7.5-R2,44,14493,1838,E7.75,7.5,23.001373291015625
early,qiu2022,devmap,E7.75,E7.5-R2,45,14493,1838,E7.75,7.5,21.538490295410156
early,qiu2022,devmap,E7.75,E7.5-R2,46,14493,1838,E7.75,7.5,25.397825241088867
early,qiu2022,devmap,E7.75,E7.5-R2,47,14493,1838,E7.75,7.5,22.594520568847656
early,qiu2022,devmap,E7.75,E7.5-R2,48,14493,1838,E7.75,7.5,22.28606414794922
early,qiu2022,devmap,E7.75,E7.5-R2,49,14493,1838,E7.75,7.5,22.745763778686523
early,qiu2022,devmap,E7.75,E7.5-R3,0,14493,1468,E7.75,7.5,25.772830963134766
early,qiu2022,devmap,E7.75,E7.5-R3,1,14493,1468,E7.75,7.5,26.369831085205078
early,qiu2022,devmap,E7.75,E7.5-R3,2,14493,1468,E7.75,7.5,26.389694213867188
early,qiu2022,devmap,E7.75,E7.5-R3,3,14493,1468,E7.75,7.5,27.106143951416016
early,qiu2022,devmap,E7.75,E7.5-R3,4,14493,1468,E7.75,7.5,25.528072357177734
early,qiu2022,devmap,E7.75,E7.5-R3,5,14493,1468,E7.75,7.5,26.203685760498047
early,qiu2022,devmap,E7.75,E7.5-R3,6,14493,1468,E7.75,7.5,27.101394653320312
early,qiu2022,devmap,E7.75,E7.5-R3,7,14493,1468,E7.75,7.5,25.923995971679688
early,qiu2022,devmap,E7.75,E7.5-R3,8,14493,1468,E7.75,7.5,25.348953247070312
early,qiu2022,devmap,E7.75,E7.5-R3,9,14493,1468,E7.75,7.5,25.91805648803711
early,qiu2022,devmap,E7.75,E7.5-R3,10,14493,1468,E7.75,7.5,26.748676300048828
early,qiu2022,devmap,E7.75,E7.5-R3,11,14493,1468,E7.75,7.5,27.21475601196289
early,qiu2022,devmap,E7.75,E7.5-R3,12,14493,1468,E7.75,7.5,25.09894561767578
early,qiu2022,devmap,E7.75,E7.5-R3,13,14493,1468,E7.75,7.5,25.771583557128906
early,qiu2022,devmap,E7.75,E7.5-R3,14,14493,1468,E7.75,7.5,26.233381271362305
early,qiu2022,devmap,E7.75,E7.5-R3,15,14493,1468,E7.75,7.5,25.332584381103516
early,qiu2022,devmap,E7.75,E7.5-R3,16,14493,1468,E7.75,7.5,25.345930099487305
early,qiu2022,devmap,E7.75,E7.5-R3,17,14493,1468,E7.75,7.5,26.404132843017578
early,qiu2022,devmap,E7.75,E7.5-R3,18,14493,1468,E7.75,7.5,27.698482513427734
early,qiu2022,devmap,E7.75,E7.5-R3,19,14493,1468,E7.75,7.5,24.987449645996094
early,qiu2022,devmap,E7.75,E7.5-R3,20,14493,1468,E7.75,7.5,25.542530059814453
early,qiu2022,devmap,E7.75,E7.5-R3,21,14493,1468,E7.75,7.5,26.44757843017578
early,qiu2022,devmap,E7.75,E7.5-R3,22,14493,1468,E7.75,7.5,25.756271362304688
early,qiu2022,devmap,E7.75,E7.5-R3,23,14493,1468,E7.75,7.5,24.293315887451172
early,qiu2022,devmap,E7.75,E7.5-R3,24,14493,1468,E7.75,7.5,26.11083984375
early,qiu2022,devmap,E7.75,E7.5-R3,25,14493,1468,E7.75,7.5,24.66176986694336
early,qiu2022,devmap,E7.75,E7.5-R3,26,14493,1468,E7.75,7.5,26.35495948791504
early,qiu2022,devmap,E7.75,E7.5-R3,27,14493,1468,E7.75,7.5,26.150436401367188
early,qiu2022,devmap,E7.75,E7.5-R3,28,14493,1468,E7.75,7.5,24.13306427001953
early,qiu2022,devmap,E7.75,E7.5-R3,29,14493,1468,E7.75,7.5,26.533740997314453
early,qiu2022,devmap,E7.75,E7.5-R3,30,14493,1468,E7.75,7.5,25.02387237548828
early,qiu2022,devmap,E7.75,E7.5-R3,31,14493,1468,E7.75,7.5,24.698617935180664
early,qiu2022,devmap,E7.75,E7.5-R3,32,14493,1468,E7.75,7.5,26.503555297851562
early,qiu2022,devmap,E7.75,E7.5-R3,33,14493,1468,E7.75,7.5,25.443517684936523
early,qiu2022,devmap,E7.75,E7.5-R3,34,14493,1468,E7.75,7.5,26.657718658447266
early,qiu2022,devmap,E7.75,E7.5-R3,35,14493,1468,E7.75,7.5,25.016958236694336
early,qiu2022,devmap,E7.75,E7.5-R3,36,14493,1468,E7.75,7.5,28.41756248474121
early,qiu2022,devmap,E7.75,E7.5-R3,37,14493,1468,E7.75,7.5,27.24779510498047
early,qiu2022,devmap,E7.75,E7.5-R3,38,14493,1468,E7.75,7.5,25.258033752441406
early,qiu2022,devmap,E7.75,E7.5-R3,39,14493,1468,E7.75,7.5,24.42508316040039
early,qiu2022,devmap,E7.75,E7.5-R3,40,14493,1468,E7.75,7.5,25.6103458404541
early,qiu2022,devmap,E7.75,E7.5-R3,41,14493,1468,E7.75,7.5,25.3646240234375
early,qiu2022,devmap,E7.75,E7.5-R3,42,14493,1468,E7.75,7.5,26.691421508789062
early,qiu2022,devmap,E7.75,E7.5-R3,43,14493,1468,E7.75,7.5,26.54060935974121
early,qiu2022,devmap,E7.75,E7.5-R3,44,14493,1468,E7.75,7.5,26.094507217407227
early,qiu2022,devmap,E7.75,E7.5-R3,45,14493,1468,E7.75,7.5,27.556686401367188
early,qiu2022,devmap,E7.75,E7.5-R3,46,14493,1468,E7.75,7.5,25.244592666625977
early,qiu2022,devmap,E7.75,E7.5-R3,47,14493,1468,E7.75,7.5,25.090225219726562
early,qiu2022,devmap,E7.75,E7.5-R3,48,14493,1468,E7.75,7.5,25.930362701416016
early,qiu2022,devmap,E7.75,E7.5-R3,49,14493,1468,E7.75,7.5,24.74742889404297
early,qiu2022,devmap,E7.75,E8.0-R1,0,14493,4498,E7.75,8.0,20.910783767700195
early,qiu2022,devmap,E7.75,E8.0-R1,1,14493,4498,E7.75,8.0,21.59816551208496
early,qiu2022,devmap,E7.75,E8.0-R1,2,14493,4498,E7.75,8.0,21.308612823486328
early,qiu2022,devmap,E7.75,E8.0-R1,3,14493,4498,E7.75,8.0,22.122798919677734
early,qiu2022,devmap,E7.75,E8.0-R1,4,14493,4498,E7.75,8.0,22.216129302978516
early,qiu2022,devmap,E7.75,E8.0-R1,5,14493,4498,E7.75,8.0,20.700326919555664
early,qiu2022,devmap,E7.75,E8.0-R1,6,14493,4498,E7.75,8.0,20.969221115112305
early,qiu2022,devmap,E7.75,E8.0-R1,7,14493,4498,E7.75,8.0,21.749296188354492
early,qiu2022,devmap,E7.75,E8.0-R1,8,14493,4498,E7.75,8.0,20.506088256835938
early,qiu2022,devmap,E7.75,E8.0-R1,9,14493,4498,E7.75,8.0,20.487625122070312
early,qiu2022,devmap,E7.75,E8.0-R1,10,14493,4498,E7.75,8.0,20.821311950683594
early,qiu2022,devmap,E7.75,E8.0-R1,11,14493,4498,E7.75,8.0,21.602519989013672
early,qiu2022,devmap,E7.75,E8.0-R1,12,14493,4498,E7.75,8.0,21.037382125854492
early,qiu2022,devmap,E7.75,E8.0-R1,13,14493,4498,E7.75,8.0,20.6910457611084
early,qiu2022,devmap,E7.75,E8.0-R1,14,14493,4498,E7.75,8.0,21.637109756469727
early,qiu2022,devmap,E7.75,E8.0-R1,15,14493,4498,E7.75,8.0,21.66336441040039
early,qiu2022,devmap,E7.75,E8.0-R1,16,14493,4498,E7.75,8.0,21.23777961730957
early,qiu2022,devmap,E7.75,E8.0-R1,17,14493,4498,E7.75,8.0,22.767108917236328
early,qiu2022,devmap,E7.75,E8.0-R1,18,14493,4498,E7.75,8.0,22.229686737060547
early,qiu2022,devmap,E7.75,E8.0-R1,19,14493,4498,E7.75,8.0,20.56287384033203
early,qiu2022,devmap,E7.75,E8.0-R1,20,14493,4498,E7.75,8.0,20.63118553161621
early,qiu2022,devmap,E7.75,E8.0-R1,21,14493,4498,E7.75,8.0,21.634078979492188
early,qiu2022,devmap,E7.75,E8.0-R1,22,14493,4498,E7.75,8.0,21.229679107666016
early,qiu2022,devmap,E7.75,E8.0-R1,23,14493,4498,E7.75,8.0,22.028553009033203
early,qiu2022,devmap,E7.75,E8.0-R1,24,14493,4498,E7.75,8.0,21.23955535888672
early,qiu2022,devmap,E7.75,E8.0-R1,25,14493,4498,E7.75,8.0,21.748268127441406
early,qiu2022,devmap,E7.75,E8.0-R1,26,14493,4498,E7.75,8.0,21.46392250061035
early,qiu2022,devmap,E7.75,E8.0-R1,27,14493,4498,E7.75,8.0,20.97226333618164
early,qiu2022,devmap,E7.75,E8.0-R1,28,14493,4498,E7.75,8.0,21.539812088012695
early,qiu2022,devmap,E7.75,E8.0-R1,29,14493,4498,E7.75,8.0,21.230796813964844
early,qiu2022,devmap,E7.75,E8.0-R1,30,14493,4498,E7.75,8.0,21.249710083007812
early,qiu2022,devmap,E7.75,E8.0-R1,31,14493,4498,E7.75,8.0,21.098670959472656
early,qiu2022,devmap,E7.75,E8.0-R1,32,14493,4498,E7.75,8.0,20.923858642578125
early,qiu2022,devmap,E7.75,E8.0-R1,33,14493,4498,E7.75,8.0,21.54730987548828
early,qiu2022,devmap,E7.75,E8.0-R1,34,14493,4498,E7.75,8.0,21.1666316986084
early,qiu2022,devmap,E7.75,E8.0-R1,35,14493,4498,E7.75,8.0,21.967853546142578
early,qiu2022,devmap,E7.75,E8.0-R1,36,14493,4498,E7.75,8.0,20.879419326782227
early,qiu2022,devmap,E7.75,E8.0-R1,37,14493,4498,E7.75,8.0,21.60324478149414
early,qiu2022,devmap,E7.75,E8.0-R1,38,14493,4498,E7.75,8.0,21.534372329711914
early,qiu2022,devmap,E7.75,E8.0-R1,39,14493,4498,E7.75,8.0,21.201873779296875
early,qiu2022,devmap,E7.75,E8.0-R1,40,14493,4498,E7.75,8.0,21.921531677246094
early,qiu2022,devmap,E7.75,E8.0-R1,41,14493,4498,E7.75,8.0,21.448673248291016
early,qiu2022,devmap,E7.75,E8.0-R1,42,14493,4498,E7.75,8.0,22.02080535888672
early,qiu2022,devmap,E7.75,E8.0-R1,43,14493,4498,E7.75,8.0,21.882020950317383
early,qiu2022,devmap,E7.75,E8.0-R1,44,14493,4498,E7.75,8.0,21.324871063232422
early,qiu2022,devmap,E7.75,E8.0-R1,45,14493,4498,E7.75,8.0,22.29134750366211
early,qiu2022,devmap,E7.75,E8.0-R1,46,14493,4498,E7.75,8.0,20.99759864807129
early,qiu2022,devmap,E7.75,E8.0-R1,47,14493,4498,E7.75,8.0,22.009780883789062
early,qiu2022,devmap,E7.75,E8.0-R1,48,14493,4498,E7.75,8.0,22.27867889404297
early,qiu2022,devmap,E7.75,E8.0-R1,49,14493,4498,E7.75,8.0,20.706871032714844
early,qiu2022,devmap,E7.75,E8.0-R2,0,14493,10681,E7.75,8.0,22.892745971679688
early,qiu2022,devmap,E7.75,E8.0-R2,1,14493,10681,E7.75,8.0,23.529422760009766
early,qiu2022,devmap,E7.75,E8.0-R2,2,14493,10681,E7.75,8.0,22.985437393188477
early,qiu2022,devmap,E7.75,E8.0-R2,3,14493,10681,E7.75,8.0,22.926685333251953
early,qiu2022,devmap,E7.75,E8.0-R2,4,14493,10681,E7.75,8.0,22.952106475830078
early,qiu2022,devmap,E7.75,E8.0-R2,5,14493,10681,E7.75,8.0,23.035125732421875
early,qiu2022,devmap,E7.75,E8.0-R2,6,14493,10681,E7.75,8.0,23.021642684936523
early,qiu2022,devmap,E7.75,E8.0-R2,7,14493,10681,E7.75,8.0,23.158159255981445
early,qiu2022,devmap,E7.75,E8.0-R2,8,14493,10681,E7.75,8.0,23.107099533081055
early,qiu2022,devmap,E7.75,E8.0-R2,9,14493,10681,E7.75,8.0,23.123485565185547
early,qiu2022,devmap,E7.75,E8.0-R2,10,14493,10681,E7.75,8.0,23.207000732421875
early,qiu2022,devmap,E7.75,E8.0-R2,11,14493,10681,E7.75,8.0,23.52022933959961
early,qiu2022,devmap,E7.75,E8.0-R2,12,14493,10681,E7.75,8.0,23.02559471130371
early,qiu2022,devmap,E7.75,E8.0-R2,13,14493,10681,E7.75,8.0,23.181209564208984
early,qiu2022,devmap,E7.75,E8.0-R2,14,14493,10681,E7.75,8.0,23.300235748291016
early,qiu2022,devmap,E7.75,E8.0-R2,15,14493,10681,E7.75,8.0,23.218372344970703
early,qiu2022,devmap,E7.75,E8.0-R2,16,14493,10681,E7.75,8.0,22.891151428222656
early,qiu2022,devmap,E7.75,E8.0-R2,17,14493,10681,E7.75,8.0,22.891666412353516
early,qiu2022,devmap,E7.75,E8.0-R2,18,14493,10681,E7.75,8.0,23.65744972229004
early,qiu2022,devmap,E7.75,E8.0-R2,19,14493,10681,E7.75,8.0,23.000717163085938
early,qiu2022,devmap,E7.75,E8.0-R2,20,14493,10681,E7.75,8.0,22.112621307373047
early,qiu2022,devmap,E7.75,E8.0-R2,21,14493,10681,E7.75,8.0,24.05523681640625
early,qiu2022,devmap,E7.75,E8.0-R2,22,14493,10681,E7.75,8.0,22.784130096435547
early,qiu2022,devmap,E7.75,E8.0-R2,23,14493,10681,E7.75,8.0,23.36102294921875
early,qiu2022,devmap,E7.75,E8.0-R2,24,14493,10681,E7.75,8.0,23.238082885742188
early,qiu2022,devmap,E7.75,E8.0-R2,25,14493,10681,E7.75,8.0,23.681690216064453
early,qiu2022,devmap,E7.75,E8.0-R2,26,14493,10681,E7.75,8.0,22.972835540771484
early,qiu2022,devmap,E7.75,E8.0-R2,27,14493,10681,E7.75,8.0,23.24915313720703
early,qiu2022,devmap,E7.75,E8.0-R2,28,14493,10681,E7.75,8.0,22.118072509765625
early,qiu2022,devmap,E7.75,E8.0-R2,29,14493,10681,E7.75,8.0,23.281448364257812
early,qiu2022,devmap,E7.75,E8.0-R2,30,14493,10681,E7.75,8.0,23.27009391784668
early,qiu2022,devmap,E7.75,E8.0-R2,31,14493,10681,E7.75,8.0,23.288166046142578
early,qiu2022,devmap,E7.75,E8.0-R2,32,14493,10681,E7.75,8.0,22.8930606842041
early,qiu2022,devmap,E7.75,E8.0-R2,33,14493,10681,E7.75,8.0,23.37120819091797
early,qiu2022,devmap,E7.75,E8.0-R2,34,14493,10681,E7.75,8.0,23.197242736816406
early,qiu2022,devmap,E7.75,E8.0-R2,35,14493,10681,E7.75,8.0,23.300994873046875
early,qiu2022,devmap,E7.75,E8.0-R2,36,14493,10681,E7.75,8.0,23.246984481811523
early,qiu2022,devmap,E7.75,E8.0-R2,37,14493,10681,E7.75,8.0,22.43538475036621
early,qiu2022,devmap,E7.75,E8.0-R2,38,14493,10681,E7.75,8.0,23.253747940063477
early,qiu2022,devmap,E7.75,E8.0-R2,39,14493,10681,E7.75,8.0,23.073772430419922
early,qiu2022,devmap,E7.75,E8.0-R2,40,14493,10681,E7.75,8.0,23.410200119018555
early,qiu2022,devmap,E7.75,E8.0-R2,41,14493,10681,E7.75,8.0,23.425125122070312
early,qiu2022,devmap,E7.75,E8.0-R2,42,14493,10681,E7.75,8.0,22.890567779541016
early,qiu2022,devmap,E7.75,E8.0-R2,43,14493,10681,E7.75,8.0,22.66223907470703
early,qiu2022,devmap,E7.75,E8.0-R2,44,14493,10681,E7.75,8.0,22.999881744384766
early,qiu2022,devmap,E7.75,E8.0-R2,45,14493,10681,E7.75,8.0,22.88457489013672
early,qiu2022,devmap,E7.75,E8.0-R2,46,14493,10681,E7.75,8.0,22.495288848876953
early,qiu2022,devmap,E7.75,E8.0-R2,47,14493,10681,E7.75,8.0,22.988384246826172
early,qiu2022,devmap,E7.75,E8.0-R2,48,14493,10681,E7.75,8.0,23.13278579711914
early,qiu2022,devmap,E7.75,E8.0-R2,49,14493,10681,E7.75,8.0,23.809547424316406
early,qiu2022,devmap,E7.75,E8.0-R3,0,14493,6763,E7.75,8.0,22.21923828125
early,qiu2022,devmap,E7.75,E8.0-R3,1,14493,6763,E7.75,8.0,21.60268783569336
early,qiu2022,devmap,E7.75,E8.0-R3,2,14493,6763,E7.75,8.0,21.99605941772461
early,qiu2022,devmap,E7.75,E8.0-R3,3,14493,6763,E7.75,8.0,21.93483543395996
early,qiu2022,devmap,E7.75,E8.0-R3,4,14493,6763,E7.75,8.0,21.544803619384766
early,qiu2022,devmap,E7.75,E8.0-R3,5,14493,6763,E7.75,8.0,21.52862548828125
early,qiu2022,devmap,E7.75,E8.0-R3,6,14493,6763,E7.75,8.0,20.689701080322266
early,qiu2022,devmap,E7.75,E8.0-R3,7,14493,6763,E7.75,8.0,21.272716522216797
early,qiu2022,devmap,E7.75,E8.0-R3,8,14493,6763,E7.75,8.0,21.650188446044922
early,qiu2022,devmap,E7.75,E8.0-R3,9,14493,6763,E7.75,8.0,22.129623413085938
early,qiu2022,devmap,E7.75,E8.0-R3,10,14493,6763,E7.75,8.0,22.242897033691406
early,qiu2022,devmap,E7.75,E8.0-R3,11,14493,6763,E7.75,8.0,21.11302947998047
early,qiu2022,devmap,E7.75,E8.0-R3,12,14493,6763,E7.75,8.0,21.702138900756836
early,qiu2022,devmap,E7.75,E8.0-R3,13,14493,6763,E7.75,8.0,21.267356872558594
early,qiu2022,devmap,E7.75,E8.0-R3,14,14493,6763,E7.75,8.0,21.832969665527344
early,qiu2022,devmap,E7.75,E8.0-R3,15,14493,6763,E7.75,8.0,21.712387084960938
early,qiu2022,devmap,E7.75,E8.0-R3,16,14493,6763,E7.75,8.0,20.876201629638672
early,qiu2022,devmap,E7.75,E8.0-R3,17,14493,6763,E7.75,8.0,21.91362762451172
early,qiu2022,devmap,E7.75,E8.0-R3,18,14493,6763,E7.75,8.0,21.587434768676758
early,qiu2022,devmap,E7.75,E8.0-R3,19,14493,6763,E7.75,8.0,21.679786682128906
early,qiu2022,devmap,E7.75,E8.0-R3,20,14493,6763,E7.75,8.0,21.258792877197266
early,qiu2022,devmap,E7.75,E8.0-R3,21,14493,6763,E7.75,8.0,21.531692504882812
early,qiu2022,devmap,E7.75,E8.0-R3,22,14493,6763,E7.75,8.0,22.49994659423828
early,qiu2022,devmap,E7.75,E8.0-R3,23,14493,6763,E7.75,8.0,21.552268981933594
early,qiu2022,devmap,E7.75,E8.0-R3,24,14493,6763,E7.75,8.0,21.732513427734375
early,qiu2022,devmap,E7.75,E8.0-R3,25,14493,6763,E7.75,8.0,21.90337371826172
early,qiu2022,devmap,E7.75,E8.0-R3,26,14493,6763,E7.75,8.0,22.121959686279297
early,qiu2022,devmap,E7.75,E8.0-R3,27,14493,6763,E7.75,8.0,22.569900512695312
early,qiu2022,devmap,E7.75,E8.0-R3,28,14493,6763,E7.75,8.0,21.427579879760742
early,qiu2022,devmap,E7.75,E8.0-R3,29,14493,6763,E7.75,8.0,22.038864135742188
early,qiu2022,devmap,E7.75,E8.0-R3,30,14493,6763,E7.75,8.0,22.06290054321289
early,qiu2022,devmap,E7.75,E8.0-R3,31,14493,6763,E7.75,8.0,21.371280670166016
early,qiu2022,devmap,E7.75,E8.0-R3,32,14493,6763,E7.75,8.0,21.091991424560547
early,qiu2022,devmap,E7.75,E8.0-R3,33,14493,6763,E7.75,8.0,21.35368537902832
early,qiu2022,devmap,E7.75,E8.0-R3,34,14493,6763,E7.75,8.0,21.854324340820312
early,qiu2022,devmap,E7.75,E8.0-R3,35,14493,6763,E7.75,8.0,22.96886444091797
early,qiu2022,devmap,E7.75,E8.0-R3,36,14493,6763,E7.75,8.0,22.511945724487305
early,qiu2022,devmap,E7.75,E8.0-R3,37,14493,6763,E7.75,8.0,21.98695182800293
early,qiu2022,devmap,E7.75,E8.0-R3,38,14493,6763,E7.75,8.0,21.984081268310547
early,qiu2022,devmap,E7.75,E8.0-R3,39,14493,6763,E7.75,8.0,21.911251068115234
early,qiu2022,devmap,E7.75,E8.0-R3,40,14493,6763,E7.75,8.0,21.96426773071289
early,qiu2022,devmap,E7.75,E8.0-R3,41,14493,6763,E7.75,8.0,21.609745025634766
early,qiu2022,devmap,E7.75,E8.0-R3,42,14493,6763,E7.75,8.0,21.705677032470703
early,qiu2022,devmap,E7.75,E8.0-R3,43,14493,6763,E7.75,8.0,21.963977813720703
early,qiu2022,devmap,E7.75,E8.0-R3,44,14493,6763,E7.75,8.0,22.17755699157715
early,qiu2022,devmap,E7.75,E8.0-R3,45,14493,6763,E7.75,8.0,22.330764770507812
early,qiu2022,devmap,E7.75,E8.0-R3,46,14493,6763,E7.75,8.0,21.48064422607422
early,qiu2022,devmap,E7.75,E8.0-R3,47,14493,6763,E7.75,8.0,22.13472557067871
early,qiu2022,devmap,E7.75,E8.0-R3,48,14493,6763,E7.75,8.0,21.275890350341797
early,qiu2022,devmap,E7.75,E8.0-R3,49,14493,6763,E7.75,8.0,22.366897583007812
early,qiu2022,devmap,E7.75,E8.5-R1,0,14493,23435,E7.75,8.5,26.942691802978516
early,qiu2022,devmap,E7.75,E8.5-R1,1,14493,23435,E7.75,8.5,26.690120697021484
early,qiu2022,devmap,E7.75,E8.5-R1,2,14493,23435,E7.75,8.5,26.978839874267578
early,qiu2022,devmap,E7.75,E8.5-R1,3,14493,23435,E7.75,8.5,26.502704620361328
early,qiu2022,devmap,E7.75,E8.5-R1,4,14493,23435,E7.75,8.5,26.52254295349121
early,qiu2022,devmap,E7.75,E8.5-R1,5,14493,23435,E7.75,8.5,26.292682647705078
early,qiu2022,devmap,E7.75,E8.5-R1,6,14493,23435,E7.75,8.5,26.184051513671875
early,qiu2022,devmap,E7.75,E8.5-R1,7,14493,23435,E7.75,8.5,26.629161834716797
early,qiu2022,devmap,E7.75,E8.5-R1,8,14493,23435,E7.75,8.5,26.435810089111328
early,qiu2022,devmap,E7.75,E8.5-R1,9,14493,23435,E7.75,8.5,26.451976776123047
early,qiu2022,devmap,E7.75,E8.5-R1,10,14493,23435,E7.75,8.5,25.95599937438965
early,qiu2022,devmap,E7.75,E8.5-R1,11,14493,23435,E7.75,8.5,27.011249542236328
early,qiu2022,devmap,E7.75,E8.5-R1,12,14493,23435,E7.75,8.5,26.587177276611328
early,qiu2022,devmap,E7.75,E8.5-R1,13,14493,23435,E7.75,8.5,26.36248016357422
early,qiu2022,devmap,E7.75,E8.5-R1,14,14493,23435,E7.75,8.5,26.13827133178711
early,qiu2022,devmap,E7.75,E8.5-R1,15,14493,23435,E7.75,8.5,26.64670181274414
early,qiu2022,devmap,E7.75,E8.5-R1,16,14493,23435,E7.75,8.5,25.767074584960938
early,qiu2022,devmap,E7.75,E8.5-R1,17,14493,23435,E7.75,8.5,26.600257873535156
early,qiu2022,devmap,E7.75,E8.5-R1,18,14493,23435,E7.75,8.5,27.121971130371094
early,qiu2022,devmap,E7.75,E8.5-R1,19,14493,23435,E7.75,8.5,27.25977897644043
early,qiu2022,devmap,E7.75,E8.5-R1,20,14493,23435,E7.75,8.5,26.311893463134766
early,qiu2022,devmap,E7.75,E8.5-R1,21,14493,23435,E7.75,8.5,26.864849090576172
early,qiu2022,devmap,E7.75,E8.5-R1,22,14493,23435,E7.75,8.5,26.733583450317383
early,qiu2022,devmap,E7.75,E8.5-R1,23,14493,23435,E7.75,8.5,26.462783813476562
early,qiu2022,devmap,E7.75,E8.5-R1,24,14493,23435,E7.75,8.5,26.9461669921875
early,qiu2022,devmap,E7.75,E8.5-R1,25,14493,23435,E7.75,8.5,27.922332763671875
early,qiu2022,devmap,E7.75,E8.5-R1,26,14493,23435,E7.75,8.5,26.501977920532227
early,qiu2022,devmap,E7.75,E8.5-R1,27,14493,23435,E7.75,8.5,26.889074325561523
early,qiu2022,devmap,E7.75,E8.5-R1,28,14493,23435,E7.75,8.5,26.596656799316406
early,qiu2022,devmap,E7.75,E8.5-R1,29,14493,23435,E7.75,8.5,26.576858520507812
early,qiu2022,devmap,E7.75,E8.5-R1,30,14493,23435,E7.75,8.5,25.97654914855957
early,qiu2022,devmap,E7.75,E8.5-R1,31,14493,23435,E7.75,8.5,26.267658233642578
early,qiu2022,devmap,E7.75,E8.5-R1,32,14493,23435,E7.75,8.5,26.750581741333008
early,qiu2022,devmap,E7.75,E8.5-R1,33,14493,23435,E7.75,8.5,26.087322235107422
early,qiu2022,devmap,E7.75,E8.5-R1,34,14493,23435,E7.75,8.5,26.156631469726562
early,qiu2022,devmap,E7.75,E8.5-R1,35,14493,23435,E7.75,8.5,27.204666137695312
early,qiu2022,devmap,E7.75,E8.5-R1,36,14493,23435,E7.75,8.5,26.639738082885742
early,qiu2022,devmap,E7.75,E8.5-R1,37,14493,23435,E7.75,8.5,27.399930953979492
early,qiu2022,devmap,E7.75,E8.5-R1,38,14493,23435,E7.75,8.5,26.12272071838379
early,qiu2022,devmap,E7.75,E8.5-R1,39,14493,23435,E7.75,8.5,26.069608688354492
early,qiu2022,devmap,E7.75,E8.5-R1,40,14493,23435,E7.75,8.5,25.801921844482422
early,qiu2022,devmap,E7.75,E8.5-R1,41,14493,23435,E7.75,8.5,25.984214782714844
early,qiu2022,devmap,E7.75,E8.5-R1,42,14493,23435,E7.75,8.5,27.359676361083984
early,qiu2022,devmap,E7.75,E8.5-R1,43,14493,23435,E7.75,8.5,26.21050262451172
early,qiu2022,devmap,E7.75,E8.5-R1,44,14493,23435,E7.75,8.5,25.875194549560547
early,qiu2022,devmap,E7.75,E8.5-R1,45,14493,23435,E7.75,8.5,25.787857055664062
early,qiu2022,devmap,E7.75,E8.5-R1,46,14493,23435,E7.75,8.5,26.456695556640625
early,qiu2022,devmap,E7.75,E8.5-R1,47,14493,23435,E7.75,8.5,25.992263793945312
early,qiu2022,devmap,E7.75,E8.5-R1,48,14493,23435,E7.75,8.5,26.519306182861328
early,qiu2022,devmap,E7.75,E8.5-R1,49,14493,23435,E7.75,8.5,25.578174591064453
early,qiu2022,devmap,E7.75,E8.5-R2,0,14493,38216,E7.75,8.5,26.59317970275879
early,qiu2022,devmap,E7.75,E8.5-R2,1,14493,38216,E7.75,8.5,26.676006317138672
early,qiu2022,devmap,E7.75,E8.5-R2,2,14493,38216,E7.75,8.5,26.69782257080078
early,qiu2022,devmap,E7.75,E8.5-R2,3,14493,38216,E7.75,8.5,26.32373809814453
early,qiu2022,devmap,E7.75,E8.5-R2,4,14493,38216,E7.75,8.5,26.129440307617188
early,qiu2022,devmap,E7.75,E8.5-R2,5,14493,38216,E7.75,8.5,27.141849517822266
early,qiu2022,devmap,E7.75,E8.5-R2,6,14493,38216,E7.75,8.5,25.780500411987305
early,qiu2022,devmap,E7.75,E8.5-R2,7,14493,38216,E7.75,8.5,26.000699996948242
early,qiu2022,devmap,E7.75,E8.5-R2,8,14493,38216,E7.75,8.5,26.901573181152344
early,qiu2022,devmap,E7.75,E8.5-R2,9,14493,38216,E7.75,8.5,26.596256256103516
early,qiu2022,devmap,E7.75,E8.5-R2,10,14493,38216,E7.75,8.5,26.588882446289062
early,qiu2022,devmap,E7.75,E8.5-R2,11,14493,38216,E7.75,8.5,26.235807418823242
early,qiu2022,devmap,E7.75,E8.5-R2,12,14493,38216,E7.75,8.5,26.48709487915039
early,qiu2022,devmap,E7.75,E8.5-R2,13,14493,38216,E7.75,8.5,26.613229751586914
early,qiu2022,devmap,E7.75,E8.5-R2,14,14493,38216,E7.75,8.5,27.15538787841797
early,qiu2022,devmap,E7.75,E8.5-R2,15,14493,38216,E7.75,8.5,26.703514099121094
early,qiu2022,devmap,E7.75,E8.5-R2,16,14493,38216,E7.75,8.5,27.037275314331055
early,qiu2022,devmap,E7.75,E8.5-R2,17,14493,38216,E7.75,8.5,27.026458740234375
early,qiu2022,devmap,E7.75,E8.5-R2,18,14493,38216,E7.75,8.5,26.78696060180664
early,qiu2022,devmap,E7.75,E8.5-R2,19,14493,38216,E7.75,8.5,26.67168426513672
early,qiu2022,devmap,E7.75,E8.5-R2,20,14493,38216,E7.75,8.5,26.65251922607422
early,qiu2022,devmap,E7.75,E8.5-R2,21,14493,38216,E7.75,8.5,26.362028121948242
early,qiu2022,devmap,E7.75,E8.5-R2,22,14493,38216,E7.75,8.5,26.397197723388672
early,qiu2022,devmap,E7.75,E8.5-R2,23,14493,38216,E7.75,8.5,26.702959060668945
early,qiu2022,devmap,E7.75,E8.5-R2,24,14493,38216,E7.75,8.5,26.495193481445312
early,qiu2022,devmap,E7.75,E8.5-R2,25,14493,38216,E7.75,8.5,26.058128356933594
early,qiu2022,devmap,E7.75,E8.5-R2,26,14493,38216,E7.75,8.5,26.730506896972656
early,qiu2022,devmap,E7.75,E8.5-R2,27,14493,38216,E7.75,8.5,27.306678771972656
early,qiu2022,devmap,E7.75,E8.5-R2,28,14493,38216,E7.75,8.5,27.041366577148438
early,qiu2022,devmap,E7.75,E8.5-R2,29,14493,38216,E7.75,8.5,26.45498275756836
early,qiu2022,devmap,E7.75,E8.5-R2,30,14493,38216,E7.75,8.5,26.745826721191406
early,qiu2022,devmap,E7.75,E8.5-R2,31,14493,38216,E7.75,8.5,26.577062606811523
early,qiu2022,devmap,E7.75,E8.5-R2,32,14493,38216,E7.75,8.5,26.584129333496094
early,qiu2022,devmap,E7.75,E8.5-R2,33,14493,38216,E7.75,8.5,26.64354133605957
early,qiu2022,devmap,E7.75,E8.5-R2,34,14493,38216,E7.75,8.5,26.907794952392578
early,qiu2022,devmap,E7.75,E8.5-R2,35,14493,38216,E7.75,8.5,26.594589233398438
early,qiu2022,devmap,E7.75,E8.5-R2,36,14493,38216,E7.75,8.5,26.96234893798828
early,qiu2022,devmap,E7.75,E8.5-R2,37,14493,38216,E7.75,8.5,27.207612991333008
early,qiu2022,devmap,E7.75,E8.5-R2,38,14493,38216,E7.75,8.5,27.556941986083984
early,qiu2022,devmap,E7.75,E8.5-R2,39,14493,38216,E7.75,8.5,26.91779136657715
early,qiu2022,devmap,E7.75,E8.5-R2,40,14493,38216,E7.75,8.5,26.194480895996094
early,qiu2022,devmap,E7.75,E8.5-R2,41,14493,38216,E7.75,8.5,26.370637893676758
early,qiu2022,devmap,E7.75,E8.5-R2,42,14493,38216,E7.75,8.5,25.637863159179688
early,qiu2022,devmap,E7.75,E8.5-R2,43,14493,38216,E7.75,8.5,26.79364776611328
early,qiu2022,devmap,E7.75,E8.5-R2,44,14493,38216,E7.75,8.5,26.798044204711914
early,qiu2022,devmap,E7.75,E8.5-R2,45,14493,38216,E7.75,8.5,26.78418731689453
early,qiu2022,devmap,E7.75,E8.5-R2,46,14493,38216,E7.75,8.5,26.1341552734375
early,qiu2022,devmap,E7.75,E8.5-R2,47,14493,38216,E7.75,8.5,26.949094772338867
early,qiu2022,devmap,E7.75,E8.5-R2,48,14493,38216,E7.75,8.5,26.638137817382812
early,qiu2022,devmap,E7.75,E8.5-R2,49,14493,38216,E7.75,8.5,26.586151123046875
early,qiu2022,devmap,E7.75,E8.5-R3,0,14493,27743,E7.75,8.5,25.661540985107422
early,qiu2022,devmap,E7.75,E8.5-R3,1,14493,27743,E7.75,8.5,25.496950149536133
early,qiu2022,devmap,E7.75,E8.5-R3,2,14493,27743,E7.75,8.5,25.48931121826172
early,qiu2022,devmap,E7.75,E8.5-R3,3,14493,27743,E7.75,8.5,25.734081268310547
early,qiu2022,devmap,E7.75,E8.5-R3,4,14493,27743,E7.75,8.5,25.685657501220703
early,qiu2022,devmap,E7.75,E8.5-R3,5,14493,27743,E7.75,8.5,25.314868927001953
early,qiu2022,devmap,E7.75,E8.5-R3,6,14493,27743,E7.75,8.5,25.857152938842773
early,qiu2022,devmap,E7.75,E8.5-R3,7,14493,27743,E7.75,8.5,25.235008239746094
early,qiu2022,devmap,E7.75,E8.5-R3,8,14493,27743,E7.75,8.5,25.18349838256836
early,qiu2022,devmap,E7.75,E8.5-R3,9,14493,27743,E7.75,8.5,25.949447631835938
early,qiu2022,devmap,E7.75,E8.5-R3,10,14493,27743,E7.75,8.5,26.17514419555664
early,qiu2022,devmap,E7.75,E8.5-R3,11,14493,27743,E7.75,8.5,26.143619537353516
early,qiu2022,devmap,E7.75,E8.5-R3,12,14493,27743,E7.75,8.5,25.305675506591797
early,qiu2022,devmap,E7.75,E8.5-R3,13,14493,27743,E7.75,8.5,25.52012062072754
early,qiu2022,devmap,E7.75,E8.5-R3,14,14493,27743,E7.75,8.5,25.085927963256836
early,qiu2022,devmap,E7.75,E8.5-R3,15,14493,27743,E7.75,8.5,25.513202667236328
early,qiu2022,devmap,E7.75,E8.5-R3,16,14493,27743,E7.75,8.5,26.429967880249023
early,qiu2022,devmap,E7.75,E8.5-R3,17,14493,27743,E7.75,8.5,25.479190826416016
early,qiu2022,devmap,E7.75,E8.5-R3,18,14493,27743,E7.75,8.5,25.480178833007812
early,qiu2022,devmap,E7.75,E8.5-R3,19,14493,27743,E7.75,8.5,25.884902954101562
early,qiu2022,devmap,E7.75,E8.5-R3,20,14493,27743,E7.75,8.5,25.498310089111328
early,qiu2022,devmap,E7.75,E8.5-R3,21,14493,27743,E7.75,8.5,25.36443328857422
early,qiu2022,devmap,E7.75,E8.5-R3,22,14493,27743,E7.75,8.5,25.749961853027344
early,qiu2022,devmap,E7.75,E8.5-R3,23,14493,27743,E7.75,8.5,25.456148147583008
early,qiu2022,devmap,E7.75,E8.5-R3,24,14493,27743,E7.75,8.5,25.30591583251953
early,qiu2022,devmap,E7.75,E8.5-R3,25,14493,27743,E7.75,8.5,25.405441284179688
early,qiu2022,devmap,E7.75,E8.5-R3,26,14493,27743,E7.75,8.5,25.791030883789062
early,qiu2022,devmap,E7.75,E8.5-R3,27,14493,27743,E7.75,8.5,25.934152603149414
early,qiu2022,devmap,E7.75,E8.5-R3,28,14493,27743,E7.75,8.5,25.820362091064453
early,qiu2022,devmap,E7.75,E8.5-R3,29,14493,27743,E7.75,8.5,25.599281311035156
early,qiu2022,devmap,E7.75,E8.5-R3,30,14493,27743,E7.75,8.5,25.720748901367188
early,qiu2022,devmap,E7.75,E8.5-R3,31,14493,27743,E7.75,8.5,25.340852737426758
early,qiu2022,devmap,E7.75,E8.5-R3,32,14493,27743,E7.75,8.5,25.901775360107422
early,qiu2022,devmap,E7.75,E8.5-R3,33,14493,27743,E7.75,8.5,26.062652587890625
early,qiu2022,devmap,E7.75,E8.5-R3,34,14493,27743,E7.75,8.5,25.43661117553711
early,qiu2022,devmap,E7.75,E8.5-R3,35,14493,27743,E7.75,8.5,25.532442092895508
early,qiu2022,devmap,E7.75,E8.5-R3,36,14493,27743,E7.75,8.5,25.600719451904297
early,qiu2022,devmap,E7.75,E8.5-R3,37,14493,27743,E7.75,8.5,25.17023277282715
early,qiu2022,devmap,E7.75,E8.5-R3,38,14493,27743,E7.75,8.5,24.960342407226562
early,qiu2022,devmap,E7.75,E8.5-R3,39,14493,27743,E7.75,8.5,25.40835952758789
early,qiu2022,devmap,E7.75,E8.5-R3,40,14493,27743,E7.75,8.5,24.983989715576172
early,qiu2022,devmap,E7.75,E8.5-R3,41,14493,27743,E7.75,8.5,25.477489471435547
early,qiu2022,devmap,E7.75,E8.5-R3,42,14493,27743,E7.75,8.5,24.91817855834961
early,qiu2022,devmap,E7.75,E8.5-R3,43,14493,27743,E7.75,8.5,25.111173629760742
early,qiu2022,devmap,E7.75,E8.5-R3,44,14493,27743,E7.75,8.5,25.924102783203125
early,qiu2022,devmap,E7.75,E8.5-R3,45,14493,27743,E7.75,8.5,25.456295013427734
early,qiu2022,devmap,E7.75,E8.5-R3,46,14493,27743,E7.75,8.5,26.02112579345703
early,qiu2022,devmap,E7.75,E8.5-R3,47,14493,27743,E7.75,8.5,25.415843963623047
early,qiu2022,devmap,E7.75,E8.5-R3,48,14493,27743,E7.75,8.5,25.921436309814453
early,qiu2022,devmap,E7.75,E8.5-R3,49,14493,27743,E7.75,8.5,26.64499282836914
early,qiu2022,devmap,E8.25,E7.5-R1,0,15935,1342,E8.25,7.5,29.332408905029297
early,qiu2022,devmap,E8.25,E7.5-R1,1,15935,1342,E8.25,7.5,32.02418518066406
early,qiu2022,devmap,E8.25,E7.5-R1,2,15935,1342,E8.25,7.5,31.74828338623047
early,qiu2022,devmap,E8.25,E7.5-R1,3,15935,1342,E8.25,7.5,32.79138946533203
early,qiu2022,devmap,E8.25,E7.5-R1,4,15935,1342,E8.25,7.5,31.47742462158203
early,qiu2022,devmap,E8.25,E7.5-R1,5,15935,1342,E8.25,7.5,32.14756774902344
early,qiu2022,devmap,E8.25,E7.5-R1,6,15935,1342,E8.25,7.5,32.13763427734375
early,qiu2022,devmap,E8.25,E7.5-R1,7,15935,1342,E8.25,7.5,29.80327606201172
early,qiu2022,devmap,E8.25,E7.5-R1,8,15935,1342,E8.25,7.5,32.33793640136719
early,qiu2022,devmap,E8.25,E7.5-R1,9,15935,1342,E8.25,7.5,33.19655227661133
early,qiu2022,devmap,E8.25,E7.5-R1,10,15935,1342,E8.25,7.5,31.387996673583984
early,qiu2022,devmap,E8.25,E7.5-R1,11,15935,1342,E8.25,7.5,31.31235122680664
early,qiu2022,devmap,E8.25,E7.5-R1,12,15935,1342,E8.25,7.5,32.66697311401367
early,qiu2022,devmap,E8.25,E7.5-R1,13,15935,1342,E8.25,7.5,31.803951263427734
early,qiu2022,devmap,E8.25,E7.5-R1,14,15935,1342,E8.25,7.5,34.86640167236328
early,qiu2022,devmap,E8.25,E7.5-R1,15,15935,1342,E8.25,7.5,30.8837890625
early,qiu2022,devmap,E8.25,E7.5-R1,16,15935,1342,E8.25,7.5,31.477336883544922
early,qiu2022,devmap,E8.25,E7.5-R1,17,15935,1342,E8.25,7.5,31.962194442749023
early,qiu2022,devmap,E8.25,E7.5-R1,18,15935,1342,E8.25,7.5,29.691740036010742
early,qiu2022,devmap,E8.25,E7.5-R1,19,15935,1342,E8.25,7.5,31.047014236450195
early,qiu2022,devmap,E8.25,E7.5-R1,20,15935,1342,E8.25,7.5,30.727230072021484
early,qiu2022,devmap,E8.25,E7.5-R1,21,15935,1342,E8.25,7.5,31.844642639160156
early,qiu2022,devmap,E8.25,E7.5-R1,22,15935,1342,E8.25,7.5,32.01777648925781
early,qiu2022,devmap,E8.25,E7.5-R1,23,15935,1342,E8.25,7.5,33.44892883300781
early,qiu2022,devmap,E8.25,E7.5-R1,24,15935,1342,E8.25,7.5,31.763368606567383
early,qiu2022,devmap,E8.25,E7.5-R1,25,15935,1342,E8.25,7.5,31.631242752075195
early,qiu2022,devmap,E8.25,E7.5-R1,26,15935,1342,E8.25,7.5,29.86223602294922
early,qiu2022,devmap,E8.25,E7.5-R1,27,15935,1342,E8.25,7.5,32.08776092529297
early,qiu2022,devmap,E8.25,E7.5-R1,28,15935,1342,E8.25,7.5,30.14811897277832
early,qiu2022,devmap,E8.25,E7.5-R1,29,15935,1342,E8.25,7.5,31.629348754882812
early,qiu2022,devmap,E8.25,E7.5-R1,30,15935,1342,E8.25,7.5,30.17013168334961
early,qiu2022,devmap,E8.25,E7.5-R1,31,15935,1342,E8.25,7.5,30.623741149902344
early,qiu2022,devmap,E8.25,E7.5-R1,32,15935,1342,E8.25,7.5,32.109954833984375
early,qiu2022,devmap,E8.25,E7.5-R1,33,15935,1342,E8.25,7.5,31.016815185546875
early,qiu2022,devmap,E8.25,E7.5-R1,34,15935,1342,E8.25,7.5,31.177223205566406
early,qiu2022,devmap,E8.25,E7.5-R1,35,15935,1342,E8.25,7.5,32.521114349365234
early,qiu2022,devmap,E8.25,E7.5-R1,36,15935,1342,E8.25,7.5,30.441007614135742
early,qiu2022,devmap,E8.25,E7.5-R1,37,15935,1342,E8.25,7.5,31.46906089782715
early,qiu2022,devmap,E8.25,E7.5-R1,38,15935,1342,E8.25,7.5,31.808391571044922
early,qiu2022,devmap,E8.25,E7.5-R1,39,15935,1342,E8.25,7.5,32.9436149597168
early,qiu2022,devmap,E8.25,E7.5-R1,40,15935,1342,E8.25,7.5,29.97968292236328
early,qiu2022,devmap,E8.25,E7.5-R1,41,15935,1342,E8.25,7.5,31.55083656311035
early,qiu2022,devmap,E8.25,E7.5-R1,42,15935,1342,E8.25,7.5,33.35724639892578
early,qiu2022,devmap,E8.25,E7.5-R1,43,15935,1342,E8.25,7.5,30.48190689086914
early,qiu2022,devmap,E8.25,E7.5-R1,44,15935,1342,E8.25,7.5,33.16522979736328
early,qiu2022,devmap,E8.25,E7.5-R1,45,15935,1342,E8.25,7.5,31.697620391845703
early,qiu2022,devmap,E8.25,E7.5-R1,46,15935,1342,E8.25,7.5,31.907398223876953
early,qiu2022,devmap,E8.25,E7.5-R1,47,15935,1342,E8.25,7.5,30.264944076538086
early,qiu2022,devmap,E8.25,E7.5-R1,48,15935,1342,E8.25,7.5,32.59398651123047
early,qiu2022,devmap,E8.25,E7.5-R1,49,15935,1342,E8.25,7.5,31.024574279785156
early,qiu2022,devmap,E8.25,E7.5-R2,0,15935,1838,E8.25,7.5,27.112808227539062
early,qiu2022,devmap,E8.25,E7.5-R2,1,15935,1838,E8.25,7.5,28.701358795166016
early,qiu2022,devmap,E8.25,E7.5-R2,2,15935,1838,E8.25,7.5,30.696903228759766
early,qiu2022,devmap,E8.25,E7.5-R2,3,15935,1838,E8.25,7.5,29.76542854309082
early,qiu2022,devmap,E8.25,E7.5-R2,4,15935,1838,E8.25,7.5,27.30572509765625
early,qiu2022,devmap,E8.25,E7.5-R2,5,15935,1838,E8.25,7.5,28.732769012451172
early,qiu2022,devmap,E8.25,E7.5-R2,6,15935,1838,E8.25,7.5,30.176307678222656
early,qiu2022,devmap,E8.25,E7.5-R2,7,15935,1838,E8.25,7.5,29.30341339111328
early,qiu2022,devmap,E8.25,E7.5-R2,8,15935,1838,E8.25,7.5,28.17064666748047
early,qiu2022,devmap,E8.25,E7.5-R2,9,15935,1838,E8.25,7.5,29.759010314941406
early,qiu2022,devmap,E8.25,E7.5-R2,10,15935,1838,E8.25,7.5,28.05158233642578
early,qiu2022,devmap,E8.25,E7.5-R2,11,15935,1838,E8.25,7.5,29.726993560791016
early,qiu2022,devmap,E8.25,E7.5-R2,12,15935,1838,E8.25,7.5,29.075834274291992
early,qiu2022,devmap,E8.25,E7.5-R2,13,15935,1838,E8.25,7.5,28.170852661132812
early,qiu2022,devmap,E8.25,E7.5-R2,14,15935,1838,E8.25,7.5,27.908977508544922
early,qiu2022,devmap,E8.25,E7.5-R2,15,15935,1838,E8.25,7.5,27.027362823486328
early,qiu2022,devmap,E8.25,E7.5-R2,16,15935,1838,E8.25,7.5,28.81771469116211
early,qiu2022,devmap,E8.25,E7.5-R2,17,15935,1838,E8.25,7.5,28.8306884765625
early,qiu2022,devmap,E8.25,E7.5-R2,18,15935,1838,E8.25,7.5,28.3372802734375
early,qiu2022,devmap,E8.25,E7.5-R2,19,15935,1838,E8.25,7.5,28.592426300048828
early,qiu2022,devmap,E8.25,E7.5-R2,20,15935,1838,E8.25,7.5,30.216693878173828
early,qiu2022,devmap,E8.25,E7.5-R2,21,15935,1838,E8.25,7.5,29.07374382019043
early,qiu2022,devmap,E8.25,E7.5-R2,22,15935,1838,E8.25,7.5,28.878009796142578
early,qiu2022,devmap,E8.25,E7.5-R2,23,15935,1838,E8.25,7.5,27.056560516357422
early,qiu2022,devmap,E8.25,E7.5-R2,24,15935,1838,E8.25,7.5,28.590003967285156
early,qiu2022,devmap,E8.25,E7.5-R2,25,15935,1838,E8.25,7.5,29.229236602783203
early,qiu2022,devmap,E8.25,E7.5-R2,26,15935,1838,E8.25,7.5,29.138124465942383
early,qiu2022,devmap,E8.25,E7.5-R2,27,15935,1838,E8.25,7.5,29.51892852783203
early,qiu2022,devmap,E8.25,E7.5-R2,28,15935,1838,E8.25,7.5,28.673625946044922
early,qiu2022,devmap,E8.25,E7.5-R2,29,15935,1838,E8.25,7.5,28.79641342163086
early,qiu2022,devmap,E8.25,E7.5-R2,30,15935,1838,E8.25,7.5,28.315956115722656
early,qiu2022,devmap,E8.25,E7.5-R2,31,15935,1838,E8.25,7.5,29.437423706054688
early,qiu2022,devmap,E8.25,E7.5-R2,32,15935,1838,E8.25,7.5,29.887527465820312
early,qiu2022,devmap,E8.25,E7.5-R2,33,15935,1838,E8.25,7.5,27.852352142333984
early,qiu2022,devmap,E8.25,E7.5-R2,34,15935,1838,E8.25,7.5,28.96546173095703
early,qiu2022,devmap,E8.25,E7.5-R2,35,15935,1838,E8.25,7.5,29.11465835571289
early,qiu2022,devmap,E8.25,E7.5-R2,36,15935,1838,E8.25,7.5,29.58951759338379
early,qiu2022,devmap,E8.25,E7.5-R2,37,15935,1838,E8.25,7.5,28.898700714111328
early,qiu2022,devmap,E8.25,E7.5-R2,38,15935,1838,E8.25,7.5,29.626102447509766
early,qiu2022,devmap,E8.25,E7.5-R2,39,15935,1838,E8.25,7.5,28.064010620117188
early,qiu2022,devmap,E8.25,E7.5-R2,40,15935,1838,E8.25,7.5,30.497543334960938
early,qiu2022,devmap,E8.25,E7.5-R2,41,15935,1838,E8.25,7.5,29.579181671142578
early,qiu2022,devmap,E8.25,E7.5-R2,42,15935,1838,E8.25,7.5,29.066997528076172
early,qiu2022,devmap,E8.25,E7.5-R2,43,15935,1838,E8.25,7.5,28.989788055419922
early,qiu2022,devmap,E8.25,E7.5-R2,44,15935,1838,E8.25,7.5,28.514060974121094
early,qiu2022,devmap,E8.25,E7.5-R2,45,15935,1838,E8.25,7.5,27.813501358032227
early,qiu2022,devmap,E8.25,E7.5-R2,46,15935,1838,E8.25,7.5,28.751110076904297
early,qiu2022,devmap,E8.25,E7.5-R2,47,15935,1838,E8.25,7.5,29.392345428466797
early,qiu2022,devmap,E8.25,E7.5-R2,48,15935,1838,E8.25,7.5,28.8358154296875
early,qiu2022,devmap,E8.25,E7.5-R2,49,15935,1838,E8.25,7.5,29.457897186279297
early,qiu2022,devmap,E8.25,E7.5-R3,0,15935,1468,E8.25,7.5,28.982418060302734
early,qiu2022,devmap,E8.25,E7.5-R3,1,15935,1468,E8.25,7.5,29.23073959350586
early,qiu2022,devmap,E8.25,E7.5-R3,2,15935,1468,E8.25,7.5,30.95009994506836
early,qiu2022,devmap,E8.25,E7.5-R3,3,15935,1468,E8.25,7.5,31.91400909423828
early,qiu2022,devmap,E8.25,E7.5-R3,4,15935,1468,E8.25,7.5,30.43474769592285
early,qiu2022,devmap,E8.25,E7.5-R3,5,15935,1468,E8.25,7.5,29.96853256225586
early,qiu2022,devmap,E8.25,E7.5-R3,6,15935,1468,E8.25,7.5,29.80582046508789
early,qiu2022,devmap,E8.25,E7.5-R3,7,15935,1468,E8.25,7.5,30.216947555541992
early,qiu2022,devmap,E8.25,E7.5-R3,8,15935,1468,E8.25,7.5,28.754470825195312
early,qiu2022,devmap,E8.25,E7.5-R3,9,15935,1468,E8.25,7.5,28.323486328125
early,qiu2022,devmap,E8.25,E7.5-R3,10,15935,1468,E8.25,7.5,32.5634651184082
early,qiu2022,devmap,E8.25,E7.5-R3,11,15935,1468,E8.25,7.5,30.48480987548828
early,qiu2022,devmap,E8.25,E7.5-R3,12,15935,1468,E8.25,7.5,30.069026947021484
early,qiu2022,devmap,E8.25,E7.5-R3,13,15935,1468,E8.25,7.5,29.508413314819336
early,qiu2022,devmap,E8.25,E7.5-R3,14,15935,1468,E8.25,7.5,29.10602378845215
early,qiu2022,devmap,E8.25,E7.5-R3,15,15935,1468,E8.25,7.5,29.254419326782227
early,qiu2022,devmap,E8.25,E7.5-R3,16,15935,1468,E8.25,7.5,30.42227554321289
early,qiu2022,devmap,E8.25,E7.5-R3,17,15935,1468,E8.25,7.5,29.983509063720703
early,qiu2022,devmap,E8.25,E7.5-R3,18,15935,1468,E8.25,7.5,30.05242919921875
early,qiu2022,devmap,E8.25,E7.5-R3,19,15935,1468,E8.25,7.5,30.969512939453125
early,qiu2022,devmap,E8.25,E7.5-R3,20,15935,1468,E8.25,7.5,30.421043395996094
early,qiu2022,devmap,E8.25,E7.5-R3,21,15935,1468,E8.25,7.5,29.95449447631836
early,qiu2022,devmap,E8.25,E7.5-R3,22,15935,1468,E8.25,7.5,30.081050872802734
early,qiu2022,devmap,E8.25,E7.5-R3,23,15935,1468,E8.25,7.5,30.821048736572266
early,qiu2022,devmap,E8.25,E7.5-R3,24,15935,1468,E8.25,7.5,31.901512145996094
early,qiu2022,devmap,E8.25,E7.5-R3,25,15935,1468,E8.25,7.5,31.815628051757812
early,qiu2022,devmap,E8.25,E7.5-R3,26,15935,1468,E8.25,7.5,31.276350021362305
early,qiu2022,devmap,E8.25,E7.5-R3,27,15935,1468,E8.25,7.5,31.330913543701172
early,qiu2022,devmap,E8.25,E7.5-R3,28,15935,1468,E8.25,7.5,31.124765396118164
early,qiu2022,devmap,E8.25,E7.5-R3,29,15935,1468,E8.25,7.5,31.159191131591797
early,qiu2022,devmap,E8.25,E7.5-R3,30,15935,1468,E8.25,7.5,32.0080680847168
early,qiu2022,devmap,E8.25,E7.5-R3,31,15935,1468,E8.25,7.5,30.83970832824707
early,qiu2022,devmap,E8.25,E7.5-R3,32,15935,1468,E8.25,7.5,31.785263061523438
early,qiu2022,devmap,E8.25,E7.5-R3,33,15935,1468,E8.25,7.5,29.369678497314453
early,qiu2022,devmap,E8.25,E7.5-R3,34,15935,1468,E8.25,7.5,31.15460777282715
early,qiu2022,devmap,E8.25,E7.5-R3,35,15935,1468,E8.25,7.5,31.45900535583496
early,qiu2022,devmap,E8.25,E7.5-R3,36,15935,1468,E8.25,7.5,30.917274475097656
early,qiu2022,devmap,E8.25,E7.5-R3,37,15935,1468,E8.25,7.5,29.144729614257812
early,qiu2022,devmap,E8.25,E7.5-R3,38,15935,1468,E8.25,7.5,30.424076080322266
early,qiu2022,devmap,E8.25,E7.5-R3,39,15935,1468,E8.25,7.5,31.18851089477539
early,qiu2022,devmap,E8.25,E7.5-R3,40,15935,1468,E8.25,7.5,30.305099487304688
early,qiu2022,devmap,E8.25,E7.5-R3,41,15935,1468,E8.25,7.5,30.337356567382812
early,qiu2022,devmap,E8.25,E7.5-R3,42,15935,1468,E8.25,7.5,30.702871322631836
early,qiu2022,devmap,E8.25,E7.5-R3,43,15935,1468,E8.25,7.5,30.661949157714844
early,qiu2022,devmap,E8.25,E7.5-R3,44,15935,1468,E8.25,7.5,31.24905014038086
early,qiu2022,devmap,E8.25,E7.5-R3,45,15935,1468,E8.25,7.5,30.596023559570312
early,qiu2022,devmap,E8.25,E7.5-R3,46,15935,1468,E8.25,7.5,30.256147384643555
early,qiu2022,devmap,E8.25,E7.5-R3,47,15935,1468,E8.25,7.5,31.817604064941406
early,qiu2022,devmap,E8.25,E7.5-R3,48,15935,1468,E8.25,7.5,30.776493072509766
early,qiu2022,devmap,E8.25,E7.5-R3,49,15935,1468,E8.25,7.5,30.43513298034668
early,qiu2022,devmap,E8.25,E8.0-R1,0,15935,4498,E8.25,8.0,23.384868621826172
early,qiu2022,devmap,E8.25,E8.0-R1,1,15935,4498,E8.25,8.0,22.487388610839844
early,qiu2022,devmap,E8.25,E8.0-R1,2,15935,4498,E8.25,8.0,23.023475646972656
early,qiu2022,devmap,E8.25,E8.0-R1,3,15935,4498,E8.25,8.0,22.434696197509766
early,qiu2022,devmap,E8.25,E8.0-R1,4,15935,4498,E8.25,8.0,22.516807556152344
early,qiu2022,devmap,E8.25,E8.0-R1,5,15935,4498,E8.25,8.0,23.172649383544922
early,qiu2022,devmap,E8.25,E8.0-R1,6,15935,4498,E8.25,8.0,22.46332550048828
early,qiu2022,devmap,E8.25,E8.0-R1,7,15935,4498,E8.25,8.0,22.47991180419922
early,qiu2022,devmap,E8.25,E8.0-R1,8,15935,4498,E8.25,8.0,22.145954132080078
early,qiu2022,devmap,E8.25,E8.0-R1,9,15935,4498,E8.25,8.0,22.70510482788086
early,qiu2022,devmap,E8.25,E8.0-R1,10,15935,4498,E8.25,8.0,22.975479125976562
early,qiu2022,devmap,E8.25,E8.0-R1,11,15935,4498,E8.25,8.0,22.00515365600586
early,qiu2022,devmap,E8.25,E8.0-R1,12,15935,4498,E8.25,8.0,22.221261978149414
early,qiu2022,devmap,E8.25,E8.0-R1,13,15935,4498,E8.25,8.0,23.2076416015625
early,qiu2022,devmap,E8.25,E8.0-R1,14,15935,4498,E8.25,8.0,22.646480560302734
early,qiu2022,devmap,E8.25,E8.0-R1,15,15935,4498,E8.25,8.0,22.591106414794922
early,qiu2022,devmap,E8.25,E8.0-R1,16,15935,4498,E8.25,8.0,22.72064208984375
early,qiu2022,devmap,E8.25,E8.0-R1,17,15935,4498,E8.25,8.0,23.302745819091797
early,qiu2022,devmap,E8.25,E8.0-R1,18,15935,4498,E8.25,8.0,21.652149200439453
early,qiu2022,devmap,E8.25,E8.0-R1,19,15935,4498,E8.25,8.0,24.385326385498047
early,qiu2022,devmap,E8.25,E8.0-R1,20,15935,4498,E8.25,8.0,23.03946304321289
early,qiu2022,devmap,E8.25,E8.0-R1,21,15935,4498,E8.25,8.0,22.5654354095459
early,qiu2022,devmap,E8.25,E8.0-R1,22,15935,4498,E8.25,8.0,22.98985481262207
early,qiu2022,devmap,E8.25,E8.0-R1,23,15935,4498,E8.25,8.0,22.52260971069336
early,qiu2022,devmap,E8.25,E8.0-R1,24,15935,4498,E8.25,8.0,23.199878692626953
early,qiu2022,devmap,E8.25,E8.0-R1,25,15935,4498,E8.25,8.0,23.149810791015625
early,qiu2022,devmap,E8.25,E8.0-R1,26,15935,4498,E8.25,8.0,22.52996063232422
early,qiu2022,devmap,E8.25,E8.0-R1,27,15935,4498,E8.25,8.0,24.01401138305664
early,qiu2022,devmap,E8.25,E8.0-R1,28,15935,4498,E8.25,8.0,22.84926986694336
early,qiu2022,devmap,E8.25,E8.0-R1,29,15935,4498,E8.25,8.0,22.852378845214844
early,qiu2022,devmap,E8.25,E8.0-R1,30,15935,4498,E8.25,8.0,22.642650604248047
early,qiu2022,devmap,E8.25,E8.0-R1,31,15935,4498,E8.25,8.0,22.31875228881836
early,qiu2022,devmap,E8.25,E8.0-R1,32,15935,4498,E8.25,8.0,23.98851776123047
early,qiu2022,devmap,E8.25,E8.0-R1,33,15935,4498,E8.25,8.0,22.527694702148438
early,qiu2022,devmap,E8.25,E8.0-R1,34,15935,4498,E8.25,8.0,22.87837791442871
early,qiu2022,devmap,E8.25,E8.0-R1,35,15935,4498,E8.25,8.0,22.56194305419922
early,qiu2022,devmap,E8.25,E8.0-R1,36,15935,4498,E8.25,8.0,22.655179977416992
early,qiu2022,devmap,E8.25,E8.0-R1,37,15935,4498,E8.25,8.0,23.73477554321289
early,qiu2022,devmap,E8.25,E8.0-R1,38,15935,4498,E8.25,8.0,22.73773193359375
early,qiu2022,devmap,E8.25,E8.0-R1,39,15935,4498,E8.25,8.0,23.642925262451172
early,qiu2022,devmap,E8.25,E8.0-R1,40,15935,4498,E8.25,8.0,22.092256546020508
early,qiu2022,devmap,E8.25,E8.0-R1,41,15935,4498,E8.25,8.0,22.973613739013672
early,qiu2022,devmap,E8.25,E8.0-R1,42,15935,4498,E8.25,8.0,22.78514862060547
early,qiu2022,devmap,E8.25,E8.0-R1,43,15935,4498,E8.25,8.0,23.348220825195312
early,qiu2022,devmap,E8.25,E8.0-R1,44,15935,4498,E8.25,8.0,23.332658767700195
early,qiu2022,devmap,E8.25,E8.0-R1,45,15935,4498,E8.25,8.0,22.958768844604492
early,qiu2022,devmap,E8.25,E8.0-R1,46,15935,4498,E8.25,8.0,22.542301177978516
early,qiu2022,devmap,E8.25,E8.0-R1,47,15935,4498,E8.25,8.0,22.34870147705078
early,qiu2022,devmap,E8.25,E8.0-R1,48,15935,4498,E8.25,8.0,22.50725746154785
early,qiu2022,devmap,E8.25,E8.0-R1,49,15935,4498,E8.25,8.0,22.838191986083984
early,qiu2022,devmap,E8.25,E8.0-R2,0,15935,10681,E8.25,8.0,20.791297912597656
early,qiu2022,devmap,E8.25,E8.0-R2,1,15935,10681,E8.25,8.0,20.813434600830078
early,qiu2022,devmap,E8.25,E8.0-R2,2,15935,10681,E8.25,8.0,20.10135269165039
early,qiu2022,devmap,E8.25,E8.0-R2,3,15935,10681,E8.25,8.0,20.672996520996094
early,qiu2022,devmap,E8.25,E8.0-R2,4,15935,10681,E8.25,8.0,20.897663116455078
early,qiu2022,devmap,E8.25,E8.0-R2,5,15935,10681,E8.25,8.0,20.577228546142578
early,qiu2022,devmap,E8.25,E8.0-R2,6,15935,10681,E8.25,8.0,20.676227569580078
early,qiu2022,devmap,E8.25,E8.0-R2,7,15935,10681,E8.25,8.0,21.127593994140625
early,qiu2022,devmap,E8.25,E8.0-R2,8,15935,10681,E8.25,8.0,20.891971588134766
early,qiu2022,devmap,E8.25,E8.0-R2,9,15935,10681,E8.25,8.0,20.839847564697266
early,qiu2022,devmap,E8.25,E8.0-R2,10,15935,10681,E8.25,8.0,20.420726776123047
early,qiu2022,devmap,E8.25,E8.0-R2,11,15935,10681,E8.25,8.0,21.106094360351562
early,qiu2022,devmap,E8.25,E8.0-R2,12,15935,10681,E8.25,8.0,20.671646118164062
early,qiu2022,devmap,E8.25,E8.0-R2,13,15935,10681,E8.25,8.0,20.18343734741211
early,qiu2022,devmap,E8.25,E8.0-R2,14,15935,10681,E8.25,8.0,21.211326599121094
early,qiu2022,devmap,E8.25,E8.0-R2,15,15935,10681,E8.25,8.0,20.503734588623047
early,qiu2022,devmap,E8.25,E8.0-R2,16,15935,10681,E8.25,8.0,20.92542266845703
early,qiu2022,devmap,E8.25,E8.0-R2,17,15935,10681,E8.25,8.0,20.791404724121094
early,qiu2022,devmap,E8.25,E8.0-R2,18,15935,10681,E8.25,8.0,20.702926635742188
early,qiu2022,devmap,E8.25,E8.0-R2,19,15935,10681,E8.25,8.0,20.256103515625
early,qiu2022,devmap,E8.25,E8.0-R2,20,15935,10681,E8.25,8.0,20.5427303314209
early,qiu2022,devmap,E8.25,E8.0-R2,21,15935,10681,E8.25,8.0,20.91568374633789
early,qiu2022,devmap,E8.25,E8.0-R2,22,15935,10681,E8.25,8.0,20.63036346435547
early,qiu2022,devmap,E8.25,E8.0-R2,23,15935,10681,E8.25,8.0,20.72402000427246
early,qiu2022,devmap,E8.25,E8.0-R2,24,15935,10681,E8.25,8.0,20.671855926513672
early,qiu2022,devmap,E8.25,E8.0-R2,25,15935,10681,E8.25,8.0,20.751094818115234
early,qiu2022,devmap,E8.25,E8.0-R2,26,15935,10681,E8.25,8.0,20.64113426208496
early,qiu2022,devmap,E8.25,E8.0-R2,27,15935,10681,E8.25,8.0,20.314924240112305
early,qiu2022,devmap,E8.25,E8.0-R2,28,15935,10681,E8.25,8.0,20.353090286254883
early,qiu2022,devmap,E8.25,E8.0-R2,29,15935,10681,E8.25,8.0,20.576061248779297
early,qiu2022,devmap,E8.25,E8.0-R2,30,15935,10681,E8.25,8.0,21.47658920288086
early,qiu2022,devmap,E8.25,E8.0-R2,31,15935,10681,E8.25,8.0,21.05379867553711
early,qiu2022,devmap,E8.25,E8.0-R2,32,15935,10681,E8.25,8.0,20.33182144165039
early,qiu2022,devmap,E8.25,E8.0-R2,33,15935,10681,E8.25,8.0,20.963680267333984
early,qiu2022,devmap,E8.25,E8.0-R2,34,15935,10681,E8.25,8.0,20.5031795501709
early,qiu2022,devmap,E8.25,E8.0-R2,35,15935,10681,E8.25,8.0,20.501239776611328
early,qiu2022,devmap,E8.25,E8.0-R2,36,15935,10681,E8.25,8.0,20.98288917541504
early,qiu2022,devmap,E8.25,E8.0-R2,37,15935,10681,E8.25,8.0,20.473445892333984
early,qiu2022,devmap,E8.25,E8.0-R2,38,15935,10681,E8.25,8.0,20.695404052734375
early,qiu2022,devmap,E8.25,E8.0-R2,39,15935,10681,E8.25,8.0,20.685941696166992
early,qiu2022,devmap,E8.25,E8.0-R2,40,15935,10681,E8.25,8.0,20.37957000732422
early,qiu2022,devmap,E8.25,E8.0-R2,41,15935,10681,E8.25,8.0,20.079975128173828
early,qiu2022,devmap,E8.25,E8.0-R2,42,15935,10681,E8.25,8.0,20.41732406616211
early,qiu2022,devmap,E8.25,E8.0-R2,43,15935,10681,E8.25,8.0,20.24836540222168
early,qiu2022,devmap,E8.25,E8.0-R2,44,15935,10681,E8.25,8.0,20.859132766723633
early,qiu2022,devmap,E8.25,E8.0-R2,45,15935,10681,E8.25,8.0,20.53946876525879
early,qiu2022,devmap,E8.25,E8.0-R2,46,15935,10681,E8.25,8.0,21.146474838256836
early,qiu2022,devmap,E8.25,E8.0-R2,47,15935,10681,E8.25,8.0,20.092897415161133
early,qiu2022,devmap,E8.25,E8.0-R2,48,15935,10681,E8.25,8.0,20.433034896850586
early,qiu2022,devmap,E8.25,E8.0-R2,49,15935,10681,E8.25,8.0,20.82851791381836
early,qiu2022,devmap,E8.25,E8.0-R3,0,15935,6763,E8.25,8.0,21.199481964111328
early,qiu2022,devmap,E8.25,E8.0-R3,1,15935,6763,E8.25,8.0,20.898426055908203
early,qiu2022,devmap,E8.25,E8.0-R3,2,15935,6763,E8.25,8.0,21.65039825439453
early,qiu2022,devmap,E8.25,E8.0-R3,3,15935,6763,E8.25,8.0,21.15325927734375
early,qiu2022,devmap,E8.25,E8.0-R3,4,15935,6763,E8.25,8.0,20.493545532226562
early,qiu2022,devmap,E8.25,E8.0-R3,5,15935,6763,E8.25,8.0,20.84833526611328
early,qiu2022,devmap,E8.25,E8.0-R3,6,15935,6763,E8.25,8.0,20.641117095947266
early,qiu2022,devmap,E8.25,E8.0-R3,7,15935,6763,E8.25,8.0,20.648841857910156
early,qiu2022,devmap,E8.25,E8.0-R3,8,15935,6763,E8.25,8.0,21.115882873535156
early,qiu2022,devmap,E8.25,E8.0-R3,9,15935,6763,E8.25,8.0,22.079383850097656
early,qiu2022,devmap,E8.25,E8.0-R3,10,15935,6763,E8.25,8.0,21.601821899414062
early,qiu2022,devmap,E8.25,E8.0-R3,11,15935,6763,E8.25,8.0,22.348182678222656
early,qiu2022,devmap,E8.25,E8.0-R3,12,15935,6763,E8.25,8.0,21.847942352294922
early,qiu2022,devmap,E8.25,E8.0-R3,13,15935,6763,E8.25,8.0,21.014881134033203
early,qiu2022,devmap,E8.25,E8.0-R3,14,15935,6763,E8.25,8.0,21.021541595458984
early,qiu2022,devmap,E8.25,E8.0-R3,15,15935,6763,E8.25,8.0,21.369579315185547
early,qiu2022,devmap,E8.25,E8.0-R3,16,15935,6763,E8.25,8.0,21.322099685668945
early,qiu2022,devmap,E8.25,E8.0-R3,17,15935,6763,E8.25,8.0,20.580543518066406
early,qiu2022,devmap,E8.25,E8.0-R3,18,15935,6763,E8.25,8.0,21.048263549804688
early,qiu2022,devmap,E8.25,E8.0-R3,19,15935,6763,E8.25,8.0,21.309894561767578
early,qiu2022,devmap,E8.25,E8.0-R3,20,15935,6763,E8.25,8.0,21.300643920898438
early,qiu2022,devmap,E8.25,E8.0-R3,21,15935,6763,E8.25,8.0,20.5422420501709
early,qiu2022,devmap,E8.25,E8.0-R3,22,15935,6763,E8.25,8.0,21.362531661987305
early,qiu2022,devmap,E8.25,E8.0-R3,23,15935,6763,E8.25,8.0,20.67032814025879
early,qiu2022,devmap,E8.25,E8.0-R3,24,15935,6763,E8.25,8.0,20.64525032043457
early,qiu2022,devmap,E8.25,E8.0-R3,25,15935,6763,E8.25,8.0,21.127788543701172
early,qiu2022,devmap,E8.25,E8.0-R3,26,15935,6763,E8.25,8.0,21.124717712402344
early,qiu2022,devmap,E8.25,E8.0-R3,27,15935,6763,E8.25,8.0,21.16575050354004
early,qiu2022,devmap,E8.25,E8.0-R3,28,15935,6763,E8.25,8.0,21.383838653564453
early,qiu2022,devmap,E8.25,E8.0-R3,29,15935,6763,E8.25,8.0,21.230865478515625
early,qiu2022,devmap,E8.25,E8.0-R3,30,15935,6763,E8.25,8.0,21.133777618408203
early,qiu2022,devmap,E8.25,E8.0-R3,31,15935,6763,E8.25,8.0,20.696060180664062
early,qiu2022,devmap,E8.25,E8.0-R3,32,15935,6763,E8.25,8.0,20.23412322998047
early,qiu2022,devmap,E8.25,E8.0-R3,33,15935,6763,E8.25,8.0,21.317350387573242
early,qiu2022,devmap,E8.25,E8.0-R3,34,15935,6763,E8.25,8.0,21.649471282958984
early,qiu2022,devmap,E8.25,E8.0-R3,35,15935,6763,E8.25,8.0,21.23302459716797
early,qiu2022,devmap,E8.25,E8.0-R3,36,15935,6763,E8.25,8.0,20.878469467163086
early,qiu2022,devmap,E8.25,E8.0-R3,37,15935,6763,E8.25,8.0,21.697750091552734
early,qiu2022,devmap,E8.25,E8.0-R3,38,15935,6763,E8.25,8.0,20.846885681152344
early,qiu2022,devmap,E8.25,E8.0-R3,39,15935,6763,E8.25,8.0,21.69887924194336
early,qiu2022,devmap,E8.25,E8.0-R3,40,15935,6763,E8.25,8.0,21.34502410888672
early,qiu2022,devmap,E8.25,E8.0-R3,41,15935,6763,E8.25,8.0,20.6490478515625
early,qiu2022,devmap,E8.25,E8.0-R3,42,15935,6763,E8.25,8.0,20.904937744140625
early,qiu2022,devmap,E8.25,E8.0-R3,43,15935,6763,E8.25,8.0,21.111595153808594
early,qiu2022,devmap,E8.25,E8.0-R3,44,15935,6763,E8.25,8.0,20.871606826782227
early,qiu2022,devmap,E8.25,E8.0-R3,45,15935,6763,E8.25,8.0,21.656953811645508
early,qiu2022,devmap,E8.25,E8.0-R3,46,15935,6763,E8.25,8.0,21.118125915527344
early,qiu2022,devmap,E8.25,E8.0-R3,47,15935,6763,E8.25,8.0,21.557781219482422
early,qiu2022,devmap,E8.25,E8.0-R3,48,15935,6763,E8.25,8.0,21.569610595703125
early,qiu2022,devmap,E8.25,E8.0-R3,49,15935,6763,E8.25,8.0,21.274227142333984
early,qiu2022,devmap,E8.25,E8.5-R1,0,15935,23435,E8.25,8.5,23.273712158203125
early,qiu2022,devmap,E8.25,E8.5-R1,1,15935,23435,E8.25,8.5,23.76080322265625
early,qiu2022,devmap,E8.25,E8.5-R1,2,15935,23435,E8.25,8.5,22.61056137084961
early,qiu2022,devmap,E8.25,E8.5-R1,3,15935,23435,E8.25,8.5,23.10299301147461
early,qiu2022,devmap,E8.25,E8.5-R1,4,15935,23435,E8.25,8.5,22.890661239624023
early,qiu2022,devmap,E8.25,E8.5-R1,5,15935,23435,E8.25,8.5,22.806867599487305
early,qiu2022,devmap,E8.25,E8.5-R1,6,15935,23435,E8.25,8.5,24.161256790161133
early,qiu2022,devmap,E8.25,E8.5-R1,7,15935,23435,E8.25,8.5,23.121721267700195
early,qiu2022,devmap,E8.25,E8.5-R1,8,15935,23435,E8.25,8.5,23.138498306274414
early,qiu2022,devmap,E8.25,E8.5-R1,9,15935,23435,E8.25,8.5,23.81483268737793
early,qiu2022,devmap,E8.25,E8.5-R1,10,15935,23435,E8.25,8.5,23.879364013671875
early,qiu2022,devmap,E8.25,E8.5-R1,11,15935,23435,E8.25,8.5,23.78453254699707
early,qiu2022,devmap,E8.25,E8.5-R1,12,15935,23435,E8.25,8.5,23.590145111083984
early,qiu2022,devmap,E8.25,E8.5-R1,13,15935,23435,E8.25,8.5,23.46380043029785
early,qiu2022,devmap,E8.25,E8.5-R1,14,15935,23435,E8.25,8.5,23.392797470092773
early,qiu2022,devmap,E8.25,E8.5-R1,15,15935,23435,E8.25,8.5,24.083236694335938
early,qiu2022,devmap,E8.25,E8.5-R1,16,15935,23435,E8.25,8.5,23.398353576660156
early,qiu2022,devmap,E8.25,E8.5-R1,17,15935,23435,E8.25,8.5,22.91876220703125
early,qiu2022,devmap,E8.25,E8.5-R1,18,15935,23435,E8.25,8.5,22.986116409301758
early,qiu2022,devmap,E8.25,E8.5-R1,19,15935,23435,E8.25,8.5,23.714847564697266
early,qiu2022,devmap,E8.25,E8.5-R1,20,15935,23435,E8.25,8.5,23.966821670532227
early,qiu2022,devmap,E8.25,E8.5-R1,21,15935,23435,E8.25,8.5,24.407278060913086
early,qiu2022,devmap,E8.25,E8.5-R1,22,15935,23435,E8.25,8.5,23.12737274169922
early,qiu2022,devmap,E8.25,E8.5-R1,23,15935,23435,E8.25,8.5,23.77994155883789
early,qiu2022,devmap,E8.25,E8.5-R1,24,15935,23435,E8.25,8.5,22.93603515625
early,qiu2022,devmap,E8.25,E8.5-R1,25,15935,23435,E8.25,8.5,23.181184768676758
early,qiu2022,devmap,E8.25,E8.5-R1,26,15935,23435,E8.25,8.5,23.196739196777344
early,qiu2022,devmap,E8.25,E8.5-R1,27,15935,23435,E8.25,8.5,23.1407527923584
early,qiu2022,devmap,E8.25,E8.5-R1,28,15935,23435,E8.25,8.5,23.006778717041016
early,qiu2022,devmap,E8.25,E8.5-R1,29,15935,23435,E8.25,8.5,22.718069076538086
early,qiu2022,devmap,E8.25,E8.5-R1,30,15935,23435,E8.25,8.5,22.617252349853516
early,qiu2022,devmap,E8.25,E8.5-R1,31,15935,23435,E8.25,8.5,23.73187255859375
early,qiu2022,devmap,E8.25,E8.5-R1,32,15935,23435,E8.25,8.5,23.560142517089844
early,qiu2022,devmap,E8.25,E8.5-R1,33,15935,23435,E8.25,8.5,23.226699829101562
early,qiu2022,devmap,E8.25,E8.5-R1,34,15935,23435,E8.25,8.5,23.47148895263672
early,qiu2022,devmap,E8.25,E8.5-R1,35,15935,23435,E8.25,8.5,23.080371856689453
early,qiu2022,devmap,E8.25,E8.5-R1,36,15935,23435,E8.25,8.5,23.90340805053711
early,qiu2022,devmap,E8.25,E8.5-R1,37,15935,23435,E8.25,8.5,23.24224090576172
early,qiu2022,devmap,E8.25,E8.5-R1,38,15935,23435,E8.25,8.5,23.362224578857422
early,qiu2022,devmap,E8.25,E8.5-R1,39,15935,23435,E8.25,8.5,23.386999130249023
early,qiu2022,devmap,E8.25,E8.5-R1,40,15935,23435,E8.25,8.5,23.162338256835938
early,qiu2022,devmap,E8.25,E8.5-R1,41,15935,23435,E8.25,8.5,23.491943359375
early,qiu2022,devmap,E8.25,E8.5-R1,42,15935,23435,E8.25,8.5,23.678056716918945
early,qiu2022,devmap,E8.25,E8.5-R1,43,15935,23435,E8.25,8.5,23.614362716674805
early,qiu2022,devmap,E8.25,E8.5-R1,44,15935,23435,E8.25,8.5,23.990283966064453
early,qiu2022,devmap,E8.25,E8.5-R1,45,15935,23435,E8.25,8.5,23.579545974731445
early,qiu2022,devmap,E8.25,E8.5-R1,46,15935,23435,E8.25,8.5,23.150367736816406
early,qiu2022,devmap,E8.25,E8.5-R1,47,15935,23435,E8.25,8.5,23.877925872802734
early,qiu2022,devmap,E8.25,E8.5-R1,48,15935,23435,E8.25,8.5,23.088869094848633
early,qiu2022,devmap,E8.25,E8.5-R1,49,15935,23435,E8.25,8.5,23.552631378173828
early,qiu2022,devmap,E8.25,E8.5-R2,0,15935,38216,E8.25,8.5,23.856868743896484
early,qiu2022,devmap,E8.25,E8.5-R2,1,15935,38216,E8.25,8.5,23.703153610229492
early,qiu2022,devmap,E8.25,E8.5-R2,2,15935,38216,E8.25,8.5,23.690872192382812
early,qiu2022,devmap,E8.25,E8.5-R2,3,15935,38216,E8.25,8.5,23.411842346191406
early,qiu2022,devmap,E8.25,E8.5-R2,4,15935,38216,E8.25,8.5,23.43012237548828
early,qiu2022,devmap,E8.25,E8.5-R2,5,15935,38216,E8.25,8.5,23.935665130615234
early,qiu2022,devmap,E8.25,E8.5-R2,6,15935,38216,E8.25,8.5,24.090316772460938
early,qiu2022,devmap,E8.25,E8.5-R2,7,15935,38216,E8.25,8.5,23.993831634521484
early,qiu2022,devmap,E8.25,E8.5-R2,8,15935,38216,E8.25,8.5,23.764524459838867
early,qiu2022,devmap,E8.25,E8.5-R2,9,15935,38216,E8.25,8.5,23.20798110961914
early,qiu2022,devmap,E8.25,E8.5-R2,10,15935,38216,E8.25,8.5,23.97739028930664
early,qiu2022,devmap,E8.25,E8.5-R2,11,15935,38216,E8.25,8.5,23.727148056030273
early,qiu2022,devmap,E8.25,E8.5-R2,12,15935,38216,E8.25,8.5,23.676589965820312
early,qiu2022,devmap,E8.25,E8.5-R2,13,15935,38216,E8.25,8.5,24.098323822021484
early,qiu2022,devmap,E8.25,E8.5-R2,14,15935,38216,E8.25,8.5,24.122577667236328
early,qiu2022,devmap,E8.25,E8.5-R2,15,15935,38216,E8.25,8.5,24.078044891357422
early,qiu2022,devmap,E8.25,E8.5-R2,16,15935,38216,E8.25,8.5,23.592876434326172
early,qiu2022,devmap,E8.25,E8.5-R2,17,15935,38216,E8.25,8.5,23.12725830078125
early,qiu2022,devmap,E8.25,E8.5-R2,18,15935,38216,E8.25,8.5,24.201202392578125
early,qiu2022,devmap,E8.25,E8.5-R2,19,15935,38216,E8.25,8.5,23.731191635131836
early,qiu2022,devmap,E8.25,E8.5-R2,20,15935,38216,E8.25,8.5,23.732582092285156
early,qiu2022,devmap,E8.25,E8.5-R2,21,15935,38216,E8.25,8.5,23.437824249267578
early,qiu2022,devmap,E8.25,E8.5-R2,22,15935,38216,E8.25,8.5,23.865360260009766
early,qiu2022,devmap,E8.25,E8.5-R2,23,15935,38216,E8.25,8.5,23.881717681884766
early,qiu2022,devmap,E8.25,E8.5-R2,24,15935,38216,E8.25,8.5,23.970170974731445
early,qiu2022,devmap,E8.25,E8.5-R2,25,15935,38216,E8.25,8.5,24.25358772277832
early,qiu2022,devmap,E8.25,E8.5-R2,26,15935,38216,E8.25,8.5,23.67833709716797
early,qiu2022,devmap,E8.25,E8.5-R2,27,15935,38216,E8.25,8.5,23.767627716064453
early,qiu2022,devmap,E8.25,E8.5-R2,28,15935,38216,E8.25,8.5,24.052993774414062
early,qiu2022,devmap,E8.25,E8.5-R2,29,15935,38216,E8.25,8.5,23.567806243896484
early,qiu2022,devmap,E8.25,E8.5-R2,30,15935,38216,E8.25,8.5,24.207481384277344
early,qiu2022,devmap,E8.25,E8.5-R2,31,15935,38216,E8.25,8.5,23.588714599609375
early,qiu2022,devmap,E8.25,E8.5-R2,32,15935,38216,E8.25,8.5,23.92282485961914
early,qiu2022,devmap,E8.25,E8.5-R2,33,15935,38216,E8.25,8.5,23.61029815673828
early,qiu2022,devmap,E8.25,E8.5-R2,34,15935,38216,E8.25,8.5,23.649490356445312
early,qiu2022,devmap,E8.25,E8.5-R2,35,15935,38216,E8.25,8.5,24.17035675048828
early,qiu2022,devmap,E8.25,E8.5-R2,36,15935,38216,E8.25,8.5,23.317167282104492
early,qiu2022,devmap,E8.25,E8.5-R2,37,15935,38216,E8.25,8.5,23.73309898376465
early,qiu2022,devmap,E8.25,E8.5-R2,38,15935,38216,E8.25,8.5,23.6347713470459
early,qiu2022,devmap,E8.25,E8.5-R2,39,15935,38216,E8.25,8.5,24.219966888427734
early,qiu2022,devmap,E8.25,E8.5-R2,40,15935,38216,E8.25,8.5,24.09170150756836
early,qiu2022,devmap,E8.25,E8.5-R2,41,15935,38216,E8.25,8.5,24.6519832611084
early,qiu2022,devmap,E8.25,E8.5-R2,42,15935,38216,E8.25,8.5,23.490169525146484
early,qiu2022,devmap,E8.25,E8.5-R2,43,15935,38216,E8.25,8.5,24.142597198486328
early,qiu2022,devmap,E8.25,E8.5-R2,44,15935,38216,E8.25,8.5,23.895687103271484
early,qiu2022,devmap,E8.25,E8.5-R2,45,15935,38216,E8.25,8.5,24.6986083984375
early,qiu2022,devmap,E8.25,E8.5-R2,46,15935,38216,E8.25,8.5,24.196138381958008
early,qiu2022,devmap,E8.25,E8.5-R2,47,15935,38216,E8.25,8.5,24.084335327148438
early,qiu2022,devmap,E8.25,E8.5-R2,48,15935,38216,E8.25,8.5,24.150951385498047
early,qiu2022,devmap,E8.25,E8.5-R2,49,15935,38216,E8.25,8.5,23.77128791809082
early,qiu2022,devmap,E8.25,E8.5-R3,0,15935,27743,E8.25,8.5,23.87375831604004
early,qiu2022,devmap,E8.25,E8.5-R3,1,15935,27743,E8.25,8.5,23.490421295166016
early,qiu2022,devmap,E8.25,E8.5-R3,2,15935,27743,E8.25,8.5,22.683502197265625
early,qiu2022,devmap,E8.25,E8.5-R3,3,15935,27743,E8.25,8.5,22.66055679321289
early,qiu2022,devmap,E8.25,E8.5-R3,4,15935,27743,E8.25,8.5,23.31295394897461
early,qiu2022,devmap,E8.25,E8.5-R3,5,15935,27743,E8.25,8.5,23.443138122558594
early,qiu2022,devmap,E8.25,E8.5-R3,6,15935,27743,E8.25,8.5,22.883216857910156
early,qiu2022,devmap,E8.25,E8.5-R3,7,15935,27743,E8.25,8.5,23.02581787109375
early,qiu2022,devmap,E8.25,E8.5-R3,8,15935,27743,E8.25,8.5,22.878646850585938
early,qiu2022,devmap,E8.25,E8.5-R3,9,15935,27743,E8.25,8.5,23.225173950195312
early,qiu2022,devmap,E8.25,E8.5-R3,10,15935,27743,E8.25,8.5,23.039257049560547
early,qiu2022,devmap,E8.25,E8.5-R3,11,15935,27743,E8.25,8.5,22.623937606811523
early,qiu2022,devmap,E8.25,E8.5-R3,12,15935,27743,E8.25,8.5,22.808338165283203
early,qiu2022,devmap,E8.25,E8.5-R3,13,15935,27743,E8.25,8.5,23.288776397705078
early,qiu2022,devmap,E8.25,E8.5-R3,14,15935,27743,E8.25,8.5,22.48418426513672
early,qiu2022,devmap,E8.25,E8.5-R3,15,15935,27743,E8.25,8.5,22.748027801513672
early,qiu2022,devmap,E8.25,E8.5-R3,16,15935,27743,E8.25,8.5,22.360477447509766
early,qiu2022,devmap,E8.25,E8.5-R3,17,15935,27743,E8.25,8.5,23.266054153442383
early,qiu2022,devmap,E8.25,E8.5-R3,18,15935,27743,E8.25,8.5,23.328039169311523
early,qiu2022,devmap,E8.25,E8.5-R3,19,15935,27743,E8.25,8.5,23.001432418823242
early,qiu2022,devmap,E8.25,E8.5-R3,20,15935,27743,E8.25,8.5,23.347776412963867
early,qiu2022,devmap,E8.25,E8.5-R3,21,15935,27743,E8.25,8.5,23.259689331054688
early,qiu2022,devmap,E8.25,E8.5-R3,22,15935,27743,E8.25,8.5,23.59881019592285
early,qiu2022,devmap,E8.25,E8.5-R3,23,15935,27743,E8.25,8.5,23.2713565826416
early,qiu2022,devmap,E8.25,E8.5-R3,24,15935,27743,E8.25,8.5,22.914134979248047
early,qiu2022,devmap,E8.25,E8.5-R3,25,15935,27743,E8.25,8.5,22.579723358154297
early,qiu2022,devmap,E8.25,E8.5-R3,26,15935,27743,E8.25,8.5,23.672344207763672
early,qiu2022,devmap,E8.25,E8.5-R3,27,15935,27743,E8.25,8.5,23.884586334228516
early,qiu2022,devmap,E8.25,E8.5-R3,28,15935,27743,E8.25,8.5,22.678298950195312
early,qiu2022,devmap,E8.25,E8.5-R3,29,15935,27743,E8.25,8.5,22.51374053955078
early,qiu2022,devmap,E8.25,E8.5-R3,30,15935,27743,E8.25,8.5,23.26864242553711
early,qiu2022,devmap,E8.25,E8.5-R3,31,15935,27743,E8.25,8.5,23.216524124145508
early,qiu2022,devmap,E8.25,E8.5-R3,32,15935,27743,E8.25,8.5,22.741252899169922
early,qiu2022,devmap,E8.25,E8.5-R3,33,15935,27743,E8.25,8.5,22.716476440429688
early,qiu2022,devmap,E8.25,E8.5-R3,34,15935,27743,E8.25,8.5,23.381961822509766
early,qiu2022,devmap,E8.25,E8.5-R3,35,15935,27743,E8.25,8.5,22.996261596679688
early,qiu2022,devmap,E8.25,E8.5-R3,36,15935,27743,E8.25,8.5,22.2302303314209
early,qiu2022,devmap,E8.25,E8.5-R3,37,15935,27743,E8.25,8.5,23.316604614257812
early,qiu2022,devmap,E8.25,E8.5-R3,38,15935,27743,E8.25,8.5,23.613399505615234
early,qiu2022,devmap,E8.25,E8.5-R3,39,15935,27743,E8.25,8.5,22.89186668395996
early,qiu2022,devmap,E8.25,E8.5-R3,40,15935,27743,E8.25,8.5,23.128379821777344
early,qiu2022,devmap,E8.25,E8.5-R3,41,15935,27743,E8.25,8.5,23.067306518554688
early,qiu2022,devmap,E8.25,E8.5-R3,42,15935,27743,E8.25,8.5,23.02749252319336
early,qiu2022,devmap,E8.25,E8.5-R3,43,15935,27743,E8.25,8.5,23.084590911865234
early,qiu2022,devmap,E8.25,E8.5-R3,44,15935,27743,E8.25,8.5,22.73996353149414
early,qiu2022,devmap,E8.25,E8.5-R3,45,15935,27743,E8.25,8.5,23.069114685058594
early,qiu2022,devmap,E8.25,E8.5-R3,46,15935,27743,E8.25,8.5,23.248714447021484
early,qiu2022,devmap,E8.25,E8.5-R3,47,15935,27743,E8.25,8.5,22.823869705200195
early,qiu2022,devmap,E8.25,E8.5-R3,48,15935,27743,E8.25,8.5,23.756107330322266
early,qiu2022,devmap,E8.25,E8.5-R3,49,15935,27743,E8.25,8.5,23.516714096069336
early,qiu2022,devmap,E8.5a,E7.5-R1,0,16909,1342,E8.5a,7.5,36.179176330566406
early,qiu2022,devmap,E8.5a,E7.5-R1,1,16909,1342,E8.5a,7.5,36.026641845703125
early,qiu2022,devmap,E8.5a,E7.5-R1,2,16909,1342,E8.5a,7.5,34.714454650878906
early,qiu2022,devmap,E8.5a,E7.5-R1,3,16909,1342,E8.5a,7.5,36.70170593261719
early,qiu2022,devmap,E8.5a,E7.5-R1,4,16909,1342,E8.5a,7.5,34.45655059814453
early,qiu2022,devmap,E8.5a,E7.5-R1,5,16909,1342,E8.5a,7.5,35.79372787475586
early,qiu2022,devmap,E8.5a,E7.5-R1,6,16909,1342,E8.5a,7.5,34.59164047241211
early,qiu2022,devmap,E8.5a,E7.5-R1,7,16909,1342,E8.5a,7.5,36.95186233520508
early,qiu2022,devmap,E8.5a,E7.5-R1,8,16909,1342,E8.5a,7.5,35.531036376953125
early,qiu2022,devmap,E8.5a,E7.5-R1,9,16909,1342,E8.5a,7.5,35.84877395629883
early,qiu2022,devmap,E8.5a,E7.5-R1,10,16909,1342,E8.5a,7.5,37.153865814208984
early,qiu2022,devmap,E8.5a,E7.5-R1,11,16909,1342,E8.5a,7.5,35.61658477783203
early,qiu2022,devmap,E8.5a,E7.5-R1,12,16909,1342,E8.5a,7.5,34.25543212890625
early,qiu2022,devmap,E8.5a,E7.5-R1,13,16909,1342,E8.5a,7.5,35.764671325683594
early,qiu2022,devmap,E8.5a,E7.5-R1,14,16909,1342,E8.5a,7.5,34.60223388671875
early,qiu2022,devmap,E8.5a,E7.5-R1,15,16909,1342,E8.5a,7.5,36.673912048339844
early,qiu2022,devmap,E8.5a,E7.5-R1,16,16909,1342,E8.5a,7.5,35.72565841674805
early,qiu2022,devmap,E8.5a,E7.5-R1,17,16909,1342,E8.5a,7.5,38.208641052246094
early,qiu2022,devmap,E8.5a,E7.5-R1,18,16909,1342,E8.5a,7.5,34.08695983886719
early,qiu2022,devmap,E8.5a,E7.5-R1,19,16909,1342,E8.5a,7.5,36.06245040893555
early,qiu2022,devmap,E8.5a,E7.5-R1,20,16909,1342,E8.5a,7.5,37.44200897216797
early,qiu2022,devmap,E8.5a,E7.5-R1,21,16909,1342,E8.5a,7.5,36.094600677490234
early,qiu2022,devmap,E8.5a,E7.5-R1,22,16909,1342,E8.5a,7.5,34.62586212158203
early,qiu2022,devmap,E8.5a,E7.5-R1,23,16909,1342,E8.5a,7.5,35.62220764160156
early,qiu2022,devmap,E8.5a,E7.5-R1,24,16909,1342,E8.5a,7.5,34.74633026123047
early,qiu2022,devmap,E8.5a,E7.5-R1,25,16909,1342,E8.5a,7.5,36.53923034667969
early,qiu2022,devmap,E8.5a,E7.5-R1,26,16909,1342,E8.5a,7.5,33.9631233215332
early,qiu2022,devmap,E8.5a,E7.5-R1,27,16909,1342,E8.5a,7.5,34.736202239990234
early,qiu2022,devmap,E8.5a,E7.5-R1,28,16909,1342,E8.5a,7.5,34.26109313964844
early,qiu2022,devmap,E8.5a,E7.5-R1,29,16909,1342,E8.5a,7.5,35.286319732666016
early,qiu2022,devmap,E8.5a,E7.5-R1,30,16909,1342,E8.5a,7.5,33.940773010253906
early,qiu2022,devmap,E8.5a,E7.5-R1,31,16909,1342,E8.5a,7.5,34.43030548095703
early,qiu2022,devmap,E8.5a,E7.5-R1,32,16909,1342,E8.5a,7.5,36.01964569091797
early,qiu2022,devmap,E8.5a,E7.5-R1,33,16909,1342,E8.5a,7.5,35.525978088378906
early,qiu2022,devmap,E8.5a,E7.5-R1,34,16909,1342,E8.5a,7.5,36.57807540893555
early,qiu2022,devmap,E8.5a,E7.5-R1,35,16909,1342,E8.5a,7.5,36.05408477783203
early,qiu2022,devmap,E8.5a,E7.5-R1,36,16909,1342,E8.5a,7.5,34.57593536376953
early,qiu2022,devmap,E8.5a,E7.5-R1,37,16909,1342,E8.5a,7.5,33.811370849609375
early,qiu2022,devmap,E8.5a,E7.5-R1,38,16909,1342,E8.5a,7.5,35.05537414550781
early,qiu2022,devmap,E8.5a,E7.5-R1,39,16909,1342,E8.5a,7.5,34.856876373291016
early,qiu2022,devmap,E8.5a,E7.5-R1,40,16909,1342,E8.5a,7.5,35.127933502197266
early,qiu2022,devmap,E8.5a,E7.5-R1,41,16909,1342,E8.5a,7.5,36.70392608642578
early,qiu2022,devmap,E8.5a,E7.5-R1,42,16909,1342,E8.5a,7.5,36.64678192138672
early,qiu2022,devmap,E8.5a,E7.5-R1,43,16909,1342,E8.5a,7.5,35.590972900390625
early,qiu2022,devmap,E8.5a,E7.5-R1,44,16909,1342,E8.5a,7.5,36.48310852050781
early,qiu2022,devmap,E8.5a,E7.5-R1,45,16909,1342,E8.5a,7.5,37.26929473876953
early,qiu2022,devmap,E8.5a,E7.5-R1,46,16909,1342,E8.5a,7.5,36.553558349609375
early,qiu2022,devmap,E8.5a,E7.5-R1,47,16909,1342,E8.5a,7.5,35.91582489013672
early,qiu2022,devmap,E8.5a,E7.5-R1,48,16909,1342,E8.5a,7.5,34.36090850830078
early,qiu2022,devmap,E8.5a,E7.5-R1,49,16909,1342,E8.5a,7.5,36.278778076171875
early,qiu2022,devmap,E8.5a,E7.5-R2,0,16909,1838,E8.5a,7.5,32.897743225097656
early,qiu2022,devmap,E8.5a,E7.5-R2,1,16909,1838,E8.5a,7.5,34.65418243408203
early,qiu2022,devmap,E8.5a,E7.5-R2,2,16909,1838,E8.5a,7.5,33.522315979003906
early,qiu2022,devmap,E8.5a,E7.5-R2,3,16909,1838,E8.5a,7.5,33.260013580322266
early,qiu2022,devmap,E8.5a,E7.5-R2,4,16909,1838,E8.5a,7.5,32.23503494262695
early,qiu2022,devmap,E8.5a,E7.5-R2,5,16909,1838,E8.5a,7.5,34.03203582763672
early,qiu2022,devmap,E8.5a,E7.5-R2,6,16909,1838,E8.5a,7.5,33.90550231933594
early,qiu2022,devmap,E8.5a,E7.5-R2,7,16909,1838,E8.5a,7.5,34.780494689941406
early,qiu2022,devmap,E8.5a,E7.5-R2,8,16909,1838,E8.5a,7.5,32.77305221557617
early,qiu2022,devmap,E8.5a,E7.5-R2,9,16909,1838,E8.5a,7.5,33.321983337402344
early,qiu2022,devmap,E8.5a,E7.5-R2,10,16909,1838,E8.5a,7.5,34.29447555541992
early,qiu2022,devmap,E8.5a,E7.5-R2,11,16909,1838,E8.5a,7.5,33.722469329833984
early,qiu2022,devmap,E8.5a,E7.5-R2,12,16909,1838,E8.5a,7.5,32.95723342895508
early,qiu2022,devmap,E8.5a,E7.5-R2,13,16909,1838,E8.5a,7.5,33.6619987487793
early,qiu2022,devmap,E8.5a,E7.5-R2,14,16909,1838,E8.5a,7.5,34.012630462646484
early,qiu2022,devmap,E8.5a,E7.5-R2,15,16909,1838,E8.5a,7.5,31.972259521484375
early,qiu2022,devmap,E8.5a,E7.5-R2,16,16909,1838,E8.5a,7.5,33.87580490112305
early,qiu2022,devmap,E8.5a,E7.5-R2,17,16909,1838,E8.5a,7.5,33.5674934387207
early,qiu2022,devmap,E8.5a,E7.5-R2,18,16909,1838,E8.5a,7.5,32.56946563720703
early,qiu2022,devmap,E8.5a,E7.5-R2,19,16909,1838,E8.5a,7.5,31.546470642089844
early,qiu2022,devmap,E8.5a,E7.5-R2,20,16909,1838,E8.5a,7.5,33.39448928833008
early,qiu2022,devmap,E8.5a,E7.5-R2,21,16909,1838,E8.5a,7.5,33.62152862548828
early,qiu2022,devmap,E8.5a,E7.5-R2,22,16909,1838,E8.5a,7.5,32.46794509887695
early,qiu2022,devmap,E8.5a,E7.5-R2,23,16909,1838,E8.5a,7.5,34.766807556152344
early,qiu2022,devmap,E8.5a,E7.5-R2,24,16909,1838,E8.5a,7.5,34.09721374511719
early,qiu2022,devmap,E8.5a,E7.5-R2,25,16909,1838,E8.5a,7.5,33.79326629638672
early,qiu2022,devmap,E8.5a,E7.5-R2,26,16909,1838,E8.5a,7.5,33.99341583251953
early,qiu2022,devmap,E8.5a,E7.5-R2,27,16909,1838,E8.5a,7.5,36.052093505859375
early,qiu2022,devmap,E8.5a,E7.5-R2,28,16909,1838,E8.5a,7.5,33.9197998046875
early,qiu2022,devmap,E8.5a,E7.5-R2,29,16909,1838,E8.5a,7.5,33.2452278137207
early,qiu2022,devmap,E8.5a,E7.5-R2,30,16909,1838,E8.5a,7.5,33.95231628417969
early,qiu2022,devmap,E8.5a,E7.5-R2,31,16909,1838,E8.5a,7.5,33.652801513671875
early,qiu2022,devmap,E8.5a,E7.5-R2,32,16909,1838,E8.5a,7.5,33.319969177246094
early,qiu2022,devmap,E8.5a,E7.5-R2,33,16909,1838,E8.5a,7.5,33.61692428588867
early,qiu2022,devmap,E8.5a,E7.5-R2,34,16909,1838,E8.5a,7.5,35.933441162109375
early,qiu2022,devmap,E8.5a,E7.5-R2,35,16909,1838,E8.5a,7.5,33.67130661010742
early,qiu2022,devmap,E8.5a,E7.5-R2,36,16909,1838,E8.5a,7.5,35.23291015625
early,qiu2022,devmap,E8.5a,E7.5-R2,37,16909,1838,E8.5a,7.5,34.48207092285156
early,qiu2022,devmap,E8.5a,E7.5-R2,38,16909,1838,E8.5a,7.5,33.724327087402344
early,qiu2022,devmap,E8.5a,E7.5-R2,39,16909,1838,E8.5a,7.5,33.078285217285156
early,qiu2022,devmap,E8.5a,E7.5-R2,40,16909,1838,E8.5a,7.5,35.139347076416016
early,qiu2022,devmap,E8.5a,E7.5-R2,41,16909,1838,E8.5a,7.5,33.090126037597656
early,qiu2022,devmap,E8.5a,E7.5-R2,42,16909,1838,E8.5a,7.5,32.735435485839844
early,qiu2022,devmap,E8.5a,E7.5-R2,43,16909,1838,E8.5a,7.5,34.75990295410156
early,qiu2022,devmap,E8.5a,E7.5-R2,44,16909,1838,E8.5a,7.5,33.76874542236328
early,qiu2022,devmap,E8.5a,E7.5-R2,45,16909,1838,E8.5a,7.5,33.84022521972656
early,qiu2022,devmap,E8.5a,E7.5-R2,46,16909,1838,E8.5a,7.5,33.76216506958008
early,qiu2022,devmap,E8.5a,E7.5-R2,47,16909,1838,E8.5a,7.5,33.40266418457031
early,qiu2022,devmap,E8.5a,E7.5-R2,48,16909,1838,E8.5a,7.5,32.46106719970703
early,qiu2022,devmap,E8.5a,E7.5-R2,49,16909,1838,E8.5a,7.5,33.512210845947266
early,qiu2022,devmap,E8.5a,E7.5-R3,0,16909,1468,E8.5a,7.5,34.00502014160156
early,qiu2022,devmap,E8.5a,E7.5-R3,1,16909,1468,E8.5a,7.5,34.84200668334961
early,qiu2022,devmap,E8.5a,E7.5-R3,2,16909,1468,E8.5a,7.5,34.076698303222656
early,qiu2022,devmap,E8.5a,E7.5-R3,3,16909,1468,E8.5a,7.5,35.20447540283203
early,qiu2022,devmap,E8.5a,E7.5-R3,4,16909,1468,E8.5a,7.5,34.04608154296875
early,qiu2022,devmap,E8.5a,E7.5-R3,5,16909,1468,E8.5a,7.5,35.46664047241211
early,qiu2022,devmap,E8.5a,E7.5-R3,6,16909,1468,E8.5a,7.5,35.15644836425781
early,qiu2022,devmap,E8.5a,E7.5-R3,7,16909,1468,E8.5a,7.5,33.493717193603516
early,qiu2022,devmap,E8.5a,E7.5-R3,8,16909,1468,E8.5a,7.5,34.01091003417969
early,qiu2022,devmap,E8.5a,E7.5-R3,9,16909,1468,E8.5a,7.5,34.0679817199707
early,qiu2022,devmap,E8.5a,E7.5-R3,10,16909,1468,E8.5a,7.5,33.90510177612305
early,qiu2022,devmap,E8.5a,E7.5-R3,11,16909,1468,E8.5a,7.5,34.613773345947266
early,qiu2022,devmap,E8.5a,E7.5-R3,12,16909,1468,E8.5a,7.5,33.721641540527344
early,qiu2022,devmap,E8.5a,E7.5-R3,13,16909,1468,E8.5a,7.5,34.74230194091797
early,qiu2022,devmap,E8.5a,E7.5-R3,14,16909,1468,E8.5a,7.5,33.12993621826172
early,qiu2022,devmap,E8.5a,E7.5-R3,15,16909,1468,E8.5a,7.5,36.039276123046875
early,qiu2022,devmap,E8.5a,E7.5-R3,16,16909,1468,E8.5a,7.5,35.43095397949219
early,qiu2022,devmap,E8.5a,E7.5-R3,17,16909,1468,E8.5a,7.5,33.968650817871094
early,qiu2022,devmap,E8.5a,E7.5-R3,18,16909,1468,E8.5a,7.5,34.08332824707031
early,qiu2022,devmap,E8.5a,E7.5-R3,19,16909,1468,E8.5a,7.5,33.81158447265625
early,qiu2022,devmap,E8.5a,E7.5-R3,20,16909,1468,E8.5a,7.5,34.65159225463867
early,qiu2022,devmap,E8.5a,E7.5-R3,21,16909,1468,E8.5a,7.5,33.701385498046875
early,qiu2022,devmap,E8.5a,E7.5-R3,22,16909,1468,E8.5a,7.5,37.13972473144531
early,qiu2022,devmap,E8.5a,E7.5-R3,23,16909,1468,E8.5a,7.5,35.28911590576172
early,qiu2022,devmap,E8.5a,E7.5-R3,24,16909,1468,E8.5a,7.5,34.38923263549805
early,qiu2022,devmap,E8.5a,E7.5-R3,25,16909,1468,E8.5a,7.5,34.545021057128906
early,qiu2022,devmap,E8.5a,E7.5-R3,26,16909,1468,E8.5a,7.5,33.91447830200195
early,qiu2022,devmap,E8.5a,E7.5-R3,27,16909,1468,E8.5a,7.5,35.20626449584961
early,qiu2022,devmap,E8.5a,E7.5-R3,28,16909,1468,E8.5a,7.5,33.721412658691406
early,qiu2022,devmap,E8.5a,E7.5-R3,29,16909,1468,E8.5a,7.5,34.75109100341797
early,qiu2022,devmap,E8.5a,E7.5-R3,30,16909,1468,E8.5a,7.5,35.71904373168945
early,qiu2022,devmap,E8.5a,E7.5-R3,31,16909,1468,E8.5a,7.5,34.64098358154297
early,qiu2022,devmap,E8.5a,E7.5-R3,32,16909,1468,E8.5a,7.5,35.28589630126953
early,qiu2022,devmap,E8.5a,E7.5-R3,33,16909,1468,E8.5a,7.5,35.511863708496094
early,qiu2022,devmap,E8.5a,E7.5-R3,34,16909,1468,E8.5a,7.5,34.73283004760742
early,qiu2022,devmap,E8.5a,E7.5-R3,35,16909,1468,E8.5a,7.5,35.092708587646484
early,qiu2022,devmap,E8.5a,E7.5-R3,36,16909,1468,E8.5a,7.5,36.66745376586914
early,qiu2022,devmap,E8.5a,E7.5-R3,37,16909,1468,E8.5a,7.5,34.58460998535156
early,qiu2022,devmap,E8.5a,E7.5-R3,38,16909,1468,E8.5a,7.5,33.67655563354492
early,qiu2022,devmap,E8.5a,E7.5-R3,39,16909,1468,E8.5a,7.5,34.15064239501953
early,qiu2022,devmap,E8.5a,E7.5-R3,40,16909,1468,E8.5a,7.5,34.553802490234375
early,qiu2022,devmap,E8.5a,E7.5-R3,41,16909,1468,E8.5a,7.5,34.263336181640625
early,qiu2022,devmap,E8.5a,E7.5-R3,42,16909,1468,E8.5a,7.5,36.42909240722656
early,qiu2022,devmap,E8.5a,E7.5-R3,43,16909,1468,E8.5a,7.5,34.96701431274414
early,qiu2022,devmap,E8.5a,E7.5-R3,44,16909,1468,E8.5a,7.5,34.50806427001953
early,qiu2022,devmap,E8.5a,E7.5-R3,45,16909,1468,E8.5a,7.5,33.6111946105957
early,qiu2022,devmap,E8.5a,E7.5-R3,46,16909,1468,E8.5a,7.5,34.301422119140625
early,qiu2022,devmap,E8.5a,E7.5-R3,47,16909,1468,E8.5a,7.5,33.614723205566406
early,qiu2022,devmap,E8.5a,E7.5-R3,48,16909,1468,E8.5a,7.5,35.51625061035156
early,qiu2022,devmap,E8.5a,E7.5-R3,49,16909,1468,E8.5a,7.5,36.0920295715332
early,qiu2022,devmap,E8.5a,E8.0-R1,0,16909,4498,E8.5a,8.0,28.987337112426758
early,qiu2022,devmap,E8.5a,E8.0-R1,1,16909,4498,E8.5a,8.0,28.830041885375977
early,qiu2022,devmap,E8.5a,E8.0-R1,2,16909,4498,E8.5a,8.0,28.44230842590332
early,qiu2022,devmap,E8.5a,E8.0-R1,3,16909,4498,E8.5a,8.0,28.708389282226562
early,qiu2022,devmap,E8.5a,E8.0-R1,4,16909,4498,E8.5a,8.0,28.049461364746094
early,qiu2022,devmap,E8.5a,E8.0-R1,5,16909,4498,E8.5a,8.0,29.345338821411133
early,qiu2022,devmap,E8.5a,E8.0-R1,6,16909,4498,E8.5a,8.0,28.913108825683594
early,qiu2022,devmap,E8.5a,E8.0-R1,7,16909,4498,E8.5a,8.0,29.278156280517578
early,qiu2022,devmap,E8.5a,E8.0-R1,8,16909,4498,E8.5a,8.0,28.54313850402832
early,qiu2022,devmap,E8.5a,E8.0-R1,9,16909,4498,E8.5a,8.0,28.393970489501953
early,qiu2022,devmap,E8.5a,E8.0-R1,10,16909,4498,E8.5a,8.0,29.618927001953125
early,qiu2022,devmap,E8.5a,E8.0-R1,11,16909,4498,E8.5a,8.0,28.765853881835938
early,qiu2022,devmap,E8.5a,E8.0-R1,12,16909,4498,E8.5a,8.0,28.22525405883789
early,qiu2022,devmap,E8.5a,E8.0-R1,13,16909,4498,E8.5a,8.0,28.317523956298828
early,qiu2022,devmap,E8.5a,E8.0-R1,14,16909,4498,E8.5a,8.0,29.063264846801758
early,qiu2022,devmap,E8.5a,E8.0-R1,15,16909,4498,E8.5a,8.0,29.336084365844727
early,qiu2022,devmap,E8.5a,E8.0-R1,16,16909,4498,E8.5a,8.0,28.708599090576172
early,qiu2022,devmap,E8.5a,E8.0-R1,17,16909,4498,E8.5a,8.0,27.94049072265625
early,qiu2022,devmap,E8.5a,E8.0-R1,18,16909,4498,E8.5a,8.0,28.32454490661621
early,qiu2022,devmap,E8.5a,E8.0-R1,19,16909,4498,E8.5a,8.0,28.647663116455078
early,qiu2022,devmap,E8.5a,E8.0-R1,20,16909,4498,E8.5a,8.0,28.98095703125
early,qiu2022,devmap,E8.5a,E8.0-R1,21,16909,4498,E8.5a,8.0,28.339645385742188
early,qiu2022,devmap,E8.5a,E8.0-R1,22,16909,4498,E8.5a,8.0,28.516738891601562
early,qiu2022,devmap,E8.5a,E8.0-R1,23,16909,4498,E8.5a,8.0,28.371002197265625
early,qiu2022,devmap,E8.5a,E8.0-R1,24,16909,4498,E8.5a,8.0,29.733665466308594
early,qiu2022,devmap,E8.5a,E8.0-R1,25,16909,4498,E8.5a,8.0,28.877429962158203
early,qiu2022,devmap,E8.5a,E8.0-R1,26,16909,4498,E8.5a,8.0,28.54974365234375
early,qiu2022,devmap,E8.5a,E8.0-R1,27,16909,4498,E8.5a,8.0,28.475093841552734
early,qiu2022,devmap,E8.5a,E8.0-R1,28,16909,4498,E8.5a,8.0,28.92323875427246
early,qiu2022,devmap,E8.5a,E8.0-R1,29,16909,4498,E8.5a,8.0,28.279399871826172
early,qiu2022,devmap,E8.5a,E8.0-R1,30,16909,4498,E8.5a,8.0,28.515655517578125
early,qiu2022,devmap,E8.5a,E8.0-R1,31,16909,4498,E8.5a,8.0,28.387744903564453
early,qiu2022,devmap,E8.5a,E8.0-R1,32,16909,4498,E8.5a,8.0,28.436080932617188
early,qiu2022,devmap,E8.5a,E8.0-R1,33,16909,4498,E8.5a,8.0,29.532028198242188
early,qiu2022,devmap,E8.5a,E8.0-R1,34,16909,4498,E8.5a,8.0,28.782825469970703
early,qiu2022,devmap,E8.5a,E8.0-R1,35,16909,4498,E8.5a,8.0,28.66210174560547
early,qiu2022,devmap,E8.5a,E8.0-R1,36,16909,4498,E8.5a,8.0,29.10457992553711
early,qiu2022,devmap,E8.5a,E8.0-R1,37,16909,4498,E8.5a,8.0,28.653549194335938
early,qiu2022,devmap,E8.5a,E8.0-R1,38,16909,4498,E8.5a,8.0,29.10759925842285
early,qiu2022,devmap,E8.5a,E8.0-R1,39,16909,4498,E8.5a,8.0,28.561058044433594
early,qiu2022,devmap,E8.5a,E8.0-R1,40,16909,4498,E8.5a,8.0,28.328147888183594
early,qiu2022,devmap,E8.5a,E8.0-R1,41,16909,4498,E8.5a,8.0,28.736013412475586
early,qiu2022,devmap,E8.5a,E8.0-R1,42,16909,4498,E8.5a,8.0,28.54021453857422
early,qiu2022,devmap,E8.5a,E8.0-R1,43,16909,4498,E8.5a,8.0,29.092151641845703
early,qiu2022,devmap,E8.5a,E8.0-R1,44,16909,4498,E8.5a,8.0,28.918354034423828
early,qiu2022,devmap,E8.5a,E8.0-R1,45,16909,4498,E8.5a,8.0,28.60205078125
early,qiu2022,devmap,E8.5a,E8.0-R1,46,16909,4498,E8.5a,8.0,28.64306640625
early,qiu2022,devmap,E8.5a,E8.0-R1,47,16909,4498,E8.5a,8.0,28.850425720214844
early,qiu2022,devmap,E8.5a,E8.0-R1,48,16909,4498,E8.5a,8.0,29.792695999145508
early,qiu2022,devmap,E8.5a,E8.0-R1,49,16909,4498,E8.5a,8.0,29.065780639648438
early,qiu2022,devmap,E8.5a,E8.0-R2,0,16909,10681,E8.5a,8.0,24.183212280273438
early,qiu2022,devmap,E8.5a,E8.0-R2,1,16909,10681,E8.5a,8.0,24.295318603515625
early,qiu2022,devmap,E8.5a,E8.0-R2,2,16909,10681,E8.5a,8.0,24.83957290649414
early,qiu2022,devmap,E8.5a,E8.0-R2,3,16909,10681,E8.5a,8.0,24.215158462524414
early,qiu2022,devmap,E8.5a,E8.0-R2,4,16909,10681,E8.5a,8.0,24.857402801513672
early,qiu2022,devmap,E8.5a,E8.0-R2,5,16909,10681,E8.5a,8.0,24.13956642150879
early,qiu2022,devmap,E8.5a,E8.0-R2,6,16909,10681,E8.5a,8.0,24.469558715820312
early,qiu2022,devmap,E8.5a,E8.0-R2,7,16909,10681,E8.5a,8.0,24.397563934326172
early,qiu2022,devmap,E8.5a,E8.0-R2,8,16909,10681,E8.5a,8.0,24.29840087890625
early,qiu2022,devmap,E8.5a,E8.0-R2,9,16909,10681,E8.5a,8.0,24.775775909423828
early,qiu2022,devmap,E8.5a,E8.0-R2,10,16909,10681,E8.5a,8.0,25.038183212280273
early,qiu2022,devmap,E8.5a,E8.0-R2,11,16909,10681,E8.5a,8.0,25.010250091552734
early,qiu2022,devmap,E8.5a,E8.0-R2,12,16909,10681,E8.5a,8.0,24.550945281982422
early,qiu2022,devmap,E8.5a,E8.0-R2,13,16909,10681,E8.5a,8.0,24.07190704345703
early,qiu2022,devmap,E8.5a,E8.0-R2,14,16909,10681,E8.5a,8.0,25.18307113647461
early,qiu2022,devmap,E8.5a,E8.0-R2,15,16909,10681,E8.5a,8.0,24.485429763793945
early,qiu2022,devmap,E8.5a,E8.0-R2,16,16909,10681,E8.5a,8.0,25.13101577758789
early,qiu2022,devmap,E8.5a,E8.0-R2,17,16909,10681,E8.5a,8.0,24.0219783782959
early,qiu2022,devmap,E8.5a,E8.0-R2,18,16909,10681,E8.5a,8.0,24.721641540527344
early,qiu2022,devmap,E8.5a,E8.0-R2,19,16909,10681,E8.5a,8.0,24.750186920166016
early,qiu2022,devmap,E8.5a,E8.0-R2,20,16909,10681,E8.5a,8.0,24.355918884277344
early,qiu2022,devmap,E8.5a,E8.0-R2,21,16909,10681,E8.5a,8.0,25.088531494140625
early,qiu2022,devmap,E8.5a,E8.0-R2,22,16909,10681,E8.5a,8.0,24.8299503326416
early,qiu2022,devmap,E8.5a,E8.0-R2,23,16909,10681,E8.5a,8.0,24.95574188232422
early,qiu2022,devmap,E8.5a,E8.0-R2,24,16909,10681,E8.5a,8.0,24.126426696777344
early,qiu2022,devmap,E8.5a,E8.0-R2,25,16909,10681,E8.5a,8.0,24.356243133544922
early,qiu2022,devmap,E8.5a,E8.0-R2,26,16909,10681,E8.5a,8.0,24.573348999023438
early,qiu2022,devmap,E8.5a,E8.0-R2,27,16909,10681,E8.5a,8.0,25.386783599853516
early,qiu2022,devmap,E8.5a,E8.0-R2,28,16909,10681,E8.5a,8.0,24.533042907714844
early,qiu2022,devmap,E8.5a,E8.0-R2,29,16909,10681,E8.5a,8.0,24.763080596923828
early,qiu2022,devmap,E8.5a,E8.0-R2,30,16909,10681,E8.5a,8.0,25.194801330566406
early,qiu2022,devmap,E8.5a,E8.0-R2,31,16909,10681,E8.5a,8.0,24.24138069152832
early,qiu2022,devmap,E8.5a,E8.0-R2,32,16909,10681,E8.5a,8.0,24.959148406982422
early,qiu2022,devmap,E8.5a,E8.0-R2,33,16909,10681,E8.5a,8.0,24.448991775512695
early,qiu2022,devmap,E8.5a,E8.0-R2,34,16909,10681,E8.5a,8.0,24.05240249633789
early,qiu2022,devmap,E8.5a,E8.0-R2,35,16909,10681,E8.5a,8.0,24.397682189941406
early,qiu2022,devmap,E8.5a,E8.0-R2,36,16909,10681,E8.5a,8.0,25.200626373291016
early,qiu2022,devmap,E8.5a,E8.0-R2,37,16909,10681,E8.5a,8.0,23.77638053894043
early,qiu2022,devmap,E8.5a,E8.0-R2,38,16909,10681,E8.5a,8.0,24.048202514648438
early,qiu2022,devmap,E8.5a,E8.0-R2,39,16909,10681,E8.5a,8.0,24.881275177001953
early,qiu2022,devmap,E8.5a,E8.0-R2,40,16909,10681,E8.5a,8.0,24.738027572631836
early,qiu2022,devmap,E8.5a,E8.0-R2,41,16909,10681,E8.5a,8.0,23.913354873657227
early,qiu2022,devmap,E8.5a,E8.0-R2,42,16909,10681,E8.5a,8.0,24.658424377441406
early,qiu2022,devmap,E8.5a,E8.0-R2,43,16909,10681,E8.5a,8.0,24.56488800048828
early,qiu2022,devmap,E8.5a,E8.0-R2,44,16909,10681,E8.5a,8.0,25.065902709960938
early,qiu2022,devmap,E8.5a,E8.0-R2,45,16909,10681,E8.5a,8.0,24.346054077148438
early,qiu2022,devmap,E8.5a,E8.0-R2,46,16909,10681,E8.5a,8.0,24.823768615722656
early,qiu2022,devmap,E8.5a,E8.0-R2,47,16909,10681,E8.5a,8.0,25.040119171142578
early,qiu2022,devmap,E8.5a,E8.0-R2,48,16909,10681,E8.5a,8.0,23.836029052734375
early,qiu2022,devmap,E8.5a,E8.0-R2,49,16909,10681,E8.5a,8.0,25.05278205871582
early,qiu2022,devmap,E8.5a,E8.0-R3,0,16909,6763,E8.5a,8.0,26.584747314453125
early,qiu2022,devmap,E8.5a,E8.0-R3,1,16909,6763,E8.5a,8.0,27.243831634521484
early,qiu2022,devmap,E8.5a,E8.0-R3,2,16909,6763,E8.5a,8.0,26.825305938720703
early,qiu2022,devmap,E8.5a,E8.0-R3,3,16909,6763,E8.5a,8.0,26.453296661376953
early,qiu2022,devmap,E8.5a,E8.0-R3,4,16909,6763,E8.5a,8.0,26.388795852661133
early,qiu2022,devmap,E8.5a,E8.0-R3,5,16909,6763,E8.5a,8.0,26.646347045898438
early,qiu2022,devmap,E8.5a,E8.0-R3,6,16909,6763,E8.5a,8.0,27.104293823242188
early,qiu2022,devmap,E8.5a,E8.0-R3,7,16909,6763,E8.5a,8.0,26.816478729248047
early,qiu2022,devmap,E8.5a,E8.0-R3,8,16909,6763,E8.5a,8.0,26.883607864379883
early,qiu2022,devmap,E8.5a,E8.0-R3,9,16909,6763,E8.5a,8.0,26.768638610839844
early,qiu2022,devmap,E8.5a,E8.0-R3,10,16909,6763,E8.5a,8.0,27.403657913208008
early,qiu2022,devmap,E8.5a,E8.0-R3,11,16909,6763,E8.5a,8.0,26.50002670288086
early,qiu2022,devmap,E8.5a,E8.0-R3,12,16909,6763,E8.5a,8.0,26.857566833496094
early,qiu2022,devmap,E8.5a,E8.0-R3,13,16909,6763,E8.5a,8.0,26.785297393798828
early,qiu2022,devmap,E8.5a,E8.0-R3,14,16909,6763,E8.5a,8.0,26.153045654296875
early,qiu2022,devmap,E8.5a,E8.0-R3,15,16909,6763,E8.5a,8.0,27.1002197265625
early,qiu2022,devmap,E8.5a,E8.0-R3,16,16909,6763,E8.5a,8.0,26.39848518371582
early,qiu2022,devmap,E8.5a,E8.0-R3,17,16909,6763,E8.5a,8.0,26.601089477539062
early,qiu2022,devmap,E8.5a,E8.0-R3,18,16909,6763,E8.5a,8.0,25.817447662353516
early,qiu2022,devmap,E8.5a,E8.0-R3,19,16909,6763,E8.5a,8.0,26.625
early,qiu2022,devmap,E8.5a,E8.0-R3,20,16909,6763,E8.5a,8.0,27.20714569091797
early,qiu2022,devmap,E8.5a,E8.0-R3,21,16909,6763,E8.5a,8.0,26.615318298339844
early,qiu2022,devmap,E8.5a,E8.0-R3,22,16909,6763,E8.5a,8.0,26.752498626708984
early,qiu2022,devmap,E8.5a,E8.0-R3,23,16909,6763,E8.5a,8.0,26.522632598876953
early,qiu2022,devmap,E8.5a,E8.0-R3,24,16909,6763,E8.5a,8.0,26.552471160888672
early,qiu2022,devmap,E8.5a,E8.0-R3,25,16909,6763,E8.5a,8.0,26.641307830810547
early,qiu2022,devmap,E8.5a,E8.0-R3,26,16909,6763,E8.5a,8.0,27.46010971069336
early,qiu2022,devmap,E8.5a,E8.0-R3,27,16909,6763,E8.5a,8.0,26.671558380126953
early,qiu2022,devmap,E8.5a,E8.0-R3,28,16909,6763,E8.5a,8.0,26.671981811523438
early,qiu2022,devmap,E8.5a,E8.0-R3,29,16909,6763,E8.5a,8.0,26.18419075012207
early,qiu2022,devmap,E8.5a,E8.0-R3,30,16909,6763,E8.5a,8.0,26.00967788696289
early,qiu2022,devmap,E8.5a,E8.0-R3,31,16909,6763,E8.5a,8.0,26.764331817626953
early,qiu2022,devmap,E8.5a,E8.0-R3,32,16909,6763,E8.5a,8.0,27.7554931640625
early,qiu2022,devmap,E8.5a,E8.0-R3,33,16909,6763,E8.5a,8.0,26.73074722290039
early,qiu2022,devmap,E8.5a,E8.0-R3,34,16909,6763,E8.5a,8.0,26.775405883789062
early,qiu2022,devmap,E8.5a,E8.0-R3,35,16909,6763,E8.5a,8.0,26.697643280029297
early,qiu2022,devmap,E8.5a,E8.0-R3,36,16909,6763,E8.5a,8.0,26.658180236816406
early,qiu2022,devmap,E8.5a,E8.0-R3,37,16909,6763,E8.5a,8.0,27.037899017333984
early,qiu2022,devmap,E8.5a,E8.0-R3,38,16909,6763,E8.5a,8.0,26.79948616027832
early,qiu2022,devmap,E8.5a,E8.0-R3,39,16909,6763,E8.5a,8.0,25.996700286865234
early,qiu2022,devmap,E8.5a,E8.0-R3,40,16909,6763,E8.5a,8.0,26.11435317993164
early,qiu2022,devmap,E8.5a,E8.0-R3,41,16909,6763,E8.5a,8.0,26.692163467407227
early,qiu2022,devmap,E8.5a,E8.0-R3,42,16909,6763,E8.5a,8.0,26.891210556030273
early,qiu2022,devmap,E8.5a,E8.0-R3,43,16909,6763,E8.5a,8.0,26.139808654785156
early,qiu2022,devmap,E8.5a,E8.0-R3,44,16909,6763,E8.5a,8.0,27.26624298095703
early,qiu2022,devmap,E8.5a,E8.0-R3,45,16909,6763,E8.5a,8.0,25.872116088867188
early,qiu2022,devmap,E8.5a,E8.0-R3,46,16909,6763,E8.5a,8.0,27.29037857055664
early,qiu2022,devmap,E8.5a,E8.0-R3,47,16909,6763,E8.5a,8.0,25.718679428100586
early,qiu2022,devmap,E8.5a,E8.0-R3,48,16909,6763,E8.5a,8.0,26.620014190673828
early,qiu2022,devmap,E8.5a,E8.0-R3,49,16909,6763,E8.5a,8.0,27.057659149169922
early,qiu2022,devmap,E8.5a,E8.5-R1,0,16909,23435,E8.5a,8.5,22.195077896118164
early,qiu2022,devmap,E8.5a,E8.5-R1,1,16909,23435,E8.5a,8.5,22.413042068481445
early,qiu2022,devmap,E8.5a,E8.5-R1,2,16909,23435,E8.5a,8.5,23.195608139038086
early,qiu2022,devmap,E8.5a,E8.5-R1,3,16909,23435,E8.5a,8.5,23.233768463134766
early,qiu2022,devmap,E8.5a,E8.5-R1,4,16909,23435,E8.5a,8.5,22.351459503173828
early,qiu2022,devmap,E8.5a,E8.5-R1,5,16909,23435,E8.5a,8.5,22.514514923095703
early,qiu2022,devmap,E8.5a,E8.5-R1,6,16909,23435,E8.5a,8.5,22.708457946777344
early,qiu2022,devmap,E8.5a,E8.5-R1,7,16909,23435,E8.5a,8.5,22.950902938842773
early,qiu2022,devmap,E8.5a,E8.5-R1,8,16909,23435,E8.5a,8.5,21.863588333129883
early,qiu2022,devmap,E8.5a,E8.5-R1,9,16909,23435,E8.5a,8.5,23.099170684814453
early,qiu2022,devmap,E8.5a,E8.5-R1,10,16909,23435,E8.5a,8.5,23.484237670898438
early,qiu2022,devmap,E8.5a,E8.5-R1,11,16909,23435,E8.5a,8.5,23.177749633789062
early,qiu2022,devmap,E8.5a,E8.5-R1,12,16909,23435,E8.5a,8.5,23.672109603881836
early,qiu2022,devmap,E8.5a,E8.5-R1,13,16909,23435,E8.5a,8.5,22.75139617919922
early,qiu2022,devmap,E8.5a,E8.5-R1,14,16909,23435,E8.5a,8.5,23.456485748291016
early,qiu2022,devmap,E8.5a,E8.5-R1,15,16909,23435,E8.5a,8.5,23.013263702392578
early,qiu2022,devmap,E8.5a,E8.5-R1,16,16909,23435,E8.5a,8.5,23.440635681152344
early,qiu2022,devmap,E8.5a,E8.5-R1,17,16909,23435,E8.5a,8.5,23.640769958496094
early,qiu2022,devmap,E8.5a,E8.5-R1,18,16909,23435,E8.5a,8.5,21.91506576538086
early,qiu2022,devmap,E8.5a,E8.5-R1,19,16909,23435,E8.5a,8.5,23.17504119873047
early,qiu2022,devmap,E8.5a,E8.5-R1,20,16909,23435,E8.5a,8.5,22.559619903564453
early,qiu2022,devmap,E8.5a,E8.5-R1,21,16909,23435,E8.5a,8.5,22.618925094604492
early,qiu2022,devmap,E8.5a,E8.5-R1,22,16909,23435,E8.5a,8.5,22.829551696777344
early,qiu2022,devmap,E8.5a,E8.5-R1,23,16909,23435,E8.5a,8.5,22.07217788696289
early,qiu2022,devmap,E8.5a,E8.5-R1,24,16909,23435,E8.5a,8.5,23.33635711669922
early,qiu2022,devmap,E8.5a,E8.5-R1,25,16909,23435,E8.5a,8.5,23.076824188232422
early,qiu2022,devmap,E8.5a,E8.5-R1,26,16909,23435,E8.5a,8.5,22.26025390625
early,qiu2022,devmap,E8.5a,E8.5-R1,27,16909,23435,E8.5a,8.5,22.718982696533203
early,qiu2022,devmap,E8.5a,E8.5-R1,28,16909,23435,E8.5a,8.5,22.47964096069336
early,qiu2022,devmap,E8.5a,E8.5-R1,29,16909,23435,E8.5a,8.5,22.51704978942871
early,qiu2022,devmap,E8.5a,E8.5-R1,30,16909,23435,E8.5a,8.5,22.56479263305664
early,qiu2022,devmap,E8.5a,E8.5-R1,31,16909,23435,E8.5a,8.5,23.082504272460938
early,qiu2022,devmap,E8.5a,E8.5-R1,32,16909,23435,E8.5a,8.5,22.22890853881836
early,qiu2022,devmap,E8.5a,E8.5-R1,33,16909,23435,E8.5a,8.5,23.002483367919922
early,qiu2022,devmap,E8.5a,E8.5-R1,34,16909,23435,E8.5a,8.5,22.618484497070312
early,qiu2022,devmap,E8.5a,E8.5-R1,35,16909,23435,E8.5a,8.5,22.586027145385742
early,qiu2022,devmap,E8.5a,E8.5-R1,36,16909,23435,E8.5a,8.5,22.57082748413086
early,qiu2022,devmap,E8.5a,E8.5-R1,37,16909,23435,E8.5a,8.5,23.58981704711914
early,qiu2022,devmap,E8.5a,E8.5-R1,38,16909,23435,E8.5a,8.5,22.026676177978516
early,qiu2022,devmap,E8.5a,E8.5-R1,39,16909,23435,E8.5a,8.5,23.144895553588867
early,qiu2022,devmap,E8.5a,E8.5-R1,40,16909,23435,E8.5a,8.5,22.637531280517578
early,qiu2022,devmap,E8.5a,E8.5-R1,41,16909,23435,E8.5a,8.5,22.843812942504883
early,qiu2022,devmap,E8.5a,E8.5-R1,42,16909,23435,E8.5a,8.5,23.68761444091797
early,qiu2022,devmap,E8.5a,E8.5-R1,43,16909,23435,E8.5a,8.5,23.353260040283203
early,qiu2022,devmap,E8.5a,E8.5-R1,44,16909,23435,E8.5a,8.5,22.8387451171875
early,qiu2022,devmap,E8.5a,E8.5-R1,45,16909,23435,E8.5a,8.5,22.549354553222656
early,qiu2022,devmap,E8.5a,E8.5-R1,46,16909,23435,E8.5a,8.5,23.362489700317383
early,qiu2022,devmap,E8.5a,E8.5-R1,47,16909,23435,E8.5a,8.5,22.411100387573242
early,qiu2022,devmap,E8.5a,E8.5-R1,48,16909,23435,E8.5a,8.5,22.767902374267578
early,qiu2022,devmap,E8.5a,E8.5-R1,49,16909,23435,E8.5a,8.5,22.443872451782227
early,qiu2022,devmap,E8.5a,E8.5-R2,0,16909,38216,E8.5a,8.5,21.966489791870117
early,qiu2022,devmap,E8.5a,E8.5-R2,1,16909,38216,E8.5a,8.5,21.896963119506836
early,qiu2022,devmap,E8.5a,E8.5-R2,2,16909,38216,E8.5a,8.5,22.71027374267578
early,qiu2022,devmap,E8.5a,E8.5-R2,3,16909,38216,E8.5a,8.5,21.89926528930664
early,qiu2022,devmap,E8.5a,E8.5-R2,4,16909,38216,E8.5a,8.5,22.300024032592773
early,qiu2022,devmap,E8.5a,E8.5-R2,5,16909,38216,E8.5a,8.5,22.74738883972168
early,qiu2022,devmap,E8.5a,E8.5-R2,6,16909,38216,E8.5a,8.5,22.188838958740234
early,qiu2022,devmap,E8.5a,E8.5-R2,7,16909,38216,E8.5a,8.5,21.831716537475586
early,qiu2022,devmap,E8.5a,E8.5-R2,8,16909,38216,E8.5a,8.5,22.469945907592773
early,qiu2022,devmap,E8.5a,E8.5-R2,9,16909,38216,E8.5a,8.5,22.057525634765625
early,qiu2022,devmap,E8.5a,E8.5-R2,10,16909,38216,E8.5a,8.5,22.924240112304688
early,qiu2022,devmap,E8.5a,E8.5-R2,11,16909,38216,E8.5a,8.5,22.883041381835938
early,qiu2022,devmap,E8.5a,E8.5-R2,12,16909,38216,E8.5a,8.5,21.657188415527344
early,qiu2022,devmap,E8.5a,E8.5-R2,13,16909,38216,E8.5a,8.5,22.358417510986328
early,qiu2022,devmap,E8.5a,E8.5-R2,14,16909,38216,E8.5a,8.5,22.955745697021484
early,qiu2022,devmap,E8.5a,E8.5-R2,15,16909,38216,E8.5a,8.5,21.98139190673828
early,qiu2022,devmap,E8.5a,E8.5-R2,16,16909,38216,E8.5a,8.5,22.097780227661133
early,qiu2022,devmap,E8.5a,E8.5-R2,17,16909,38216,E8.5a,8.5,22.19670867919922
early,qiu2022,devmap,E8.5a,E8.5-R2,18,16909,38216,E8.5a,8.5,22.562759399414062
early,qiu2022,devmap,E8.5a,E8.5-R2,19,16909,38216,E8.5a,8.5,22.258434295654297
early,qiu2022,devmap,E8.5a,E8.5-R2,20,16909,38216,E8.5a,8.5,22.6646728515625
early,qiu2022,devmap,E8.5a,E8.5-R2,21,16909,38216,E8.5a,8.5,22.186405181884766
early,qiu2022,devmap,E8.5a,E8.5-R2,22,16909,38216,E8.5a,8.5,21.44260597229004
early,qiu2022,devmap,E8.5a,E8.5-R2,23,16909,38216,E8.5a,8.5,22.55311393737793
early,qiu2022,devmap,E8.5a,E8.5-R2,24,16909,38216,E8.5a,8.5,22.11290740966797
early,qiu2022,devmap,E8.5a,E8.5-R2,25,16909,38216,E8.5a,8.5,23.007068634033203
early,qiu2022,devmap,E8.5a,E8.5-R2,26,16909,38216,E8.5a,8.5,21.88455581665039
early,qiu2022,devmap,E8.5a,E8.5-R2,27,16909,38216,E8.5a,8.5,22.610965728759766
early,qiu2022,devmap,E8.5a,E8.5-R2,28,16909,38216,E8.5a,8.5,22.297744750976562
early,qiu2022,devmap,E8.5a,E8.5-R2,29,16909,38216,E8.5a,8.5,22.175153732299805
early,qiu2022,devmap,E8.5a,E8.5-R2,30,16909,38216,E8.5a,8.5,22.897396087646484
early,qiu2022,devmap,E8.5a,E8.5-R2,31,16909,38216,E8.5a,8.5,22.25275421142578
early,qiu2022,devmap,E8.5a,E8.5-R2,32,16909,38216,E8.5a,8.5,22.483055114746094
early,qiu2022,devmap,E8.5a,E8.5-R2,33,16909,38216,E8.5a,8.5,22.258182525634766
early,qiu2022,devmap,E8.5a,E8.5-R2,34,16909,38216,E8.5a,8.5,22.65372085571289
early,qiu2022,devmap,E8.5a,E8.5-R2,35,16909,38216,E8.5a,8.5,22.562294006347656
early,qiu2022,devmap,E8.5a,E8.5-R2,36,16909,38216,E8.5a,8.5,22.476959228515625
early,qiu2022,devmap,E8.5a,E8.5-R2,37,16909,38216,E8.5a,8.5,21.417503356933594
early,qiu2022,devmap,E8.5a,E8.5-R2,38,16909,38216,E8.5a,8.5,22.473840713500977
early,qiu2022,devmap,E8.5a,E8.5-R2,39,16909,38216,E8.5a,8.5,21.617687225341797
early,qiu2022,devmap,E8.5a,E8.5-R2,40,16909,38216,E8.5a,8.5,21.825586318969727
early,qiu2022,devmap,E8.5a,E8.5-R2,41,16909,38216,E8.5a,8.5,22.201576232910156
early,qiu2022,devmap,E8.5a,E8.5-R2,42,16909,38216,E8.5a,8.5,22.18819808959961
early,qiu2022,devmap,E8.5a,E8.5-R2,43,16909,38216,E8.5a,8.5,22.193296432495117
early,qiu2022,devmap,E8.5a,E8.5-R2,44,16909,38216,E8.5a,8.5,22.3115291595459
early,qiu2022,devmap,E8.5a,E8.5-R2,45,16909,38216,E8.5a,8.5,22.58930206298828
early,qiu2022,devmap,E8.5a,E8.5-R2,46,16909,38216,E8.5a,8.5,22.775375366210938
early,qiu2022,devmap,E8.5a,E8.5-R2,47,16909,38216,E8.5a,8.5,21.933818817138672
early,qiu2022,devmap,E8.5a,E8.5-R2,48,16909,38216,E8.5a,8.5,22.04076385498047
early,qiu2022,devmap,E8.5a,E8.5-R2,49,16909,38216,E8.5a,8.5,22.928756713867188
early,qiu2022,devmap,E8.5a,E8.5-R3,0,16909,27743,E8.5a,8.5,22.094215393066406
early,qiu2022,devmap,E8.5a,E8.5-R3,1,16909,27743,E8.5a,8.5,22.18309211730957
early,qiu2022,devmap,E8.5a,E8.5-R3,2,16909,27743,E8.5a,8.5,22.834957122802734
early,qiu2022,devmap,E8.5a,E8.5-R3,3,16909,27743,E8.5a,8.5,22.36467742919922
early,qiu2022,devmap,E8.5a,E8.5-R3,4,16909,27743,E8.5a,8.5,22.524749755859375
early,qiu2022,devmap,E8.5a,E8.5-R3,5,16909,27743,E8.5a,8.5,22.54303741455078
early,qiu2022,devmap,E8.5a,E8.5-R3,6,16909,27743,E8.5a,8.5,22.299564361572266
early,qiu2022,devmap,E8.5a,E8.5-R3,7,16909,27743,E8.5a,8.5,22.215755462646484
early,qiu2022,devmap,E8.5a,E8.5-R3,8,16909,27743,E8.5a,8.5,22.16708755493164
early,qiu2022,devmap,E8.5a,E8.5-R3,9,16909,27743,E8.5a,8.5,22.72980499267578
early,qiu2022,devmap,E8.5a,E8.5-R3,10,16909,27743,E8.5a,8.5,22.398300170898438
early,qiu2022,devmap,E8.5a,E8.5-R3,11,16909,27743,E8.5a,8.5,22.217382431030273
early,qiu2022,devmap,E8.5a,E8.5-R3,12,16909,27743,E8.5a,8.5,22.077800750732422
early,qiu2022,devmap,E8.5a,E8.5-R3,13,16909,27743,E8.5a,8.5,23.065284729003906
early,qiu2022,devmap,E8.5a,E8.5-R3,14,16909,27743,E8.5a,8.5,21.824420928955078
early,qiu2022,devmap,E8.5a,E8.5-R3,15,16909,27743,E8.5a,8.5,22.48113250732422
early,qiu2022,devmap,E8.5a,E8.5-R3,16,16909,27743,E8.5a,8.5,22.384464263916016
early,qiu2022,devmap,E8.5a,E8.5-R3,17,16909,27743,E8.5a,8.5,22.097864151000977
early,qiu2022,devmap,E8.5a,E8.5-R3,18,16909,27743,E8.5a,8.5,22.125146865844727
early,qiu2022,devmap,E8.5a,E8.5-R3,19,16909,27743,E8.5a,8.5,22.836423873901367
early,qiu2022,devmap,E8.5a,E8.5-R3,20,16909,27743,E8.5a,8.5,21.941679000854492
early,qiu2022,devmap,E8.5a,E8.5-R3,21,16909,27743,E8.5a,8.5,22.337520599365234
early,qiu2022,devmap,E8.5a,E8.5-R3,22,16909,27743,E8.5a,8.5,23.066062927246094
early,qiu2022,devmap,E8.5a,E8.5-R3,23,16909,27743,E8.5a,8.5,22.248252868652344
early,qiu2022,devmap,E8.5a,E8.5-R3,24,16909,27743,E8.5a,8.5,22.517318725585938
early,qiu2022,devmap,E8.5a,E8.5-R3,25,16909,27743,E8.5a,8.5,22.178211212158203
early,qiu2022,devmap,E8.5a,E8.5-R3,26,16909,27743,E8.5a,8.5,21.76986312866211
early,qiu2022,devmap,E8.5a,E8.5-R3,27,16909,27743,E8.5a,8.5,22.328113555908203
early,qiu2022,devmap,E8.5a,E8.5-R3,28,16909,27743,E8.5a,8.5,21.982868194580078
early,qiu2022,devmap,E8.5a,E8.5-R3,29,16909,27743,E8.5a,8.5,22.904220581054688
early,qiu2022,devmap,E8.5a,E8.5-R3,30,16909,27743,E8.5a,8.5,22.576913833618164
early,qiu2022,devmap,E8.5a,E8.5-R3,31,16909,27743,E8.5a,8.5,21.612464904785156
early,qiu2022,devmap,E8.5a,E8.5-R3,32,16909,27743,E8.5a,8.5,22.545196533203125
early,qiu2022,devmap,E8.5a,E8.5-R3,33,16909,27743,E8.5a,8.5,22.549562454223633
early,qiu2022,devmap,E8.5a,E8.5-R3,34,16909,27743,E8.5a,8.5,22.10678482055664
early,qiu2022,devmap,E8.5a,E8.5-R3,35,16909,27743,E8.5a,8.5,21.876352310180664
early,qiu2022,devmap,E8.5a,E8.5-R3,36,16909,27743,E8.5a,8.5,22.50900650024414
early,qiu2022,devmap,E8.5a,E8.5-R3,37,16909,27743,E8.5a,8.5,22.426464080810547
early,qiu2022,devmap,E8.5a,E8.5-R3,38,16909,27743,E8.5a,8.5,23.317764282226562
early,qiu2022,devmap,E8.5a,E8.5-R3,39,16909,27743,E8.5a,8.5,22.510269165039062
early,qiu2022,devmap,E8.5a,E8.5-R3,40,16909,27743,E8.5a,8.5,21.916452407836914
early,qiu2022,devmap,E8.5a,E8.5-R3,41,16909,27743,E8.5a,8.5,21.737396240234375
early,qiu2022,devmap,E8.5a,E8.5-R3,42,16909,27743,E8.5a,8.5,22.5195255279541
early,qiu2022,devmap,E8.5a,E8.5-R3,43,16909,27743,E8.5a,8.5,22.30973243713379
early,qiu2022,devmap,E8.5a,E8.5-R3,44,16909,27743,E8.5a,8.5,21.973766326904297
early,qiu2022,devmap,E8.5a,E8.5-R3,45,16909,27743,E8.5a,8.5,21.959781646728516
early,qiu2022,devmap,E8.5a,E8.5-R3,46,16909,27743,E8.5a,8.5,22.396629333496094
early,qiu2022,devmap,E8.5a,E8.5-R3,47,16909,27743,E8.5a,8.5,21.860788345336914
early,qiu2022,devmap,E8.5a,E8.5-R3,48,16909,27743,E8.5a,8.5,22.764881134033203
early,qiu2022,devmap,E8.5a,E8.5-R3,49,16909,27743,E8.5a,8.5,22.560169219970703
late,qiu2024,devmap,E10.0,E8.5-R1,0,489516,23435,E10.0,8.5,38.40509033203125
late,qiu2024,devmap,E10.0,E8.5-R1,1,489516,23435,E10.0,8.5,37.91943359375
late,qiu2024,devmap,E10.0,E8.5-R1,2,489516,23435,E10.0,8.5,38.11441421508789
late,qiu2024,devmap,E10.0,E8.5-R1,3,489516,23435,E10.0,8.5,36.96672439575195
late,qiu2024,devmap,E10.0,E8.5-R1,4,489516,23435,E10.0,8.5,37.565670013427734
late,qiu2024,devmap,E10.0,E8.5-R1,5,489516,23435,E10.0,8.5,37.50339126586914
late,qiu2024,devmap,E10.0,E8.5-R1,6,489516,23435,E10.0,8.5,37.74146270751953
late,qiu2024,devmap,E10.0,E8.5-R1,7,489516,23435,E10.0,8.5,38.59480667114258
late,qiu2024,devmap,E10.0,E8.5-R1,8,489516,23435,E10.0,8.5,37.14313507080078
late,qiu2024,devmap,E10.0,E8.5-R1,9,489516,23435,E10.0,8.5,38.170196533203125
late,qiu2024,devmap,E10.0,E8.5-R1,10,489516,23435,E10.0,8.5,38.02032470703125
late,qiu2024,devmap,E10.0,E8.5-R1,11,489516,23435,E10.0,8.5,37.529136657714844
late,qiu2024,devmap,E10.0,E8.5-R1,12,489516,23435,E10.0,8.5,37.96866989135742
late,qiu2024,devmap,E10.0,E8.5-R1,13,489516,23435,E10.0,8.5,38.42476272583008
late,qiu2024,devmap,E10.0,E8.5-R1,14,489516,23435,E10.0,8.5,37.40705871582031
late,qiu2024,devmap,E10.0,E8.5-R1,15,489516,23435,E10.0,8.5,37.390106201171875
late,qiu2024,devmap,E10.0,E8.5-R1,16,489516,23435,E10.0,8.5,36.85844421386719
late,qiu2024,devmap,E10.0,E8.5-R1,17,489516,23435,E10.0,8.5,37.75798034667969
late,qiu2024,devmap,E10.0,E8.5-R1,18,489516,23435,E10.0,8.5,36.555755615234375
late,qiu2024,devmap,E10.0,E8.5-R1,19,489516,23435,E10.0,8.5,38.04712677001953
late,qiu2024,devmap,E10.0,E8.5-R1,20,489516,23435,E10.0,8.5,37.930912017822266
late,qiu2024,devmap,E10.0,E8.5-R1,21,489516,23435,E10.0,8.5,38.01081848144531
late,qiu2024,devmap,E10.0,E8.5-R1,22,489516,23435,E10.0,8.5,38.38036346435547
late,qiu2024,devmap,E10.0,E8.5-R1,23,489516,23435,E10.0,8.5,37.48554229736328
late,qiu2024,devmap,E10.0,E8.5-R1,24,489516,23435,E10.0,8.5,37.80400848388672
late,qiu2024,devmap,E10.0,E8.5-R1,25,489516,23435,E10.0,8.5,37.50239562988281
late,qiu2024,devmap,E10.0,E8.5-R1,26,489516,23435,E10.0,8.5,37.300743103027344
late,qiu2024,devmap,E10.0,E8.5-R1,27,489516,23435,E10.0,8.5,38.11737060546875
late,qiu2024,devmap,E10.0,E8.5-R1,28,489516,23435,E10.0,8.5,38.34684753417969
late,qiu2024,devmap,E10.0,E8.5-R1,29,489516,23435,E10.0,8.5,38.29399108886719
late,qiu2024,devmap,E10.0,E8.5-R1,30,489516,23435,E10.0,8.5,38.61333465576172
late,qiu2024,devmap,E10.0,E8.5-R1,31,489516,23435,E10.0,8.5,38.23365783691406
late,qiu2024,devmap,E10.0,E8.5-R1,32,489516,23435,E10.0,8.5,37.61414337158203
late,qiu2024,devmap,E10.0,E8.5-R1,33,489516,23435,E10.0,8.5,37.254066467285156
late,qiu2024,devmap,E10.0,E8.5-R1,34,489516,23435,E10.0,8.5,38.230003356933594
late,qiu2024,devmap,E10.0,E8.5-R1,35,489516,23435,E10.0,8.5,38.89756774902344
late,qiu2024,devmap,E10.0,E8.5-R1,36,489516,23435,E10.0,8.5,37.50984191894531
late,qiu2024,devmap,E10.0,E8.5-R1,37,489516,23435,E10.0,8.5,37.51744079589844
late,qiu2024,devmap,E10.0,E8.5-R1,38,489516,23435,E10.0,8.5,37.525970458984375
late,qiu2024,devmap,E10.0,E8.5-R1,39,489516,23435,E10.0,8.5,38.246944427490234
late,qiu2024,devmap,E10.0,E8.5-R1,40,489516,23435,E10.0,8.5,37.26417541503906
late,qiu2024,devmap,E10.0,E8.5-R1,41,489516,23435,E10.0,8.5,37.96778106689453
late,qiu2024,devmap,E10.0,E8.5-R1,42,489516,23435,E10.0,8.5,38.9425048828125
late,qiu2024,devmap,E10.0,E8.5-R1,43,489516,23435,E10.0,8.5,38.39878845214844
late,qiu2024,devmap,E10.0,E8.5-R1,44,489516,23435,E10.0,8.5,37.3021125793457
late,qiu2024,devmap,E10.0,E8.5-R1,45,489516,23435,E10.0,8.5,37.710777282714844
late,qiu2024,devmap,E10.0,E8.5-R1,46,489516,23435,E10.0,8.5,37.90768814086914
late,qiu2024,devmap,E10.0,E8.5-R1,47,489516,23435,E10.0,8.5,38.41197967529297
late,qiu2024,devmap,E10.0,E8.5-R1,48,489516,23435,E10.0,8.5,37.58650588989258
late,qiu2024,devmap,E10.0,E8.5-R1,49,489516,23435,E10.0,8.5,37.77880096435547
late,qiu2024,devmap,E10.0,E8.5-R2,0,489516,38216,E10.0,8.5,36.15599822998047
late,qiu2024,devmap,E10.0,E8.5-R2,1,489516,38216,E10.0,8.5,35.14833450317383
late,qiu2024,devmap,E10.0,E8.5-R2,2,489516,38216,E10.0,8.5,36.52054214477539
late,qiu2024,devmap,E10.0,E8.5-R2,3,489516,38216,E10.0,8.5,35.359046936035156
late,qiu2024,devmap,E10.0,E8.5-R2,4,489516,38216,E10.0,8.5,36.55802917480469
late,qiu2024,devmap,E10.0,E8.5-R2,5,489516,38216,E10.0,8.5,36.212650299072266
late,qiu2024,devmap,E10.0,E8.5-R2,6,489516,38216,E10.0,8.5,36.547325134277344
late,qiu2024,devmap,E10.0,E8.5-R2,7,489516,38216,E10.0,8.5,36.5760498046875
late,qiu2024,devmap,E10.0,E8.5-R2,8,489516,38216,E10.0,8.5,36.214195251464844
late,qiu2024,devmap,E10.0,E8.5-R2,9,489516,38216,E10.0,8.5,36.96626281738281
late,qiu2024,devmap,E10.0,E8.5-R2,10,489516,38216,E10.0,8.5,35.97069549560547
late,qiu2024,devmap,E10.0,E8.5-R2,11,489516,38216,E10.0,8.5,35.39431381225586
late,qiu2024,devmap,E10.0,E8.5-R2,12,489516,38216,E10.0,8.5,37.19606018066406
late,qiu2024,devmap,E10.0,E8.5-R2,13,489516,38216,E10.0,8.5,35.98194885253906
late,qiu2024,devmap,E10.0,E8.5-R2,14,489516,38216,E10.0,8.5,36.312828063964844
late,qiu2024,devmap,E10.0,E8.5-R2,15,489516,38216,E10.0,8.5,35.73304748535156
late,qiu2024,devmap,E10.0,E8.5-R2,16,489516,38216,E10.0,8.5,36.24840545654297
late,qiu2024,devmap,E10.0,E8.5-R2,17,489516,38216,E10.0,8.5,35.628562927246094
late,qiu2024,devmap,E10.0,E8.5-R2,18,489516,38216,E10.0,8.5,36.43382263183594
late,qiu2024,devmap,E10.0,E8.5-R2,19,489516,38216,E10.0,8.5,36.29096603393555
late,qiu2024,devmap,E10.0,E8.5-R2,20,489516,38216,E10.0,8.5,36.475467681884766
late,qiu2024,devmap,E10.0,E8.5-R2,21,489516,38216,E10.0,8.5,36.30816650390625
late,qiu2024,devmap,E10.0,E8.5-R2,22,489516,38216,E10.0,8.5,35.56249237060547
late,qiu2024,devmap,E10.0,E8.5-R2,23,489516,38216,E10.0,8.5,36.35443878173828
late,qiu2024,devmap,E10.0,E8.5-R2,24,489516,38216,E10.0,8.5,35.852874755859375
late,qiu2024,devmap,E10.0,E8.5-R2,25,489516,38216,E10.0,8.5,36.36004638671875
late,qiu2024,devmap,E10.0,E8.5-R2,26,489516,38216,E10.0,8.5,36.25065612792969
late,qiu2024,devmap,E10.0,E8.5-R2,27,489516,38216,E10.0,8.5,36.153297424316406
late,qiu2024,devmap,E10.0,E8.5-R2,28,489516,38216,E10.0,8.5,35.39181137084961
late,qiu2024,devmap,E10.0,E8.5-R2,29,489516,38216,E10.0,8.5,36.879966735839844
late,qiu2024,devmap,E10.0,E8.5-R2,30,489516,38216,E10.0,8.5,35.79203796386719
late,qiu2024,devmap,E10.0,E8.5-R2,31,489516,38216,E10.0,8.5,36.106258392333984
late,qiu2024,devmap,E10.0,E8.5-R2,32,489516,38216,E10.0,8.5,36.65470886230469
late,qiu2024,devmap,E10.0,E8.5-R2,33,489516,38216,E10.0,8.5,35.80170822143555
late,qiu2024,devmap,E10.0,E8.5-R2,34,489516,38216,E10.0,8.5,36.00169372558594
late,qiu2024,devmap,E10.0,E8.5-R2,35,489516,38216,E10.0,8.5,36.16213607788086
late,qiu2024,devmap,E10.0,E8.5-R2,36,489516,38216,E10.0,8.5,36.18206787109375
late,qiu2024,devmap,E10.0,E8.5-R2,37,489516,38216,E10.0,8.5,35.751617431640625
late,qiu2024,devmap,E10.0,E8.5-R2,38,489516,38216,E10.0,8.5,36.26679611206055
late,qiu2024,devmap,E10.0,E8.5-R2,39,489516,38216,E10.0,8.5,36.42729949951172
late,qiu2024,devmap,E10.0,E8.5-R2,40,489516,38216,E10.0,8.5,34.87810134887695
late,qiu2024,devmap,E10.0,E8.5-R2,41,489516,38216,E10.0,8.5,36.25438690185547
late,qiu2024,devmap,E10.0,E8.5-R2,42,489516,38216,E10.0,8.5,36.95176315307617
late,qiu2024,devmap,E10.0,E8.5-R2,43,489516,38216,E10.0,8.5,36.09040069580078
late,qiu2024,devmap,E10.0,E8.5-R2,44,489516,38216,E10.0,8.5,36.405216217041016
late,qiu2024,devmap,E10.0,E8.5-R2,45,489516,38216,E10.0,8.5,36.86147689819336
late,qiu2024,devmap,E10.0,E8.5-R2,46,489516,38216,E10.0,8.5,35.7086296081543
late,qiu2024,devmap,E10.0,E8.5-R2,47,489516,38216,E10.0,8.5,36.11684036254883
late,qiu2024,devmap,E10.0,E8.5-R2,48,489516,38216,E10.0,8.5,37.07849884033203
late,qiu2024,devmap,E10.0,E8.5-R2,49,489516,38216,E10.0,8.5,36.053749084472656
late,qiu2024,devmap,E10.0,E8.5-R3,0,489516,27743,E10.0,8.5,37.55905532836914
late,qiu2024,devmap,E10.0,E8.5-R3,1,489516,27743,E10.0,8.5,38.28913116455078
late,qiu2024,devmap,E10.0,E8.5-R3,2,489516,27743,E10.0,8.5,37.13954162597656
late,qiu2024,devmap,E10.0,E8.5-R3,3,489516,27743,E10.0,8.5,37.26607894897461
late,qiu2024,devmap,E10.0,E8.5-R3,4,489516,27743,E10.0,8.5,37.84895324707031
late,qiu2024,devmap,E10.0,E8.5-R3,5,489516,27743,E10.0,8.5,36.828651428222656
late,qiu2024,devmap,E10.0,E8.5-R3,6,489516,27743,E10.0,8.5,37.15879821777344
late,qiu2024,devmap,E10.0,E8.5-R3,7,489516,27743,E10.0,8.5,38.136932373046875
late,qiu2024,devmap,E10.0,E8.5-R3,8,489516,27743,E10.0,8.5,36.68054962158203
late,qiu2024,devmap,E10.0,E8.5-R3,9,489516,27743,E10.0,8.5,37.3920783996582
late,qiu2024,devmap,E10.0,E8.5-R3,10,489516,27743,E10.0,8.5,36.00614547729492
late,qiu2024,devmap,E10.0,E8.5-R3,11,489516,27743,E10.0,8.5,36.28398895263672
late,qiu2024,devmap,E10.0,E8.5-R3,12,489516,27743,E10.0,8.5,36.252593994140625
late,qiu2024,devmap,E10.0,E8.5-R3,13,489516,27743,E10.0,8.5,37.579437255859375
late,qiu2024,devmap,E10.0,E8.5-R3,14,489516,27743,E10.0,8.5,36.573997497558594
late,qiu2024,devmap,E10.0,E8.5-R3,15,489516,27743,E10.0,8.5,37.68830108642578
late,qiu2024,devmap,E10.0,E8.5-R3,16,489516,27743,E10.0,8.5,37.13330078125
late,qiu2024,devmap,E10.0,E8.5-R3,17,489516,27743,E10.0,8.5,37.10924530029297
late,qiu2024,devmap,E10.0,E8.5-R3,18,489516,27743,E10.0,8.5,36.925636291503906
late,qiu2024,devmap,E10.0,E8.5-R3,19,489516,27743,E10.0,8.5,36.965736389160156
late,qiu2024,devmap,E10.0,E8.5-R3,20,489516,27743,E10.0,8.5,36.369720458984375
late,qiu2024,devmap,E10.0,E8.5-R3,21,489516,27743,E10.0,8.5,37.28352737426758
late,qiu2024,devmap,E10.0,E8.5-R3,22,489516,27743,E10.0,8.5,36.876220703125
late,qiu2024,devmap,E10.0,E8.5-R3,23,489516,27743,E10.0,8.5,36.64903259277344
late,qiu2024,devmap,E10.0,E8.5-R3,24,489516,27743,E10.0,8.5,36.3559684753418
late,qiu2024,devmap,E10.0,E8.5-R3,25,489516,27743,E10.0,8.5,36.78953552246094
late,qiu2024,devmap,E10.0,E8.5-R3,26,489516,27743,E10.0,8.5,36.960243225097656
late,qiu2024,devmap,E10.0,E8.5-R3,27,489516,27743,E10.0,8.5,36.571842193603516
late,qiu2024,devmap,E10.0,E8.5-R3,28,489516,27743,E10.0,8.5,36.377044677734375
late,qiu2024,devmap,E10.0,E8.5-R3,29,489516,27743,E10.0,8.5,36.93256378173828
late,qiu2024,devmap,E10.0,E8.5-R3,30,489516,27743,E10.0,8.5,36.73439025878906
late,qiu2024,devmap,E10.0,E8.5-R3,31,489516,27743,E10.0,8.5,38.00269317626953
late,qiu2024,devmap,E10.0,E8.5-R3,32,489516,27743,E10.0,8.5,35.5218505859375
late,qiu2024,devmap,E10.0,E8.5-R3,33,489516,27743,E10.0,8.5,37.638614654541016
late,qiu2024,devmap,E10.0,E8.5-R3,34,489516,27743,E10.0,8.5,36.229305267333984
late,qiu2024,devmap,E10.0,E8.5-R3,35,489516,27743,E10.0,8.5,37.0048828125
late,qiu2024,devmap,E10.0,E8.5-R3,36,489516,27743,E10.0,8.5,37.324058532714844
late,qiu2024,devmap,E10.0,E8.5-R3,37,489516,27743,E10.0,8.5,37.236968994140625
late,qiu2024,devmap,E10.0,E8.5-R3,38,489516,27743,E10.0,8.5,36.22943115234375
late,qiu2024,devmap,E10.0,E8.5-R3,39,489516,27743,E10.0,8.5,37.255653381347656
late,qiu2024,devmap,E10.0,E8.5-R3,40,489516,27743,E10.0,8.5,37.01612091064453
late,qiu2024,devmap,E10.0,E8.5-R3,41,489516,27743,E10.0,8.5,36.931640625
late,qiu2024,devmap,E10.0,E8.5-R3,42,489516,27743,E10.0,8.5,36.73756408691406
late,qiu2024,devmap,E10.0,E8.5-R3,43,489516,27743,E10.0,8.5,37.83544158935547
late,qiu2024,devmap,E10.0,E8.5-R3,44,489516,27743,E10.0,8.5,37.33454132080078
late,qiu2024,devmap,E10.0,E8.5-R3,45,489516,27743,E10.0,8.5,37.177433013916016
late,qiu2024,devmap,E10.0,E8.5-R3,46,489516,27743,E10.0,8.5,36.312469482421875
late,qiu2024,devmap,E10.0,E8.5-R3,47,489516,27743,E10.0,8.5,36.27942657470703
late,qiu2024,devmap,E10.0,E8.5-R3,48,489516,27743,E10.0,8.5,36.80091857910156
late,qiu2024,devmap,E10.0,E8.5-R3,49,489516,27743,E10.0,8.5,37.15983581542969
late,qiu2024,devmap,E10.0,E9.0-R1,0,489516,92063,E10.0,9.0,28.457021713256836
late,qiu2024,devmap,E10.0,E9.0-R1,1,489516,92063,E10.0,9.0,28.753604888916016
late,qiu2024,devmap,E10.0,E9.0-R1,2,489516,92063,E10.0,9.0,28.70090103149414
late,qiu2024,devmap,E10.0,E9.0-R1,3,489516,92063,E10.0,9.0,29.41236114501953
late,qiu2024,devmap,E10.0,E9.0-R1,4,489516,92063,E10.0,9.0,29.027484893798828
late,qiu2024,devmap,E10.0,E9.0-R1,5,489516,92063,E10.0,9.0,29.464855194091797
late,qiu2024,devmap,E10.0,E9.0-R1,6,489516,92063,E10.0,9.0,28.63719367980957
late,qiu2024,devmap,E10.0,E9.0-R1,7,489516,92063,E10.0,9.0,29.361160278320312
late,qiu2024,devmap,E10.0,E9.0-R1,8,489516,92063,E10.0,9.0,28.184328079223633
late,qiu2024,devmap,E10.0,E9.0-R1,9,489516,92063,E10.0,9.0,28.982757568359375
late,qiu2024,devmap,E10.0,E9.0-R1,10,489516,92063,E10.0,9.0,29.765399932861328
late,qiu2024,devmap,E10.0,E9.0-R1,11,489516,92063,E10.0,9.0,28.841554641723633
late,qiu2024,devmap,E10.0,E9.0-R1,12,489516,92063,E10.0,9.0,29.66385269165039
late,qiu2024,devmap,E10.0,E9.0-R1,13,489516,92063,E10.0,9.0,28.813060760498047
late,qiu2024,devmap,E10.0,E9.0-R1,14,489516,92063,E10.0,9.0,29.255748748779297
late,qiu2024,devmap,E10.0,E9.0-R1,15,489516,92063,E10.0,9.0,29.408458709716797
late,qiu2024,devmap,E10.0,E9.0-R1,16,489516,92063,E10.0,9.0,29.605911254882812
late,qiu2024,devmap,E10.0,E9.0-R1,17,489516,92063,E10.0,9.0,29.057512283325195
late,qiu2024,devmap,E10.0,E9.0-R1,18,489516,92063,E10.0,9.0,28.42729949951172
late,qiu2024,devmap,E10.0,E9.0-R1,19,489516,92063,E10.0,9.0,29.302997589111328
late,qiu2024,devmap,E10.0,E9.0-R1,20,489516,92063,E10.0,9.0,28.903018951416016
late,qiu2024,devmap,E10.0,E9.0-R1,21,489516,92063,E10.0,9.0,29.63016128540039
late,qiu2024,devmap,E10.0,E9.0-R1,22,489516,92063,E10.0,9.0,29.277645111083984
late,qiu2024,devmap,E10.0,E9.0-R1,23,489516,92063,E10.0,9.0,29.028493881225586
late,qiu2024,devmap,E10.0,E9.0-R1,24,489516,92063,E10.0,9.0,29.429893493652344
late,qiu2024,devmap,E10.0,E9.0-R1,25,489516,92063,E10.0,9.0,29.247220993041992
late,qiu2024,devmap,E10.0,E9.0-R1,26,489516,92063,E10.0,9.0,29.4866943359375
late,qiu2024,devmap,E10.0,E9.0-R1,27,489516,92063,E10.0,9.0,28.533954620361328
late,qiu2024,devmap,E10.0,E9.0-R1,28,489516,92063,E10.0,9.0,28.363330841064453
late,qiu2024,devmap,E10.0,E9.0-R1,29,489516,92063,E10.0,9.0,29.567073822021484
late,qiu2024,devmap,E10.0,E9.0-R1,30,489516,92063,E10.0,9.0,28.965051651000977
late,qiu2024,devmap,E10.0,E9.0-R1,31,489516,92063,E10.0,9.0,28.51198959350586
late,qiu2024,devmap,E10.0,E9.0-R1,32,489516,92063,E10.0,9.0,28.647855758666992
late,qiu2024,devmap,E10.0,E9.0-R1,33,489516,92063,E10.0,9.0,29.85043716430664
late,qiu2024,devmap,E10.0,E9.0-R1,34,489516,92063,E10.0,9.0,29.638046264648438
late,qiu2024,devmap,E10.0,E9.0-R1,35,489516,92063,E10.0,9.0,28.840740203857422
late,qiu2024,devmap,E10.0,E9.0-R1,36,489516,92063,E10.0,9.0,28.36115264892578
late,qiu2024,devmap,E10.0,E9.0-R1,37,489516,92063,E10.0,9.0,28.399150848388672
late,qiu2024,devmap,E10.0,E9.0-R1,38,489516,92063,E10.0,9.0,29.52212142944336
late,qiu2024,devmap,E10.0,E9.0-R1,39,489516,92063,E10.0,9.0,28.609426498413086
late,qiu2024,devmap,E10.0,E9.0-R1,40,489516,92063,E10.0,9.0,27.89748191833496
late,qiu2024,devmap,E10.0,E9.0-R1,41,489516,92063,E10.0,9.0,27.967937469482422
late,qiu2024,devmap,E10.0,E9.0-R1,42,489516,92063,E10.0,9.0,28.821578979492188
late,qiu2024,devmap,E10.0,E9.0-R1,43,489516,92063,E10.0,9.0,29.129669189453125
late,qiu2024,devmap,E10.0,E9.0-R1,44,489516,92063,E10.0,9.0,29.829538345336914
late,qiu2024,devmap,E10.0,E9.0-R1,45,489516,92063,E10.0,9.0,29.622825622558594
late,qiu2024,devmap,E10.0,E9.0-R1,46,489516,92063,E10.0,9.0,29.409564971923828
late,qiu2024,devmap,E10.0,E9.0-R1,47,489516,92063,E10.0,9.0,29.03266716003418
late,qiu2024,devmap,E10.0,E9.0-R1,48,489516,92063,E10.0,9.0,29.130138397216797
late,qiu2024,devmap,E10.0,E9.0-R1,49,489516,92063,E10.0,9.0,30.27658462524414
late,qiu2024,devmap,E10.0,E9.0-R2,0,489516,99878,E10.0,9.0,26.348960876464844
late,qiu2024,devmap,E10.0,E9.0-R2,1,489516,99878,E10.0,9.0,26.262134552001953
late,qiu2024,devmap,E10.0,E9.0-R2,2,489516,99878,E10.0,9.0,26.542566299438477
late,qiu2024,devmap,E10.0,E9.0-R2,3,489516,99878,E10.0,9.0,26.49650001525879
late,qiu2024,devmap,E10.0,E9.0-R2,4,489516,99878,E10.0,9.0,26.61240577697754
late,qiu2024,devmap,E10.0,E9.0-R2,5,489516,99878,E10.0,9.0,25.925437927246094
late,qiu2024,devmap,E10.0,E9.0-R2,6,489516,99878,E10.0,9.0,26.111053466796875
late,qiu2024,devmap,E10.0,E9.0-R2,7,489516,99878,E10.0,9.0,25.955631256103516
late,qiu2024,devmap,E10.0,E9.0-R2,8,489516,99878,E10.0,9.0,26.279640197753906
late,qiu2024,devmap,E10.0,E9.0-R2,9,489516,99878,E10.0,9.0,26.36812400817871
late,qiu2024,devmap,E10.0,E9.0-R2,10,489516,99878,E10.0,9.0,25.7415714263916
late,qiu2024,devmap,E10.0,E9.0-R2,11,489516,99878,E10.0,9.0,26.566604614257812
late,qiu2024,devmap,E10.0,E9.0-R2,12,489516,99878,E10.0,9.0,25.494457244873047
late,qiu2024,devmap,E10.0,E9.0-R2,13,489516,99878,E10.0,9.0,25.36351776123047
late,qiu2024,devmap,E10.0,E9.0-R2,14,489516,99878,E10.0,9.0,25.919109344482422
late,qiu2024,devmap,E10.0,E9.0-R2,15,489516,99878,E10.0,9.0,25.764617919921875
late,qiu2024,devmap,E10.0,E9.0-R2,16,489516,99878,E10.0,9.0,25.74671173095703
late,qiu2024,devmap,E10.0,E9.0-R2,17,489516,99878,E10.0,9.0,25.701086044311523
late,qiu2024,devmap,E10.0,E9.0-R2,18,489516,99878,E10.0,9.0,26.31057357788086
late,qiu2024,devmap,E10.0,E9.0-R2,19,489516,99878,E10.0,9.0,26.090801239013672
late,qiu2024,devmap,E10.0,E9.0-R2,20,489516,99878,E10.0,9.0,26.06006622314453
late,qiu2024,devmap,E10.0,E9.0-R2,21,489516,99878,E10.0,9.0,26.3367919921875
late,qiu2024,devmap,E10.0,E9.0-R2,22,489516,99878,E10.0,9.0,25.523237228393555
late,qiu2024,devmap,E10.0,E9.0-R2,23,489516,99878,E10.0,9.0,27.055049896240234
late,qiu2024,devmap,E10.0,E9.0-R2,24,489516,99878,E10.0,9.0,26.322139739990234
late,qiu2024,devmap,E10.0,E9.0-R2,25,489516,99878,E10.0,9.0,25.087759017944336
late,qiu2024,devmap,E10.0,E9.0-R2,26,489516,99878,E10.0,9.0,26.929479598999023
late,qiu2024,devmap,E10.0,E9.0-R2,27,489516,99878,E10.0,9.0,25.249671936035156
late,qiu2024,devmap,E10.0,E9.0-R2,28,489516,99878,E10.0,9.0,27.13848114013672
late,qiu2024,devmap,E10.0,E9.0-R2,29,489516,99878,E10.0,9.0,25.90790557861328
late,qiu2024,devmap,E10.0,E9.0-R2,30,489516,99878,E10.0,9.0,25.245986938476562
late,qiu2024,devmap,E10.0,E9.0-R2,31,489516,99878,E10.0,9.0,26.915618896484375
late,qiu2024,devmap,E10.0,E9.0-R2,32,489516,99878,E10.0,9.0,26.256689071655273
late,qiu2024,devmap,E10.0,E9.0-R2,33,489516,99878,E10.0,9.0,25.88894271850586
late,qiu2024,devmap,E10.0,E9.0-R2,34,489516,99878,E10.0,9.0,25.62572479248047
late,qiu2024,devmap,E10.0,E9.0-R2,35,489516,99878,E10.0,9.0,24.99675750732422
late,qiu2024,devmap,E10.0,E9.0-R2,36,489516,99878,E10.0,9.0,25.976593017578125
late,qiu2024,devmap,E10.0,E9.0-R2,37,489516,99878,E10.0,9.0,26.650802612304688
late,qiu2024,devmap,E10.0,E9.0-R2,38,489516,99878,E10.0,9.0,26.05752944946289
late,qiu2024,devmap,E10.0,E9.0-R2,39,489516,99878,E10.0,9.0,26.198322296142578
late,qiu2024,devmap,E10.0,E9.0-R2,40,489516,99878,E10.0,9.0,27.233949661254883
late,qiu2024,devmap,E10.0,E9.0-R2,41,489516,99878,E10.0,9.0,25.511505126953125
late,qiu2024,devmap,E10.0,E9.0-R2,42,489516,99878,E10.0,9.0,26.177581787109375
late,qiu2024,devmap,E10.0,E9.0-R2,43,489516,99878,E10.0,9.0,25.824180603027344
late,qiu2024,devmap,E10.0,E9.0-R2,44,489516,99878,E10.0,9.0,25.67060661315918
late,qiu2024,devmap,E10.0,E9.0-R2,45,489516,99878,E10.0,9.0,25.2914981842041
late,qiu2024,devmap,E10.0,E9.0-R2,46,489516,99878,E10.0,9.0,26.32779884338379
late,qiu2024,devmap,E10.0,E9.0-R2,47,489516,99878,E10.0,9.0,26.810165405273438
late,qiu2024,devmap,E10.0,E9.0-R2,48,489516,99878,E10.0,9.0,25.853805541992188
late,qiu2024,devmap,E10.0,E9.0-R2,49,489516,99878,E10.0,9.0,26.300487518310547
late,qiu2024,devmap,E10.0,E9.0-R3,0,489516,62867,E10.0,9.0,32.590919494628906
late,qiu2024,devmap,E10.0,E9.0-R3,1,489516,62867,E10.0,9.0,32.09436798095703
late,qiu2024,devmap,E10.0,E9.0-R3,2,489516,62867,E10.0,9.0,32.9523811340332
late,qiu2024,devmap,E10.0,E9.0-R3,3,489516,62867,E10.0,9.0,32.190513610839844
late,qiu2024,devmap,E10.0,E9.0-R3,4,489516,62867,E10.0,9.0,32.80222702026367
late,qiu2024,devmap,E10.0,E9.0-R3,5,489516,62867,E10.0,9.0,33.5425910949707
late,qiu2024,devmap,E10.0,E9.0-R3,6,489516,62867,E10.0,9.0,32.37602996826172
late,qiu2024,devmap,E10.0,E9.0-R3,7,489516,62867,E10.0,9.0,32.53964614868164
late,qiu2024,devmap,E10.0,E9.0-R3,8,489516,62867,E10.0,9.0,33.01586151123047
late,qiu2024,devmap,E10.0,E9.0-R3,9,489516,62867,E10.0,9.0,32.2811164855957
late,qiu2024,devmap,E10.0,E9.0-R3,10,489516,62867,E10.0,9.0,32.388702392578125
late,qiu2024,devmap,E10.0,E9.0-R3,11,489516,62867,E10.0,9.0,32.11976623535156
late,qiu2024,devmap,E10.0,E9.0-R3,12,489516,62867,E10.0,9.0,32.36460876464844
late,qiu2024,devmap,E10.0,E9.0-R3,13,489516,62867,E10.0,9.0,32.585975646972656
late,qiu2024,devmap,E10.0,E9.0-R3,14,489516,62867,E10.0,9.0,33.446754455566406
late,qiu2024,devmap,E10.0,E9.0-R3,15,489516,62867,E10.0,9.0,33.32134246826172
late,qiu2024,devmap,E10.0,E9.0-R3,16,489516,62867,E10.0,9.0,32.08542251586914
late,qiu2024,devmap,E10.0,E9.0-R3,17,489516,62867,E10.0,9.0,32.70470428466797
late,qiu2024,devmap,E10.0,E9.0-R3,18,489516,62867,E10.0,9.0,32.482177734375
late,qiu2024,devmap,E10.0,E9.0-R3,19,489516,62867,E10.0,9.0,32.61925506591797
late,qiu2024,devmap,E10.0,E9.0-R3,20,489516,62867,E10.0,9.0,32.2181396484375
late,qiu2024,devmap,E10.0,E9.0-R3,21,489516,62867,E10.0,9.0,32.61359405517578
late,qiu2024,devmap,E10.0,E9.0-R3,22,489516,62867,E10.0,9.0,31.98098373413086
late,qiu2024,devmap,E10.0,E9.0-R3,23,489516,62867,E10.0,9.0,31.949810028076172
late,qiu2024,devmap,E10.0,E9.0-R3,24,489516,62867,E10.0,9.0,32.98008728027344
late,qiu2024,devmap,E10.0,E9.0-R3,25,489516,62867,E10.0,9.0,31.94441032409668
late,qiu2024,devmap,E10.0,E9.0-R3,26,489516,62867,E10.0,9.0,33.18904113769531
late,qiu2024,devmap,E10.0,E9.0-R3,27,489516,62867,E10.0,9.0,32.81684875488281
late,qiu2024,devmap,E10.0,E9.0-R3,28,489516,62867,E10.0,9.0,33.027469635009766
late,qiu2024,devmap,E10.0,E9.0-R3,29,489516,62867,E10.0,9.0,32.67877197265625
late,qiu2024,devmap,E10.0,E9.0-R3,30,489516,62867,E10.0,9.0,33.18303298950195
late,qiu2024,devmap,E10.0,E9.0-R3,31,489516,62867,E10.0,9.0,32.632667541503906
late,qiu2024,devmap,E10.0,E9.0-R3,32,489516,62867,E10.0,9.0,33.18727111816406
late,qiu2024,devmap,E10.0,E9.0-R3,33,489516,62867,E10.0,9.0,32.0377311706543
late,qiu2024,devmap,E10.0,E9.0-R3,34,489516,62867,E10.0,9.0,32.9389762878418
late,qiu2024,devmap,E10.0,E9.0-R3,35,489516,62867,E10.0,9.0,32.695526123046875
late,qiu2024,devmap,E10.0,E9.0-R3,36,489516,62867,E10.0,9.0,32.37184143066406
late,qiu2024,devmap,E10.0,E9.0-R3,37,489516,62867,E10.0,9.0,32.337059020996094
late,qiu2024,devmap,E10.0,E9.0-R3,38,489516,62867,E10.0,9.0,32.60907745361328
late,qiu2024,devmap,E10.0,E9.0-R3,39,489516,62867,E10.0,9.0,33.22410583496094
late,qiu2024,devmap,E10.0,E9.0-R3,40,489516,62867,E10.0,9.0,32.28021240234375
late,qiu2024,devmap,E10.0,E9.0-R3,41,489516,62867,E10.0,9.0,32.17325210571289
late,qiu2024,devmap,E10.0,E9.0-R3,42,489516,62867,E10.0,9.0,31.827518463134766
late,qiu2024,devmap,E10.0,E9.0-R3,43,489516,62867,E10.0,9.0,32.37995529174805
late,qiu2024,devmap,E10.0,E9.0-R3,44,489516,62867,E10.0,9.0,31.980510711669922
late,qiu2024,devmap,E10.0,E9.0-R3,45,489516,62867,E10.0,9.0,33.24860763549805
late,qiu2024,devmap,E10.0,E9.0-R3,46,489516,62867,E10.0,9.0,31.99597930908203
late,qiu2024,devmap,E10.0,E9.0-R3,47,489516,62867,E10.0,9.0,33.354957580566406
late,qiu2024,devmap,E10.0,E9.0-R3,48,489516,62867,E10.0,9.0,33.144168853759766
late,qiu2024,devmap,E10.0,E9.0-R3,49,489516,62867,E10.0,9.0,33.161128997802734
late,qiu2024,devmap,E10.0,E9.5-R1,0,489516,383453,E10.0,9.5,20.93203353881836
late,qiu2024,devmap,E10.0,E9.5-R1,1,489516,383453,E10.0,9.5,21.026065826416016
late,qiu2024,devmap,E10.0,E9.5-R1,2,489516,383453,E10.0,9.5,21.050539016723633
late,qiu2024,devmap,E10.0,E9.5-R1,3,489516,383453,E10.0,9.5,20.591651916503906
late,qiu2024,devmap,E10.0,E9.5-R1,4,489516,383453,E10.0,9.5,20.88097381591797
late,qiu2024,devmap,E10.0,E9.5-R1,5,489516,383453,E10.0,9.5,21.99545669555664
late,qiu2024,devmap,E10.0,E9.5-R1,6,489516,383453,E10.0,9.5,21.39318084716797
late,qiu2024,devmap,E10.0,E9.5-R1,7,489516,383453,E10.0,9.5,21.23824119567871
late,qiu2024,devmap,E10.0,E9.5-R1,8,489516,383453,E10.0,9.5,21.267601013183594
late,qiu2024,devmap,E10.0,E9.5-R1,9,489516,383453,E10.0,9.5,21.462217330932617
late,qiu2024,devmap,E10.0,E9.5-R1,10,489516,383453,E10.0,9.5,21.116418838500977
late,qiu2024,devmap,E10.0,E9.5-R1,11,489516,383453,E10.0,9.5,21.484405517578125
late,qiu2024,devmap,E10.0,E9.5-R1,12,489516,383453,E10.0,9.5,21.15362548828125
late,qiu2024,devmap,E10.0,E9.5-R1,13,489516,383453,E10.0,9.5,21.081565856933594
late,qiu2024,devmap,E10.0,E9.5-R1,14,489516,383453,E10.0,9.5,21.725112915039062
late,qiu2024,devmap,E10.0,E9.5-R1,15,489516,383453,E10.0,9.5,20.948528289794922
late,qiu2024,devmap,E10.0,E9.5-R1,16,489516,383453,E10.0,9.5,21.88042449951172
late,qiu2024,devmap,E10.0,E9.5-R1,17,489516,383453,E10.0,9.5,21.12942123413086
late,qiu2024,devmap,E10.0,E9.5-R1,18,489516,383453,E10.0,9.5,21.546558380126953
late,qiu2024,devmap,E10.0,E9.5-R1,19,489516,383453,E10.0,9.5,20.806447982788086
late,qiu2024,devmap,E10.0,E9.5-R1,20,489516,383453,E10.0,9.5,21.151241302490234
late,qiu2024,devmap,E10.0,E9.5-R1,21,489516,383453,E10.0,9.5,20.896507263183594
late,qiu2024,devmap,E10.0,E9.5-R1,22,489516,383453,E10.0,9.5,21.266613006591797
late,qiu2024,devmap,E10.0,E9.5-R1,23,489516,383453,E10.0,9.5,20.833267211914062
late,qiu2024,devmap,E10.0,E9.5-R1,24,489516,383453,E10.0,9.5,21.031015396118164
late,qiu2024,devmap,E10.0,E9.5-R1,25,489516,383453,E10.0,9.5,21.362592697143555
late,qiu2024,devmap,E10.0,E9.5-R1,26,489516,383453,E10.0,9.5,20.83753776550293
late,qiu2024,devmap,E10.0,E9.5-R1,27,489516,383453,E10.0,9.5,20.94669532775879
late,qiu2024,devmap,E10.0,E9.5-R1,28,489516,383453,E10.0,9.5,20.787353515625
late,qiu2024,devmap,E10.0,E9.5-R1,29,489516,383453,E10.0,9.5,21.035694122314453
late,qiu2024,devmap,E10.0,E9.5-R1,30,489516,383453,E10.0,9.5,21.02716064453125
late,qiu2024,devmap,E10.0,E9.5-R1,31,489516,383453,E10.0,9.5,21.126121520996094
late,qiu2024,devmap,E10.0,E9.5-R1,32,489516,383453,E10.0,9.5,20.885814666748047
late,qiu2024,devmap,E10.0,E9.5-R1,33,489516,383453,E10.0,9.5,21.13060760498047
late,qiu2024,devmap,E10.0,E9.5-R1,34,489516,383453,E10.0,9.5,21.127567291259766
late,qiu2024,devmap,E10.0,E9.5-R1,35,489516,383453,E10.0,9.5,21.315078735351562
late,qiu2024,devmap,E10.0,E9.5-R1,36,489516,383453,E10.0,9.5,21.241546630859375
late,qiu2024,devmap,E10.0,E9.5-R1,37,489516,383453,E10.0,9.5,20.873172760009766
late,qiu2024,devmap,E10.0,E9.5-R1,38,489516,383453,E10.0,9.5,21.164628982543945
late,qiu2024,devmap,E10.0,E9.5-R1,39,489516,383453,E10.0,9.5,21.14461898803711
late,qiu2024,devmap,E10.0,E9.5-R1,40,489516,383453,E10.0,9.5,21.50313377380371
late,qiu2024,devmap,E10.0,E9.5-R1,41,489516,383453,E10.0,9.5,21.338058471679688
late,qiu2024,devmap,E10.0,E9.5-R1,42,489516,383453,E10.0,9.5,21.411375045776367
late,qiu2024,devmap,E10.0,E9.5-R1,43,489516,383453,E10.0,9.5,21.7047061920166
late,qiu2024,devmap,E10.0,E9.5-R1,44,489516,383453,E10.0,9.5,21.10582733154297
late,qiu2024,devmap,E10.0,E9.5-R1,45,489516,383453,E10.0,9.5,20.952716827392578
late,qiu2024,devmap,E10.0,E9.5-R1,46,489516,383453,E10.0,9.5,21.13204574584961
late,qiu2024,devmap,E10.0,E9.5-R1,47,489516,383453,E10.0,9.5,21.642494201660156
late,qiu2024,devmap,E10.0,E9.5-R1,48,489516,383453,E10.0,9.5,21.275794982910156
late,qiu2024,devmap,E10.0,E9.5-R1,49,489516,383453,E10.0,9.5,21.136795043945312
late,qiu2024,devmap,E10.0,E9.5-R2,0,489516,350716,E10.0,9.5,21.470809936523438
late,qiu2024,devmap,E10.0,E9.5-R2,1,489516,350716,E10.0,9.5,21.627649307250977
late,qiu2024,devmap,E10.0,E9.5-R2,2,489516,350716,E10.0,9.5,21.09634780883789
late,qiu2024,devmap,E10.0,E9.5-R2,3,489516,350716,E10.0,9.5,20.871517181396484
late,qiu2024,devmap,E10.0,E9.5-R2,4,489516,350716,E10.0,9.5,21.41082763671875
late,qiu2024,devmap,E10.0,E9.5-R2,5,489516,350716,E10.0,9.5,20.966960906982422
late,qiu2024,devmap,E10.0,E9.5-R2,6,489516,350716,E10.0,9.5,20.71206283569336
late,qiu2024,devmap,E10.0,E9.5-R2,7,489516,350716,E10.0,9.5,21.4793643951416
late,qiu2024,devmap,E10.0,E9.5-R2,8,489516,350716,E10.0,9.5,20.78213119506836
late,qiu2024,devmap,E10.0,E9.5-R2,9,489516,350716,E10.0,9.5,21.112071990966797
late,qiu2024,devmap,E10.0,E9.5-R2,10,489516,350716,E10.0,9.5,20.31216812133789
late,qiu2024,devmap,E10.0,E9.5-R2,11,489516,350716,E10.0,9.5,20.91153335571289
late,qiu2024,devmap,E10.0,E9.5-R2,12,489516,350716,E10.0,9.5,21.071754455566406
late,qiu2024,devmap,E10.0,E9.5-R2,13,489516,350716,E10.0,9.5,21.476409912109375
late,qiu2024,devmap,E10.0,E9.5-R2,14,489516,350716,E10.0,9.5,20.83814811706543
late,qiu2024,devmap,E10.0,E9.5-R2,15,489516,350716,E10.0,9.5,21.243919372558594
late,qiu2024,devmap,E10.0,E9.5-R2,16,489516,350716,E10.0,9.5,20.54546356201172
late,qiu2024,devmap,E10.0,E9.5-R2,17,489516,350716,E10.0,9.5,21.26178741455078
late,qiu2024,devmap,E10.0,E9.5-R2,18,489516,350716,E10.0,9.5,21.09543228149414
late,qiu2024,devmap,E10.0,E9.5-R2,19,489516,350716,E10.0,9.5,20.87161636352539
late,qiu2024,devmap,E10.0,E9.5-R2,20,489516,350716,E10.0,9.5,21.480125427246094
late,qiu2024,devmap,E10.0,E9.5-R2,21,489516,350716,E10.0,9.5,21.245317459106445
late,qiu2024,devmap,E10.0,E9.5-R2,22,489516,350716,E10.0,9.5,21.371810913085938
late,qiu2024,devmap,E10.0,E9.5-R2,23,489516,350716,E10.0,9.5,21.77684783935547
late,qiu2024,devmap,E10.0,E9.5-R2,24,489516,350716,E10.0,9.5,21.15058135986328
late,qiu2024,devmap,E10.0,E9.5-R2,25,489516,350716,E10.0,9.5,20.75222396850586
late,qiu2024,devmap,E10.0,E9.5-R2,26,489516,350716,E10.0,9.5,21.625408172607422
late,qiu2024,devmap,E10.0,E9.5-R2,27,489516,350716,E10.0,9.5,21.0135498046875
late,qiu2024,devmap,E10.0,E9.5-R2,28,489516,350716,E10.0,9.5,20.992883682250977
late,qiu2024,devmap,E10.0,E9.5-R2,29,489516,350716,E10.0,9.5,21.476043701171875
late,qiu2024,devmap,E10.0,E9.5-R2,30,489516,350716,E10.0,9.5,21.88602066040039
late,qiu2024,devmap,E10.0,E9.5-R2,31,489516,350716,E10.0,9.5,21.384702682495117
late,qiu2024,devmap,E10.0,E9.5-R2,32,489516,350716,E10.0,9.5,20.940906524658203
late,qiu2024,devmap,E10.0,E9.5-R2,33,489516,350716,E10.0,9.5,20.955257415771484
late,qiu2024,devmap,E10.0,E9.5-R2,34,489516,350716,E10.0,9.5,21.361900329589844
late,qiu2024,devmap,E10.0,E9.5-R2,35,489516,350716,E10.0,9.5,21.036544799804688
late,qiu2024,devmap,E10.0,E9.5-R2,36,489516,350716,E10.0,9.5,20.799888610839844
late,qiu2024,devmap,E10.0,E9.5-R2,37,489516,350716,E10.0,9.5,20.699831008911133
late,qiu2024,devmap,E10.0,E9.5-R2,38,489516,350716,E10.0,9.5,20.830154418945312
late,qiu2024,devmap,E10.0,E9.5-R2,39,489516,350716,E10.0,9.5,21.239580154418945
late,qiu2024,devmap,E10.0,E9.5-R2,40,489516,350716,E10.0,9.5,21.24361228942871
late,qiu2024,devmap,E10.0,E9.5-R2,41,489516,350716,E10.0,9.5,21.267452239990234
late,qiu2024,devmap,E10.0,E9.5-R2,42,489516,350716,E10.0,9.5,20.9080753326416
late,qiu2024,devmap,E10.0,E9.5-R2,43,489516,350716,E10.0,9.5,20.88037109375
late,qiu2024,devmap,E10.0,E9.5-R2,44,489516,350716,E10.0,9.5,21.102100372314453
late,qiu2024,devmap,E10.0,E9.5-R2,45,489516,350716,E10.0,9.5,20.714725494384766
late,qiu2024,devmap,E10.0,E9.5-R2,46,489516,350716,E10.0,9.5,20.978872299194336
late,qiu2024,devmap,E10.0,E9.5-R2,47,489516,350716,E10.0,9.5,20.991130828857422
late,qiu2024,devmap,E10.0,E9.5-R2,48,489516,350716,E10.0,9.5,21.492494583129883
late,qiu2024,devmap,E10.0,E9.5-R2,49,489516,350716,E10.0,9.5,20.875829696655273
late,qiu2024,devmap,E10.0,E9.5-R3,0,489516,342873,E10.0,9.5,20.882007598876953
late,qiu2024,devmap,E10.0,E9.5-R3,1,489516,342873,E10.0,9.5,20.375717163085938
late,qiu2024,devmap,E10.0,E9.5-R3,2,489516,342873,E10.0,9.5,20.591989517211914
late,qiu2024,devmap,E10.0,E9.5-R3,3,489516,342873,E10.0,9.5,20.647907257080078
late,qiu2024,devmap,E10.0,E9.5-R3,4,489516,342873,E10.0,9.5,20.797374725341797
late,qiu2024,devmap,E10.0,E9.5-R3,5,489516,342873,E10.0,9.5,20.541698455810547
late,qiu2024,devmap,E10.0,E9.5-R3,6,489516,342873,E10.0,9.5,21.27324867248535
late,qiu2024,devmap,E10.0,E9.5-R3,7,489516,342873,E10.0,9.5,20.94506072998047
late,qiu2024,devmap,E10.0,E9.5-R3,8,489516,342873,E10.0,9.5,20.622669219970703
late,qiu2024,devmap,E10.0,E9.5-R3,9,489516,342873,E10.0,9.5,20.563678741455078
late,qiu2024,devmap,E10.0,E9.5-R3,10,489516,342873,E10.0,9.5,21.017744064331055
late,qiu2024,devmap,E10.0,E9.5-R3,11,489516,342873,E10.0,9.5,21.303142547607422
late,qiu2024,devmap,E10.0,E9.5-R3,12,489516,342873,E10.0,9.5,20.636329650878906
late,qiu2024,devmap,E10.0,E9.5-R3,13,489516,342873,E10.0,9.5,20.73611068725586
late,qiu2024,devmap,E10.0,E9.5-R3,14,489516,342873,E10.0,9.5,20.58346176147461
late,qiu2024,devmap,E10.0,E9.5-R3,15,489516,342873,E10.0,9.5,20.48482894897461
late,qiu2024,devmap,E10.0,E9.5-R3,16,489516,342873,E10.0,9.5,20.086090087890625
late,qiu2024,devmap,E10.0,E9.5-R3,17,489516,342873,E10.0,9.5,20.63312530517578
late,qiu2024,devmap,E10.0,E9.5-R3,18,489516,342873,E10.0,9.5,20.67657470703125
late,qiu2024,devmap,E10.0,E9.5-R3,19,489516,342873,E10.0,9.5,20.289030075073242
late,qiu2024,devmap,E10.0,E9.5-R3,20,489516,342873,E10.0,9.5,20.522001266479492
late,qiu2024,devmap,E10.0,E9.5-R3,21,489516,342873,E10.0,9.5,20.853713989257812
late,qiu2024,devmap,E10.0,E9.5-R3,22,489516,342873,E10.0,9.5,20.687461853027344
late,qiu2024,devmap,E10.0,E9.5-R3,23,489516,342873,E10.0,9.5,20.745973587036133
late,qiu2024,devmap,E10.0,E9.5-R3,24,489516,342873,E10.0,9.5,20.817420959472656
late,qiu2024,devmap,E10.0,E9.5-R3,25,489516,342873,E10.0,9.5,20.799274444580078
late,qiu2024,devmap,E10.0,E9.5-R3,26,489516,342873,E10.0,9.5,20.18177032470703
late,qiu2024,devmap,E10.0,E9.5-R3,27,489516,342873,E10.0,9.5,20.62848472595215
late,qiu2024,devmap,E10.0,E9.5-R3,28,489516,342873,E10.0,9.5,20.047733306884766
late,qiu2024,devmap,E10.0,E9.5-R3,29,489516,342873,E10.0,9.5,20.73992347717285
late,qiu2024,devmap,E10.0,E9.5-R3,30,489516,342873,E10.0,9.5,20.43535614013672
late,qiu2024,devmap,E10.0,E9.5-R3,31,489516,342873,E10.0,9.5,19.863832473754883
late,qiu2024,devmap,E10.0,E9.5-R3,32,489516,342873,E10.0,9.5,20.74077796936035
late,qiu2024,devmap,E10.0,E9.5-R3,33,489516,342873,E10.0,9.5,20.57393455505371
late,qiu2024,devmap,E10.0,E9.5-R3,34,489516,342873,E10.0,9.5,20.859943389892578
late,qiu2024,devmap,E10.0,E9.5-R3,35,489516,342873,E10.0,9.5,20.39986801147461
late,qiu2024,devmap,E10.0,E9.5-R3,36,489516,342873,E10.0,9.5,20.711877822875977
late,qiu2024,devmap,E10.0,E9.5-R3,37,489516,342873,E10.0,9.5,20.71074867248535
late,qiu2024,devmap,E10.0,E9.5-R3,38,489516,342873,E10.0,9.5,20.241025924682617
late,qiu2024,devmap,E10.0,E9.5-R3,39,489516,342873,E10.0,9.5,20.65947723388672
late,qiu2024,devmap,E10.0,E9.5-R3,40,489516,342873,E10.0,9.5,20.374069213867188
late,qiu2024,devmap,E10.0,E9.5-R3,41,489516,342873,E10.0,9.5,20.353790283203125
late,qiu2024,devmap,E10.0,E9.5-R3,42,489516,342873,E10.0,9.5,20.85549545288086
late,qiu2024,devmap,E10.0,E9.5-R3,43,489516,342873,E10.0,9.5,20.246923446655273
late,qiu2024,devmap,E10.0,E9.5-R3,44,489516,342873,E10.0,9.5,20.367847442626953
late,qiu2024,devmap,E10.0,E9.5-R3,45,489516,342873,E10.0,9.5,20.882633209228516
late,qiu2024,devmap,E10.0,E9.5-R3,46,489516,342873,E10.0,9.5,20.467586517333984
late,qiu2024,devmap,E10.0,E9.5-R3,47,489516,342873,E10.0,9.5,20.70642852783203
late,qiu2024,devmap,E10.0,E9.5-R3,48,489516,342873,E10.0,9.5,20.037477493286133
late,qiu2024,devmap,E10.0,E9.5-R3,49,489516,342873,E10.0,9.5,20.22360610961914
late,qiu2024,devmap,E10.0,E10.0-R1,0,489516,347550,E10.0,10.0,20.15250587463379
late,qiu2024,devmap,E10.0,E10.0-R1,1,489516,347550,E10.0,10.0,20.4619083404541
late,qiu2024,devmap,E10.0,E10.0-R1,2,489516,347550,E10.0,10.0,20.916728973388672
late,qiu2024,devmap,E10.0,E10.0-R1,3,489516,347550,E10.0,10.0,20.058063507080078
late,qiu2024,devmap,E10.0,E10.0-R1,4,489516,347550,E10.0,10.0,19.883445739746094
late,qiu2024,devmap,E10.0,E10.0-R1,5,489516,347550,E10.0,10.0,21.39216423034668
late,qiu2024,devmap,E10.0,E10.0-R1,6,489516,347550,E10.0,10.0,19.76822853088379
late,qiu2024,devmap,E10.0,E10.0-R1,7,489516,347550,E10.0,10.0,20.090234756469727
late,qiu2024,devmap,E10.0,E10.0-R1,8,489516,347550,E10.0,10.0,20.736291885375977
late,qiu2024,devmap,E10.0,E10.0-R1,9,489516,347550,E10.0,10.0,19.82305908203125
late,qiu2024,devmap,E10.0,E10.0-R1,10,489516,347550,E10.0,10.0,20.31113052368164
late,qiu2024,devmap,E10.0,E10.0-R1,11,489516,347550,E10.0,10.0,20.646255493164062
late,qiu2024,devmap,E10.0,E10.0-R1,12,489516,347550,E10.0,10.0,20.544111251831055
late,qiu2024,devmap,E10.0,E10.0-R1,13,489516,347550,E10.0,10.0,20.090911865234375
late,qiu2024,devmap,E10.0,E10.0-R1,14,489516,347550,E10.0,10.0,21.044464111328125
late,qiu2024,devmap,E10.0,E10.0-R1,15,489516,347550,E10.0,10.0,19.80844497680664
late,qiu2024,devmap,E10.0,E10.0-R1,16,489516,347550,E10.0,10.0,20.119142532348633
late,qiu2024,devmap,E10.0,E10.0-R1,17,489516,347550,E10.0,10.0,20.623985290527344
late,qiu2024,devmap,E10.0,E10.0-R1,18,489516,347550,E10.0,10.0,20.80328369140625
late,qiu2024,devmap,E10.0,E10.0-R1,19,489516,347550,E10.0,10.0,20.561996459960938
late,qiu2024,devmap,E10.0,E10.0-R1,20,489516,347550,E10.0,10.0,20.639171600341797
late,qiu2024,devmap,E10.0,E10.0-R1,21,489516,347550,E10.0,10.0,20.565000534057617
late,qiu2024,devmap,E10.0,E10.0-R1,22,489516,347550,E10.0,10.0,20.56429672241211
late,qiu2024,devmap,E10.0,E10.0-R1,23,489516,347550,E10.0,10.0,20.238712310791016
late,qiu2024,devmap,E10.0,E10.0-R1,24,489516,347550,E10.0,10.0,20.710464477539062
late,qiu2024,devmap,E10.0,E10.0-R1,25,489516,347550,E10.0,10.0,20.569992065429688
late,qiu2024,devmap,E10.0,E10.0-R1,26,489516,347550,E10.0,10.0,20.39630126953125
late,qiu2024,devmap,E10.0,E10.0-R1,27,489516,347550,E10.0,10.0,20.53719139099121
late,qiu2024,devmap,E10.0,E10.0-R1,28,489516,347550,E10.0,10.0,20.22516632080078
late,qiu2024,devmap,E10.0,E10.0-R1,29,489516,347550,E10.0,10.0,20.786663055419922
late,qiu2024,devmap,E10.0,E10.0-R1,30,489516,347550,E10.0,10.0,20.0753173828125
late,qiu2024,devmap,E10.0,E10.0-R1,31,489516,347550,E10.0,10.0,20.864032745361328
late,qiu2024,devmap,E10.0,E10.0-R1,32,489516,347550,E10.0,10.0,19.735824584960938
late,qiu2024,devmap,E10.0,E10.0-R1,33,489516,347550,E10.0,10.0,20.361309051513672
late,qiu2024,devmap,E10.0,E10.0-R1,34,489516,347550,E10.0,10.0,20.543331146240234
late,qiu2024,devmap,E10.0,E10.0-R1,35,489516,347550,E10.0,10.0,20.51453399658203
late,qiu2024,devmap,E10.0,E10.0-R1,36,489516,347550,E10.0,10.0,20.937488555908203
late,qiu2024,devmap,E10.0,E10.0-R1,37,489516,347550,E10.0,10.0,19.963905334472656
late,qiu2024,devmap,E10.0,E10.0-R1,38,489516,347550,E10.0,10.0,20.670242309570312
late,qiu2024,devmap,E10.0,E10.0-R1,39,489516,347550,E10.0,10.0,20.739107131958008
late,qiu2024,devmap,E10.0,E10.0-R1,40,489516,347550,E10.0,10.0,20.18866729736328
late,qiu2024,devmap,E10.0,E10.0-R1,41,489516,347550,E10.0,10.0,21.11772346496582
late,qiu2024,devmap,E10.0,E10.0-R1,42,489516,347550,E10.0,10.0,20.223079681396484
late,qiu2024,devmap,E10.0,E10.0-R1,43,489516,347550,E10.0,10.0,20.887943267822266
late,qiu2024,devmap,E10.0,E10.0-R1,44,489516,347550,E10.0,10.0,19.793983459472656
late,qiu2024,devmap,E10.0,E10.0-R1,45,489516,347550,E10.0,10.0,20.75887680053711
late,qiu2024,devmap,E10.0,E10.0-R1,46,489516,347550,E10.0,10.0,20.409648895263672
late,qiu2024,devmap,E10.0,E10.0-R1,47,489516,347550,E10.0,10.0,20.70619010925293
late,qiu2024,devmap,E10.0,E10.0-R1,48,489516,347550,E10.0,10.0,20.356578826904297
late,qiu2024,devmap,E10.0,E10.0-R1,49,489516,347550,E10.0,10.0,19.977785110473633
late,qiu2024,devmap,E8.5,E8.5-R1,0,153597,23435,E8.5,8.5,18.97079849243164
late,qiu2024,devmap,E8.5,E8.5-R1,1,153597,23435,E8.5,8.5,20.2274169921875
late,qiu2024,devmap,E8.5,E8.5-R1,2,153597,23435,E8.5,8.5,19.903287887573242
late,qiu2024,devmap,E8.5,E8.5-R1,3,153597,23435,E8.5,8.5,19.312545776367188
late,qiu2024,devmap,E8.5,E8.5-R1,4,153597,23435,E8.5,8.5,19.222139358520508
late,qiu2024,devmap,E8.5,E8.5-R1,5,153597,23435,E8.5,8.5,18.932254791259766
late,qiu2024,devmap,E8.5,E8.5-R1,6,153597,23435,E8.5,8.5,19.19025421142578
late,qiu2024,devmap,E8.5,E8.5-R1,7,153597,23435,E8.5,8.5,19.992172241210938
late,qiu2024,devmap,E8.5,E8.5-R1,8,153597,23435,E8.5,8.5,20.24968910217285
late,qiu2024,devmap,E8.5,E8.5-R1,9,153597,23435,E8.5,8.5,19.744449615478516
late,qiu2024,devmap,E8.5,E8.5-R1,10,153597,23435,E8.5,8.5,20.901660919189453
late,qiu2024,devmap,E8.5,E8.5-R1,11,153597,23435,E8.5,8.5,20.09307861328125
late,qiu2024,devmap,E8.5,E8.5-R1,12,153597,23435,E8.5,8.5,19.544382095336914
late,qiu2024,devmap,E8.5,E8.5-R1,13,153597,23435,E8.5,8.5,19.273441314697266
late,qiu2024,devmap,E8.5,E8.5-R1,14,153597,23435,E8.5,8.5,19.185813903808594
late,qiu2024,devmap,E8.5,E8.5-R1,15,153597,23435,E8.5,8.5,18.799949645996094
late,qiu2024,devmap,E8.5,E8.5-R1,16,153597,23435,E8.5,8.5,19.402753829956055
late,qiu2024,devmap,E8.5,E8.5-R1,17,153597,23435,E8.5,8.5,18.941692352294922
late,qiu2024,devmap,E8.5,E8.5-R1,18,153597,23435,E8.5,8.5,19.48533058166504
late,qiu2024,devmap,E8.5,E8.5-R1,19,153597,23435,E8.5,8.5,19.728792190551758
late,qiu2024,devmap,E8.5,E8.5-R1,20,153597,23435,E8.5,8.5,20.065322875976562
late,qiu2024,devmap,E8.5,E8.5-R1,21,153597,23435,E8.5,8.5,20.020723342895508
late,qiu2024,devmap,E8.5,E8.5-R1,22,153597,23435,E8.5,8.5,19.567852020263672
late,qiu2024,devmap,E8.5,E8.5-R1,23,153597,23435,E8.5,8.5,20.158855438232422
late,qiu2024,devmap,E8.5,E8.5-R1,24,153597,23435,E8.5,8.5,19.262434005737305
late,qiu2024,devmap,E8.5,E8.5-R1,25,153597,23435,E8.5,8.5,20.2725830078125
late,qiu2024,devmap,E8.5,E8.5-R1,26,153597,23435,E8.5,8.5,19.48027229309082
late,qiu2024,devmap,E8.5,E8.5-R1,27,153597,23435,E8.5,8.5,19.828006744384766
late,qiu2024,devmap,E8.5,E8.5-R1,28,153597,23435,E8.5,8.5,20.1766357421875
late,qiu2024,devmap,E8.5,E8.5-R1,29,153597,23435,E8.5,8.5,19.227737426757812
late,qiu2024,devmap,E8.5,E8.5-R1,30,153597,23435,E8.5,8.5,19.456409454345703
late,qiu2024,devmap,E8.5,E8.5-R1,31,153597,23435,E8.5,8.5,19.685726165771484
late,qiu2024,devmap,E8.5,E8.5-R1,32,153597,23435,E8.5,8.5,19.61332893371582
late,qiu2024,devmap,E8.5,E8.5-R1,33,153597,23435,E8.5,8.5,19.518489837646484
late,qiu2024,devmap,E8.5,E8.5-R1,34,153597,23435,E8.5,8.5,19.174928665161133
late,qiu2024,devmap,E8.5,E8.5-R1,35,153597,23435,E8.5,8.5,20.25935173034668
late,qiu2024,devmap,E8.5,E8.5-R1,36,153597,23435,E8.5,8.5,19.524097442626953
late,qiu2024,devmap,E8.5,E8.5-R1,37,153597,23435,E8.5,8.5,19.186111450195312
late,qiu2024,devmap,E8.5,E8.5-R1,38,153597,23435,E8.5,8.5,18.899307250976562
late,qiu2024,devmap,E8.5,E8.5-R1,39,153597,23435,E8.5,8.5,20.089523315429688
late,qiu2024,devmap,E8.5,E8.5-R1,40,153597,23435,E8.5,8.5,19.502544403076172
late,qiu2024,devmap,E8.5,E8.5-R1,41,153597,23435,E8.5,8.5,19.863554000854492
late,qiu2024,devmap,E8.5,E8.5-R1,42,153597,23435,E8.5,8.5,19.454509735107422
late,qiu2024,devmap,E8.5,E8.5-R1,43,153597,23435,E8.5,8.5,21.233112335205078
late,qiu2024,devmap,E8.5,E8.5-R1,44,153597,23435,E8.5,8.5,20.34010124206543
late,qiu2024,devmap,E8.5,E8.5-R1,45,153597,23435,E8.5,8.5,20.70907211303711
late,qiu2024,devmap,E8.5,E8.5-R1,46,153597,23435,E8.5,8.5,19.35381507873535
late,qiu2024,devmap,E8.5,E8.5-R1,47,153597,23435,E8.5,8.5,20.55337905883789
late,qiu2024,devmap,E8.5,E8.5-R1,48,153597,23435,E8.5,8.5,19.257648468017578
late,qiu2024,devmap,E8.5,E8.5-R1,49,153597,23435,E8.5,8.5,20.487720489501953
late,qiu2024,devmap,E8.5,E8.5-R2,0,153597,38216,E8.5,8.5,18.92794418334961
late,qiu2024,devmap,E8.5,E8.5-R2,1,153597,38216,E8.5,8.5,19.460208892822266
late,qiu2024,devmap,E8.5,E8.5-R2,2,153597,38216,E8.5,8.5,18.968597412109375
late,qiu2024,devmap,E8.5,E8.5-R2,3,153597,38216,E8.5,8.5,18.90888214111328
late,qiu2024,devmap,E8.5,E8.5-R2,4,153597,38216,E8.5,8.5,18.971332550048828
late,qiu2024,devmap,E8.5,E8.5-R2,5,153597,38216,E8.5,8.5,19.628873825073242
late,qiu2024,devmap,E8.5,E8.5-R2,6,153597,38216,E8.5,8.5,19.429834365844727
late,qiu2024,devmap,E8.5,E8.5-R2,7,153597,38216,E8.5,8.5,19.781108856201172
late,qiu2024,devmap,E8.5,E8.5-R2,8,153597,38216,E8.5,8.5,19.112628936767578
late,qiu2024,devmap,E8.5,E8.5-R2,9,153597,38216,E8.5,8.5,19.72608184814453
late,qiu2024,devmap,E8.5,E8.5-R2,10,153597,38216,E8.5,8.5,19.124202728271484
late,qiu2024,devmap,E8.5,E8.5-R2,11,153597,38216,E8.5,8.5,20.195709228515625
late,qiu2024,devmap,E8.5,E8.5-R2,12,153597,38216,E8.5,8.5,19.36656379699707
late,qiu2024,devmap,E8.5,E8.5-R2,13,153597,38216,E8.5,8.5,18.67564582824707
late,qiu2024,devmap,E8.5,E8.5-R2,14,153597,38216,E8.5,8.5,19.346410751342773
late,qiu2024,devmap,E8.5,E8.5-R2,15,153597,38216,E8.5,8.5,19.25621795654297
late,qiu2024,devmap,E8.5,E8.5-R2,16,153597,38216,E8.5,8.5,19.936695098876953
late,qiu2024,devmap,E8.5,E8.5-R2,17,153597,38216,E8.5,8.5,19.628509521484375
late,qiu2024,devmap,E8.5,E8.5-R2,18,153597,38216,E8.5,8.5,19.088077545166016
late,qiu2024,devmap,E8.5,E8.5-R2,19,153597,38216,E8.5,8.5,19.581005096435547
late,qiu2024,devmap,E8.5,E8.5-R2,20,153597,38216,E8.5,8.5,19.228343963623047
late,qiu2024,devmap,E8.5,E8.5-R2,21,153597,38216,E8.5,8.5,18.928274154663086
late,qiu2024,devmap,E8.5,E8.5-R2,22,153597,38216,E8.5,8.5,18.40347671508789
late,qiu2024,devmap,E8.5,E8.5-R2,23,153597,38216,E8.5,8.5,18.967987060546875
late,qiu2024,devmap,E8.5,E8.5-R2,24,153597,38216,E8.5,8.5,19.40365982055664
late,qiu2024,devmap,E8.5,E8.5-R2,25,153597,38216,E8.5,8.5,19.397869110107422
late,qiu2024,devmap,E8.5,E8.5-R2,26,153597,38216,E8.5,8.5,18.716466903686523
late,qiu2024,devmap,E8.5,E8.5-R2,27,153597,38216,E8.5,8.5,18.695636749267578
late,qiu2024,devmap,E8.5,E8.5-R2,28,153597,38216,E8.5,8.5,19.291893005371094
late,qiu2024,devmap,E8.5,E8.5-R2,29,153597,38216,E8.5,8.5,20.16029930114746
late,qiu2024,devmap,E8.5,E8.5-R2,30,153597,38216,E8.5,8.5,18.75885772705078
late,qiu2024,devmap,E8.5,E8.5-R2,31,153597,38216,E8.5,8.5,19.449811935424805
late,qiu2024,devmap,E8.5,E8.5-R2,32,153597,38216,E8.5,8.5,19.766897201538086
late,qiu2024,devmap,E8.5,E8.5-R2,33,153597,38216,E8.5,8.5,19.636472702026367
late,qiu2024,devmap,E8.5,E8.5-R2,34,153597,38216,E8.5,8.5,19.81069564819336
late,qiu2024,devmap,E8.5,E8.5-R2,35,153597,38216,E8.5,8.5,18.993179321289062
late,qiu2024,devmap,E8.5,E8.5-R2,36,153597,38216,E8.5,8.5,19.584064483642578
late,qiu2024,devmap,E8.5,E8.5-R2,37,153597,38216,E8.5,8.5,19.4046630859375
late,qiu2024,devmap,E8.5,E8.5-R2,38,153597,38216,E8.5,8.5,19.95689582824707
late,qiu2024,devmap,E8.5,E8.5-R2,39,153597,38216,E8.5,8.5,19.0595703125
late,qiu2024,devmap,E8.5,E8.5-R2,40,153597,38216,E8.5,8.5,19.25112533569336
late,qiu2024,devmap,E8.5,E8.5-R2,41,153597,38216,E8.5,8.5,19.47545623779297
late,qiu2024,devmap,E8.5,E8.5-R2,42,153597,38216,E8.5,8.5,20.08140754699707
late,qiu2024,devmap,E8.5,E8.5-R2,43,153597,38216,E8.5,8.5,18.81350326538086
late,qiu2024,devmap,E8.5,E8.5-R2,44,153597,38216,E8.5,8.5,19.384395599365234
late,qiu2024,devmap,E8.5,E8.5-R2,45,153597,38216,E8.5,8.5,19.674884796142578
late,qiu2024,devmap,E8.5,E8.5-R2,46,153597,38216,E8.5,8.5,18.748064041137695
late,qiu2024,devmap,E8.5,E8.5-R2,47,153597,38216,E8.5,8.5,18.963428497314453
late,qiu2024,devmap,E8.5,E8.5-R2,48,153597,38216,E8.5,8.5,19.281558990478516
late,qiu2024,devmap,E8.5,E8.5-R2,49,153597,38216,E8.5,8.5,18.395936965942383
late,qiu2024,devmap,E8.5,E8.5-R3,0,153597,27743,E8.5,8.5,18.583209991455078
late,qiu2024,devmap,E8.5,E8.5-R3,1,153597,27743,E8.5,8.5,18.934246063232422
late,qiu2024,devmap,E8.5,E8.5-R3,2,153597,27743,E8.5,8.5,18.101621627807617
late,qiu2024,devmap,E8.5,E8.5-R3,3,153597,27743,E8.5,8.5,18.949201583862305
late,qiu2024,devmap,E8.5,E8.5-R3,4,153597,27743,E8.5,8.5,19.434890747070312
late,qiu2024,devmap,E8.5,E8.5-R3,5,153597,27743,E8.5,8.5,19.143821716308594
late,qiu2024,devmap,E8.5,E8.5-R3,6,153597,27743,E8.5,8.5,18.72894287109375
late,qiu2024,devmap,E8.5,E8.5-R3,7,153597,27743,E8.5,8.5,18.10197639465332
late,qiu2024,devmap,E8.5,E8.5-R3,8,153597,27743,E8.5,8.5,18.141918182373047
late,qiu2024,devmap,E8.5,E8.5-R3,9,153597,27743,E8.5,8.5,18.759349822998047
late,qiu2024,devmap,E8.5,E8.5-R3,10,153597,27743,E8.5,8.5,18.525943756103516
late,qiu2024,devmap,E8.5,E8.5-R3,11,153597,27743,E8.5,8.5,17.85158920288086
late,qiu2024,devmap,E8.5,E8.5-R3,12,153597,27743,E8.5,8.5,19.56182098388672
late,qiu2024,devmap,E8.5,E8.5-R3,13,153597,27743,E8.5,8.5,18.394866943359375
late,qiu2024,devmap,E8.5,E8.5-R3,14,153597,27743,E8.5,8.5,18.642417907714844
late,qiu2024,devmap,E8.5,E8.5-R3,15,153597,27743,E8.5,8.5,18.413618087768555
late,qiu2024,devmap,E8.5,E8.5-R3,16,153597,27743,E8.5,8.5,17.653079986572266
late,qiu2024,devmap,E8.5,E8.5-R3,17,153597,27743,E8.5,8.5,18.73453140258789
late,qiu2024,devmap,E8.5,E8.5-R3,18,153597,27743,E8.5,8.5,18.49700927734375
late,qiu2024,devmap,E8.5,E8.5-R3,19,153597,27743,E8.5,8.5,18.32894515991211
late,qiu2024,devmap,E8.5,E8.5-R3,20,153597,27743,E8.5,8.5,19.089248657226562
late,qiu2024,devmap,E8.5,E8.5-R3,21,153597,27743,E8.5,8.5,18.185895919799805
late,qiu2024,devmap,E8.5,E8.5-R3,22,153597,27743,E8.5,8.5,19.528545379638672
late,qiu2024,devmap,E8.5,E8.5-R3,23,153597,27743,E8.5,8.5,18.52051544189453
late,qiu2024,devmap,E8.5,E8.5-R3,24,153597,27743,E8.5,8.5,17.81312370300293
late,qiu2024,devmap,E8.5,E8.5-R3,25,153597,27743,E8.5,8.5,17.98116111755371
late,qiu2024,devmap,E8.5,E8.5-R3,26,153597,27743,E8.5,8.5,18.124364852905273
late,qiu2024,devmap,E8.5,E8.5-R3,27,153597,27743,E8.5,8.5,18.666866302490234
late,qiu2024,devmap,E8.5,E8.5-R3,28,153597,27743,E8.5,8.5,18.190292358398438
late,qiu2024,devmap,E8.5,E8.5-R3,29,153597,27743,E8.5,8.5,17.933414459228516
late,qiu2024,devmap,E8.5,E8.5-R3,30,153597,27743,E8.5,8.5,18.854827880859375
late,qiu2024,devmap,E8.5,E8.5-R3,31,153597,27743,E8.5,8.5,19.271499633789062
late,qiu2024,devmap,E8.5,E8.5-R3,32,153597,27743,E8.5,8.5,19.154409408569336
late,qiu2024,devmap,E8.5,E8.5-R3,33,153597,27743,E8.5,8.5,18.64495849609375
late,qiu2024,devmap,E8.5,E8.5-R3,34,153597,27743,E8.5,8.5,18.35588264465332
late,qiu2024,devmap,E8.5,E8.5-R3,35,153597,27743,E8.5,8.5,19.020606994628906
late,qiu2024,devmap,E8.5,E8.5-R3,36,153597,27743,E8.5,8.5,18.734298706054688
late,qiu2024,devmap,E8.5,E8.5-R3,37,153597,27743,E8.5,8.5,17.75506591796875
late,qiu2024,devmap,E8.5,E8.5-R3,38,153597,27743,E8.5,8.5,20.022544860839844
late,qiu2024,devmap,E8.5,E8.5-R3,39,153597,27743,E8.5,8.5,18.62567138671875
late,qiu2024,devmap,E8.5,E8.5-R3,40,153597,27743,E8.5,8.5,18.130496978759766
late,qiu2024,devmap,E8.5,E8.5-R3,41,153597,27743,E8.5,8.5,19.27806854248047
late,qiu2024,devmap,E8.5,E8.5-R3,42,153597,27743,E8.5,8.5,18.70269012451172
late,qiu2024,devmap,E8.5,E8.5-R3,43,153597,27743,E8.5,8.5,18.152099609375
late,qiu2024,devmap,E8.5,E8.5-R3,44,153597,27743,E8.5,8.5,18.613994598388672
late,qiu2024,devmap,E8.5,E8.5-R3,45,153597,27743,E8.5,8.5,18.43480682373047
late,qiu2024,devmap,E8.5,E8.5-R3,46,153597,27743,E8.5,8.5,18.968284606933594
late,qiu2024,devmap,E8.5,E8.5-R3,47,153597,27743,E8.5,8.5,18.804481506347656
late,qiu2024,devmap,E8.5,E8.5-R3,48,153597,27743,E8.5,8.5,17.934085845947266
late,qiu2024,devmap,E8.5,E8.5-R3,49,153597,27743,E8.5,8.5,19.226531982421875
late,qiu2024,devmap,E8.5,E9.0-R1,0,153597,92063,E8.5,9.0,23.08513832092285
late,qiu2024,devmap,E8.5,E9.0-R1,1,153597,92063,E8.5,9.0,22.240440368652344
late,qiu2024,devmap,E8.5,E9.0-R1,2,153597,92063,E8.5,9.0,23.974437713623047
late,qiu2024,devmap,E8.5,E9.0-R1,3,153597,92063,E8.5,9.0,23.12746810913086
late,qiu2024,devmap,E8.5,E9.0-R1,4,153597,92063,E8.5,9.0,22.299274444580078
late,qiu2024,devmap,E8.5,E9.0-R1,5,153597,92063,E8.5,9.0,22.94908905029297
late,qiu2024,devmap,E8.5,E9.0-R1,6,153597,92063,E8.5,9.0,23.762407302856445
late,qiu2024,devmap,E8.5,E9.0-R1,7,153597,92063,E8.5,9.0,22.793697357177734
late,qiu2024,devmap,E8.5,E9.0-R1,8,153597,92063,E8.5,9.0,22.63817024230957
late,qiu2024,devmap,E8.5,E9.0-R1,9,153597,92063,E8.5,9.0,22.11966323852539
late,qiu2024,devmap,E8.5,E9.0-R1,10,153597,92063,E8.5,9.0,23.158166885375977
late,qiu2024,devmap,E8.5,E9.0-R1,11,153597,92063,E8.5,9.0,23.049007415771484
late,qiu2024,devmap,E8.5,E9.0-R1,12,153597,92063,E8.5,9.0,22.359256744384766
late,qiu2024,devmap,E8.5,E9.0-R1,13,153597,92063,E8.5,9.0,22.4494571685791
late,qiu2024,devmap,E8.5,E9.0-R1,14,153597,92063,E8.5,9.0,23.591392517089844
late,qiu2024,devmap,E8.5,E9.0-R1,15,153597,92063,E8.5,9.0,23.585487365722656
late,qiu2024,devmap,E8.5,E9.0-R1,16,153597,92063,E8.5,9.0,23.025310516357422
late,qiu2024,devmap,E8.5,E9.0-R1,17,153597,92063,E8.5,9.0,23.015735626220703
late,qiu2024,devmap,E8.5,E9.0-R1,18,153597,92063,E8.5,9.0,23.071834564208984
late,qiu2024,devmap,E8.5,E9.0-R1,19,153597,92063,E8.5,9.0,22.84583282470703
late,qiu2024,devmap,E8.5,E9.0-R1,20,153597,92063,E8.5,9.0,23.22115707397461
late,qiu2024,devmap,E8.5,E9.0-R1,21,153597,92063,E8.5,9.0,22.85202980041504
late,qiu2024,devmap,E8.5,E9.0-R1,22,153597,92063,E8.5,9.0,23.29573631286621
late,qiu2024,devmap,E8.5,E9.0-R1,23,153597,92063,E8.5,9.0,23.114856719970703
late,qiu2024,devmap,E8.5,E9.0-R1,24,153597,92063,E8.5,9.0,23.36631965637207
late,qiu2024,devmap,E8.5,E9.0-R1,25,153597,92063,E8.5,9.0,22.72650909423828
late,qiu2024,devmap,E8.5,E9.0-R1,26,153597,92063,E8.5,9.0,22.18280029296875
late,qiu2024,devmap,E8.5,E9.0-R1,27,153597,92063,E8.5,9.0,22.256755828857422
late,qiu2024,devmap,E8.5,E9.0-R1,28,153597,92063,E8.5,9.0,22.579181671142578
late,qiu2024,devmap,E8.5,E9.0-R1,29,153597,92063,E8.5,9.0,22.289379119873047
late,qiu2024,devmap,E8.5,E9.0-R1,30,153597,92063,E8.5,9.0,23.235658645629883
late,qiu2024,devmap,E8.5,E9.0-R1,31,153597,92063,E8.5,9.0,22.910743713378906
late,qiu2024,devmap,E8.5,E9.0-R1,32,153597,92063,E8.5,9.0,22.610580444335938
late,qiu2024,devmap,E8.5,E9.0-R1,33,153597,92063,E8.5,9.0,22.189918518066406
late,qiu2024,devmap,E8.5,E9.0-R1,34,153597,92063,E8.5,9.0,22.33686065673828
late,qiu2024,devmap,E8.5,E9.0-R1,35,153597,92063,E8.5,9.0,22.573909759521484
late,qiu2024,devmap,E8.5,E9.0-R1,36,153597,92063,E8.5,9.0,22.873308181762695
late,qiu2024,devmap,E8.5,E9.0-R1,37,153597,92063,E8.5,9.0,22.37464714050293
late,qiu2024,devmap,E8.5,E9.0-R1,38,153597,92063,E8.5,9.0,22.884525299072266
late,qiu2024,devmap,E8.5,E9.0-R1,39,153597,92063,E8.5,9.0,22.796470642089844
late,qiu2024,devmap,E8.5,E9.0-R1,40,153597,92063,E8.5,9.0,22.271835327148438
late,qiu2024,devmap,E8.5,E9.0-R1,41,153597,92063,E8.5,9.0,22.925312042236328
late,qiu2024,devmap,E8.5,E9.0-R1,42,153597,92063,E8.5,9.0,22.5093994140625
late,qiu2024,devmap,E8.5,E9.0-R1,43,153597,92063,E8.5,9.0,22.634977340698242
late,qiu2024,devmap,E8.5,E9.0-R1,44,153597,92063,E8.5,9.0,22.713233947753906
late,qiu2024,devmap,E8.5,E9.0-R1,45,153597,92063,E8.5,9.0,22.585769653320312
late,qiu2024,devmap,E8.5,E9.0-R1,46,153597,92063,E8.5,9.0,22.881515502929688
late,qiu2024,devmap,E8.5,E9.0-R1,47,153597,92063,E8.5,9.0,22.379127502441406
late,qiu2024,devmap,E8.5,E9.0-R1,48,153597,92063,E8.5,9.0,22.34964370727539
late,qiu2024,devmap,E8.5,E9.0-R1,49,153597,92063,E8.5,9.0,22.544475555419922
late,qiu2024,devmap,E8.5,E9.0-R2,0,153597,99878,E8.5,9.0,20.38894271850586
late,qiu2024,devmap,E8.5,E9.0-R2,1,153597,99878,E8.5,9.0,20.66124153137207
late,qiu2024,devmap,E8.5,E9.0-R2,2,153597,99878,E8.5,9.0,21.01838493347168
late,qiu2024,devmap,E8.5,E9.0-R2,3,153597,99878,E8.5,9.0,20.924697875976562
late,qiu2024,devmap,E8.5,E9.0-R2,4,153597,99878,E8.5,9.0,20.50942611694336
late,qiu2024,devmap,E8.5,E9.0-R2,5,153597,99878,E8.5,9.0,21.421863555908203
late,qiu2024,devmap,E8.5,E9.0-R2,6,153597,99878,E8.5,9.0,21.18934440612793
late,qiu2024,devmap,E8.5,E9.0-R2,7,153597,99878,E8.5,9.0,19.90930938720703
late,qiu2024,devmap,E8.5,E9.0-R2,8,153597,99878,E8.5,9.0,20.123783111572266
late,qiu2024,devmap,E8.5,E9.0-R2,9,153597,99878,E8.5,9.0,20.587554931640625
late,qiu2024,devmap,E8.5,E9.0-R2,10,153597,99878,E8.5,9.0,20.094161987304688
late,qiu2024,devmap,E8.5,E9.0-R2,11,153597,99878,E8.5,9.0,20.65056610107422
late,qiu2024,devmap,E8.5,E9.0-R2,12,153597,99878,E8.5,9.0,20.49604034423828
late,qiu2024,devmap,E8.5,E9.0-R2,13,153597,99878,E8.5,9.0,20.637950897216797
late,qiu2024,devmap,E8.5,E9.0-R2,14,153597,99878,E8.5,9.0,20.621726989746094
late,qiu2024,devmap,E8.5,E9.0-R2,15,153597,99878,E8.5,9.0,20.209495544433594
late,qiu2024,devmap,E8.5,E9.0-R2,16,153597,99878,E8.5,9.0,20.277158737182617
late,qiu2024,devmap,E8.5,E9.0-R2,17,153597,99878,E8.5,9.0,20.994409561157227
late,qiu2024,devmap,E8.5,E9.0-R2,18,153597,99878,E8.5,9.0,20.82445526123047
late,qiu2024,devmap,E8.5,E9.0-R2,19,153597,99878,E8.5,9.0,20.264131546020508
late,qiu2024,devmap,E8.5,E9.0-R2,20,153597,99878,E8.5,9.0,21.031681060791016
late,qiu2024,devmap,E8.5,E9.0-R2,21,153597,99878,E8.5,9.0,20.771621704101562
late,qiu2024,devmap,E8.5,E9.0-R2,22,153597,99878,E8.5,9.0,20.094406127929688
late,qiu2024,devmap,E8.5,E9.0-R2,23,153597,99878,E8.5,9.0,20.908016204833984
late,qiu2024,devmap,E8.5,E9.0-R2,24,153597,99878,E8.5,9.0,20.546871185302734
late,qiu2024,devmap,E8.5,E9.0-R2,25,153597,99878,E8.5,9.0,20.731536865234375
late,qiu2024,devmap,E8.5,E9.0-R2,26,153597,99878,E8.5,9.0,21.80775260925293
late,qiu2024,devmap,E8.5,E9.0-R2,27,153597,99878,E8.5,9.0,20.168453216552734
late,qiu2024,devmap,E8.5,E9.0-R2,28,153597,99878,E8.5,9.0,20.587230682373047
late,qiu2024,devmap,E8.5,E9.0-R2,29,153597,99878,E8.5,9.0,20.261816024780273
late,qiu2024,devmap,E8.5,E9.0-R2,30,153597,99878,E8.5,9.0,20.42641830444336
late,qiu2024,devmap,E8.5,E9.0-R2,31,153597,99878,E8.5,9.0,20.229583740234375
late,qiu2024,devmap,E8.5,E9.0-R2,32,153597,99878,E8.5,9.0,19.834434509277344
late,qiu2024,devmap,E8.5,E9.0-R2,33,153597,99878,E8.5,9.0,20.46312713623047
late,qiu2024,devmap,E8.5,E9.0-R2,34,153597,99878,E8.5,9.0,19.909194946289062
late,qiu2024,devmap,E8.5,E9.0-R2,35,153597,99878,E8.5,9.0,21.02801513671875
late,qiu2024,devmap,E8.5,E9.0-R2,36,153597,99878,E8.5,9.0,20.349212646484375
late,qiu2024,devmap,E8.5,E9.0-R2,37,153597,99878,E8.5,9.0,21.182266235351562
late,qiu2024,devmap,E8.5,E9.0-R2,38,153597,99878,E8.5,9.0,20.791301727294922
late,qiu2024,devmap,E8.5,E9.0-R2,39,153597,99878,E8.5,9.0,20.069561004638672
late,qiu2024,devmap,E8.5,E9.0-R2,40,153597,99878,E8.5,9.0,20.58514976501465
late,qiu2024,devmap,E8.5,E9.0-R2,41,153597,99878,E8.5,9.0,20.285099029541016
late,qiu2024,devmap,E8.5,E9.0-R2,42,153597,99878,E8.5,9.0,20.73096466064453
late,qiu2024,devmap,E8.5,E9.0-R2,43,153597,99878,E8.5,9.0,20.202289581298828
late,qiu2024,devmap,E8.5,E9.0-R2,44,153597,99878,E8.5,9.0,20.259979248046875
late,qiu2024,devmap,E8.5,E9.0-R2,45,153597,99878,E8.5,9.0,20.901134490966797
late,qiu2024,devmap,E8.5,E9.0-R2,46,153597,99878,E8.5,9.0,20.858856201171875
late,qiu2024,devmap,E8.5,E9.0-R2,47,153597,99878,E8.5,9.0,20.83096694946289
late,qiu2024,devmap,E8.5,E9.0-R2,48,153597,99878,E8.5,9.0,21.035871505737305
late,qiu2024,devmap,E8.5,E9.0-R2,49,153597,99878,E8.5,9.0,19.946788787841797
late,qiu2024,devmap,E8.5,E9.0-R3,0,153597,62867,E8.5,9.0,20.552627563476562
late,qiu2024,devmap,E8.5,E9.0-R3,1,153597,62867,E8.5,9.0,19.28659439086914
late,qiu2024,devmap,E8.5,E9.0-R3,2,153597,62867,E8.5,9.0,19.719573974609375
late,qiu2024,devmap,E8.5,E9.0-R3,3,153597,62867,E8.5,9.0,21.055522918701172
late,qiu2024,devmap,E8.5,E9.0-R3,4,153597,62867,E8.5,9.0,18.9031982421875
late,qiu2024,devmap,E8.5,E9.0-R3,5,153597,62867,E8.5,9.0,19.73566436767578
late,qiu2024,devmap,E8.5,E9.0-R3,6,153597,62867,E8.5,9.0,20.128000259399414
late,qiu2024,devmap,E8.5,E9.0-R3,7,153597,62867,E8.5,9.0,19.775650024414062
late,qiu2024,devmap,E8.5,E9.0-R3,8,153597,62867,E8.5,9.0,20.469451904296875
late,qiu2024,devmap,E8.5,E9.0-R3,9,153597,62867,E8.5,9.0,20.212406158447266
late,qiu2024,devmap,E8.5,E9.0-R3,10,153597,62867,E8.5,9.0,19.76921844482422
late,qiu2024,devmap,E8.5,E9.0-R3,11,153597,62867,E8.5,9.0,20.320772171020508
late,qiu2024,devmap,E8.5,E9.0-R3,12,153597,62867,E8.5,9.0,20.213722229003906
late,qiu2024,devmap,E8.5,E9.0-R3,13,153597,62867,E8.5,9.0,19.455062866210938
late,qiu2024,devmap,E8.5,E9.0-R3,14,153597,62867,E8.5,9.0,20.36498260498047
late,qiu2024,devmap,E8.5,E9.0-R3,15,153597,62867,E8.5,9.0,20.281509399414062
late,qiu2024,devmap,E8.5,E9.0-R3,16,153597,62867,E8.5,9.0,19.839012145996094
late,qiu2024,devmap,E8.5,E9.0-R3,17,153597,62867,E8.5,9.0,20.233198165893555
late,qiu2024,devmap,E8.5,E9.0-R3,18,153597,62867,E8.5,9.0,19.794937133789062
late,qiu2024,devmap,E8.5,E9.0-R3,19,153597,62867,E8.5,9.0,20.37225914001465
late,qiu2024,devmap,E8.5,E9.0-R3,20,153597,62867,E8.5,9.0,20.591793060302734
late,qiu2024,devmap,E8.5,E9.0-R3,21,153597,62867,E8.5,9.0,19.4819393157959
late,qiu2024,devmap,E8.5,E9.0-R3,22,153597,62867,E8.5,9.0,19.535057067871094
late,qiu2024,devmap,E8.5,E9.0-R3,23,153597,62867,E8.5,9.0,19.686866760253906
late,qiu2024,devmap,E8.5,E9.0-R3,24,153597,62867,E8.5,9.0,19.95595932006836
late,qiu2024,devmap,E8.5,E9.0-R3,25,153597,62867,E8.5,9.0,19.58064842224121
late,qiu2024,devmap,E8.5,E9.0-R3,26,153597,62867,E8.5,9.0,20.831018447875977
late,qiu2024,devmap,E8.5,E9.0-R3,27,153597,62867,E8.5,9.0,19.687959671020508
late,qiu2024,devmap,E8.5,E9.0-R3,28,153597,62867,E8.5,9.0,19.626136779785156
late,qiu2024,devmap,E8.5,E9.0-R3,29,153597,62867,E8.5,9.0,19.691978454589844
late,qiu2024,devmap,E8.5,E9.0-R3,30,153597,62867,E8.5,9.0,20.09583282470703
late,qiu2024,devmap,E8.5,E9.0-R3,31,153597,62867,E8.5,9.0,19.865936279296875
late,qiu2024,devmap,E8.5,E9.0-R3,32,153597,62867,E8.5,9.0,20.089712142944336
late,qiu2024,devmap,E8.5,E9.0-R3,33,153597,62867,E8.5,9.0,19.83023452758789
late,qiu2024,devmap,E8.5,E9.0-R3,34,153597,62867,E8.5,9.0,19.87771987915039
late,qiu2024,devmap,E8.5,E9.0-R3,35,153597,62867,E8.5,9.0,19.881980895996094
late,qiu2024,devmap,E8.5,E9.0-R3,36,153597,62867,E8.5,9.0,19.95022201538086
late,qiu2024,devmap,E8.5,E9.0-R3,37,153597,62867,E8.5,9.0,19.69371795654297
late,qiu2024,devmap,E8.5,E9.0-R3,38,153597,62867,E8.5,9.0,19.639650344848633
late,qiu2024,devmap,E8.5,E9.0-R3,39,153597,62867,E8.5,9.0,21.762317657470703
late,qiu2024,devmap,E8.5,E9.0-R3,40,153597,62867,E8.5,9.0,20.151214599609375
late,qiu2024,devmap,E8.5,E9.0-R3,41,153597,62867,E8.5,9.0,19.338993072509766
late,qiu2024,devmap,E8.5,E9.0-R3,42,153597,62867,E8.5,9.0,18.91254997253418
late,qiu2024,devmap,E8.5,E9.0-R3,43,153597,62867,E8.5,9.0,21.043169021606445
late,qiu2024,devmap,E8.5,E9.0-R3,44,153597,62867,E8.5,9.0,20.7176513671875
late,qiu2024,devmap,E8.5,E9.0-R3,45,153597,62867,E8.5,9.0,19.94791030883789
late,qiu2024,devmap,E8.5,E9.0-R3,46,153597,62867,E8.5,9.0,19.483219146728516
late,qiu2024,devmap,E8.5,E9.0-R3,47,153597,62867,E8.5,9.0,19.693477630615234
late,qiu2024,devmap,E8.5,E9.0-R3,48,153597,62867,E8.5,9.0,20.731361389160156
late,qiu2024,devmap,E8.5,E9.0-R3,49,153597,62867,E8.5,9.0,20.18365478515625
late,qiu2024,devmap,E8.5,E9.5-R1,0,153597,383453,E8.5,9.5,31.217212677001953
late,qiu2024,devmap,E8.5,E9.5-R1,1,153597,383453,E8.5,9.5,30.82477569580078
late,qiu2024,devmap,E8.5,E9.5-R1,2,153597,383453,E8.5,9.5,30.751323699951172
late,qiu2024,devmap,E8.5,E9.5-R1,3,153597,383453,E8.5,9.5,30.662179946899414
late,qiu2024,devmap,E8.5,E9.5-R1,4,153597,383453,E8.5,9.5,31.288806915283203
late,qiu2024,devmap,E8.5,E9.5-R1,5,153597,383453,E8.5,9.5,30.892370223999023
late,qiu2024,devmap,E8.5,E9.5-R1,6,153597,383453,E8.5,9.5,30.776729583740234
late,qiu2024,devmap,E8.5,E9.5-R1,7,153597,383453,E8.5,9.5,30.616851806640625
late,qiu2024,devmap,E8.5,E9.5-R1,8,153597,383453,E8.5,9.5,30.80425262451172
late,qiu2024,devmap,E8.5,E9.5-R1,9,153597,383453,E8.5,9.5,30.874282836914062
late,qiu2024,devmap,E8.5,E9.5-R1,10,153597,383453,E8.5,9.5,30.511653900146484
late,qiu2024,devmap,E8.5,E9.5-R1,11,153597,383453,E8.5,9.5,31.375999450683594
late,qiu2024,devmap,E8.5,E9.5-R1,12,153597,383453,E8.5,9.5,31.133899688720703
late,qiu2024,devmap,E8.5,E9.5-R1,13,153597,383453,E8.5,9.5,30.254785537719727
late,qiu2024,devmap,E8.5,E9.5-R1,14,153597,383453,E8.5,9.5,31.010313034057617
late,qiu2024,devmap,E8.5,E9.5-R1,15,153597,383453,E8.5,9.5,31.273155212402344
late,qiu2024,devmap,E8.5,E9.5-R1,16,153597,383453,E8.5,9.5,30.90924644470215
late,qiu2024,devmap,E8.5,E9.5-R1,17,153597,383453,E8.5,9.5,30.623476028442383
late,qiu2024,devmap,E8.5,E9.5-R1,18,153597,383453,E8.5,9.5,30.997535705566406
late,qiu2024,devmap,E8.5,E9.5-R1,19,153597,383453,E8.5,9.5,31.203441619873047
late,qiu2024,devmap,E8.5,E9.5-R1,20,153597,383453,E8.5,9.5,30.654891967773438
late,qiu2024,devmap,E8.5,E9.5-R1,21,153597,383453,E8.5,9.5,31.037904739379883
late,qiu2024,devmap,E8.5,E9.5-R1,22,153597,383453,E8.5,9.5,30.944673538208008
late,qiu2024,devmap,E8.5,E9.5-R1,23,153597,383453,E8.5,9.5,30.21467399597168
late,qiu2024,devmap,E8.5,E9.5-R1,24,153597,383453,E8.5,9.5,31.688444137573242
late,qiu2024,devmap,E8.5,E9.5-R1,25,153597,383453,E8.5,9.5,30.981388092041016
late,qiu2024,devmap,E8.5,E9.5-R1,26,153597,383453,E8.5,9.5,30.508541107177734
late,qiu2024,devmap,E8.5,E9.5-R1,27,153597,383453,E8.5,9.5,31.031028747558594
late,qiu2024,devmap,E8.5,E9.5-R1,28,153597,383453,E8.5,9.5,30.646799087524414
late,qiu2024,devmap,E8.5,E9.5-R1,29,153597,383453,E8.5,9.5,31.289657592773438
late,qiu2024,devmap,E8.5,E9.5-R1,30,153597,383453,E8.5,9.5,31.086326599121094
late,qiu2024,devmap,E8.5,E9.5-R1,31,153597,383453,E8.5,9.5,31.21483039855957
late,qiu2024,devmap,E8.5,E9.5-R1,32,153597,383453,E8.5,9.5,30.808143615722656
late,qiu2024,devmap,E8.5,E9.5-R1,33,153597,383453,E8.5,9.5,30.596446990966797
late,qiu2024,devmap,E8.5,E9.5-R1,34,153597,383453,E8.5,9.5,31.839818954467773
late,qiu2024,devmap,E8.5,E9.5-R1,35,153597,383453,E8.5,9.5,30.921218872070312
late,qiu2024,devmap,E8.5,E9.5-R1,36,153597,383453,E8.5,9.5,31.38127326965332
late,qiu2024,devmap,E8.5,E9.5-R1,37,153597,383453,E8.5,9.5,30.921939849853516
late,qiu2024,devmap,E8.5,E9.5-R1,38,153597,383453,E8.5,9.5,30.645267486572266
late,qiu2024,devmap,E8.5,E9.5-R1,39,153597,383453,E8.5,9.5,31.03270149230957
late,qiu2024,devmap,E8.5,E9.5-R1,40,153597,383453,E8.5,9.5,31.170969009399414
late,qiu2024,devmap,E8.5,E9.5-R1,41,153597,383453,E8.5,9.5,30.968406677246094
late,qiu2024,devmap,E8.5,E9.5-R1,42,153597,383453,E8.5,9.5,29.919986724853516
late,qiu2024,devmap,E8.5,E9.5-R1,43,153597,383453,E8.5,9.5,30.190357208251953
late,qiu2024,devmap,E8.5,E9.5-R1,44,153597,383453,E8.5,9.5,30.874942779541016
late,qiu2024,devmap,E8.5,E9.5-R1,45,153597,383453,E8.5,9.5,31.284229278564453
late,qiu2024,devmap,E8.5,E9.5-R1,46,153597,383453,E8.5,9.5,31.681657791137695
late,qiu2024,devmap,E8.5,E9.5-R1,47,153597,383453,E8.5,9.5,30.51736831665039
late,qiu2024,devmap,E8.5,E9.5-R1,48,153597,383453,E8.5,9.5,30.894628524780273
late,qiu2024,devmap,E8.5,E9.5-R1,49,153597,383453,E8.5,9.5,31.163116455078125
late,qiu2024,devmap,E8.5,E9.5-R2,0,153597,350716,E8.5,9.5,32.10786819458008
late,qiu2024,devmap,E8.5,E9.5-R2,1,153597,350716,E8.5,9.5,31.921171188354492
late,qiu2024,devmap,E8.5,E9.5-R2,2,153597,350716,E8.5,9.5,33.054290771484375
late,qiu2024,devmap,E8.5,E9.5-R2,3,153597,350716,E8.5,9.5,32.40373992919922
late,qiu2024,devmap,E8.5,E9.5-R2,4,153597,350716,E8.5,9.5,32.8167724609375
late,qiu2024,devmap,E8.5,E9.5-R2,5,153597,350716,E8.5,9.5,32.58264923095703
late,qiu2024,devmap,E8.5,E9.5-R2,6,153597,350716,E8.5,9.5,32.07530975341797
late,qiu2024,devmap,E8.5,E9.5-R2,7,153597,350716,E8.5,9.5,32.472068786621094
late,qiu2024,devmap,E8.5,E9.5-R2,8,153597,350716,E8.5,9.5,32.11808395385742
late,qiu2024,devmap,E8.5,E9.5-R2,9,153597,350716,E8.5,9.5,32.943321228027344
late,qiu2024,devmap,E8.5,E9.5-R2,10,153597,350716,E8.5,9.5,32.56964111328125
late,qiu2024,devmap,E8.5,E9.5-R2,11,153597,350716,E8.5,9.5,31.598072052001953
late,qiu2024,devmap,E8.5,E9.5-R2,12,153597,350716,E8.5,9.5,32.692657470703125
late,qiu2024,devmap,E8.5,E9.5-R2,13,153597,350716,E8.5,9.5,32.224510192871094
late,qiu2024,devmap,E8.5,E9.5-R2,14,153597,350716,E8.5,9.5,32.4658317565918
late,qiu2024,devmap,E8.5,E9.5-R2,15,153597,350716,E8.5,9.5,32.90859603881836
late,qiu2024,devmap,E8.5,E9.5-R2,16,153597,350716,E8.5,9.5,32.66156768798828
late,qiu2024,devmap,E8.5,E9.5-R2,17,153597,350716,E8.5,9.5,32.399085998535156
late,qiu2024,devmap,E8.5,E9.5-R2,18,153597,350716,E8.5,9.5,32.522361755371094
late,qiu2024,devmap,E8.5,E9.5-R2,19,153597,350716,E8.5,9.5,31.590885162353516
late,qiu2024,devmap,E8.5,E9.5-R2,20,153597,350716,E8.5,9.5,32.425174713134766
late,qiu2024,devmap,E8.5,E9.5-R2,21,153597,350716,E8.5,9.5,32.42361068725586
late,qiu2024,devmap,E8.5,E9.5-R2,22,153597,350716,E8.5,9.5,32.77592468261719
late,qiu2024,devmap,E8.5,E9.5-R2,23,153597,350716,E8.5,9.5,31.426637649536133
late,qiu2024,devmap,E8.5,E9.5-R2,24,153597,350716,E8.5,9.5,33.013145446777344
late,qiu2024,devmap,E8.5,E9.5-R2,25,153597,350716,E8.5,9.5,32.23246765136719
late,qiu2024,devmap,E8.5,E9.5-R2,26,153597,350716,E8.5,9.5,32.12907028198242
late,qiu2024,devmap,E8.5,E9.5-R2,27,153597,350716,E8.5,9.5,32.5507926940918
late,qiu2024,devmap,E8.5,E9.5-R2,28,153597,350716,E8.5,9.5,33.25410842895508
late,qiu2024,devmap,E8.5,E9.5-R2,29,153597,350716,E8.5,9.5,32.95719909667969
late,qiu2024,devmap,E8.5,E9.5-R2,30,153597,350716,E8.5,9.5,33.131629943847656
late,qiu2024,devmap,E8.5,E9.5-R2,31,153597,350716,E8.5,9.5,32.01072692871094
late,qiu2024,devmap,E8.5,E9.5-R2,32,153597,350716,E8.5,9.5,32.87106704711914
late,qiu2024,devmap,E8.5,E9.5-R2,33,153597,350716,E8.5,9.5,32.06998062133789
late,qiu2024,devmap,E8.5,E9.5-R2,34,153597,350716,E8.5,9.5,32.75881576538086
late,qiu2024,devmap,E8.5,E9.5-R2,35,153597,350716,E8.5,9.5,31.922168731689453
late,qiu2024,devmap,E8.5,E9.5-R2,36,153597,350716,E8.5,9.5,32.41122055053711
late,qiu2024,devmap,E8.5,E9.5-R2,37,153597,350716,E8.5,9.5,32.656700134277344
late,qiu2024,devmap,E8.5,E9.5-R2,38,153597,350716,E8.5,9.5,32.82603454589844
late,qiu2024,devmap,E8.5,E9.5-R2,39,153597,350716,E8.5,9.5,32.53129577636719
late,qiu2024,devmap,E8.5,E9.5-R2,40,153597,350716,E8.5,9.5,32.81896209716797
late,qiu2024,devmap,E8.5,E9.5-R2,41,153597,350716,E8.5,9.5,32.39344024658203
late,qiu2024,devmap,E8.5,E9.5-R2,42,153597,350716,E8.5,9.5,31.402944564819336
late,qiu2024,devmap,E8.5,E9.5-R2,43,153597,350716,E8.5,9.5,32.58146667480469
late,qiu2024,devmap,E8.5,E9.5-R2,44,153597,350716,E8.5,9.5,32.63456726074219
late,qiu2024,devmap,E8.5,E9.5-R2,45,153597,350716,E8.5,9.5,32.720726013183594
late,qiu2024,devmap,E8.5,E9.5-R2,46,153597,350716,E8.5,9.5,32.054283142089844
late,qiu2024,devmap,E8.5,E9.5-R2,47,153597,350716,E8.5,9.5,32.61635208129883
late,qiu2024,devmap,E8.5,E9.5-R2,48,153597,350716,E8.5,9.5,31.558853149414062
late,qiu2024,devmap,E8.5,E9.5-R2,49,153597,350716,E8.5,9.5,31.326627731323242
late,qiu2024,devmap,E8.5,E9.5-R3,0,153597,342873,E8.5,9.5,30.388715744018555
late,qiu2024,devmap,E8.5,E9.5-R3,1,153597,342873,E8.5,9.5,30.507036209106445
late,qiu2024,devmap,E8.5,E9.5-R3,2,153597,342873,E8.5,9.5,30.296611785888672
late,qiu2024,devmap,E8.5,E9.5-R3,3,153597,342873,E8.5,9.5,29.971099853515625
late,qiu2024,devmap,E8.5,E9.5-R3,4,153597,342873,E8.5,9.5,30.654096603393555
late,qiu2024,devmap,E8.5,E9.5-R3,5,153597,342873,E8.5,9.5,31.547706604003906
late,qiu2024,devmap,E8.5,E9.5-R3,6,153597,342873,E8.5,9.5,30.816265106201172
late,qiu2024,devmap,E8.5,E9.5-R3,7,153597,342873,E8.5,9.5,30.718624114990234
late,qiu2024,devmap,E8.5,E9.5-R3,8,153597,342873,E8.5,9.5,30.527706146240234
late,qiu2024,devmap,E8.5,E9.5-R3,9,153597,342873,E8.5,9.5,31.598773956298828
late,qiu2024,devmap,E8.5,E9.5-R3,10,153597,342873,E8.5,9.5,30.560928344726562
late,qiu2024,devmap,E8.5,E9.5-R3,11,153597,342873,E8.5,9.5,31.053417205810547
late,qiu2024,devmap,E8.5,E9.5-R3,12,153597,342873,E8.5,9.5,30.61587905883789
late,qiu2024,devmap,E8.5,E9.5-R3,13,153597,342873,E8.5,9.5,31.11642837524414
late,qiu2024,devmap,E8.5,E9.5-R3,14,153597,342873,E8.5,9.5,30.33005142211914
late,qiu2024,devmap,E8.5,E9.5-R3,15,153597,342873,E8.5,9.5,30.869007110595703
late,qiu2024,devmap,E8.5,E9.5-R3,16,153597,342873,E8.5,9.5,29.803646087646484
late,qiu2024,devmap,E8.5,E9.5-R3,17,153597,342873,E8.5,9.5,31.179420471191406
late,qiu2024,devmap,E8.5,E9.5-R3,18,153597,342873,E8.5,9.5,30.214641571044922
late,qiu2024,devmap,E8.5,E9.5-R3,19,153597,342873,E8.5,9.5,30.73519515991211
late,qiu2024,devmap,E8.5,E9.5-R3,20,153597,342873,E8.5,9.5,31.602985382080078
late,qiu2024,devmap,E8.5,E9.5-R3,21,153597,342873,E8.5,9.5,31.22138214111328
late,qiu2024,devmap,E8.5,E9.5-R3,22,153597,342873,E8.5,9.5,30.405569076538086
late,qiu2024,devmap,E8.5,E9.5-R3,23,153597,342873,E8.5,9.5,31.041250228881836
late,qiu2024,devmap,E8.5,E9.5-R3,24,153597,342873,E8.5,9.5,31.168636322021484
late,qiu2024,devmap,E8.5,E9.5-R3,25,153597,342873,E8.5,9.5,30.381969451904297
late,qiu2024,devmap,E8.5,E9.5-R3,26,153597,342873,E8.5,9.5,31.231380462646484
late,qiu2024,devmap,E8.5,E9.5-R3,27,153597,342873,E8.5,9.5,30.469594955444336
late,qiu2024,devmap,E8.5,E9.5-R3,28,153597,342873,E8.5,9.5,29.967552185058594
late,qiu2024,devmap,E8.5,E9.5-R3,29,153597,342873,E8.5,9.5,31.02911376953125
late,qiu2024,devmap,E8.5,E9.5-R3,30,153597,342873,E8.5,9.5,30.56316375732422
late,qiu2024,devmap,E8.5,E9.5-R3,31,153597,342873,E8.5,9.5,31.05093765258789
late,qiu2024,devmap,E8.5,E9.5-R3,32,153597,342873,E8.5,9.5,31.192232131958008
late,qiu2024,devmap,E8.5,E9.5-R3,33,153597,342873,E8.5,9.5,30.530292510986328
late,qiu2024,devmap,E8.5,E9.5-R3,34,153597,342873,E8.5,9.5,30.572311401367188
late,qiu2024,devmap,E8.5,E9.5-R3,35,153597,342873,E8.5,9.5,30.589244842529297
late,qiu2024,devmap,E8.5,E9.5-R3,36,153597,342873,E8.5,9.5,30.998119354248047
late,qiu2024,devmap,E8.5,E9.5-R3,37,153597,342873,E8.5,9.5,31.33477210998535
late,qiu2024,devmap,E8.5,E9.5-R3,38,153597,342873,E8.5,9.5,30.094314575195312
late,qiu2024,devmap,E8.5,E9.5-R3,39,153597,342873,E8.5,9.5,31.490001678466797
late,qiu2024,devmap,E8.5,E9.5-R3,40,153597,342873,E8.5,9.5,31.323028564453125
late,qiu2024,devmap,E8.5,E9.5-R3,41,153597,342873,E8.5,9.5,31.108890533447266
late,qiu2024,devmap,E8.5,E9.5-R3,42,153597,342873,E8.5,9.5,30.80775260925293
late,qiu2024,devmap,E8.5,E9.5-R3,43,153597,342873,E8.5,9.5,30.862815856933594
late,qiu2024,devmap,E8.5,E9.5-R3,44,153597,342873,E8.5,9.5,31.73169708251953
late,qiu2024,devmap,E8.5,E9.5-R3,45,153597,342873,E8.5,9.5,30.332874298095703
late,qiu2024,devmap,E8.5,E9.5-R3,46,153597,342873,E8.5,9.5,30.987197875976562
late,qiu2024,devmap,E8.5,E9.5-R3,47,153597,342873,E8.5,9.5,31.047256469726562
late,qiu2024,devmap,E8.5,E9.5-R3,48,153597,342873,E8.5,9.5,30.566118240356445
late,qiu2024,devmap,E8.5,E9.5-R3,49,153597,342873,E8.5,9.5,30.997148513793945
late,qiu2024,devmap,E8.5,E10.0-R1,0,153597,347550,E8.5,10.0,33.81773376464844
late,qiu2024,devmap,E8.5,E10.0-R1,1,153597,347550,E8.5,10.0,35.138885498046875
late,qiu2024,devmap,E8.5,E10.0-R1,2,153597,347550,E8.5,10.0,34.79375076293945
late,qiu2024,devmap,E8.5,E10.0-R1,3,153597,347550,E8.5,10.0,34.6094970703125
late,qiu2024,devmap,E8.5,E10.0-R1,4,153597,347550,E8.5,10.0,34.680335998535156
late,qiu2024,devmap,E8.5,E10.0-R1,5,153597,347550,E8.5,10.0,34.36870574951172
late,qiu2024,devmap,E8.5,E10.0-R1,6,153597,347550,E8.5,10.0,34.80689239501953
late,qiu2024,devmap,E8.5,E10.0-R1,7,153597,347550,E8.5,10.0,34.397945404052734
late,qiu2024,devmap,E8.5,E10.0-R1,8,153597,347550,E8.5,10.0,33.55829620361328
late,qiu2024,devmap,E8.5,E10.0-R1,9,153597,347550,E8.5,10.0,34.424583435058594
late,qiu2024,devmap,E8.5,E10.0-R1,10,153597,347550,E8.5,10.0,35.011634826660156
late,qiu2024,devmap,E8.5,E10.0-R1,11,153597,347550,E8.5,10.0,35.03205871582031
late,qiu2024,devmap,E8.5,E10.0-R1,12,153597,347550,E8.5,10.0,35.104530334472656
late,qiu2024,devmap,E8.5,E10.0-R1,13,153597,347550,E8.5,10.0,34.943695068359375
late,qiu2024,devmap,E8.5,E10.0-R1,14,153597,347550,E8.5,10.0,35.29924774169922
late,qiu2024,devmap,E8.5,E10.0-R1,15,153597,347550,E8.5,10.0,34.235328674316406
late,qiu2024,devmap,E8.5,E10.0-R1,16,153597,347550,E8.5,10.0,33.87110900878906
late,qiu2024,devmap,E8.5,E10.0-R1,17,153597,347550,E8.5,10.0,34.77339172363281
late,qiu2024,devmap,E8.5,E10.0-R1,18,153597,347550,E8.5,10.0,34.60260009765625
late,qiu2024,devmap,E8.5,E10.0-R1,19,153597,347550,E8.5,10.0,34.230743408203125
late,qiu2024,devmap,E8.5,E10.0-R1,20,153597,347550,E8.5,10.0,34.93092727661133
late,qiu2024,devmap,E8.5,E10.0-R1,21,153597,347550,E8.5,10.0,34.679283142089844
late,qiu2024,devmap,E8.5,E10.0-R1,22,153597,347550,E8.5,10.0,34.94542694091797
late,qiu2024,devmap,E8.5,E10.0-R1,23,153597,347550,E8.5,10.0,33.76245880126953
late,qiu2024,devmap,E8.5,E10.0-R1,24,153597,347550,E8.5,10.0,35.325599670410156
late,qiu2024,devmap,E8.5,E10.0-R1,25,153597,347550,E8.5,10.0,34.59587860107422
late,qiu2024,devmap,E8.5,E10.0-R1,26,153597,347550,E8.5,10.0,33.30101013183594
late,qiu2024,devmap,E8.5,E10.0-R1,27,153597,347550,E8.5,10.0,34.48351287841797
late,qiu2024,devmap,E8.5,E10.0-R1,28,153597,347550,E8.5,10.0,34.38800048828125
late,qiu2024,devmap,E8.5,E10.0-R1,29,153597,347550,E8.5,10.0,34.52559280395508
late,qiu2024,devmap,E8.5,E10.0-R1,30,153597,347550,E8.5,10.0,34.47602081298828
late,qiu2024,devmap,E8.5,E10.0-R1,31,153597,347550,E8.5,10.0,34.89110565185547
late,qiu2024,devmap,E8.5,E10.0-R1,32,153597,347550,E8.5,10.0,34.286293029785156
late,qiu2024,devmap,E8.5,E10.0-R1,33,153597,347550,E8.5,10.0,34.907562255859375
late,qiu2024,devmap,E8.5,E10.0-R1,34,153597,347550,E8.5,10.0,34.42882537841797
late,qiu2024,devmap,E8.5,E10.0-R1,35,153597,347550,E8.5,10.0,34.36213684082031
late,qiu2024,devmap,E8.5,E10.0-R1,36,153597,347550,E8.5,10.0,35.4985237121582
late,qiu2024,devmap,E8.5,E10.0-R1,37,153597,347550,E8.5,10.0,34.3155517578125
late,qiu2024,devmap,E8.5,E10.0-R1,38,153597,347550,E8.5,10.0,35.18260192871094
late,qiu2024,devmap,E8.5,E10.0-R1,39,153597,347550,E8.5,10.0,34.86207580566406
late,qiu2024,devmap,E8.5,E10.0-R1,40,153597,347550,E8.5,10.0,34.938655853271484
late,qiu2024,devmap,E8.5,E10.0-R1,41,153597,347550,E8.5,10.0,35.00507354736328
late,qiu2024,devmap,E8.5,E10.0-R1,42,153597,347550,E8.5,10.0,35.149803161621094
late,qiu2024,devmap,E8.5,E10.0-R1,43,153597,347550,E8.5,10.0,34.88514709472656
late,qiu2024,devmap,E8.5,E10.0-R1,44,153597,347550,E8.5,10.0,35.85352325439453
late,qiu2024,devmap,E8.5,E10.0-R1,45,153597,347550,E8.5,10.0,34.89735794067383
late,qiu2024,devmap,E8.5,E10.0-R1,46,153597,347550,E8.5,10.0,34.971466064453125
late,qiu2024,devmap,E8.5,E10.0-R1,47,153597,347550,E8.5,10.0,35.18288803100586
late,qiu2024,devmap,E8.5,E10.0-R1,48,153597,347550,E8.5,10.0,34.8624267578125
late,qiu2024,devmap,E8.5,E10.0-R1,49,153597,347550,E8.5,10.0,34.46772003173828
late,qiu2024,devmap,E8.75,E8.5-R1,0,46253,23435,E8.75,8.5,22.95528793334961
late,qiu2024,devmap,E8.75,E8.5-R1,1,46253,23435,E8.75,8.5,22.695209503173828
late,qiu2024,devmap,E8.75,E8.5-R1,2,46253,23435,E8.75,8.5,23.716079711914062
late,qiu2024,devmap,E8.75,E8.5-R1,3,46253,23435,E8.75,8.5,22.731449127197266
late,qiu2024,devmap,E8.75,E8.5-R1,4,46253,23435,E8.75,8.5,23.11797332763672
late,qiu2024,devmap,E8.75,E8.5-R1,5,46253,23435,E8.75,8.5,22.89666748046875
late,qiu2024,devmap,E8.75,E8.5-R1,6,46253,23435,E8.75,8.5,22.70565414428711
late,qiu2024,devmap,E8.75,E8.5-R1,7,46253,23435,E8.75,8.5,23.23308563232422
late,qiu2024,devmap,E8.75,E8.5-R1,8,46253,23435,E8.75,8.5,23.581573486328125
late,qiu2024,devmap,E8.75,E8.5-R1,9,46253,23435,E8.75,8.5,23.380435943603516
late,qiu2024,devmap,E8.75,E8.5-R1,10,46253,23435,E8.75,8.5,22.643232345581055
late,qiu2024,devmap,E8.75,E8.5-R1,11,46253,23435,E8.75,8.5,23.719104766845703
late,qiu2024,devmap,E8.75,E8.5-R1,12,46253,23435,E8.75,8.5,23.5152645111084
late,qiu2024,devmap,E8.75,E8.5-R1,13,46253,23435,E8.75,8.5,23.406875610351562
late,qiu2024,devmap,E8.75,E8.5-R1,14,46253,23435,E8.75,8.5,23.296655654907227
late,qiu2024,devmap,E8.75,E8.5-R1,15,46253,23435,E8.75,8.5,22.942707061767578
late,qiu2024,devmap,E8.75,E8.5-R1,16,46253,23435,E8.75,8.5,23.527902603149414
late,qiu2024,devmap,E8.75,E8.5-R1,17,46253,23435,E8.75,8.5,22.493427276611328
late,qiu2024,devmap,E8.75,E8.5-R1,18,46253,23435,E8.75,8.5,24.01218032836914
late,qiu2024,devmap,E8.75,E8.5-R1,19,46253,23435,E8.75,8.5,22.804611206054688
late,qiu2024,devmap,E8.75,E8.5-R1,20,46253,23435,E8.75,8.5,22.201282501220703
late,qiu2024,devmap,E8.75,E8.5-R1,21,46253,23435,E8.75,8.5,23.244415283203125
late,qiu2024,devmap,E8.75,E8.5-R1,22,46253,23435,E8.75,8.5,23.490570068359375
late,qiu2024,devmap,E8.75,E8.5-R1,23,46253,23435,E8.75,8.5,23.170021057128906
late,qiu2024,devmap,E8.75,E8.5-R1,24,46253,23435,E8.75,8.5,23.19245147705078
late,qiu2024,devmap,E8.75,E8.5-R1,25,46253,23435,E8.75,8.5,23.612403869628906
late,qiu2024,devmap,E8.75,E8.5-R1,26,46253,23435,E8.75,8.5,23.426307678222656
late,qiu2024,devmap,E8.75,E8.5-R1,27,46253,23435,E8.75,8.5,22.735919952392578
late,qiu2024,devmap,E8.75,E8.5-R1,28,46253,23435,E8.75,8.5,21.663785934448242
late,qiu2024,devmap,E8.75,E8.5-R1,29,46253,23435,E8.75,8.5,23.256805419921875
late,qiu2024,devmap,E8.75,E8.5-R1,30,46253,23435,E8.75,8.5,22.757083892822266
late,qiu2024,devmap,E8.75,E8.5-R1,31,46253,23435,E8.75,8.5,23.289400100708008
late,qiu2024,devmap,E8.75,E8.5-R1,32,46253,23435,E8.75,8.5,22.796566009521484
late,qiu2024,devmap,E8.75,E8.5-R1,33,46253,23435,E8.75,8.5,24.623144149780273
late,qiu2024,devmap,E8.75,E8.5-R1,34,46253,23435,E8.75,8.5,22.816051483154297
late,qiu2024,devmap,E8.75,E8.5-R1,35,46253,23435,E8.75,8.5,21.64913558959961
late,qiu2024,devmap,E8.75,E8.5-R1,36,46253,23435,E8.75,8.5,23.509185791015625
late,qiu2024,devmap,E8.75,E8.5-R1,37,46253,23435,E8.75,8.5,22.67275619506836
late,qiu2024,devmap,E8.75,E8.5-R1,38,46253,23435,E8.75,8.5,23.521991729736328
late,qiu2024,devmap,E8.75,E8.5-R1,39,46253,23435,E8.75,8.5,23.28996467590332
late,qiu2024,devmap,E8.75,E8.5-R1,40,46253,23435,E8.75,8.5,23.43013572692871
late,qiu2024,devmap,E8.75,E8.5-R1,41,46253,23435,E8.75,8.5,22.774517059326172
late,qiu2024,devmap,E8.75,E8.5-R1,42,46253,23435,E8.75,8.5,22.857425689697266
late,qiu2024,devmap,E8.75,E8.5-R1,43,46253,23435,E8.75,8.5,22.162670135498047
late,qiu2024,devmap,E8.75,E8.5-R1,44,46253,23435,E8.75,8.5,22.928707122802734
late,qiu2024,devmap,E8.75,E8.5-R1,45,46253,23435,E8.75,8.5,24.414390563964844
late,qiu2024,devmap,E8.75,E8.5-R1,46,46253,23435,E8.75,8.5,22.818424224853516
late,qiu2024,devmap,E8.75,E8.5-R1,47,46253,23435,E8.75,8.5,23.133651733398438
late,qiu2024,devmap,E8.75,E8.5-R1,48,46253,23435,E8.75,8.5,22.710983276367188
late,qiu2024,devmap,E8.75,E8.5-R1,49,46253,23435,E8.75,8.5,23.396102905273438
late,qiu2024,devmap,E8.75,E8.5-R2,0,46253,38216,E8.75,8.5,21.566822052001953
late,qiu2024,devmap,E8.75,E8.5-R2,1,46253,38216,E8.75,8.5,22.213726043701172
late,qiu2024,devmap,E8.75,E8.5-R2,2,46253,38216,E8.75,8.5,21.464351654052734
late,qiu2024,devmap,E8.75,E8.5-R2,3,46253,38216,E8.75,8.5,21.73088836669922
late,qiu2024,devmap,E8.75,E8.5-R2,4,46253,38216,E8.75,8.5,21.993656158447266
late,qiu2024,devmap,E8.75,E8.5-R2,5,46253,38216,E8.75,8.5,21.27159309387207
late,qiu2024,devmap,E8.75,E8.5-R2,6,46253,38216,E8.75,8.5,21.67888832092285
late,qiu2024,devmap,E8.75,E8.5-R2,7,46253,38216,E8.75,8.5,22.041011810302734
late,qiu2024,devmap,E8.75,E8.5-R2,8,46253,38216,E8.75,8.5,21.672218322753906
late,qiu2024,devmap,E8.75,E8.5-R2,9,46253,38216,E8.75,8.5,21.557964324951172
late,qiu2024,devmap,E8.75,E8.5-R2,10,46253,38216,E8.75,8.5,22.36111831665039
late,qiu2024,devmap,E8.75,E8.5-R2,11,46253,38216,E8.75,8.5,21.294048309326172
late,qiu2024,devmap,E8.75,E8.5-R2,12,46253,38216,E8.75,8.5,21.542701721191406
late,qiu2024,devmap,E8.75,E8.5-R2,13,46253,38216,E8.75,8.5,21.74960708618164
late,qiu2024,devmap,E8.75,E8.5-R2,14,46253,38216,E8.75,8.5,21.785560607910156
late,qiu2024,devmap,E8.75,E8.5-R2,15,46253,38216,E8.75,8.5,21.657039642333984
late,qiu2024,devmap,E8.75,E8.5-R2,16,46253,38216,E8.75,8.5,21.435787200927734
late,qiu2024,devmap,E8.75,E8.5-R2,17,46253,38216,E8.75,8.5,22.619915008544922
late,qiu2024,devmap,E8.75,E8.5-R2,18,46253,38216,E8.75,8.5,21.922164916992188
late,qiu2024,devmap,E8.75,E8.5-R2,19,46253,38216,E8.75,8.5,21.342830657958984
late,qiu2024,devmap,E8.75,E8.5-R2,20,46253,38216,E8.75,8.5,22.086021423339844
late,qiu2024,devmap,E8.75,E8.5-R2,21,46253,38216,E8.75,8.5,21.99814224243164
late,qiu2024,devmap,E8.75,E8.5-R2,22,46253,38216,E8.75,8.5,21.89400863647461
late,qiu2024,devmap,E8.75,E8.5-R2,23,46253,38216,E8.75,8.5,21.90511703491211
late,qiu2024,devmap,E8.75,E8.5-R2,24,46253,38216,E8.75,8.5,21.485355377197266
late,qiu2024,devmap,E8.75,E8.5-R2,25,46253,38216,E8.75,8.5,21.748628616333008
late,qiu2024,devmap,E8.75,E8.5-R2,26,46253,38216,E8.75,8.5,21.83946418762207
late,qiu2024,devmap,E8.75,E8.5-R2,27,46253,38216,E8.75,8.5,22.065465927124023
late,qiu2024,devmap,E8.75,E8.5-R2,28,46253,38216,E8.75,8.5,22.431968688964844
late,qiu2024,devmap,E8.75,E8.5-R2,29,46253,38216,E8.75,8.5,21.841999053955078
late,qiu2024,devmap,E8.75,E8.5-R2,30,46253,38216,E8.75,8.5,21.941165924072266
late,qiu2024,devmap,E8.75,E8.5-R2,31,46253,38216,E8.75,8.5,21.970252990722656
late,qiu2024,devmap,E8.75,E8.5-R2,32,46253,38216,E8.75,8.5,22.63735580444336
late,qiu2024,devmap,E8.75,E8.5-R2,33,46253,38216,E8.75,8.5,21.88470458984375
late,qiu2024,devmap,E8.75,E8.5-R2,34,46253,38216,E8.75,8.5,22.001163482666016
late,qiu2024,devmap,E8.75,E8.5-R2,35,46253,38216,E8.75,8.5,22.59567642211914
late,qiu2024,devmap,E8.75,E8.5-R2,36,46253,38216,E8.75,8.5,21.66055679321289
late,qiu2024,devmap,E8.75,E8.5-R2,37,46253,38216,E8.75,8.5,21.517292022705078
late,qiu2024,devmap,E8.75,E8.5-R2,38,46253,38216,E8.75,8.5,21.40528678894043
late,qiu2024,devmap,E8.75,E8.5-R2,39,46253,38216,E8.75,8.5,21.35531997680664
late,qiu2024,devmap,E8.75,E8.5-R2,40,46253,38216,E8.75,8.5,21.739513397216797
late,qiu2024,devmap,E8.75,E8.5-R2,41,46253,38216,E8.75,8.5,21.887954711914062
late,qiu2024,devmap,E8.75,E8.5-R2,42,46253,38216,E8.75,8.5,22.07610321044922
late,qiu2024,devmap,E8.75,E8.5-R2,43,46253,38216,E8.75,8.5,21.28303337097168
late,qiu2024,devmap,E8.75,E8.5-R2,44,46253,38216,E8.75,8.5,22.085586547851562
late,qiu2024,devmap,E8.75,E8.5-R2,45,46253,38216,E8.75,8.5,21.599170684814453
late,qiu2024,devmap,E8.75,E8.5-R2,46,46253,38216,E8.75,8.5,21.71131706237793
late,qiu2024,devmap,E8.75,E8.5-R2,47,46253,38216,E8.75,8.5,21.669639587402344
late,qiu2024,devmap,E8.75,E8.5-R2,48,46253,38216,E8.75,8.5,21.5517578125
late,qiu2024,devmap,E8.75,E8.5-R2,49,46253,38216,E8.75,8.5,21.383739471435547
late,qiu2024,devmap,E8.75,E8.5-R3,0,46253,27743,E8.75,8.5,22.307697296142578
late,qiu2024,devmap,E8.75,E8.5-R3,1,46253,27743,E8.75,8.5,22.977622985839844
late,qiu2024,devmap,E8.75,E8.5-R3,2,46253,27743,E8.75,8.5,22.900724411010742
late,qiu2024,devmap,E8.75,E8.5-R3,3,46253,27743,E8.75,8.5,22.80082130432129
late,qiu2024,devmap,E8.75,E8.5-R3,4,46253,27743,E8.75,8.5,22.310434341430664
late,qiu2024,devmap,E8.75,E8.5-R3,5,46253,27743,E8.75,8.5,22.874025344848633
late,qiu2024,devmap,E8.75,E8.5-R3,6,46253,27743,E8.75,8.5,22.72222137451172
late,qiu2024,devmap,E8.75,E8.5-R3,7,46253,27743,E8.75,8.5,22.136917114257812
late,qiu2024,devmap,E8.75,E8.5-R3,8,46253,27743,E8.75,8.5,23.060012817382812
late,qiu2024,devmap,E8.75,E8.5-R3,9,46253,27743,E8.75,8.5,22.547746658325195
late,qiu2024,devmap,E8.75,E8.5-R3,10,46253,27743,E8.75,8.5,22.333173751831055
late,qiu2024,devmap,E8.75,E8.5-R3,11,46253,27743,E8.75,8.5,22.244327545166016
late,qiu2024,devmap,E8.75,E8.5-R3,12,46253,27743,E8.75,8.5,22.762819290161133
late,qiu2024,devmap,E8.75,E8.5-R3,13,46253,27743,E8.75,8.5,21.557226181030273
late,qiu2024,devmap,E8.75,E8.5-R3,14,46253,27743,E8.75,8.5,22.544178009033203
late,qiu2024,devmap,E8.75,E8.5-R3,15,46253,27743,E8.75,8.5,22.459999084472656
late,qiu2024,devmap,E8.75,E8.5-R3,16,46253,27743,E8.75,8.5,22.292715072631836
late,qiu2024,devmap,E8.75,E8.5-R3,17,46253,27743,E8.75,8.5,22.258676528930664
late,qiu2024,devmap,E8.75,E8.5-R3,18,46253,27743,E8.75,8.5,21.398067474365234
late,qiu2024,devmap,E8.75,E8.5-R3,19,46253,27743,E8.75,8.5,23.13961410522461
late,qiu2024,devmap,E8.75,E8.5-R3,20,46253,27743,E8.75,8.5,23.392934799194336
late,qiu2024,devmap,E8.75,E8.5-R3,21,46253,27743,E8.75,8.5,22.176456451416016
late,qiu2024,devmap,E8.75,E8.5-R3,22,46253,27743,E8.75,8.5,23.703048706054688
late,qiu2024,devmap,E8.75,E8.5-R3,23,46253,27743,E8.75,8.5,22.74559211730957
late,qiu2024,devmap,E8.75,E8.5-R3,24,46253,27743,E8.75,8.5,22.557863235473633
late,qiu2024,devmap,E8.75,E8.5-R3,25,46253,27743,E8.75,8.5,21.997299194335938
late,qiu2024,devmap,E8.75,E8.5-R3,26,46253,27743,E8.75,8.5,21.761737823486328
late,qiu2024,devmap,E8.75,E8.5-R3,27,46253,27743,E8.75,8.5,22.910627365112305
late,qiu2024,devmap,E8.75,E8.5-R3,28,46253,27743,E8.75,8.5,22.649826049804688
late,qiu2024,devmap,E8.75,E8.5-R3,29,46253,27743,E8.75,8.5,22.865615844726562
late,qiu2024,devmap,E8.75,E8.5-R3,30,46253,27743,E8.75,8.5,22.588985443115234
late,qiu2024,devmap,E8.75,E8.5-R3,31,46253,27743,E8.75,8.5,22.099376678466797
late,qiu2024,devmap,E8.75,E8.5-R3,32,46253,27743,E8.75,8.5,22.145349502563477
late,qiu2024,devmap,E8.75,E8.5-R3,33,46253,27743,E8.75,8.5,22.918861389160156
late,qiu2024,devmap,E8.75,E8.5-R3,34,46253,27743,E8.75,8.5,22.4093074798584
late,qiu2024,devmap,E8.75,E8.5-R3,35,46253,27743,E8.75,8.5,23.020397186279297
late,qiu2024,devmap,E8.75,E8.5-R3,36,46253,27743,E8.75,8.5,22.93731689453125
late,qiu2024,devmap,E8.75,E8.5-R3,37,46253,27743,E8.75,8.5,23.087806701660156
late,qiu2024,devmap,E8.75,E8.5-R3,38,46253,27743,E8.75,8.5,22.26831817626953
late,qiu2024,devmap,E8.75,E8.5-R3,39,46253,27743,E8.75,8.5,23.456642150878906
late,qiu2024,devmap,E8.75,E8.5-R3,40,46253,27743,E8.75,8.5,22.84258460998535
late,qiu2024,devmap,E8.75,E8.5-R3,41,46253,27743,E8.75,8.5,22.596210479736328
late,qiu2024,devmap,E8.75,E8.5-R3,42,46253,27743,E8.75,8.5,22.113794326782227
late,qiu2024,devmap,E8.75,E8.5-R3,43,46253,27743,E8.75,8.5,22.972415924072266
late,qiu2024,devmap,E8.75,E8.5-R3,44,46253,27743,E8.75,8.5,21.966398239135742
late,qiu2024,devmap,E8.75,E8.5-R3,45,46253,27743,E8.75,8.5,21.731449127197266
late,qiu2024,devmap,E8.75,E8.5-R3,46,46253,27743,E8.75,8.5,22.682424545288086
late,qiu2024,devmap,E8.75,E8.5-R3,47,46253,27743,E8.75,8.5,22.10392189025879
late,qiu2024,devmap,E8.75,E8.5-R3,48,46253,27743,E8.75,8.5,22.9786319732666
late,qiu2024,devmap,E8.75,E8.5-R3,49,46253,27743,E8.75,8.5,22.291011810302734
late,qiu2024,devmap,E8.75,E9.0-R1,0,46253,92063,E8.75,9.0,19.755496978759766
late,qiu2024,devmap,E8.75,E9.0-R1,1,46253,92063,E8.75,9.0,19.894466400146484
late,qiu2024,devmap,E8.75,E9.0-R1,2,46253,92063,E8.75,9.0,19.97690773010254
late,qiu2024,devmap,E8.75,E9.0-R1,3,46253,92063,E8.75,9.0,19.98282241821289
late,qiu2024,devmap,E8.75,E9.0-R1,4,46253,92063,E8.75,9.0,20.062164306640625
late,qiu2024,devmap,E8.75,E9.0-R1,5,46253,92063,E8.75,9.0,20.29932975769043
late,qiu2024,devmap,E8.75,E9.0-R1,6,46253,92063,E8.75,9.0,19.51571273803711
late,qiu2024,devmap,E8.75,E9.0-R1,7,46253,92063,E8.75,9.0,20.06533432006836
late,qiu2024,devmap,E8.75,E9.0-R1,8,46253,92063,E8.75,9.0,19.3715763092041
late,qiu2024,devmap,E8.75,E9.0-R1,9,46253,92063,E8.75,9.0,19.808795928955078
late,qiu2024,devmap,E8.75,E9.0-R1,10,46253,92063,E8.75,9.0,20.318086624145508
late,qiu2024,devmap,E8.75,E9.0-R1,11,46253,92063,E8.75,9.0,20.012563705444336
late,qiu2024,devmap,E8.75,E9.0-R1,12,46253,92063,E8.75,9.0,19.761253356933594
late,qiu2024,devmap,E8.75,E9.0-R1,13,46253,92063,E8.75,9.0,19.294151306152344
late,qiu2024,devmap,E8.75,E9.0-R1,14,46253,92063,E8.75,9.0,20.320112228393555
late,qiu2024,devmap,E8.75,E9.0-R1,15,46253,92063,E8.75,9.0,20.1962890625
late,qiu2024,devmap,E8.75,E9.0-R1,16,46253,92063,E8.75,9.0,19.92197036743164
late,qiu2024,devmap,E8.75,E9.0-R1,17,46253,92063,E8.75,9.0,19.989089965820312
late,qiu2024,devmap,E8.75,E9.0-R1,18,46253,92063,E8.75,9.0,19.937400817871094
late,qiu2024,devmap,E8.75,E9.0-R1,19,46253,92063,E8.75,9.0,19.957107543945312
late,qiu2024,devmap,E8.75,E9.0-R1,20,46253,92063,E8.75,9.0,19.377124786376953
late,qiu2024,devmap,E8.75,E9.0-R1,21,46253,92063,E8.75,9.0,19.824506759643555
late,qiu2024,devmap,E8.75,E9.0-R1,22,46253,92063,E8.75,9.0,20.485931396484375
late,qiu2024,devmap,E8.75,E9.0-R1,23,46253,92063,E8.75,9.0,20.102176666259766
late,qiu2024,devmap,E8.75,E9.0-R1,24,46253,92063,E8.75,9.0,20.15623664855957
late,qiu2024,devmap,E8.75,E9.0-R1,25,46253,92063,E8.75,9.0,20.216657638549805
late,qiu2024,devmap,E8.75,E9.0-R1,26,46253,92063,E8.75,9.0,19.877145767211914
late,qiu2024,devmap,E8.75,E9.0-R1,27,46253,92063,E8.75,9.0,20.118141174316406
late,qiu2024,devmap,E8.75,E9.0-R1,28,46253,92063,E8.75,9.0,20.0621280670166
late,qiu2024,devmap,E8.75,E9.0-R1,29,46253,92063,E8.75,9.0,19.413997650146484
late,qiu2024,devmap,E8.75,E9.0-R1,30,46253,92063,E8.75,9.0,19.568115234375
late,qiu2024,devmap,E8.75,E9.0-R1,31,46253,92063,E8.75,9.0,20.11810302734375
late,qiu2024,devmap,E8.75,E9.0-R1,32,46253,92063,E8.75,9.0,19.578964233398438
late,qiu2024,devmap,E8.75,E9.0-R1,33,46253,92063,E8.75,9.0,20.134828567504883
late,qiu2024,devmap,E8.75,E9.0-R1,34,46253,92063,E8.75,9.0,19.60434341430664
late,qiu2024,devmap,E8.75,E9.0-R1,35,46253,92063,E8.75,9.0,20.15802764892578
late,qiu2024,devmap,E8.75,E9.0-R1,36,46253,92063,E8.75,9.0,19.52863121032715
late,qiu2024,devmap,E8.75,E9.0-R1,37,46253,92063,E8.75,9.0,19.404401779174805
late,qiu2024,devmap,E8.75,E9.0-R1,38,46253,92063,E8.75,9.0,20.010801315307617
late,qiu2024,devmap,E8.75,E9.0-R1,39,46253,92063,E8.75,9.0,19.951696395874023
late,qiu2024,devmap,E8.75,E9.0-R1,40,46253,92063,E8.75,9.0,19.785648345947266
late,qiu2024,devmap,E8.75,E9.0-R1,41,46253,92063,E8.75,9.0,20.14951515197754
late,qiu2024,devmap,E8.75,E9.0-R1,42,46253,92063,E8.75,9.0,19.760746002197266
late,qiu2024,devmap,E8.75,E9.0-R1,43,46253,92063,E8.75,9.0,19.62689781188965
late,qiu2024,devmap,E8.75,E9.0-R1,44,46253,92063,E8.75,9.0,20.395305633544922
late,qiu2024,devmap,E8.75,E9.0-R1,45,46253,92063,E8.75,9.0,20.74871253967285
late,qiu2024,devmap,E8.75,E9.0-R1,46,46253,92063,E8.75,9.0,20.094844818115234
late,qiu2024,devmap,E8.75,E9.0-R1,47,46253,92063,E8.75,9.0,21.165067672729492
late,qiu2024,devmap,E8.75,E9.0-R1,48,46253,92063,E8.75,9.0,20.373672485351562
late,qiu2024,devmap,E8.75,E9.0-R1,49,46253,92063,E8.75,9.0,19.028156280517578
late,qiu2024,devmap,E8.75,E9.0-R2,0,46253,99878,E8.75,9.0,18.05178451538086
late,qiu2024,devmap,E8.75,E9.0-R2,1,46253,99878,E8.75,9.0,19.25193214416504
late,qiu2024,devmap,E8.75,E9.0-R2,2,46253,99878,E8.75,9.0,19.082592010498047
late,qiu2024,devmap,E8.75,E9.0-R2,3,46253,99878,E8.75,9.0,19.162628173828125
late,qiu2024,devmap,E8.75,E9.0-R2,4,46253,99878,E8.75,9.0,19.30028533935547
late,qiu2024,devmap,E8.75,E9.0-R2,5,46253,99878,E8.75,9.0,18.40010643005371
late,qiu2024,devmap,E8.75,E9.0-R2,6,46253,99878,E8.75,9.0,18.544822692871094
late,qiu2024,devmap,E8.75,E9.0-R2,7,46253,99878,E8.75,9.0,18.609115600585938
late,qiu2024,devmap,E8.75,E9.0-R2,8,46253,99878,E8.75,9.0,18.706645965576172
late,qiu2024,devmap,E8.75,E9.0-R2,9,46253,99878,E8.75,9.0,18.49764060974121
late,qiu2024,devmap,E8.75,E9.0-R2,10,46253,99878,E8.75,9.0,18.52802085876465
late,qiu2024,devmap,E8.75,E9.0-R2,11,46253,99878,E8.75,9.0,18.604869842529297
late,qiu2024,devmap,E8.75,E9.0-R2,12,46253,99878,E8.75,9.0,18.89310073852539
late,qiu2024,devmap,E8.75,E9.0-R2,13,46253,99878,E8.75,9.0,19.419490814208984
late,qiu2024,devmap,E8.75,E9.0-R2,14,46253,99878,E8.75,9.0,18.522045135498047
late,qiu2024,devmap,E8.75,E9.0-R2,15,46253,99878,E8.75,9.0,18.904735565185547
late,qiu2024,devmap,E8.75,E9.0-R2,16,46253,99878,E8.75,9.0,19.098024368286133
late,qiu2024,devmap,E8.75,E9.0-R2,17,46253,99878,E8.75,9.0,18.816104888916016
late,qiu2024,devmap,E8.75,E9.0-R2,18,46253,99878,E8.75,9.0,18.7247371673584
late,qiu2024,devmap,E8.75,E9.0-R2,19,46253,99878,E8.75,9.0,18.923171997070312
late,qiu2024,devmap,E8.75,E9.0-R2,20,46253,99878,E8.75,9.0,18.90070915222168
late,qiu2024,devmap,E8.75,E9.0-R2,21,46253,99878,E8.75,9.0,18.7214298248291
late,qiu2024,devmap,E8.75,E9.0-R2,22,46253,99878,E8.75,9.0,19.216625213623047
late,qiu2024,devmap,E8.75,E9.0-R2,23,46253,99878,E8.75,9.0,19.269947052001953
late,qiu2024,devmap,E8.75,E9.0-R2,24,46253,99878,E8.75,9.0,18.717750549316406
late,qiu2024,devmap,E8.75,E9.0-R2,25,46253,99878,E8.75,9.0,18.52806854248047
late,qiu2024,devmap,E8.75,E9.0-R2,26,46253,99878,E8.75,9.0,18.728355407714844
late,qiu2024,devmap,E8.75,E9.0-R2,27,46253,99878,E8.75,9.0,18.69803237915039
late,qiu2024,devmap,E8.75,E9.0-R2,28,46253,99878,E8.75,9.0,18.71468734741211
late,qiu2024,devmap,E8.75,E9.0-R2,29,46253,99878,E8.75,9.0,19.153522491455078
late,qiu2024,devmap,E8.75,E9.0-R2,30,46253,99878,E8.75,9.0,18.069843292236328
late,qiu2024,devmap,E8.75,E9.0-R2,31,46253,99878,E8.75,9.0,19.59575080871582
late,qiu2024,devmap,E8.75,E9.0-R2,32,46253,99878,E8.75,9.0,19.46609878540039
late,qiu2024,devmap,E8.75,E9.0-R2,33,46253,99878,E8.75,9.0,18.434965133666992
late,qiu2024,devmap,E8.75,E9.0-R2,34,46253,99878,E8.75,9.0,18.73963165283203
late,qiu2024,devmap,E8.75,E9.0-R2,35,46253,99878,E8.75,9.0,18.797042846679688
late,qiu2024,devmap,E8.75,E9.0-R2,36,46253,99878,E8.75,9.0,18.960548400878906
late,qiu2024,devmap,E8.75,E9.0-R2,37,46253,99878,E8.75,9.0,18.1932373046875
late,qiu2024,devmap,E8.75,E9.0-R2,38,46253,99878,E8.75,9.0,19.355613708496094
late,qiu2024,devmap,E8.75,E9.0-R2,39,46253,99878,E8.75,9.0,18.80838966369629
late,qiu2024,devmap,E8.75,E9.0-R2,40,46253,99878,E8.75,9.0,18.569534301757812
late,qiu2024,devmap,E8.75,E9.0-R2,41,46253,99878,E8.75,9.0,18.444171905517578
late,qiu2024,devmap,E8.75,E9.0-R2,42,46253,99878,E8.75,9.0,19.25389862060547
late,qiu2024,devmap,E8.75,E9.0-R2,43,46253,99878,E8.75,9.0,18.160743713378906
late,qiu2024,devmap,E8.75,E9.0-R2,44,46253,99878,E8.75,9.0,18.715980529785156
late,qiu2024,devmap,E8.75,E9.0-R2,45,46253,99878,E8.75,9.0,19.052488327026367
late,qiu2024,devmap,E8.75,E9.0-R2,46,46253,99878,E8.75,9.0,19.145206451416016
late,qiu2024,devmap,E8.75,E9.0-R2,47,46253,99878,E8.75,9.0,18.481517791748047
late,qiu2024,devmap,E8.75,E9.0-R2,48,46253,99878,E8.75,9.0,18.714162826538086
late,qiu2024,devmap,E8.75,E9.0-R2,49,46253,99878,E8.75,9.0,18.797449111938477
late,qiu2024,devmap,E8.75,E9.0-R3,0,46253,62867,E8.75,9.0,20.84374237060547
late,qiu2024,devmap,E8.75,E9.0-R3,1,46253,62867,E8.75,9.0,20.117172241210938
late,qiu2024,devmap,E8.75,E9.0-R3,2,46253,62867,E8.75,9.0,19.335487365722656
late,qiu2024,devmap,E8.75,E9.0-R3,3,46253,62867,E8.75,9.0,20.2760009765625
late,qiu2024,devmap,E8.75,E9.0-R3,4,46253,62867,E8.75,9.0,19.257286071777344
late,qiu2024,devmap,E8.75,E9.0-R3,5,46253,62867,E8.75,9.0,19.504928588867188
late,qiu2024,devmap,E8.75,E9.0-R3,6,46253,62867,E8.75,9.0,19.38782501220703
late,qiu2024,devmap,E8.75,E9.0-R3,7,46253,62867,E8.75,9.0,20.38448715209961
late,qiu2024,devmap,E8.75,E9.0-R3,8,46253,62867,E8.75,9.0,20.42620277404785
late,qiu2024,devmap,E8.75,E9.0-R3,9,46253,62867,E8.75,9.0,20.398948669433594
late,qiu2024,devmap,E8.75,E9.0-R3,10,46253,62867,E8.75,9.0,19.972646713256836
late,qiu2024,devmap,E8.75,E9.0-R3,11,46253,62867,E8.75,9.0,20.935710906982422
late,qiu2024,devmap,E8.75,E9.0-R3,12,46253,62867,E8.75,9.0,19.736923217773438
late,qiu2024,devmap,E8.75,E9.0-R3,13,46253,62867,E8.75,9.0,19.759292602539062
late,qiu2024,devmap,E8.75,E9.0-R3,14,46253,62867,E8.75,9.0,19.941394805908203
late,qiu2024,devmap,E8.75,E9.0-R3,15,46253,62867,E8.75,9.0,19.64347267150879
late,qiu2024,devmap,E8.75,E9.0-R3,16,46253,62867,E8.75,9.0,19.983680725097656
late,qiu2024,devmap,E8.75,E9.0-R3,17,46253,62867,E8.75,9.0,18.956483840942383
late,qiu2024,devmap,E8.75,E9.0-R3,18,46253,62867,E8.75,9.0,19.55936622619629
late,qiu2024,devmap,E8.75,E9.0-R3,19,46253,62867,E8.75,9.0,20.511310577392578
late,qiu2024,devmap,E8.75,E9.0-R3,20,46253,62867,E8.75,9.0,19.87692642211914
late,qiu2024,devmap,E8.75,E9.0-R3,21,46253,62867,E8.75,9.0,19.72222900390625
late,qiu2024,devmap,E8.75,E9.0-R3,22,46253,62867,E8.75,9.0,20.080799102783203
late,qiu2024,devmap,E8.75,E9.0-R3,23,46253,62867,E8.75,9.0,19.62798309326172
late,qiu2024,devmap,E8.75,E9.0-R3,24,46253,62867,E8.75,9.0,19.7486572265625
late,qiu2024,devmap,E8.75,E9.0-R3,25,46253,62867,E8.75,9.0,19.79387855529785
late,qiu2024,devmap,E8.75,E9.0-R3,26,46253,62867,E8.75,9.0,20.03144073486328
late,qiu2024,devmap,E8.75,E9.0-R3,27,46253,62867,E8.75,9.0,20.505596160888672
late,qiu2024,devmap,E8.75,E9.0-R3,28,46253,62867,E8.75,9.0,19.992740631103516
late,qiu2024,devmap,E8.75,E9.0-R3,29,46253,62867,E8.75,9.0,20.375953674316406
late,qiu2024,devmap,E8.75,E9.0-R3,30,46253,62867,E8.75,9.0,20.523418426513672
late,qiu2024,devmap,E8.75,E9.0-R3,31,46253,62867,E8.75,9.0,19.636451721191406
late,qiu2024,devmap,E8.75,E9.0-R3,32,46253,62867,E8.75,9.0,19.88450813293457
late,qiu2024,devmap,E8.75,E9.0-R3,33,46253,62867,E8.75,9.0,19.929031372070312
late,qiu2024,devmap,E8.75,E9.0-R3,34,46253,62867,E8.75,9.0,20.150264739990234
late,qiu2024,devmap,E8.75,E9.0-R3,35,46253,62867,E8.75,9.0,20.091529846191406
late,qiu2024,devmap,E8.75,E9.0-R3,36,46253,62867,E8.75,9.0,19.699464797973633
late,qiu2024,devmap,E8.75,E9.0-R3,37,46253,62867,E8.75,9.0,20.139183044433594
late,qiu2024,devmap,E8.75,E9.0-R3,38,46253,62867,E8.75,9.0,20.029560089111328
late,qiu2024,devmap,E8.75,E9.0-R3,39,46253,62867,E8.75,9.0,19.799842834472656
late,qiu2024,devmap,E8.75,E9.0-R3,40,46253,62867,E8.75,9.0,19.40315818786621
late,qiu2024,devmap,E8.75,E9.0-R3,41,46253,62867,E8.75,9.0,18.869070053100586
late,qiu2024,devmap,E8.75,E9.0-R3,42,46253,62867,E8.75,9.0,20.231155395507812
late,qiu2024,devmap,E8.75,E9.0-R3,43,46253,62867,E8.75,9.0,19.989017486572266
late,qiu2024,devmap,E8.75,E9.0-R3,44,46253,62867,E8.75,9.0,20.2100830078125
late,qiu2024,devmap,E8.75,E9.0-R3,45,46253,62867,E8.75,9.0,19.775772094726562
late,qiu2024,devmap,E8.75,E9.0-R3,46,46253,62867,E8.75,9.0,20.35317611694336
late,qiu2024,devmap,E8.75,E9.0-R3,47,46253,62867,E8.75,9.0,20.063072204589844
late,qiu2024,devmap,E8.75,E9.0-R3,48,46253,62867,E8.75,9.0,19.46767807006836
late,qiu2024,devmap,E8.75,E9.0-R3,49,46253,62867,E8.75,9.0,19.84829330444336
late,qiu2024,devmap,E8.75,E9.5-R1,0,46253,383453,E8.75,9.5,24.8713436126709
late,qiu2024,devmap,E8.75,E9.5-R1,1,46253,383453,E8.75,9.5,25.165252685546875
late,qiu2024,devmap,E8.75,E9.5-R1,2,46253,383453,E8.75,9.5,24.488719940185547
late,qiu2024,devmap,E8.75,E9.5-R1,3,46253,383453,E8.75,9.5,24.805397033691406
late,qiu2024,devmap,E8.75,E9.5-R1,4,46253,383453,E8.75,9.5,25.33318328857422
late,qiu2024,devmap,E8.75,E9.5-R1,5,46253,383453,E8.75,9.5,25.042539596557617
late,qiu2024,devmap,E8.75,E9.5-R1,6,46253,383453,E8.75,9.5,25.34508514404297
late,qiu2024,devmap,E8.75,E9.5-R1,7,46253,383453,E8.75,9.5,24.764678955078125
late,qiu2024,devmap,E8.75,E9.5-R1,8,46253,383453,E8.75,9.5,24.92950439453125
late,qiu2024,devmap,E8.75,E9.5-R1,9,46253,383453,E8.75,9.5,25.3802490234375
late,qiu2024,devmap,E8.75,E9.5-R1,10,46253,383453,E8.75,9.5,25.372390747070312
late,qiu2024,devmap,E8.75,E9.5-R1,11,46253,383453,E8.75,9.5,25.228904724121094
late,qiu2024,devmap,E8.75,E9.5-R1,12,46253,383453,E8.75,9.5,24.85002326965332
late,qiu2024,devmap,E8.75,E9.5-R1,13,46253,383453,E8.75,9.5,25.251054763793945
late,qiu2024,devmap,E8.75,E9.5-R1,14,46253,383453,E8.75,9.5,24.6456356048584
late,qiu2024,devmap,E8.75,E9.5-R1,15,46253,383453,E8.75,9.5,25.38311195373535
late,qiu2024,devmap,E8.75,E9.5-R1,16,46253,383453,E8.75,9.5,24.89892578125
late,qiu2024,devmap,E8.75,E9.5-R1,17,46253,383453,E8.75,9.5,24.839683532714844
late,qiu2024,devmap,E8.75,E9.5-R1,18,46253,383453,E8.75,9.5,24.710739135742188
late,qiu2024,devmap,E8.75,E9.5-R1,19,46253,383453,E8.75,9.5,25.441184997558594
late,qiu2024,devmap,E8.75,E9.5-R1,20,46253,383453,E8.75,9.5,25.384140014648438
late,qiu2024,devmap,E8.75,E9.5-R1,21,46253,383453,E8.75,9.5,24.60248374938965
late,qiu2024,devmap,E8.75,E9.5-R1,22,46253,383453,E8.75,9.5,24.757362365722656
late,qiu2024,devmap,E8.75,E9.5-R1,23,46253,383453,E8.75,9.5,26.257549285888672
late,qiu2024,devmap,E8.75,E9.5-R1,24,46253,383453,E8.75,9.5,24.564292907714844
late,qiu2024,devmap,E8.75,E9.5-R1,25,46253,383453,E8.75,9.5,25.26983642578125
late,qiu2024,devmap,E8.75,E9.5-R1,26,46253,383453,E8.75,9.5,25.087392807006836
late,qiu2024,devmap,E8.75,E9.5-R1,27,46253,383453,E8.75,9.5,25.146968841552734
late,qiu2024,devmap,E8.75,E9.5-R1,28,46253,383453,E8.75,9.5,25.154136657714844
late,qiu2024,devmap,E8.75,E9.5-R1,29,46253,383453,E8.75,9.5,25.016845703125
late,qiu2024,devmap,E8.75,E9.5-R1,30,46253,383453,E8.75,9.5,25.01414680480957
late,qiu2024,devmap,E8.75,E9.5-R1,31,46253,383453,E8.75,9.5,25.000011444091797
late,qiu2024,devmap,E8.75,E9.5-R1,32,46253,383453,E8.75,9.5,25.428367614746094
late,qiu2024,devmap,E8.75,E9.5-R1,33,46253,383453,E8.75,9.5,25.295425415039062
late,qiu2024,devmap,E8.75,E9.5-R1,34,46253,383453,E8.75,9.5,25.735000610351562
late,qiu2024,devmap,E8.75,E9.5-R1,35,46253,383453,E8.75,9.5,24.9222469329834
late,qiu2024,devmap,E8.75,E9.5-R1,36,46253,383453,E8.75,9.5,25.51568031311035
late,qiu2024,devmap,E8.75,E9.5-R1,37,46253,383453,E8.75,9.5,25.216745376586914
late,qiu2024,devmap,E8.75,E9.5-R1,38,46253,383453,E8.75,9.5,25.38201904296875
late,qiu2024,devmap,E8.75,E9.5-R1,39,46253,383453,E8.75,9.5,25.168771743774414
late,qiu2024,devmap,E8.75,E9.5-R1,40,46253,383453,E8.75,9.5,25.747589111328125
late,qiu2024,devmap,E8.75,E9.5-R1,41,46253,383453,E8.75,9.5,25.02334213256836
late,qiu2024,devmap,E8.75,E9.5-R1,42,46253,383453,E8.75,9.5,25.362226486206055
late,qiu2024,devmap,E8.75,E9.5-R1,43,46253,383453,E8.75,9.5,25.66360855102539
late,qiu2024,devmap,E8.75,E9.5-R1,44,46253,383453,E8.75,9.5,26.045822143554688
late,qiu2024,devmap,E8.75,E9.5-R1,45,46253,383453,E8.75,9.5,26.1447811126709
late,qiu2024,devmap,E8.75,E9.5-R1,46,46253,383453,E8.75,9.5,24.608455657958984
late,qiu2024,devmap,E8.75,E9.5-R1,47,46253,383453,E8.75,9.5,25.09795570373535
late,qiu2024,devmap,E8.75,E9.5-R1,48,46253,383453,E8.75,9.5,25.22920799255371
late,qiu2024,devmap,E8.75,E9.5-R1,49,46253,383453,E8.75,9.5,25.160423278808594
late,qiu2024,devmap,E8.75,E9.5-R2,0,46253,350716,E8.75,9.5,26.109115600585938
late,qiu2024,devmap,E8.75,E9.5-R2,1,46253,350716,E8.75,9.5,26.667123794555664
late,qiu2024,devmap,E8.75,E9.5-R2,2,46253,350716,E8.75,9.5,25.70684242248535
late,qiu2024,devmap,E8.75,E9.5-R2,3,46253,350716,E8.75,9.5,26.602109909057617
late,qiu2024,devmap,E8.75,E9.5-R2,4,46253,350716,E8.75,9.5,26.461774826049805
late,qiu2024,devmap,E8.75,E9.5-R2,5,46253,350716,E8.75,9.5,26.36959457397461
late,qiu2024,devmap,E8.75,E9.5-R2,6,46253,350716,E8.75,9.5,27.271087646484375
late,qiu2024,devmap,E8.75,E9.5-R2,7,46253,350716,E8.75,9.5,26.20751190185547
late,qiu2024,devmap,E8.75,E9.5-R2,8,46253,350716,E8.75,9.5,26.54241943359375
late,qiu2024,devmap,E8.75,E9.5-R2,9,46253,350716,E8.75,9.5,27.17127799987793
late,qiu2024,devmap,E8.75,E9.5-R2,10,46253,350716,E8.75,9.5,26.6220645904541
late,qiu2024,devmap,E8.75,E9.5-R2,11,46253,350716,E8.75,9.5,26.661685943603516
late,qiu2024,devmap,E8.75,E9.5-R2,12,46253,350716,E8.75,9.5,25.918380737304688
late,qiu2024,devmap,E8.75,E9.5-R2,13,46253,350716,E8.75,9.5,26.800167083740234
late,qiu2024,devmap,E8.75,E9.5-R2,14,46253,350716,E8.75,9.5,26.744592666625977
late,qiu2024,devmap,E8.75,E9.5-R2,15,46253,350716,E8.75,9.5,26.877893447875977
late,qiu2024,devmap,E8.75,E9.5-R2,16,46253,350716,E8.75,9.5,26.895004272460938
late,qiu2024,devmap,E8.75,E9.5-R2,17,46253,350716,E8.75,9.5,26.250595092773438
late,qiu2024,devmap,E8.75,E9.5-R2,18,46253,350716,E8.75,9.5,26.463851928710938
late,qiu2024,devmap,E8.75,E9.5-R2,19,46253,350716,E8.75,9.5,26.737234115600586
late,qiu2024,devmap,E8.75,E9.5-R2,20,46253,350716,E8.75,9.5,26.155654907226562
late,qiu2024,devmap,E8.75,E9.5-R2,21,46253,350716,E8.75,9.5,26.7901668548584
late,qiu2024,devmap,E8.75,E9.5-R2,22,46253,350716,E8.75,9.5,26.678829193115234
late,qiu2024,devmap,E8.75,E9.5-R2,23,46253,350716,E8.75,9.5,26.072885513305664
late,qiu2024,devmap,E8.75,E9.5-R2,24,46253,350716,E8.75,9.5,26.199485778808594
late,qiu2024,devmap,E8.75,E9.5-R2,25,46253,350716,E8.75,9.5,26.76300048828125
late,qiu2024,devmap,E8.75,E9.5-R2,26,46253,350716,E8.75,9.5,26.61538314819336
late,qiu2024,devmap,E8.75,E9.5-R2,27,46253,350716,E8.75,9.5,26.654296875
late,qiu2024,devmap,E8.75,E9.5-R2,28,46253,350716,E8.75,9.5,27.379331588745117
late,qiu2024,devmap,E8.75,E9.5-R2,29,46253,350716,E8.75,9.5,26.64643096923828
late,qiu2024,devmap,E8.75,E9.5-R2,30,46253,350716,E8.75,9.5,26.53842544555664
late,qiu2024,devmap,E8.75,E9.5-R2,31,46253,350716,E8.75,9.5,27.12811851501465
late,qiu2024,devmap,E8.75,E9.5-R2,32,46253,350716,E8.75,9.5,26.913753509521484
late,qiu2024,devmap,E8.75,E9.5-R2,33,46253,350716,E8.75,9.5,27.262022018432617
late,qiu2024,devmap,E8.75,E9.5-R2,34,46253,350716,E8.75,9.5,27.026683807373047
late,qiu2024,devmap,E8.75,E9.5-R2,35,46253,350716,E8.75,9.5,26.246002197265625
late,qiu2024,devmap,E8.75,E9.5-R2,36,46253,350716,E8.75,9.5,27.345272064208984
late,qiu2024,devmap,E8.75,E9.5-R2,37,46253,350716,E8.75,9.5,26.323537826538086
late,qiu2024,devmap,E8.75,E9.5-R2,38,46253,350716,E8.75,9.5,26.533445358276367
late,qiu2024,devmap,E8.75,E9.5-R2,39,46253,350716,E8.75,9.5,26.34429931640625
late,qiu2024,devmap,E8.75,E9.5-R2,40,46253,350716,E8.75,9.5,26.37607192993164
late,qiu2024,devmap,E8.75,E9.5-R2,41,46253,350716,E8.75,9.5,27.043075561523438
late,qiu2024,devmap,E8.75,E9.5-R2,42,46253,350716,E8.75,9.5,26.924039840698242
late,qiu2024,devmap,E8.75,E9.5-R2,43,46253,350716,E8.75,9.5,26.92329978942871
late,qiu2024,devmap,E8.75,E9.5-R2,44,46253,350716,E8.75,9.5,26.933536529541016
late,qiu2024,devmap,E8.75,E9.5-R2,45,46253,350716,E8.75,9.5,25.87126922607422
late,qiu2024,devmap,E8.75,E9.5-R2,46,46253,350716,E8.75,9.5,26.405353546142578
late,qiu2024,devmap,E8.75,E9.5-R2,47,46253,350716,E8.75,9.5,26.69757080078125
late,qiu2024,devmap,E8.75,E9.5-R2,48,46253,350716,E8.75,9.5,26.831802368164062
late,qiu2024,devmap,E8.75,E9.5-R2,49,46253,350716,E8.75,9.5,26.56197166442871
late,qiu2024,devmap,E8.75,E9.5-R3,0,46253,342873,E8.75,9.5,24.95293426513672
late,qiu2024,devmap,E8.75,E9.5-R3,1,46253,342873,E8.75,9.5,24.829051971435547
late,qiu2024,devmap,E8.75,E9.5-R3,2,46253,342873,E8.75,9.5,25.56551170349121
late,qiu2024,devmap,E8.75,E9.5-R3,3,46253,342873,E8.75,9.5,25.920513153076172
late,qiu2024,devmap,E8.75,E9.5-R3,4,46253,342873,E8.75,9.5,25.88799476623535
late,qiu2024,devmap,E8.75,E9.5-R3,5,46253,342873,E8.75,9.5,24.945600509643555
late,qiu2024,devmap,E8.75,E9.5-R3,6,46253,342873,E8.75,9.5,24.89073371887207
late,qiu2024,devmap,E8.75,E9.5-R3,7,46253,342873,E8.75,9.5,24.874990463256836
late,qiu2024,devmap,E8.75,E9.5-R3,8,46253,342873,E8.75,9.5,25.217769622802734
late,qiu2024,devmap,E8.75,E9.5-R3,9,46253,342873,E8.75,9.5,24.5008602142334
late,qiu2024,devmap,E8.75,E9.5-R3,10,46253,342873,E8.75,9.5,25.445066452026367
late,qiu2024,devmap,E8.75,E9.5-R3,11,46253,342873,E8.75,9.5,25.564250946044922
late,qiu2024,devmap,E8.75,E9.5-R3,12,46253,342873,E8.75,9.5,24.395381927490234
late,qiu2024,devmap,E8.75,E9.5-R3,13,46253,342873,E8.75,9.5,25.653989791870117
late,qiu2024,devmap,E8.75,E9.5-R3,14,46253,342873,E8.75,9.5,25.523345947265625
late,qiu2024,devmap,E8.75,E9.5-R3,15,46253,342873,E8.75,9.5,25.508453369140625
late,qiu2024,devmap,E8.75,E9.5-R3,16,46253,342873,E8.75,9.5,25.326784133911133
late,qiu2024,devmap,E8.75,E9.5-R3,17,46253,342873,E8.75,9.5,25.130462646484375
late,qiu2024,devmap,E8.75,E9.5-R3,18,46253,342873,E8.75,9.5,25.02558135986328
late,qiu2024,devmap,E8.75,E9.5-R3,19,46253,342873,E8.75,9.5,25.494104385375977
late,qiu2024,devmap,E8.75,E9.5-R3,20,46253,342873,E8.75,9.5,24.837448120117188
late,qiu2024,devmap,E8.75,E9.5-R3,21,46253,342873,E8.75,9.5,24.777496337890625
late,qiu2024,devmap,E8.75,E9.5-R3,22,46253,342873,E8.75,9.5,24.853775024414062
late,qiu2024,devmap,E8.75,E9.5-R3,23,46253,342873,E8.75,9.5,24.841861724853516
late,qiu2024,devmap,E8.75,E9.5-R3,24,46253,342873,E8.75,9.5,25.408763885498047
late,qiu2024,devmap,E8.75,E9.5-R3,25,46253,342873,E8.75,9.5,24.600833892822266
late,qiu2024,devmap,E8.75,E9.5-R3,26,46253,342873,E8.75,9.5,24.828683853149414
late,qiu2024,devmap,E8.75,E9.5-R3,27,46253,342873,E8.75,9.5,25.198022842407227
late,qiu2024,devmap,E8.75,E9.5-R3,28,46253,342873,E8.75,9.5,24.781261444091797
late,qiu2024,devmap,E8.75,E9.5-R3,29,46253,342873,E8.75,9.5,25.679977416992188
late,qiu2024,devmap,E8.75,E9.5-R3,30,46253,342873,E8.75,9.5,25.213159561157227
late,qiu2024,devmap,E8.75,E9.5-R3,31,46253,342873,E8.75,9.5,25.368799209594727
late,qiu2024,devmap,E8.75,E9.5-R3,32,46253,342873,E8.75,9.5,25.08496856689453
late,qiu2024,devmap,E8.75,E9.5-R3,33,46253,342873,E8.75,9.5,24.869110107421875
late,qiu2024,devmap,E8.75,E9.5-R3,34,46253,342873,E8.75,9.5,26.419389724731445
late,qiu2024,devmap,E8.75,E9.5-R3,35,46253,342873,E8.75,9.5,24.84389877319336
late,qiu2024,devmap,E8.75,E9.5-R3,36,46253,342873,E8.75,9.5,25.456323623657227
late,qiu2024,devmap,E8.75,E9.5-R3,37,46253,342873,E8.75,9.5,24.98691177368164
late,qiu2024,devmap,E8.75,E9.5-R3,38,46253,342873,E8.75,9.5,24.698442459106445
late,qiu2024,devmap,E8.75,E9.5-R3,39,46253,342873,E8.75,9.5,24.989402770996094
late,qiu2024,devmap,E8.75,E9.5-R3,40,46253,342873,E8.75,9.5,24.60800552368164
late,qiu2024,devmap,E8.75,E9.5-R3,41,46253,342873,E8.75,9.5,25.243858337402344
late,qiu2024,devmap,E8.75,E9.5-R3,42,46253,342873,E8.75,9.5,25.259920120239258
late,qiu2024,devmap,E8.75,E9.5-R3,43,46253,342873,E8.75,9.5,25.175243377685547
late,qiu2024,devmap,E8.75,E9.5-R3,44,46253,342873,E8.75,9.5,25.24639892578125
late,qiu2024,devmap,E8.75,E9.5-R3,45,46253,342873,E8.75,9.5,25.181835174560547
late,qiu2024,devmap,E8.75,E9.5-R3,46,46253,342873,E8.75,9.5,25.16438102722168
late,qiu2024,devmap,E8.75,E9.5-R3,47,46253,342873,E8.75,9.5,25.484573364257812
late,qiu2024,devmap,E8.75,E9.5-R3,48,46253,342873,E8.75,9.5,25.370576858520508
late,qiu2024,devmap,E8.75,E9.5-R3,49,46253,342873,E8.75,9.5,24.913002014160156
late,qiu2024,devmap,E8.75,E10.0-R1,0,46253,347550,E8.75,10.0,29.204221725463867
late,qiu2024,devmap,E8.75,E10.0-R1,1,46253,347550,E8.75,10.0,29.27052116394043
late,qiu2024,devmap,E8.75,E10.0-R1,2,46253,347550,E8.75,10.0,29.184162139892578
late,qiu2024,devmap,E8.75,E10.0-R1,3,46253,347550,E8.75,10.0,29.259723663330078
late,qiu2024,devmap,E8.75,E10.0-R1,4,46253,347550,E8.75,10.0,28.612964630126953
late,qiu2024,devmap,E8.75,E10.0-R1,5,46253,347550,E8.75,10.0,28.386192321777344
late,qiu2024,devmap,E8.75,E10.0-R1,6,46253,347550,E8.75,10.0,29.42770767211914
late,qiu2024,devmap,E8.75,E10.0-R1,7,46253,347550,E8.75,10.0,29.504318237304688
late,qiu2024,devmap,E8.75,E10.0-R1,8,46253,347550,E8.75,10.0,28.852542877197266
late,qiu2024,devmap,E8.75,E10.0-R1,9,46253,347550,E8.75,10.0,28.082794189453125
late,qiu2024,devmap,E8.75,E10.0-R1,10,46253,347550,E8.75,10.0,28.811748504638672
late,qiu2024,devmap,E8.75,E10.0-R1,11,46253,347550,E8.75,10.0,28.965539932250977
late,qiu2024,devmap,E8.75,E10.0-R1,12,46253,347550,E8.75,10.0,28.6661434173584
late,qiu2024,devmap,E8.75,E10.0-R1,13,46253,347550,E8.75,10.0,27.96590805053711
late,qiu2024,devmap,E8.75,E10.0-R1,14,46253,347550,E8.75,10.0,27.977710723876953
late,qiu2024,devmap,E8.75,E10.0-R1,15,46253,347550,E8.75,10.0,28.54104232788086
late,qiu2024,devmap,E8.75,E10.0-R1,16,46253,347550,E8.75,10.0,28.973690032958984
late,qiu2024,devmap,E8.75,E10.0-R1,17,46253,347550,E8.75,10.0,28.366992950439453
late,qiu2024,devmap,E8.75,E10.0-R1,18,46253,347550,E8.75,10.0,28.660362243652344
late,qiu2024,devmap,E8.75,E10.0-R1,19,46253,347550,E8.75,10.0,28.55459976196289
late,qiu2024,devmap,E8.75,E10.0-R1,20,46253,347550,E8.75,10.0,29.22430419921875
late,qiu2024,devmap,E8.75,E10.0-R1,21,46253,347550,E8.75,10.0,28.83715057373047
late,qiu2024,devmap,E8.75,E10.0-R1,22,46253,347550,E8.75,10.0,29.141014099121094
late,qiu2024,devmap,E8.75,E10.0-R1,23,46253,347550,E8.75,10.0,28.9312744140625
late,qiu2024,devmap,E8.75,E10.0-R1,24,46253,347550,E8.75,10.0,28.8021240234375
late,qiu2024,devmap,E8.75,E10.0-R1,25,46253,347550,E8.75,10.0,29.085235595703125
late,qiu2024,devmap,E8.75,E10.0-R1,26,46253,347550,E8.75,10.0,28.683319091796875
late,qiu2024,devmap,E8.75,E10.0-R1,27,46253,347550,E8.75,10.0,28.031028747558594
late,qiu2024,devmap,E8.75,E10.0-R1,28,46253,347550,E8.75,10.0,28.583616256713867
late,qiu2024,devmap,E8.75,E10.0-R1,29,46253,347550,E8.75,10.0,29.581283569335938
late,qiu2024,devmap,E8.75,E10.0-R1,30,46253,347550,E8.75,10.0,29.645681381225586
late,qiu2024,devmap,E8.75,E10.0-R1,31,46253,347550,E8.75,10.0,27.782302856445312
late,qiu2024,devmap,E8.75,E10.0-R1,32,46253,347550,E8.75,10.0,28.62442398071289
late,qiu2024,devmap,E8.75,E10.0-R1,33,46253,347550,E8.75,10.0,29.576396942138672
late,qiu2024,devmap,E8.75,E10.0-R1,34,46253,347550,E8.75,10.0,28.73536491394043
late,qiu2024,devmap,E8.75,E10.0-R1,35,46253,347550,E8.75,10.0,29.04452896118164
late,qiu2024,devmap,E8.75,E10.0-R1,36,46253,347550,E8.75,10.0,28.865402221679688
late,qiu2024,devmap,E8.75,E10.0-R1,37,46253,347550,E8.75,10.0,28.90232276916504
late,qiu2024,devmap,E8.75,E10.0-R1,38,46253,347550,E8.75,10.0,29.76164436340332
late,qiu2024,devmap,E8.75,E10.0-R1,39,46253,347550,E8.75,10.0,28.479049682617188
late,qiu2024,devmap,E8.75,E10.0-R1,40,46253,347550,E8.75,10.0,28.706342697143555
late,qiu2024,devmap,E8.75,E10.0-R1,41,46253,347550,E8.75,10.0,28.7872257232666
late,qiu2024,devmap,E8.75,E10.0-R1,42,46253,347550,E8.75,10.0,29.620433807373047
late,qiu2024,devmap,E8.75,E10.0-R1,43,46253,347550,E8.75,10.0,28.81494140625
late,qiu2024,devmap,E8.75,E10.0-R1,44,46253,347550,E8.75,10.0,28.01282501220703
late,qiu2024,devmap,E8.75,E10.0-R1,45,46253,347550,E8.75,10.0,28.95880889892578
late,qiu2024,devmap,E8.75,E10.0-R1,46,46253,347550,E8.75,10.0,28.79720687866211
late,qiu2024,devmap,E8.75,E10.0-R1,47,46253,347550,E8.75,10.0,28.641340255737305
late,qiu2024,devmap,E8.75,E10.0-R1,48,46253,347550,E8.75,10.0,28.814659118652344
late,qiu2024,devmap,E8.75,E10.0-R1,49,46253,347550,E8.75,10.0,27.87342071533203
late,qiu2024,devmap,E9.0,E8.5-R1,0,118049,23435,E9.0,8.5,24.986621856689453
late,qiu2024,devmap,E9.0,E8.5-R1,1,118049,23435,E9.0,8.5,25.21342658996582
late,qiu2024,devmap,E9.0,E8.5-R1,2,118049,23435,E9.0,8.5,26.00389289855957
late,qiu2024,devmap,E9.0,E8.5-R1,3,118049,23435,E9.0,8.5,25.057756423950195
late,qiu2024,devmap,E9.0,E8.5-R1,4,118049,23435,E9.0,8.5,25.70943260192871
late,qiu2024,devmap,E9.0,E8.5-R1,5,118049,23435,E9.0,8.5,25.708133697509766
late,qiu2024,devmap,E9.0,E8.5-R1,6,118049,23435,E9.0,8.5,25.262832641601562
late,qiu2024,devmap,E9.0,E8.5-R1,7,118049,23435,E9.0,8.5,25.194442749023438
late,qiu2024,devmap,E9.0,E8.5-R1,8,118049,23435,E9.0,8.5,24.897443771362305
late,qiu2024,devmap,E9.0,E8.5-R1,9,118049,23435,E9.0,8.5,23.91054344177246
late,qiu2024,devmap,E9.0,E8.5-R1,10,118049,23435,E9.0,8.5,25.81256866455078
late,qiu2024,devmap,E9.0,E8.5-R1,11,118049,23435,E9.0,8.5,26.267791748046875
late,qiu2024,devmap,E9.0,E8.5-R1,12,118049,23435,E9.0,8.5,25.620628356933594
late,qiu2024,devmap,E9.0,E8.5-R1,13,118049,23435,E9.0,8.5,24.618812561035156
late,qiu2024,devmap,E9.0,E8.5-R1,14,118049,23435,E9.0,8.5,24.62616539001465
late,qiu2024,devmap,E9.0,E8.5-R1,15,118049,23435,E9.0,8.5,24.40203857421875
late,qiu2024,devmap,E9.0,E8.5-R1,16,118049,23435,E9.0,8.5,24.873088836669922
late,qiu2024,devmap,E9.0,E8.5-R1,17,118049,23435,E9.0,8.5,25.386756896972656
late,qiu2024,devmap,E9.0,E8.5-R1,18,118049,23435,E9.0,8.5,25.247840881347656
late,qiu2024,devmap,E9.0,E8.5-R1,19,118049,23435,E9.0,8.5,25.090179443359375
late,qiu2024,devmap,E9.0,E8.5-R1,20,118049,23435,E9.0,8.5,25.187461853027344
late,qiu2024,devmap,E9.0,E8.5-R1,21,118049,23435,E9.0,8.5,25.34853744506836
late,qiu2024,devmap,E9.0,E8.5-R1,22,118049,23435,E9.0,8.5,25.940048217773438
late,qiu2024,devmap,E9.0,E8.5-R1,23,118049,23435,E9.0,8.5,25.28158950805664
late,qiu2024,devmap,E9.0,E8.5-R1,24,118049,23435,E9.0,8.5,27.211977005004883
late,qiu2024,devmap,E9.0,E8.5-R1,25,118049,23435,E9.0,8.5,25.523223876953125
late,qiu2024,devmap,E9.0,E8.5-R1,26,118049,23435,E9.0,8.5,25.327219009399414
late,qiu2024,devmap,E9.0,E8.5-R1,27,118049,23435,E9.0,8.5,24.362117767333984
late,qiu2024,devmap,E9.0,E8.5-R1,28,118049,23435,E9.0,8.5,24.460304260253906
late,qiu2024,devmap,E9.0,E8.5-R1,29,118049,23435,E9.0,8.5,24.771692276000977
late,qiu2024,devmap,E9.0,E8.5-R1,30,118049,23435,E9.0,8.5,24.832592010498047
late,qiu2024,devmap,E9.0,E8.5-R1,31,118049,23435,E9.0,8.5,25.012454986572266
late,qiu2024,devmap,E9.0,E8.5-R1,32,118049,23435,E9.0,8.5,25.71115493774414
late,qiu2024,devmap,E9.0,E8.5-R1,33,118049,23435,E9.0,8.5,24.51140594482422
late,qiu2024,devmap,E9.0,E8.5-R1,34,118049,23435,E9.0,8.5,24.84421157836914
late,qiu2024,devmap,E9.0,E8.5-R1,35,118049,23435,E9.0,8.5,25.049922943115234
late,qiu2024,devmap,E9.0,E8.5-R1,36,118049,23435,E9.0,8.5,24.74245834350586
late,qiu2024,devmap,E9.0,E8.5-R1,37,118049,23435,E9.0,8.5,24.80831527709961
late,qiu2024,devmap,E9.0,E8.5-R1,38,118049,23435,E9.0,8.5,25.49505043029785
late,qiu2024,devmap,E9.0,E8.5-R1,39,118049,23435,E9.0,8.5,24.262615203857422
late,qiu2024,devmap,E9.0,E8.5-R1,40,118049,23435,E9.0,8.5,25.25471305847168
late,qiu2024,devmap,E9.0,E8.5-R1,41,118049,23435,E9.0,8.5,25.777997970581055
late,qiu2024,devmap,E9.0,E8.5-R1,42,118049,23435,E9.0,8.5,25.832239151000977
late,qiu2024,devmap,E9.0,E8.5-R1,43,118049,23435,E9.0,8.5,25.59762191772461
late,qiu2024,devmap,E9.0,E8.5-R1,44,118049,23435,E9.0,8.5,25.8536434173584
late,qiu2024,devmap,E9.0,E8.5-R1,45,118049,23435,E9.0,8.5,25.3641357421875
late,qiu2024,devmap,E9.0,E8.5-R1,46,118049,23435,E9.0,8.5,24.545881271362305
late,qiu2024,devmap,E9.0,E8.5-R1,47,118049,23435,E9.0,8.5,25.060256958007812
late,qiu2024,devmap,E9.0,E8.5-R1,48,118049,23435,E9.0,8.5,25.66381072998047
late,qiu2024,devmap,E9.0,E8.5-R1,49,118049,23435,E9.0,8.5,25.37982749938965
late,qiu2024,devmap,E9.0,E8.5-R2,0,118049,38216,E9.0,8.5,23.790699005126953
late,qiu2024,devmap,E9.0,E8.5-R2,1,118049,38216,E9.0,8.5,23.44275665283203
late,qiu2024,devmap,E9.0,E8.5-R2,2,118049,38216,E9.0,8.5,23.689075469970703
late,qiu2024,devmap,E9.0,E8.5-R2,3,118049,38216,E9.0,8.5,24.77773666381836
late,qiu2024,devmap,E9.0,E8.5-R2,4,118049,38216,E9.0,8.5,23.391929626464844
late,qiu2024,devmap,E9.0,E8.5-R2,5,118049,38216,E9.0,8.5,23.513378143310547
late,qiu2024,devmap,E9.0,E8.5-R2,6,118049,38216,E9.0,8.5,24.192974090576172
late,qiu2024,devmap,E9.0,E8.5-R2,7,118049,38216,E9.0,8.5,24.19184684753418
late,qiu2024,devmap,E9.0,E8.5-R2,8,118049,38216,E9.0,8.5,23.49987030029297
late,qiu2024,devmap,E9.0,E8.5-R2,9,118049,38216,E9.0,8.5,24.069347381591797
late,qiu2024,devmap,E9.0,E8.5-R2,10,118049,38216,E9.0,8.5,23.60233497619629
late,qiu2024,devmap,E9.0,E8.5-R2,11,118049,38216,E9.0,8.5,23.86685562133789
late,qiu2024,devmap,E9.0,E8.5-R2,12,118049,38216,E9.0,8.5,24.026256561279297
late,qiu2024,devmap,E9.0,E8.5-R2,13,118049,38216,E9.0,8.5,23.14720916748047
late,qiu2024,devmap,E9.0,E8.5-R2,14,118049,38216,E9.0,8.5,23.5468807220459
late,qiu2024,devmap,E9.0,E8.5-R2,15,118049,38216,E9.0,8.5,24.09963607788086
late,qiu2024,devmap,E9.0,E8.5-R2,16,118049,38216,E9.0,8.5,23.695735931396484
late,qiu2024,devmap,E9.0,E8.5-R2,17,118049,38216,E9.0,8.5,24.420310974121094
late,qiu2024,devmap,E9.0,E8.5-R2,18,118049,38216,E9.0,8.5,23.10316276550293
late,qiu2024,devmap,E9.0,E8.5-R2,19,118049,38216,E9.0,8.5,23.552732467651367
late,qiu2024,devmap,E9.0,E8.5-R2,20,118049,38216,E9.0,8.5,23.391563415527344
late,qiu2024,devmap,E9.0,E8.5-R2,21,118049,38216,E9.0,8.5,23.483718872070312
late,qiu2024,devmap,E9.0,E8.5-R2,22,118049,38216,E9.0,8.5,23.895919799804688
late,qiu2024,devmap,E9.0,E8.5-R2,23,118049,38216,E9.0,8.5,23.95140266418457
late,qiu2024,devmap,E9.0,E8.5-R2,24,118049,38216,E9.0,8.5,22.98931121826172
late,qiu2024,devmap,E9.0,E8.5-R2,25,118049,38216,E9.0,8.5,23.982418060302734
late,qiu2024,devmap,E9.0,E8.5-R2,26,118049,38216,E9.0,8.5,23.808170318603516
late,qiu2024,devmap,E9.0,E8.5-R2,27,118049,38216,E9.0,8.5,24.111913681030273
late,qiu2024,devmap,E9.0,E8.5-R2,28,118049,38216,E9.0,8.5,23.77165985107422
late,qiu2024,devmap,E9.0,E8.5-R2,29,118049,38216,E9.0,8.5,23.056194305419922
late,qiu2024,devmap,E9.0,E8.5-R2,30,118049,38216,E9.0,8.5,24.1717529296875
late,qiu2024,devmap,E9.0,E8.5-R2,31,118049,38216,E9.0,8.5,24.038419723510742
late,qiu2024,devmap,E9.0,E8.5-R2,32,118049,38216,E9.0,8.5,23.776168823242188
late,qiu2024,devmap,E9.0,E8.5-R2,33,118049,38216,E9.0,8.5,23.536035537719727
late,qiu2024,devmap,E9.0,E8.5-R2,34,118049,38216,E9.0,8.5,23.935468673706055
late,qiu2024,devmap,E9.0,E8.5-R2,35,118049,38216,E9.0,8.5,23.36298370361328
late,qiu2024,devmap,E9.0,E8.5-R2,36,118049,38216,E9.0,8.5,22.945751190185547
late,qiu2024,devmap,E9.0,E8.5-R2,37,118049,38216,E9.0,8.5,24.313152313232422
late,qiu2024,devmap,E9.0,E8.5-R2,38,118049,38216,E9.0,8.5,23.24658966064453
late,qiu2024,devmap,E9.0,E8.5-R2,39,118049,38216,E9.0,8.5,23.263065338134766
late,qiu2024,devmap,E9.0,E8.5-R2,40,118049,38216,E9.0,8.5,23.90612030029297
late,qiu2024,devmap,E9.0,E8.5-R2,41,118049,38216,E9.0,8.5,24.87287139892578
late,qiu2024,devmap,E9.0,E8.5-R2,42,118049,38216,E9.0,8.5,23.662500381469727
late,qiu2024,devmap,E9.0,E8.5-R2,43,118049,38216,E9.0,8.5,23.75515365600586
late,qiu2024,devmap,E9.0,E8.5-R2,44,118049,38216,E9.0,8.5,23.43301010131836
late,qiu2024,devmap,E9.0,E8.5-R2,45,118049,38216,E9.0,8.5,23.267513275146484
late,qiu2024,devmap,E9.0,E8.5-R2,46,118049,38216,E9.0,8.5,23.47566795349121
late,qiu2024,devmap,E9.0,E8.5-R2,47,118049,38216,E9.0,8.5,23.644996643066406
late,qiu2024,devmap,E9.0,E8.5-R2,48,118049,38216,E9.0,8.5,23.34499740600586
late,qiu2024,devmap,E9.0,E8.5-R2,49,118049,38216,E9.0,8.5,23.95526695251465
late,qiu2024,devmap,E9.0,E8.5-R3,0,118049,27743,E9.0,8.5,23.671504974365234
late,qiu2024,devmap,E9.0,E8.5-R3,1,118049,27743,E9.0,8.5,24.45313262939453
late,qiu2024,devmap,E9.0,E8.5-R3,2,118049,27743,E9.0,8.5,23.179258346557617
late,qiu2024,devmap,E9.0,E8.5-R3,3,118049,27743,E9.0,8.5,24.867265701293945
late,qiu2024,devmap,E9.0,E8.5-R3,4,118049,27743,E9.0,8.5,24.328765869140625
late,qiu2024,devmap,E9.0,E8.5-R3,5,118049,27743,E9.0,8.5,23.874855041503906
late,qiu2024,devmap,E9.0,E8.5-R3,6,118049,27743,E9.0,8.5,23.886476516723633
late,qiu2024,devmap,E9.0,E8.5-R3,7,118049,27743,E9.0,8.5,25.029525756835938
late,qiu2024,devmap,E9.0,E8.5-R3,8,118049,27743,E9.0,8.5,24.200233459472656
late,qiu2024,devmap,E9.0,E8.5-R3,9,118049,27743,E9.0,8.5,24.038921356201172
late,qiu2024,devmap,E9.0,E8.5-R3,10,118049,27743,E9.0,8.5,24.268829345703125
late,qiu2024,devmap,E9.0,E8.5-R3,11,118049,27743,E9.0,8.5,24.024410247802734
late,qiu2024,devmap,E9.0,E8.5-R3,12,118049,27743,E9.0,8.5,24.382984161376953
late,qiu2024,devmap,E9.0,E8.5-R3,13,118049,27743,E9.0,8.5,23.47644805908203
late,qiu2024,devmap,E9.0,E8.5-R3,14,118049,27743,E9.0,8.5,23.768245697021484
late,qiu2024,devmap,E9.0,E8.5-R3,15,118049,27743,E9.0,8.5,24.328594207763672
late,qiu2024,devmap,E9.0,E8.5-R3,16,118049,27743,E9.0,8.5,24.567642211914062
late,qiu2024,devmap,E9.0,E8.5-R3,17,118049,27743,E9.0,8.5,23.452346801757812
late,qiu2024,devmap,E9.0,E8.5-R3,18,118049,27743,E9.0,8.5,24.7401123046875
late,qiu2024,devmap,E9.0,E8.5-R3,19,118049,27743,E9.0,8.5,24.086750030517578
late,qiu2024,devmap,E9.0,E8.5-R3,20,118049,27743,E9.0,8.5,25.791446685791016
late,qiu2024,devmap,E9.0,E8.5-R3,21,118049,27743,E9.0,8.5,24.57971954345703
late,qiu2024,devmap,E9.0,E8.5-R3,22,118049,27743,E9.0,8.5,23.453147888183594
late,qiu2024,devmap,E9.0,E8.5-R3,23,118049,27743,E9.0,8.5,25.370819091796875
late,qiu2024,devmap,E9.0,E8.5-R3,24,118049,27743,E9.0,8.5,24.12698745727539
late,qiu2024,devmap,E9.0,E8.5-R3,25,118049,27743,E9.0,8.5,23.52602767944336
late,qiu2024,devmap,E9.0,E8.5-R3,26,118049,27743,E9.0,8.5,23.299270629882812
late,qiu2024,devmap,E9.0,E8.5-R3,27,118049,27743,E9.0,8.5,24.189472198486328
late,qiu2024,devmap,E9.0,E8.5-R3,28,118049,27743,E9.0,8.5,25.271026611328125
late,qiu2024,devmap,E9.0,E8.5-R3,29,118049,27743,E9.0,8.5,24.495384216308594
late,qiu2024,devmap,E9.0,E8.5-R3,30,118049,27743,E9.0,8.5,24.726749420166016
late,qiu2024,devmap,E9.0,E8.5-R3,31,118049,27743,E9.0,8.5,23.85923957824707
late,qiu2024,devmap,E9.0,E8.5-R3,32,118049,27743,E9.0,8.5,24.17521095275879
late,qiu2024,devmap,E9.0,E8.5-R3,33,118049,27743,E9.0,8.5,26.055137634277344
late,qiu2024,devmap,E9.0,E8.5-R3,34,118049,27743,E9.0,8.5,24.235408782958984
late,qiu2024,devmap,E9.0,E8.5-R3,35,118049,27743,E9.0,8.5,24.966516494750977
late,qiu2024,devmap,E9.0,E8.5-R3,36,118049,27743,E9.0,8.5,23.91378402709961
late,qiu2024,devmap,E9.0,E8.5-R3,37,118049,27743,E9.0,8.5,24.677204132080078
late,qiu2024,devmap,E9.0,E8.5-R3,38,118049,27743,E9.0,8.5,24.444133758544922
late,qiu2024,devmap,E9.0,E8.5-R3,39,118049,27743,E9.0,8.5,23.70136070251465
late,qiu2024,devmap,E9.0,E8.5-R3,40,118049,27743,E9.0,8.5,24.390600204467773
late,qiu2024,devmap,E9.0,E8.5-R3,41,118049,27743,E9.0,8.5,23.857402801513672
late,qiu2024,devmap,E9.0,E8.5-R3,42,118049,27743,E9.0,8.5,23.437931060791016
late,qiu2024,devmap,E9.0,E8.5-R3,43,118049,27743,E9.0,8.5,24.38681411743164
late,qiu2024,devmap,E9.0,E8.5-R3,44,118049,27743,E9.0,8.5,24.415407180786133
late,qiu2024,devmap,E9.0,E8.5-R3,45,118049,27743,E9.0,8.5,24.15264320373535
late,qiu2024,devmap,E9.0,E8.5-R3,46,118049,27743,E9.0,8.5,23.669567108154297
late,qiu2024,devmap,E9.0,E8.5-R3,47,118049,27743,E9.0,8.5,25.184223175048828
late,qiu2024,devmap,E9.0,E8.5-R3,48,118049,27743,E9.0,8.5,24.684980392456055
late,qiu2024,devmap,E9.0,E8.5-R3,49,118049,27743,E9.0,8.5,24.880962371826172
late,qiu2024,devmap,E9.0,E9.0-R1,0,118049,92063,E9.0,9.0,19.570219039916992
late,qiu2024,devmap,E9.0,E9.0-R1,1,118049,92063,E9.0,9.0,19.520618438720703
late,qiu2024,devmap,E9.0,E9.0-R1,2,118049,92063,E9.0,9.0,19.756359100341797
late,qiu2024,devmap,E9.0,E9.0-R1,3,118049,92063,E9.0,9.0,20.00684356689453
late,qiu2024,devmap,E9.0,E9.0-R1,4,118049,92063,E9.0,9.0,20.091228485107422
late,qiu2024,devmap,E9.0,E9.0-R1,5,118049,92063,E9.0,9.0,19.417953491210938
late,qiu2024,devmap,E9.0,E9.0-R1,6,118049,92063,E9.0,9.0,20.456029891967773
late,qiu2024,devmap,E9.0,E9.0-R1,7,118049,92063,E9.0,9.0,18.930084228515625
late,qiu2024,devmap,E9.0,E9.0-R1,8,118049,92063,E9.0,9.0,19.768856048583984
late,qiu2024,devmap,E9.0,E9.0-R1,9,118049,92063,E9.0,9.0,19.61499786376953
late,qiu2024,devmap,E9.0,E9.0-R1,10,118049,92063,E9.0,9.0,19.101043701171875
late,qiu2024,devmap,E9.0,E9.0-R1,11,118049,92063,E9.0,9.0,19.870471954345703
late,qiu2024,devmap,E9.0,E9.0-R1,12,118049,92063,E9.0,9.0,19.049095153808594
late,qiu2024,devmap,E9.0,E9.0-R1,13,118049,92063,E9.0,9.0,19.918441772460938
late,qiu2024,devmap,E9.0,E9.0-R1,14,118049,92063,E9.0,9.0,19.68610382080078
late,qiu2024,devmap,E9.0,E9.0-R1,15,118049,92063,E9.0,9.0,20.27668571472168
late,qiu2024,devmap,E9.0,E9.0-R1,16,118049,92063,E9.0,9.0,20.078208923339844
late,qiu2024,devmap,E9.0,E9.0-R1,17,118049,92063,E9.0,9.0,19.88178062438965
late,qiu2024,devmap,E9.0,E9.0-R1,18,118049,92063,E9.0,9.0,19.99058723449707
late,qiu2024,devmap,E9.0,E9.0-R1,19,118049,92063,E9.0,9.0,19.52190399169922
late,qiu2024,devmap,E9.0,E9.0-R1,20,118049,92063,E9.0,9.0,19.263973236083984
late,qiu2024,devmap,E9.0,E9.0-R1,21,118049,92063,E9.0,9.0,19.051801681518555
late,qiu2024,devmap,E9.0,E9.0-R1,22,118049,92063,E9.0,9.0,19.703107833862305
late,qiu2024,devmap,E9.0,E9.0-R1,23,118049,92063,E9.0,9.0,19.51024055480957
late,qiu2024,devmap,E9.0,E9.0-R1,24,118049,92063,E9.0,9.0,20.11246681213379
late,qiu2024,devmap,E9.0,E9.0-R1,25,118049,92063,E9.0,9.0,19.68355941772461
late,qiu2024,devmap,E9.0,E9.0-R1,26,118049,92063,E9.0,9.0,19.82846450805664
late,qiu2024,devmap,E9.0,E9.0-R1,27,118049,92063,E9.0,9.0,20.322601318359375
late,qiu2024,devmap,E9.0,E9.0-R1,28,118049,92063,E9.0,9.0,19.823322296142578
late,qiu2024,devmap,E9.0,E9.0-R1,29,118049,92063,E9.0,9.0,19.379547119140625
late,qiu2024,devmap,E9.0,E9.0-R1,30,118049,92063,E9.0,9.0,19.43808364868164
late,qiu2024,devmap,E9.0,E9.0-R1,31,118049,92063,E9.0,9.0,19.325271606445312
late,qiu2024,devmap,E9.0,E9.0-R1,32,118049,92063,E9.0,9.0,20.51982879638672
late,qiu2024,devmap,E9.0,E9.0-R1,33,118049,92063,E9.0,9.0,19.73479461669922
late,qiu2024,devmap,E9.0,E9.0-R1,34,118049,92063,E9.0,9.0,19.583065032958984
late,qiu2024,devmap,E9.0,E9.0-R1,35,118049,92063,E9.0,9.0,19.336681365966797
late,qiu2024,devmap,E9.0,E9.0-R1,36,118049,92063,E9.0,9.0,19.80978775024414
late,qiu2024,devmap,E9.0,E9.0-R1,37,118049,92063,E9.0,9.0,20.061405181884766
late,qiu2024,devmap,E9.0,E9.0-R1,38,118049,92063,E9.0,9.0,19.947479248046875
late,qiu2024,devmap,E9.0,E9.0-R1,39,118049,92063,E9.0,9.0,19.642662048339844
late,qiu2024,devmap,E9.0,E9.0-R1,40,118049,92063,E9.0,9.0,19.988079071044922
late,qiu2024,devmap,E9.0,E9.0-R1,41,118049,92063,E9.0,9.0,19.677242279052734
late,qiu2024,devmap,E9.0,E9.0-R1,42,118049,92063,E9.0,9.0,19.403017044067383
late,qiu2024,devmap,E9.0,E9.0-R1,43,118049,92063,E9.0,9.0,19.803329467773438
late,qiu2024,devmap,E9.0,E9.0-R1,44,118049,92063,E9.0,9.0,19.336153030395508
late,qiu2024,devmap,E9.0,E9.0-R1,45,118049,92063,E9.0,9.0,19.19158935546875
late,qiu2024,devmap,E9.0,E9.0-R1,46,118049,92063,E9.0,9.0,19.502952575683594
late,qiu2024,devmap,E9.0,E9.0-R1,47,118049,92063,E9.0,9.0,19.81084632873535
late,qiu2024,devmap,E9.0,E9.0-R1,48,118049,92063,E9.0,9.0,19.37344741821289
late,qiu2024,devmap,E9.0,E9.0-R1,49,118049,92063,E9.0,9.0,19.623401641845703
late,qiu2024,devmap,E9.0,E9.0-R2,0,118049,99878,E9.0,9.0,17.979984283447266
late,qiu2024,devmap,E9.0,E9.0-R2,1,118049,99878,E9.0,9.0,17.745689392089844
late,qiu2024,devmap,E9.0,E9.0-R2,2,118049,99878,E9.0,9.0,18.07729721069336
late,qiu2024,devmap,E9.0,E9.0-R2,3,118049,99878,E9.0,9.0,18.225128173828125
late,qiu2024,devmap,E9.0,E9.0-R2,4,118049,99878,E9.0,9.0,18.765125274658203
late,qiu2024,devmap,E9.0,E9.0-R2,5,118049,99878,E9.0,9.0,17.876903533935547
late,qiu2024,devmap,E9.0,E9.0-R2,6,118049,99878,E9.0,9.0,18.033475875854492
late,qiu2024,devmap,E9.0,E9.0-R2,7,118049,99878,E9.0,9.0,17.6821346282959
late,qiu2024,devmap,E9.0,E9.0-R2,8,118049,99878,E9.0,9.0,17.77739715576172
late,qiu2024,devmap,E9.0,E9.0-R2,9,118049,99878,E9.0,9.0,17.386878967285156
late,qiu2024,devmap,E9.0,E9.0-R2,10,118049,99878,E9.0,9.0,18.36294937133789
late,qiu2024,devmap,E9.0,E9.0-R2,11,118049,99878,E9.0,9.0,18.02239227294922
late,qiu2024,devmap,E9.0,E9.0-R2,12,118049,99878,E9.0,9.0,18.41787338256836
late,qiu2024,devmap,E9.0,E9.0-R2,13,118049,99878,E9.0,9.0,17.463483810424805
late,qiu2024,devmap,E9.0,E9.0-R2,14,118049,99878,E9.0,9.0,18.998756408691406
late,qiu2024,devmap,E9.0,E9.0-R2,15,118049,99878,E9.0,9.0,18.46297836303711
late,qiu2024,devmap,E9.0,E9.0-R2,16,118049,99878,E9.0,9.0,18.318328857421875
late,qiu2024,devmap,E9.0,E9.0-R2,17,118049,99878,E9.0,9.0,18.457679748535156
late,qiu2024,devmap,E9.0,E9.0-R2,18,118049,99878,E9.0,9.0,18.32159423828125
late,qiu2024,devmap,E9.0,E9.0-R2,19,118049,99878,E9.0,9.0,17.997371673583984
late,qiu2024,devmap,E9.0,E9.0-R2,20,118049,99878,E9.0,9.0,18.335229873657227
late,qiu2024,devmap,E9.0,E9.0-R2,21,118049,99878,E9.0,9.0,18.630695343017578
late,qiu2024,devmap,E9.0,E9.0-R2,22,118049,99878,E9.0,9.0,19.085662841796875
late,qiu2024,devmap,E9.0,E9.0-R2,23,118049,99878,E9.0,9.0,18.30586814880371
late,qiu2024,devmap,E9.0,E9.0-R2,24,118049,99878,E9.0,9.0,18.557716369628906
late,qiu2024,devmap,E9.0,E9.0-R2,25,118049,99878,E9.0,9.0,17.780696868896484
late,qiu2024,devmap,E9.0,E9.0-R2,26,118049,99878,E9.0,9.0,17.78347396850586
late,qiu2024,devmap,E9.0,E9.0-R2,27,118049,99878,E9.0,9.0,18.068208694458008
late,qiu2024,devmap,E9.0,E9.0-R2,28,118049,99878,E9.0,9.0,18.396413803100586
late,qiu2024,devmap,E9.0,E9.0-R2,29,118049,99878,E9.0,9.0,17.863651275634766
late,qiu2024,devmap,E9.0,E9.0-R2,30,118049,99878,E9.0,9.0,18.003211975097656
late,qiu2024,devmap,E9.0,E9.0-R2,31,118049,99878,E9.0,9.0,18.0535831451416
late,qiu2024,devmap,E9.0,E9.0-R2,32,118049,99878,E9.0,9.0,18.12804412841797
late,qiu2024,devmap,E9.0,E9.0-R2,33,118049,99878,E9.0,9.0,17.913341522216797
late,qiu2024,devmap,E9.0,E9.0-R2,34,118049,99878,E9.0,9.0,18.432903289794922
late,qiu2024,devmap,E9.0,E9.0-R2,35,118049,99878,E9.0,9.0,18.532939910888672
late,qiu2024,devmap,E9.0,E9.0-R2,36,118049,99878,E9.0,9.0,18.329959869384766
late,qiu2024,devmap,E9.0,E9.0-R2,37,118049,99878,E9.0,9.0,18.67636489868164
late,qiu2024,devmap,E9.0,E9.0-R2,38,118049,99878,E9.0,9.0,17.895429611206055
late,qiu2024,devmap,E9.0,E9.0-R2,39,118049,99878,E9.0,9.0,18.193153381347656
late,qiu2024,devmap,E9.0,E9.0-R2,40,118049,99878,E9.0,9.0,18.18863296508789
late,qiu2024,devmap,E9.0,E9.0-R2,41,118049,99878,E9.0,9.0,18.217159271240234
late,qiu2024,devmap,E9.0,E9.0-R2,42,118049,99878,E9.0,9.0,17.72789192199707
late,qiu2024,devmap,E9.0,E9.0-R2,43,118049,99878,E9.0,9.0,18.675737380981445
late,qiu2024,devmap,E9.0,E9.0-R2,44,118049,99878,E9.0,9.0,17.951507568359375
late,qiu2024,devmap,E9.0,E9.0-R2,45,118049,99878,E9.0,9.0,18.531108856201172
late,qiu2024,devmap,E9.0,E9.0-R2,46,118049,99878,E9.0,9.0,17.813323974609375
late,qiu2024,devmap,E9.0,E9.0-R2,47,118049,99878,E9.0,9.0,18.282466888427734
late,qiu2024,devmap,E9.0,E9.0-R2,48,118049,99878,E9.0,9.0,18.7366943359375
late,qiu2024,devmap,E9.0,E9.0-R2,49,118049,99878,E9.0,9.0,18.31303596496582
late,qiu2024,devmap,E9.0,E9.0-R3,0,118049,62867,E9.0,9.0,21.300613403320312
late,qiu2024,devmap,E9.0,E9.0-R3,1,118049,62867,E9.0,9.0,21.941513061523438
late,qiu2024,devmap,E9.0,E9.0-R3,2,118049,62867,E9.0,9.0,21.50266456604004
late,qiu2024,devmap,E9.0,E9.0-R3,3,118049,62867,E9.0,9.0,20.88808822631836
late,qiu2024,devmap,E9.0,E9.0-R3,4,118049,62867,E9.0,9.0,21.617544174194336
late,qiu2024,devmap,E9.0,E9.0-R3,5,118049,62867,E9.0,9.0,21.348766326904297
late,qiu2024,devmap,E9.0,E9.0-R3,6,118049,62867,E9.0,9.0,21.449420928955078
late,qiu2024,devmap,E9.0,E9.0-R3,7,118049,62867,E9.0,9.0,21.00503921508789
late,qiu2024,devmap,E9.0,E9.0-R3,8,118049,62867,E9.0,9.0,21.243846893310547
late,qiu2024,devmap,E9.0,E9.0-R3,9,118049,62867,E9.0,9.0,21.03592300415039
late,qiu2024,devmap,E9.0,E9.0-R3,10,118049,62867,E9.0,9.0,20.496183395385742
late,qiu2024,devmap,E9.0,E9.0-R3,11,118049,62867,E9.0,9.0,20.81721305847168
late,qiu2024,devmap,E9.0,E9.0-R3,12,118049,62867,E9.0,9.0,21.43737030029297
late,qiu2024,devmap,E9.0,E9.0-R3,13,118049,62867,E9.0,9.0,20.792469024658203
late,qiu2024,devmap,E9.0,E9.0-R3,14,118049,62867,E9.0,9.0,21.174896240234375
late,qiu2024,devmap,E9.0,E9.0-R3,15,118049,62867,E9.0,9.0,22.130102157592773
late,qiu2024,devmap,E9.0,E9.0-R3,16,118049,62867,E9.0,9.0,21.074020385742188
late,qiu2024,devmap,E9.0,E9.0-R3,17,118049,62867,E9.0,9.0,21.101409912109375
late,qiu2024,devmap,E9.0,E9.0-R3,18,118049,62867,E9.0,9.0,21.127273559570312
late,qiu2024,devmap,E9.0,E9.0-R3,19,118049,62867,E9.0,9.0,20.681259155273438
late,qiu2024,devmap,E9.0,E9.0-R3,20,118049,62867,E9.0,9.0,21.30565643310547
late,qiu2024,devmap,E9.0,E9.0-R3,21,118049,62867,E9.0,9.0,21.451892852783203
late,qiu2024,devmap,E9.0,E9.0-R3,22,118049,62867,E9.0,9.0,21.344375610351562
late,qiu2024,devmap,E9.0,E9.0-R3,23,118049,62867,E9.0,9.0,20.817733764648438
late,qiu2024,devmap,E9.0,E9.0-R3,24,118049,62867,E9.0,9.0,21.81990623474121
late,qiu2024,devmap,E9.0,E9.0-R3,25,118049,62867,E9.0,9.0,21.246379852294922
late,qiu2024,devmap,E9.0,E9.0-R3,26,118049,62867,E9.0,9.0,21.90451431274414
late,qiu2024,devmap,E9.0,E9.0-R3,27,118049,62867,E9.0,9.0,21.141868591308594
late,qiu2024,devmap,E9.0,E9.0-R3,28,118049,62867,E9.0,9.0,21.43423843383789
late,qiu2024,devmap,E9.0,E9.0-R3,29,118049,62867,E9.0,9.0,21.210874557495117
late,qiu2024,devmap,E9.0,E9.0-R3,30,118049,62867,E9.0,9.0,20.86130142211914
late,qiu2024,devmap,E9.0,E9.0-R3,31,118049,62867,E9.0,9.0,20.805660247802734
late,qiu2024,devmap,E9.0,E9.0-R3,32,118049,62867,E9.0,9.0,20.712749481201172
late,qiu2024,devmap,E9.0,E9.0-R3,33,118049,62867,E9.0,9.0,20.656343460083008
late,qiu2024,devmap,E9.0,E9.0-R3,34,118049,62867,E9.0,9.0,21.30255889892578
late,qiu2024,devmap,E9.0,E9.0-R3,35,118049,62867,E9.0,9.0,20.969017028808594
late,qiu2024,devmap,E9.0,E9.0-R3,36,118049,62867,E9.0,9.0,20.718643188476562
late,qiu2024,devmap,E9.0,E9.0-R3,37,118049,62867,E9.0,9.0,21.13641357421875
late,qiu2024,devmap,E9.0,E9.0-R3,38,118049,62867,E9.0,9.0,21.251611709594727
late,qiu2024,devmap,E9.0,E9.0-R3,39,118049,62867,E9.0,9.0,20.742015838623047
late,qiu2024,devmap,E9.0,E9.0-R3,40,118049,62867,E9.0,9.0,22.730920791625977
late,qiu2024,devmap,E9.0,E9.0-R3,41,118049,62867,E9.0,9.0,21.456119537353516
late,qiu2024,devmap,E9.0,E9.0-R3,42,118049,62867,E9.0,9.0,21.292856216430664
late,qiu2024,devmap,E9.0,E9.0-R3,43,118049,62867,E9.0,9.0,21.07410430908203
late,qiu2024,devmap,E9.0,E9.0-R3,44,118049,62867,E9.0,9.0,21.129058837890625
late,qiu2024,devmap,E9.0,E9.0-R3,45,118049,62867,E9.0,9.0,19.922119140625
late,qiu2024,devmap,E9.0,E9.0-R3,46,118049,62867,E9.0,9.0,20.91495132446289
late,qiu2024,devmap,E9.0,E9.0-R3,47,118049,62867,E9.0,9.0,21.130207061767578
late,qiu2024,devmap,E9.0,E9.0-R3,48,118049,62867,E9.0,9.0,21.51799964904785
late,qiu2024,devmap,E9.0,E9.0-R3,49,118049,62867,E9.0,9.0,21.6141300201416
late,qiu2024,devmap,E9.0,E9.5-R1,0,118049,383453,E9.0,9.5,22.916988372802734
late,qiu2024,devmap,E9.0,E9.5-R1,1,118049,383453,E9.0,9.5,22.686546325683594
late,qiu2024,devmap,E9.0,E9.5-R1,2,118049,383453,E9.0,9.5,22.977216720581055
late,qiu2024,devmap,E9.0,E9.5-R1,3,118049,383453,E9.0,9.5,22.7793025970459
late,qiu2024,devmap,E9.0,E9.5-R1,4,118049,383453,E9.0,9.5,22.49852752685547
late,qiu2024,devmap,E9.0,E9.5-R1,5,118049,383453,E9.0,9.5,22.619937896728516
late,qiu2024,devmap,E9.0,E9.5-R1,6,118049,383453,E9.0,9.5,22.295948028564453
late,qiu2024,devmap,E9.0,E9.5-R1,7,118049,383453,E9.0,9.5,23.039775848388672
late,qiu2024,devmap,E9.0,E9.5-R1,8,118049,383453,E9.0,9.5,22.217472076416016
late,qiu2024,devmap,E9.0,E9.5-R1,9,118049,383453,E9.0,9.5,22.941421508789062
late,qiu2024,devmap,E9.0,E9.5-R1,10,118049,383453,E9.0,9.5,22.075298309326172
late,qiu2024,devmap,E9.0,E9.5-R1,11,118049,383453,E9.0,9.5,22.5394229888916
late,qiu2024,devmap,E9.0,E9.5-R1,12,118049,383453,E9.0,9.5,22.256324768066406
late,qiu2024,devmap,E9.0,E9.5-R1,13,118049,383453,E9.0,9.5,22.362091064453125
late,qiu2024,devmap,E9.0,E9.5-R1,14,118049,383453,E9.0,9.5,21.91884994506836
late,qiu2024,devmap,E9.0,E9.5-R1,15,118049,383453,E9.0,9.5,23.09701919555664
late,qiu2024,devmap,E9.0,E9.5-R1,16,118049,383453,E9.0,9.5,22.843338012695312
late,qiu2024,devmap,E9.0,E9.5-R1,17,118049,383453,E9.0,9.5,22.962902069091797
late,qiu2024,devmap,E9.0,E9.5-R1,18,118049,383453,E9.0,9.5,23.128734588623047
late,qiu2024,devmap,E9.0,E9.5-R1,19,118049,383453,E9.0,9.5,22.241302490234375
late,qiu2024,devmap,E9.0,E9.5-R1,20,118049,383453,E9.0,9.5,22.076969146728516
late,qiu2024,devmap,E9.0,E9.5-R1,21,118049,383453,E9.0,9.5,22.59549331665039
late,qiu2024,devmap,E9.0,E9.5-R1,22,118049,383453,E9.0,9.5,22.44841766357422
late,qiu2024,devmap,E9.0,E9.5-R1,23,118049,383453,E9.0,9.5,23.170364379882812
late,qiu2024,devmap,E9.0,E9.5-R1,24,118049,383453,E9.0,9.5,23.058805465698242
late,qiu2024,devmap,E9.0,E9.5-R1,25,118049,383453,E9.0,9.5,22.4353084564209
late,qiu2024,devmap,E9.0,E9.5-R1,26,118049,383453,E9.0,9.5,22.802078247070312
late,qiu2024,devmap,E9.0,E9.5-R1,27,118049,383453,E9.0,9.5,22.61023712158203
late,qiu2024,devmap,E9.0,E9.5-R1,28,118049,383453,E9.0,9.5,22.34964370727539
late,qiu2024,devmap,E9.0,E9.5-R1,29,118049,383453,E9.0,9.5,23.087421417236328
late,qiu2024,devmap,E9.0,E9.5-R1,30,118049,383453,E9.0,9.5,22.721078872680664
late,qiu2024,devmap,E9.0,E9.5-R1,31,118049,383453,E9.0,9.5,21.99954605102539
late,qiu2024,devmap,E9.0,E9.5-R1,32,118049,383453,E9.0,9.5,22.58448028564453
late,qiu2024,devmap,E9.0,E9.5-R1,33,118049,383453,E9.0,9.5,22.850784301757812
late,qiu2024,devmap,E9.0,E9.5-R1,34,118049,383453,E9.0,9.5,22.601348876953125
late,qiu2024,devmap,E9.0,E9.5-R1,35,118049,383453,E9.0,9.5,22.781719207763672
late,qiu2024,devmap,E9.0,E9.5-R1,36,118049,383453,E9.0,9.5,22.721420288085938
late,qiu2024,devmap,E9.0,E9.5-R1,37,118049,383453,E9.0,9.5,22.322172164916992
late,qiu2024,devmap,E9.0,E9.5-R1,38,118049,383453,E9.0,9.5,22.83363151550293
late,qiu2024,devmap,E9.0,E9.5-R1,39,118049,383453,E9.0,9.5,23.070110321044922
late,qiu2024,devmap,E9.0,E9.5-R1,40,118049,383453,E9.0,9.5,23.086042404174805
late,qiu2024,devmap,E9.0,E9.5-R1,41,118049,383453,E9.0,9.5,22.298446655273438
late,qiu2024,devmap,E9.0,E9.5-R1,42,118049,383453,E9.0,9.5,22.966983795166016
late,qiu2024,devmap,E9.0,E9.5-R1,43,118049,383453,E9.0,9.5,21.7260799407959
late,qiu2024,devmap,E9.0,E9.5-R1,44,118049,383453,E9.0,9.5,23.484004974365234
late,qiu2024,devmap,E9.0,E9.5-R1,45,118049,383453,E9.0,9.5,22.234107971191406
late,qiu2024,devmap,E9.0,E9.5-R1,46,118049,383453,E9.0,9.5,22.764236450195312
late,qiu2024,devmap,E9.0,E9.5-R1,47,118049,383453,E9.0,9.5,22.4980411529541
late,qiu2024,devmap,E9.0,E9.5-R1,48,118049,383453,E9.0,9.5,22.384353637695312
late,qiu2024,devmap,E9.0,E9.5-R1,49,118049,383453,E9.0,9.5,22.778839111328125
late,qiu2024,devmap,E9.0,E9.5-R2,0,118049,350716,E9.0,9.5,23.5111141204834
late,qiu2024,devmap,E9.0,E9.5-R2,1,118049,350716,E9.0,9.5,24.027828216552734
late,qiu2024,devmap,E9.0,E9.5-R2,2,118049,350716,E9.0,9.5,23.791461944580078
late,qiu2024,devmap,E9.0,E9.5-R2,3,118049,350716,E9.0,9.5,23.814739227294922
late,qiu2024,devmap,E9.0,E9.5-R2,4,118049,350716,E9.0,9.5,23.346200942993164
late,qiu2024,devmap,E9.0,E9.5-R2,5,118049,350716,E9.0,9.5,24.280231475830078
late,qiu2024,devmap,E9.0,E9.5-R2,6,118049,350716,E9.0,9.5,23.68550682067871
late,qiu2024,devmap,E9.0,E9.5-R2,7,118049,350716,E9.0,9.5,24.198814392089844
late,qiu2024,devmap,E9.0,E9.5-R2,8,118049,350716,E9.0,9.5,24.16165542602539
late,qiu2024,devmap,E9.0,E9.5-R2,9,118049,350716,E9.0,9.5,23.436843872070312
late,qiu2024,devmap,E9.0,E9.5-R2,10,118049,350716,E9.0,9.5,23.873947143554688
late,qiu2024,devmap,E9.0,E9.5-R2,11,118049,350716,E9.0,9.5,23.707775115966797
late,qiu2024,devmap,E9.0,E9.5-R2,12,118049,350716,E9.0,9.5,23.768272399902344
late,qiu2024,devmap,E9.0,E9.5-R2,13,118049,350716,E9.0,9.5,24.16248893737793
late,qiu2024,devmap,E9.0,E9.5-R2,14,118049,350716,E9.0,9.5,24.373132705688477
late,qiu2024,devmap,E9.0,E9.5-R2,15,118049,350716,E9.0,9.5,24.26818084716797
late,qiu2024,devmap,E9.0,E9.5-R2,16,118049,350716,E9.0,9.5,24.237747192382812
late,qiu2024,devmap,E9.0,E9.5-R2,17,118049,350716,E9.0,9.5,24.028717041015625
late,qiu2024,devmap,E9.0,E9.5-R2,18,118049,350716,E9.0,9.5,23.597843170166016
late,qiu2024,devmap,E9.0,E9.5-R2,19,118049,350716,E9.0,9.5,24.6159725189209
late,qiu2024,devmap,E9.0,E9.5-R2,20,118049,350716,E9.0,9.5,24.010028839111328
late,qiu2024,devmap,E9.0,E9.5-R2,21,118049,350716,E9.0,9.5,23.986244201660156
late,qiu2024,devmap,E9.0,E9.5-R2,22,118049,350716,E9.0,9.5,23.696470260620117
late,qiu2024,devmap,E9.0,E9.5-R2,23,118049,350716,E9.0,9.5,24.083782196044922
late,qiu2024,devmap,E9.0,E9.5-R2,24,118049,350716,E9.0,9.5,24.884050369262695
late,qiu2024,devmap,E9.0,E9.5-R2,25,118049,350716,E9.0,9.5,23.946083068847656
late,qiu2024,devmap,E9.0,E9.5-R2,26,118049,350716,E9.0,9.5,24.384204864501953
late,qiu2024,devmap,E9.0,E9.5-R2,27,118049,350716,E9.0,9.5,24.41176986694336
late,qiu2024,devmap,E9.0,E9.5-R2,28,118049,350716,E9.0,9.5,24.020339965820312
late,qiu2024,devmap,E9.0,E9.5-R2,29,118049,350716,E9.0,9.5,25.169452667236328
late,qiu2024,devmap,E9.0,E9.5-R2,30,118049,350716,E9.0,9.5,24.179935455322266
late,qiu2024,devmap,E9.0,E9.5-R2,31,118049,350716,E9.0,9.5,24.93216896057129
late,qiu2024,devmap,E9.0,E9.5-R2,32,118049,350716,E9.0,9.5,23.963844299316406
late,qiu2024,devmap,E9.0,E9.5-R2,33,118049,350716,E9.0,9.5,23.97525405883789
late,qiu2024,devmap,E9.0,E9.5-R2,34,118049,350716,E9.0,9.5,24.143150329589844
late,qiu2024,devmap,E9.0,E9.5-R2,35,118049,350716,E9.0,9.5,23.876083374023438
late,qiu2024,devmap,E9.0,E9.5-R2,36,118049,350716,E9.0,9.5,23.856624603271484
late,qiu2024,devmap,E9.0,E9.5-R2,37,118049,350716,E9.0,9.5,23.595367431640625
late,qiu2024,devmap,E9.0,E9.5-R2,38,118049,350716,E9.0,9.5,23.496593475341797
late,qiu2024,devmap,E9.0,E9.5-R2,39,118049,350716,E9.0,9.5,24.355079650878906
late,qiu2024,devmap,E9.0,E9.5-R2,40,118049,350716,E9.0,9.5,24.005027770996094
late,qiu2024,devmap,E9.0,E9.5-R2,41,118049,350716,E9.0,9.5,24.076881408691406
late,qiu2024,devmap,E9.0,E9.5-R2,42,118049,350716,E9.0,9.5,24.29208755493164
late,qiu2024,devmap,E9.0,E9.5-R2,43,118049,350716,E9.0,9.5,23.730676651000977
late,qiu2024,devmap,E9.0,E9.5-R2,44,118049,350716,E9.0,9.5,24.709758758544922
late,qiu2024,devmap,E9.0,E9.5-R2,45,118049,350716,E9.0,9.5,23.978195190429688
late,qiu2024,devmap,E9.0,E9.5-R2,46,118049,350716,E9.0,9.5,23.923959732055664
late,qiu2024,devmap,E9.0,E9.5-R2,47,118049,350716,E9.0,9.5,23.635093688964844
late,qiu2024,devmap,E9.0,E9.5-R2,48,118049,350716,E9.0,9.5,24.407066345214844
late,qiu2024,devmap,E9.0,E9.5-R2,49,118049,350716,E9.0,9.5,23.957935333251953
late,qiu2024,devmap,E9.0,E9.5-R3,0,118049,342873,E9.0,9.5,22.459209442138672
late,qiu2024,devmap,E9.0,E9.5-R3,1,118049,342873,E9.0,9.5,22.68393325805664
late,qiu2024,devmap,E9.0,E9.5-R3,2,118049,342873,E9.0,9.5,22.54190444946289
late,qiu2024,devmap,E9.0,E9.5-R3,3,118049,342873,E9.0,9.5,22.435760498046875
late,qiu2024,devmap,E9.0,E9.5-R3,4,118049,342873,E9.0,9.5,22.723106384277344
late,qiu2024,devmap,E9.0,E9.5-R3,5,118049,342873,E9.0,9.5,22.609256744384766
late,qiu2024,devmap,E9.0,E9.5-R3,6,118049,342873,E9.0,9.5,22.967226028442383
late,qiu2024,devmap,E9.0,E9.5-R3,7,118049,342873,E9.0,9.5,22.27063751220703
late,qiu2024,devmap,E9.0,E9.5-R3,8,118049,342873,E9.0,9.5,23.246553421020508
late,qiu2024,devmap,E9.0,E9.5-R3,9,118049,342873,E9.0,9.5,22.80513572692871
late,qiu2024,devmap,E9.0,E9.5-R3,10,118049,342873,E9.0,9.5,23.463233947753906
late,qiu2024,devmap,E9.0,E9.5-R3,11,118049,342873,E9.0,9.5,22.481657028198242
late,qiu2024,devmap,E9.0,E9.5-R3,12,118049,342873,E9.0,9.5,22.704408645629883
late,qiu2024,devmap,E9.0,E9.5-R3,13,118049,342873,E9.0,9.5,22.777387619018555
late,qiu2024,devmap,E9.0,E9.5-R3,14,118049,342873,E9.0,9.5,22.802513122558594
late,qiu2024,devmap,E9.0,E9.5-R3,15,118049,342873,E9.0,9.5,22.984224319458008
late,qiu2024,devmap,E9.0,E9.5-R3,16,118049,342873,E9.0,9.5,22.24483871459961
late,qiu2024,devmap,E9.0,E9.5-R3,17,118049,342873,E9.0,9.5,21.843204498291016
late,qiu2024,devmap,E9.0,E9.5-R3,18,118049,342873,E9.0,9.5,23.17209815979004
late,qiu2024,devmap,E9.0,E9.5-R3,19,118049,342873,E9.0,9.5,22.578571319580078
late,qiu2024,devmap,E9.0,E9.5-R3,20,118049,342873,E9.0,9.5,22.867172241210938
late,qiu2024,devmap,E9.0,E9.5-R3,21,118049,342873,E9.0,9.5,22.466663360595703
late,qiu2024,devmap,E9.0,E9.5-R3,22,118049,342873,E9.0,9.5,22.543073654174805
late,qiu2024,devmap,E9.0,E9.5-R3,23,118049,342873,E9.0,9.5,22.97199058532715
late,qiu2024,devmap,E9.0,E9.5-R3,24,118049,342873,E9.0,9.5,22.87689208984375
late,qiu2024,devmap,E9.0,E9.5-R3,25,118049,342873,E9.0,9.5,23.5537109375
late,qiu2024,devmap,E9.0,E9.5-R3,26,118049,342873,E9.0,9.5,22.807722091674805
late,qiu2024,devmap,E9.0,E9.5-R3,27,118049,342873,E9.0,9.5,23.02220916748047
late,qiu2024,devmap,E9.0,E9.5-R3,28,118049,342873,E9.0,9.5,22.649017333984375
late,qiu2024,devmap,E9.0,E9.5-R3,29,118049,342873,E9.0,9.5,22.445425033569336
late,qiu2024,devmap,E9.0,E9.5-R3,30,118049,342873,E9.0,9.5,22.486412048339844
late,qiu2024,devmap,E9.0,E9.5-R3,31,118049,342873,E9.0,9.5,22.98337173461914
late,qiu2024,devmap,E9.0,E9.5-R3,32,118049,342873,E9.0,9.5,22.47188949584961
late,qiu2024,devmap,E9.0,E9.5-R3,33,118049,342873,E9.0,9.5,22.96322250366211
late,qiu2024,devmap,E9.0,E9.5-R3,34,118049,342873,E9.0,9.5,22.478628158569336
late,qiu2024,devmap,E9.0,E9.5-R3,35,118049,342873,E9.0,9.5,23.260047912597656
late,qiu2024,devmap,E9.0,E9.5-R3,36,118049,342873,E9.0,9.5,22.179119110107422
late,qiu2024,devmap,E9.0,E9.5-R3,37,118049,342873,E9.0,9.5,22.678176879882812
late,qiu2024,devmap,E9.0,E9.5-R3,38,118049,342873,E9.0,9.5,22.928855895996094
late,qiu2024,devmap,E9.0,E9.5-R3,39,118049,342873,E9.0,9.5,22.810375213623047
late,qiu2024,devmap,E9.0,E9.5-R3,40,118049,342873,E9.0,9.5,23.059606552124023
late,qiu2024,devmap,E9.0,E9.5-R3,41,118049,342873,E9.0,9.5,22.54112434387207
late,qiu2024,devmap,E9.0,E9.5-R3,42,118049,342873,E9.0,9.5,22.971189498901367
late,qiu2024,devmap,E9.0,E9.5-R3,43,118049,342873,E9.0,9.5,22.646240234375
late,qiu2024,devmap,E9.0,E9.5-R3,44,118049,342873,E9.0,9.5,23.052974700927734
late,qiu2024,devmap,E9.0,E9.5-R3,45,118049,342873,E9.0,9.5,22.383296966552734
late,qiu2024,devmap,E9.0,E9.5-R3,46,118049,342873,E9.0,9.5,22.895137786865234
late,qiu2024,devmap,E9.0,E9.5-R3,47,118049,342873,E9.0,9.5,22.45940399169922
late,qiu2024,devmap,E9.0,E9.5-R3,48,118049,342873,E9.0,9.5,22.037120819091797
late,qiu2024,devmap,E9.0,E9.5-R3,49,118049,342873,E9.0,9.5,22.65360450744629
late,qiu2024,devmap,E9.0,E10.0-R1,0,118049,347550,E9.0,10.0,26.25613021850586
late,qiu2024,devmap,E9.0,E10.0-R1,1,118049,347550,E9.0,10.0,25.62237548828125
late,qiu2024,devmap,E9.0,E10.0-R1,2,118049,347550,E9.0,10.0,25.441898345947266
late,qiu2024,devmap,E9.0,E10.0-R1,3,118049,347550,E9.0,10.0,25.994396209716797
late,qiu2024,devmap,E9.0,E10.0-R1,4,118049,347550,E9.0,10.0,25.692630767822266
late,qiu2024,devmap,E9.0,E10.0-R1,5,118049,347550,E9.0,10.0,26.24319076538086
late,qiu2024,devmap,E9.0,E10.0-R1,6,118049,347550,E9.0,10.0,26.323020935058594
late,qiu2024,devmap,E9.0,E10.0-R1,7,118049,347550,E9.0,10.0,25.321979522705078
late,qiu2024,devmap,E9.0,E10.0-R1,8,118049,347550,E9.0,10.0,26.33907127380371
late,qiu2024,devmap,E9.0,E10.0-R1,9,118049,347550,E9.0,10.0,26.105266571044922
late,qiu2024,devmap,E9.0,E10.0-R1,10,118049,347550,E9.0,10.0,26.15244483947754
late,qiu2024,devmap,E9.0,E10.0-R1,11,118049,347550,E9.0,10.0,25.442001342773438
late,qiu2024,devmap,E9.0,E10.0-R1,12,118049,347550,E9.0,10.0,26.231491088867188
late,qiu2024,devmap,E9.0,E10.0-R1,13,118049,347550,E9.0,10.0,25.533245086669922
late,qiu2024,devmap,E9.0,E10.0-R1,14,118049,347550,E9.0,10.0,26.756797790527344
late,qiu2024,devmap,E9.0,E10.0-R1,15,118049,347550,E9.0,10.0,25.684890747070312
late,qiu2024,devmap,E9.0,E10.0-R1,16,118049,347550,E9.0,10.0,26.725566864013672
late,qiu2024,devmap,E9.0,E10.0-R1,17,118049,347550,E9.0,10.0,26.264835357666016
late,qiu2024,devmap,E9.0,E10.0-R1,18,118049,347550,E9.0,10.0,27.167692184448242
late,qiu2024,devmap,E9.0,E10.0-R1,19,118049,347550,E9.0,10.0,26.079877853393555
late,qiu2024,devmap,E9.0,E10.0-R1,20,118049,347550,E9.0,10.0,25.095022201538086
late,qiu2024,devmap,E9.0,E10.0-R1,21,118049,347550,E9.0,10.0,25.88208770751953
late,qiu2024,devmap,E9.0,E10.0-R1,22,118049,347550,E9.0,10.0,25.826866149902344
late,qiu2024,devmap,E9.0,E10.0-R1,23,118049,347550,E9.0,10.0,26.95136260986328
late,qiu2024,devmap,E9.0,E10.0-R1,24,118049,347550,E9.0,10.0,26.591384887695312
late,qiu2024,devmap,E9.0,E10.0-R1,25,118049,347550,E9.0,10.0,25.738887786865234
late,qiu2024,devmap,E9.0,E10.0-R1,26,118049,347550,E9.0,10.0,26.111576080322266
late,qiu2024,devmap,E9.0,E10.0-R1,27,118049,347550,E9.0,10.0,25.737560272216797
late,qiu2024,devmap,E9.0,E10.0-R1,28,118049,347550,E9.0,10.0,25.575857162475586
late,qiu2024,devmap,E9.0,E10.0-R1,29,118049,347550,E9.0,10.0,26.452880859375
late,qiu2024,devmap,E9.0,E10.0-R1,30,118049,347550,E9.0,10.0,26.530139923095703
late,qiu2024,devmap,E9.0,E10.0-R1,31,118049,347550,E9.0,10.0,25.64611053466797
late,qiu2024,devmap,E9.0,E10.0-R1,32,118049,347550,E9.0,10.0,26.28961181640625
late,qiu2024,devmap,E9.0,E10.0-R1,33,118049,347550,E9.0,10.0,26.134336471557617
late,qiu2024,devmap,E9.0,E10.0-R1,34,118049,347550,E9.0,10.0,26.785018920898438
late,qiu2024,devmap,E9.0,E10.0-R1,35,118049,347550,E9.0,10.0,25.749359130859375
late,qiu2024,devmap,E9.0,E10.0-R1,36,118049,347550,E9.0,10.0,26.101882934570312
late,qiu2024,devmap,E9.0,E10.0-R1,37,118049,347550,E9.0,10.0,26.43964385986328
late,qiu2024,devmap,E9.0,E10.0-R1,38,118049,347550,E9.0,10.0,26.475749969482422
late,qiu2024,devmap,E9.0,E10.0-R1,39,118049,347550,E9.0,10.0,25.42745590209961
late,qiu2024,devmap,E9.0,E10.0-R1,40,118049,347550,E9.0,10.0,26.051055908203125
late,qiu2024,devmap,E9.0,E10.0-R1,41,118049,347550,E9.0,10.0,25.753040313720703
late,qiu2024,devmap,E9.0,E10.0-R1,42,118049,347550,E9.0,10.0,26.208276748657227
late,qiu2024,devmap,E9.0,E10.0-R1,43,118049,347550,E9.0,10.0,25.674678802490234
late,qiu2024,devmap,E9.0,E10.0-R1,44,118049,347550,E9.0,10.0,26.85088348388672
late,qiu2024,devmap,E9.0,E10.0-R1,45,118049,347550,E9.0,10.0,26.457599639892578
late,qiu2024,devmap,E9.0,E10.0-R1,46,118049,347550,E9.0,10.0,25.716901779174805
late,qiu2024,devmap,E9.0,E10.0-R1,47,118049,347550,E9.0,10.0,26.357826232910156
late,qiu2024,devmap,E9.0,E10.0-R1,48,118049,347550,E9.0,10.0,25.688697814941406
late,qiu2024,devmap,E9.0,E10.0-R1,49,118049,347550,E9.0,10.0,25.938369750976562
late,qiu2024,devmap,E9.25,E8.5-R1,0,276424,23435,E9.25,8.5,28.7862606048584
late,qiu2024,devmap,E9.25,E8.5-R1,1,276424,23435,E9.25,8.5,29.268375396728516
late,qiu2024,devmap,E9.25,E8.5-R1,2,276424,23435,E9.25,8.5,29.657325744628906
late,qiu2024,devmap,E9.25,E8.5-R1,3,276424,23435,E9.25,8.5,29.77743911743164
late,qiu2024,devmap,E9.25,E8.5-R1,4,276424,23435,E9.25,8.5,27.885589599609375
late,qiu2024,devmap,E9.25,E8.5-R1,5,276424,23435,E9.25,8.5,29.57927703857422
late,qiu2024,devmap,E9.25,E8.5-R1,6,276424,23435,E9.25,8.5,29.3394775390625
late,qiu2024,devmap,E9.25,E8.5-R1,7,276424,23435,E9.25,8.5,29.652191162109375
late,qiu2024,devmap,E9.25,E8.5-R1,8,276424,23435,E9.25,8.5,28.27199935913086
late,qiu2024,devmap,E9.25,E8.5-R1,9,276424,23435,E9.25,8.5,28.429176330566406
late,qiu2024,devmap,E9.25,E8.5-R1,10,276424,23435,E9.25,8.5,29.2048397064209
late,qiu2024,devmap,E9.25,E8.5-R1,11,276424,23435,E9.25,8.5,29.745988845825195
late,qiu2024,devmap,E9.25,E8.5-R1,12,276424,23435,E9.25,8.5,29.323354721069336
late,qiu2024,devmap,E9.25,E8.5-R1,13,276424,23435,E9.25,8.5,29.378284454345703
late,qiu2024,devmap,E9.25,E8.5-R1,14,276424,23435,E9.25,8.5,29.344745635986328
late,qiu2024,devmap,E9.25,E8.5-R1,15,276424,23435,E9.25,8.5,29.864986419677734
late,qiu2024,devmap,E9.25,E8.5-R1,16,276424,23435,E9.25,8.5,29.451637268066406
late,qiu2024,devmap,E9.25,E8.5-R1,17,276424,23435,E9.25,8.5,29.097732543945312
late,qiu2024,devmap,E9.25,E8.5-R1,18,276424,23435,E9.25,8.5,31.351924896240234
late,qiu2024,devmap,E9.25,E8.5-R1,19,276424,23435,E9.25,8.5,30.262374877929688
late,qiu2024,devmap,E9.25,E8.5-R1,20,276424,23435,E9.25,8.5,29.761568069458008
late,qiu2024,devmap,E9.25,E8.5-R1,21,276424,23435,E9.25,8.5,28.780948638916016
late,qiu2024,devmap,E9.25,E8.5-R1,22,276424,23435,E9.25,8.5,29.749309539794922
late,qiu2024,devmap,E9.25,E8.5-R1,23,276424,23435,E9.25,8.5,28.930503845214844
late,qiu2024,devmap,E9.25,E8.5-R1,24,276424,23435,E9.25,8.5,29.037322998046875
late,qiu2024,devmap,E9.25,E8.5-R1,25,276424,23435,E9.25,8.5,30.086200714111328
late,qiu2024,devmap,E9.25,E8.5-R1,26,276424,23435,E9.25,8.5,29.260334014892578
late,qiu2024,devmap,E9.25,E8.5-R1,27,276424,23435,E9.25,8.5,29.69457244873047
late,qiu2024,devmap,E9.25,E8.5-R1,28,276424,23435,E9.25,8.5,29.71352767944336
late,qiu2024,devmap,E9.25,E8.5-R1,29,276424,23435,E9.25,8.5,29.04154396057129
late,qiu2024,devmap,E9.25,E8.5-R1,30,276424,23435,E9.25,8.5,29.018474578857422
late,qiu2024,devmap,E9.25,E8.5-R1,31,276424,23435,E9.25,8.5,29.717304229736328
late,qiu2024,devmap,E9.25,E8.5-R1,32,276424,23435,E9.25,8.5,29.223434448242188
late,qiu2024,devmap,E9.25,E8.5-R1,33,276424,23435,E9.25,8.5,29.392353057861328
late,qiu2024,devmap,E9.25,E8.5-R1,34,276424,23435,E9.25,8.5,29.767723083496094
late,qiu2024,devmap,E9.25,E8.5-R1,35,276424,23435,E9.25,8.5,28.67627716064453
late,qiu2024,devmap,E9.25,E8.5-R1,36,276424,23435,E9.25,8.5,29.928081512451172
late,qiu2024,devmap,E9.25,E8.5-R1,37,276424,23435,E9.25,8.5,28.927377700805664
late,qiu2024,devmap,E9.25,E8.5-R1,38,276424,23435,E9.25,8.5,29.80663299560547
late,qiu2024,devmap,E9.25,E8.5-R1,39,276424,23435,E9.25,8.5,28.093307495117188
late,qiu2024,devmap,E9.25,E8.5-R1,40,276424,23435,E9.25,8.5,30.022504806518555
late,qiu2024,devmap,E9.25,E8.5-R1,41,276424,23435,E9.25,8.5,28.982471466064453
late,qiu2024,devmap,E9.25,E8.5-R1,42,276424,23435,E9.25,8.5,29.54307746887207
late,qiu2024,devmap,E9.25,E8.5-R1,43,276424,23435,E9.25,8.5,28.710060119628906
late,qiu2024,devmap,E9.25,E8.5-R1,44,276424,23435,E9.25,8.5,29.272830963134766
late,qiu2024,devmap,E9.25,E8.5-R1,45,276424,23435,E9.25,8.5,28.594600677490234
late,qiu2024,devmap,E9.25,E8.5-R1,46,276424,23435,E9.25,8.5,29.80295753479004
late,qiu2024,devmap,E9.25,E8.5-R1,47,276424,23435,E9.25,8.5,29.326587677001953
late,qiu2024,devmap,E9.25,E8.5-R1,48,276424,23435,E9.25,8.5,28.97793960571289
late,qiu2024,devmap,E9.25,E8.5-R1,49,276424,23435,E9.25,8.5,29.339942932128906
late,qiu2024,devmap,E9.25,E8.5-R2,0,276424,38216,E9.25,8.5,27.9266357421875
late,qiu2024,devmap,E9.25,E8.5-R2,1,276424,38216,E9.25,8.5,28.342220306396484
late,qiu2024,devmap,E9.25,E8.5-R2,2,276424,38216,E9.25,8.5,27.53276824951172
late,qiu2024,devmap,E9.25,E8.5-R2,3,276424,38216,E9.25,8.5,28.024677276611328
late,qiu2024,devmap,E9.25,E8.5-R2,4,276424,38216,E9.25,8.5,28.9883975982666
late,qiu2024,devmap,E9.25,E8.5-R2,5,276424,38216,E9.25,8.5,26.808582305908203
late,qiu2024,devmap,E9.25,E8.5-R2,6,276424,38216,E9.25,8.5,28.278797149658203
late,qiu2024,devmap,E9.25,E8.5-R2,7,276424,38216,E9.25,8.5,28.68732452392578
late,qiu2024,devmap,E9.25,E8.5-R2,8,276424,38216,E9.25,8.5,28.283166885375977
late,qiu2024,devmap,E9.25,E8.5-R2,9,276424,38216,E9.25,8.5,27.55181884765625
late,qiu2024,devmap,E9.25,E8.5-R2,10,276424,38216,E9.25,8.5,27.160076141357422
late,qiu2024,devmap,E9.25,E8.5-R2,11,276424,38216,E9.25,8.5,27.663776397705078
late,qiu2024,devmap,E9.25,E8.5-R2,12,276424,38216,E9.25,8.5,27.550960540771484
late,qiu2024,devmap,E9.25,E8.5-R2,13,276424,38216,E9.25,8.5,28.464088439941406
late,qiu2024,devmap,E9.25,E8.5-R2,14,276424,38216,E9.25,8.5,28.47740936279297
late,qiu2024,devmap,E9.25,E8.5-R2,15,276424,38216,E9.25,8.5,28.600820541381836
late,qiu2024,devmap,E9.25,E8.5-R2,16,276424,38216,E9.25,8.5,27.95561408996582
late,qiu2024,devmap,E9.25,E8.5-R2,17,276424,38216,E9.25,8.5,28.330562591552734
late,qiu2024,devmap,E9.25,E8.5-R2,18,276424,38216,E9.25,8.5,28.060976028442383
late,qiu2024,devmap,E9.25,E8.5-R2,19,276424,38216,E9.25,8.5,27.490524291992188
late,qiu2024,devmap,E9.25,E8.5-R2,20,276424,38216,E9.25,8.5,28.12628173828125
late,qiu2024,devmap,E9.25,E8.5-R2,21,276424,38216,E9.25,8.5,28.808094024658203
late,qiu2024,devmap,E9.25,E8.5-R2,22,276424,38216,E9.25,8.5,27.675086975097656
late,qiu2024,devmap,E9.25,E8.5-R2,23,276424,38216,E9.25,8.5,28.21007537841797
late,qiu2024,devmap,E9.25,E8.5-R2,24,276424,38216,E9.25,8.5,27.852672576904297
late,qiu2024,devmap,E9.25,E8.5-R2,25,276424,38216,E9.25,8.5,28.127105712890625
late,qiu2024,devmap,E9.25,E8.5-R2,26,276424,38216,E9.25,8.5,28.27490997314453
late,qiu2024,devmap,E9.25,E8.5-R2,27,276424,38216,E9.25,8.5,27.537132263183594
late,qiu2024,devmap,E9.25,E8.5-R2,28,276424,38216,E9.25,8.5,28.186595916748047
late,qiu2024,devmap,E9.25,E8.5-R2,29,276424,38216,E9.25,8.5,28.345735549926758
late,qiu2024,devmap,E9.25,E8.5-R2,30,276424,38216,E9.25,8.5,27.78554916381836
late,qiu2024,devmap,E9.25,E8.5-R2,31,276424,38216,E9.25,8.5,27.484445571899414
late,qiu2024,devmap,E9.25,E8.5-R2,32,276424,38216,E9.25,8.5,27.75152015686035
late,qiu2024,devmap,E9.25,E8.5-R2,33,276424,38216,E9.25,8.5,27.819015502929688
late,qiu2024,devmap,E9.25,E8.5-R2,34,276424,38216,E9.25,8.5,27.09677505493164
late,qiu2024,devmap,E9.25,E8.5-R2,35,276424,38216,E9.25,8.5,27.584976196289062
late,qiu2024,devmap,E9.25,E8.5-R2,36,276424,38216,E9.25,8.5,27.97821044921875
late,qiu2024,devmap,E9.25,E8.5-R2,37,276424,38216,E9.25,8.5,27.213848114013672
late,qiu2024,devmap,E9.25,E8.5-R2,38,276424,38216,E9.25,8.5,28.779111862182617
late,qiu2024,devmap,E9.25,E8.5-R2,39,276424,38216,E9.25,8.5,27.99593734741211
late,qiu2024,devmap,E9.25,E8.5-R2,40,276424,38216,E9.25,8.5,28.23720932006836
late,qiu2024,devmap,E9.25,E8.5-R2,41,276424,38216,E9.25,8.5,28.734405517578125
late,qiu2024,devmap,E9.25,E8.5-R2,42,276424,38216,E9.25,8.5,27.604808807373047
late,qiu2024,devmap,E9.25,E8.5-R2,43,276424,38216,E9.25,8.5,27.95724105834961
late,qiu2024,devmap,E9.25,E8.5-R2,44,276424,38216,E9.25,8.5,28.562767028808594
late,qiu2024,devmap,E9.25,E8.5-R2,45,276424,38216,E9.25,8.5,27.776050567626953
late,qiu2024,devmap,E9.25,E8.5-R2,46,276424,38216,E9.25,8.5,27.62554168701172
late,qiu2024,devmap,E9.25,E8.5-R2,47,276424,38216,E9.25,8.5,27.739452362060547
late,qiu2024,devmap,E9.25,E8.5-R2,48,276424,38216,E9.25,8.5,27.236846923828125
late,qiu2024,devmap,E9.25,E8.5-R2,49,276424,38216,E9.25,8.5,28.109289169311523
late,qiu2024,devmap,E9.25,E8.5-R3,0,276424,27743,E9.25,8.5,28.5472412109375
late,qiu2024,devmap,E9.25,E8.5-R3,1,276424,27743,E9.25,8.5,28.96803092956543
late,qiu2024,devmap,E9.25,E8.5-R3,2,276424,27743,E9.25,8.5,28.606815338134766
late,qiu2024,devmap,E9.25,E8.5-R3,3,276424,27743,E9.25,8.5,28.850065231323242
late,qiu2024,devmap,E9.25,E8.5-R3,4,276424,27743,E9.25,8.5,29.69565773010254
late,qiu2024,devmap,E9.25,E8.5-R3,5,276424,27743,E9.25,8.5,28.398727416992188
late,qiu2024,devmap,E9.25,E8.5-R3,6,276424,27743,E9.25,8.5,29.162364959716797
late,qiu2024,devmap,E9.25,E8.5-R3,7,276424,27743,E9.25,8.5,28.98800277709961
late,qiu2024,devmap,E9.25,E8.5-R3,8,276424,27743,E9.25,8.5,28.08555793762207
late,qiu2024,devmap,E9.25,E8.5-R3,9,276424,27743,E9.25,8.5,27.734176635742188
late,qiu2024,devmap,E9.25,E8.5-R3,10,276424,27743,E9.25,8.5,29.0869197845459
late,qiu2024,devmap,E9.25,E8.5-R3,11,276424,27743,E9.25,8.5,27.982419967651367
late,qiu2024,devmap,E9.25,E8.5-R3,12,276424,27743,E9.25,8.5,28.271251678466797
late,qiu2024,devmap,E9.25,E8.5-R3,13,276424,27743,E9.25,8.5,28.20657730102539
late,qiu2024,devmap,E9.25,E8.5-R3,14,276424,27743,E9.25,8.5,28.938274383544922
late,qiu2024,devmap,E9.25,E8.5-R3,15,276424,27743,E9.25,8.5,28.806053161621094
late,qiu2024,devmap,E9.25,E8.5-R3,16,276424,27743,E9.25,8.5,26.876052856445312
late,qiu2024,devmap,E9.25,E8.5-R3,17,276424,27743,E9.25,8.5,28.56373405456543
late,qiu2024,devmap,E9.25,E8.5-R3,18,276424,27743,E9.25,8.5,28.320690155029297
late,qiu2024,devmap,E9.25,E8.5-R3,19,276424,27743,E9.25,8.5,28.63534927368164
late,qiu2024,devmap,E9.25,E8.5-R3,20,276424,27743,E9.25,8.5,29.050453186035156
late,qiu2024,devmap,E9.25,E8.5-R3,21,276424,27743,E9.25,8.5,28.589340209960938
late,qiu2024,devmap,E9.25,E8.5-R3,22,276424,27743,E9.25,8.5,28.365123748779297
late,qiu2024,devmap,E9.25,E8.5-R3,23,276424,27743,E9.25,8.5,29.44603729248047
late,qiu2024,devmap,E9.25,E8.5-R3,24,276424,27743,E9.25,8.5,28.70437240600586
late,qiu2024,devmap,E9.25,E8.5-R3,25,276424,27743,E9.25,8.5,28.730304718017578
late,qiu2024,devmap,E9.25,E8.5-R3,26,276424,27743,E9.25,8.5,29.083784103393555
late,qiu2024,devmap,E9.25,E8.5-R3,27,276424,27743,E9.25,8.5,28.541500091552734
late,qiu2024,devmap,E9.25,E8.5-R3,28,276424,27743,E9.25,8.5,28.577484130859375
late,qiu2024,devmap,E9.25,E8.5-R3,29,276424,27743,E9.25,8.5,29.020353317260742
late,qiu2024,devmap,E9.25,E8.5-R3,30,276424,27743,E9.25,8.5,27.771141052246094
late,qiu2024,devmap,E9.25,E8.5-R3,31,276424,27743,E9.25,8.5,27.579713821411133
late,qiu2024,devmap,E9.25,E8.5-R3,32,276424,27743,E9.25,8.5,28.25372314453125
late,qiu2024,devmap,E9.25,E8.5-R3,33,276424,27743,E9.25,8.5,29.288103103637695
late,qiu2024,devmap,E9.25,E8.5-R3,34,276424,27743,E9.25,8.5,29.31838607788086
late,qiu2024,devmap,E9.25,E8.5-R3,35,276424,27743,E9.25,8.5,28.04724884033203
late,qiu2024,devmap,E9.25,E8.5-R3,36,276424,27743,E9.25,8.5,29.596433639526367
late,qiu2024,devmap,E9.25,E8.5-R3,37,276424,27743,E9.25,8.5,29.176488876342773
late,qiu2024,devmap,E9.25,E8.5-R3,38,276424,27743,E9.25,8.5,28.17035675048828
late,qiu2024,devmap,E9.25,E8.5-R3,39,276424,27743,E9.25,8.5,28.791202545166016
late,qiu2024,devmap,E9.25,E8.5-R3,40,276424,27743,E9.25,8.5,29.917118072509766
late,qiu2024,devmap,E9.25,E8.5-R3,41,276424,27743,E9.25,8.5,29.41802215576172
late,qiu2024,devmap,E9.25,E8.5-R3,42,276424,27743,E9.25,8.5,28.487701416015625
late,qiu2024,devmap,E9.25,E8.5-R3,43,276424,27743,E9.25,8.5,28.961711883544922
late,qiu2024,devmap,E9.25,E8.5-R3,44,276424,27743,E9.25,8.5,29.13532829284668
late,qiu2024,devmap,E9.25,E8.5-R3,45,276424,27743,E9.25,8.5,29.111587524414062
late,qiu2024,devmap,E9.25,E8.5-R3,46,276424,27743,E9.25,8.5,29.065597534179688
late,qiu2024,devmap,E9.25,E8.5-R3,47,276424,27743,E9.25,8.5,28.131195068359375
late,qiu2024,devmap,E9.25,E8.5-R3,48,276424,27743,E9.25,8.5,28.956974029541016
late,qiu2024,devmap,E9.25,E8.5-R3,49,276424,27743,E9.25,8.5,28.482324600219727
late,qiu2024,devmap,E9.25,E9.0-R1,0,276424,92063,E9.25,9.0,21.75848388671875
late,qiu2024,devmap,E9.25,E9.0-R1,1,276424,92063,E9.25,9.0,21.837604522705078
late,qiu2024,devmap,E9.25,E9.0-R1,2,276424,92063,E9.25,9.0,22.16339683532715
late,qiu2024,devmap,E9.25,E9.0-R1,3,276424,92063,E9.25,9.0,22.0019474029541
late,qiu2024,devmap,E9.25,E9.0-R1,4,276424,92063,E9.25,9.0,22.4210205078125
late,qiu2024,devmap,E9.25,E9.0-R1,5,276424,92063,E9.25,9.0,21.898595809936523
late,qiu2024,devmap,E9.25,E9.0-R1,6,276424,92063,E9.25,9.0,22.24864387512207
late,qiu2024,devmap,E9.25,E9.0-R1,7,276424,92063,E9.25,9.0,21.891599655151367
late,qiu2024,devmap,E9.25,E9.0-R1,8,276424,92063,E9.25,9.0,22.26696014404297
late,qiu2024,devmap,E9.25,E9.0-R1,9,276424,92063,E9.25,9.0,21.885276794433594
late,qiu2024,devmap,E9.25,E9.0-R1,10,276424,92063,E9.25,9.0,22.030200958251953
late,qiu2024,devmap,E9.25,E9.0-R1,11,276424,92063,E9.25,9.0,21.898847579956055
late,qiu2024,devmap,E9.25,E9.0-R1,12,276424,92063,E9.25,9.0,22.051862716674805
late,qiu2024,devmap,E9.25,E9.0-R1,13,276424,92063,E9.25,9.0,22.021068572998047
late,qiu2024,devmap,E9.25,E9.0-R1,14,276424,92063,E9.25,9.0,21.378738403320312
late,qiu2024,devmap,E9.25,E9.0-R1,15,276424,92063,E9.25,9.0,21.486404418945312
late,qiu2024,devmap,E9.25,E9.0-R1,16,276424,92063,E9.25,9.0,21.86238670349121
late,qiu2024,devmap,E9.25,E9.0-R1,17,276424,92063,E9.25,9.0,21.682979583740234
late,qiu2024,devmap,E9.25,E9.0-R1,18,276424,92063,E9.25,9.0,21.63591957092285
late,qiu2024,devmap,E9.25,E9.0-R1,19,276424,92063,E9.25,9.0,21.675872802734375
late,qiu2024,devmap,E9.25,E9.0-R1,20,276424,92063,E9.25,9.0,21.470111846923828
late,qiu2024,devmap,E9.25,E9.0-R1,21,276424,92063,E9.25,9.0,21.619068145751953
late,qiu2024,devmap,E9.25,E9.0-R1,22,276424,92063,E9.25,9.0,22.269962310791016
late,qiu2024,devmap,E9.25,E9.0-R1,23,276424,92063,E9.25,9.0,22.155872344970703
late,qiu2024,devmap,E9.25,E9.0-R1,24,276424,92063,E9.25,9.0,21.714920043945312
late,qiu2024,devmap,E9.25,E9.0-R1,25,276424,92063,E9.25,9.0,23.20340347290039
late,qiu2024,devmap,E9.25,E9.0-R1,26,276424,92063,E9.25,9.0,22.35892105102539
late,qiu2024,devmap,E9.25,E9.0-R1,27,276424,92063,E9.25,9.0,21.80940818786621
late,qiu2024,devmap,E9.25,E9.0-R1,28,276424,92063,E9.25,9.0,21.786937713623047
late,qiu2024,devmap,E9.25,E9.0-R1,29,276424,92063,E9.25,9.0,21.341197967529297
late,qiu2024,devmap,E9.25,E9.0-R1,30,276424,92063,E9.25,9.0,22.56595230102539
late,qiu2024,devmap,E9.25,E9.0-R1,31,276424,92063,E9.25,9.0,21.859355926513672
late,qiu2024,devmap,E9.25,E9.0-R1,32,276424,92063,E9.25,9.0,21.716888427734375
late,qiu2024,devmap,E9.25,E9.0-R1,33,276424,92063,E9.25,9.0,21.757509231567383
late,qiu2024,devmap,E9.25,E9.0-R1,34,276424,92063,E9.25,9.0,21.246719360351562
late,qiu2024,devmap,E9.25,E9.0-R1,35,276424,92063,E9.25,9.0,21.94512939453125
late,qiu2024,devmap,E9.25,E9.0-R1,36,276424,92063,E9.25,9.0,22.053997039794922
late,qiu2024,devmap,E9.25,E9.0-R1,37,276424,92063,E9.25,9.0,22.274202346801758
late,qiu2024,devmap,E9.25,E9.0-R1,38,276424,92063,E9.25,9.0,22.079574584960938
late,qiu2024,devmap,E9.25,E9.0-R1,39,276424,92063,E9.25,9.0,21.617387771606445
late,qiu2024,devmap,E9.25,E9.0-R1,40,276424,92063,E9.25,9.0,22.03527069091797
late,qiu2024,devmap,E9.25,E9.0-R1,41,276424,92063,E9.25,9.0,22.177141189575195
late,qiu2024,devmap,E9.25,E9.0-R1,42,276424,92063,E9.25,9.0,21.773534774780273
late,qiu2024,devmap,E9.25,E9.0-R1,43,276424,92063,E9.25,9.0,22.178970336914062
late,qiu2024,devmap,E9.25,E9.0-R1,44,276424,92063,E9.25,9.0,22.006620407104492
late,qiu2024,devmap,E9.25,E9.0-R1,45,276424,92063,E9.25,9.0,21.523971557617188
late,qiu2024,devmap,E9.25,E9.0-R1,46,276424,92063,E9.25,9.0,22.548274993896484
late,qiu2024,devmap,E9.25,E9.0-R1,47,276424,92063,E9.25,9.0,21.949493408203125
late,qiu2024,devmap,E9.25,E9.0-R1,48,276424,92063,E9.25,9.0,21.40146255493164
late,qiu2024,devmap,E9.25,E9.0-R1,49,276424,92063,E9.25,9.0,22.221294403076172
late,qiu2024,devmap,E9.25,E9.0-R2,0,276424,99878,E9.25,9.0,20.847801208496094
late,qiu2024,devmap,E9.25,E9.0-R2,1,276424,99878,E9.25,9.0,20.4154109954834
late,qiu2024,devmap,E9.25,E9.0-R2,2,276424,99878,E9.25,9.0,21.07859230041504
late,qiu2024,devmap,E9.25,E9.0-R2,3,276424,99878,E9.25,9.0,20.764881134033203
late,qiu2024,devmap,E9.25,E9.0-R2,4,276424,99878,E9.25,9.0,19.96941375732422
late,qiu2024,devmap,E9.25,E9.0-R2,5,276424,99878,E9.25,9.0,20.994243621826172
late,qiu2024,devmap,E9.25,E9.0-R2,6,276424,99878,E9.25,9.0,20.983318328857422
late,qiu2024,devmap,E9.25,E9.0-R2,7,276424,99878,E9.25,9.0,20.544483184814453
late,qiu2024,devmap,E9.25,E9.0-R2,8,276424,99878,E9.25,9.0,20.531124114990234
late,qiu2024,devmap,E9.25,E9.0-R2,9,276424,99878,E9.25,9.0,20.48816680908203
late,qiu2024,devmap,E9.25,E9.0-R2,10,276424,99878,E9.25,9.0,20.764802932739258
late,qiu2024,devmap,E9.25,E9.0-R2,11,276424,99878,E9.25,9.0,20.34674835205078
late,qiu2024,devmap,E9.25,E9.0-R2,12,276424,99878,E9.25,9.0,21.0467472076416
late,qiu2024,devmap,E9.25,E9.0-R2,13,276424,99878,E9.25,9.0,20.58197784423828
late,qiu2024,devmap,E9.25,E9.0-R2,14,276424,99878,E9.25,9.0,20.49710464477539
late,qiu2024,devmap,E9.25,E9.0-R2,15,276424,99878,E9.25,9.0,20.133567810058594
late,qiu2024,devmap,E9.25,E9.0-R2,16,276424,99878,E9.25,9.0,20.9455509185791
late,qiu2024,devmap,E9.25,E9.0-R2,17,276424,99878,E9.25,9.0,20.727970123291016
late,qiu2024,devmap,E9.25,E9.0-R2,18,276424,99878,E9.25,9.0,20.81194496154785
late,qiu2024,devmap,E9.25,E9.0-R2,19,276424,99878,E9.25,9.0,19.98878288269043
late,qiu2024,devmap,E9.25,E9.0-R2,20,276424,99878,E9.25,9.0,20.764923095703125
late,qiu2024,devmap,E9.25,E9.0-R2,21,276424,99878,E9.25,9.0,20.9827880859375
late,qiu2024,devmap,E9.25,E9.0-R2,22,276424,99878,E9.25,9.0,20.433557510375977
late,qiu2024,devmap,E9.25,E9.0-R2,23,276424,99878,E9.25,9.0,20.841583251953125
late,qiu2024,devmap,E9.25,E9.0-R2,24,276424,99878,E9.25,9.0,20.830242156982422
late,qiu2024,devmap,E9.25,E9.0-R2,25,276424,99878,E9.25,9.0,20.475013732910156
late,qiu2024,devmap,E9.25,E9.0-R2,26,276424,99878,E9.25,9.0,20.692642211914062
late,qiu2024,devmap,E9.25,E9.0-R2,27,276424,99878,E9.25,9.0,20.263572692871094
late,qiu2024,devmap,E9.25,E9.0-R2,28,276424,99878,E9.25,9.0,20.68279266357422
late,qiu2024,devmap,E9.25,E9.0-R2,29,276424,99878,E9.25,9.0,19.879440307617188
late,qiu2024,devmap,E9.25,E9.0-R2,30,276424,99878,E9.25,9.0,20.21607208251953
late,qiu2024,devmap,E9.25,E9.0-R2,31,276424,99878,E9.25,9.0,20.434246063232422
late,qiu2024,devmap,E9.25,E9.0-R2,32,276424,99878,E9.25,9.0,20.371740341186523
late,qiu2024,devmap,E9.25,E9.0-R2,33,276424,99878,E9.25,9.0,20.240293502807617
late,qiu2024,devmap,E9.25,E9.0-R2,34,276424,99878,E9.25,9.0,20.30811309814453
late,qiu2024,devmap,E9.25,E9.0-R2,35,276424,99878,E9.25,9.0,19.850234985351562
late,qiu2024,devmap,E9.25,E9.0-R2,36,276424,99878,E9.25,9.0,21.148805618286133
late,qiu2024,devmap,E9.25,E9.0-R2,37,276424,99878,E9.25,9.0,20.579193115234375
late,qiu2024,devmap,E9.25,E9.0-R2,38,276424,99878,E9.25,9.0,19.87481689453125
late,qiu2024,devmap,E9.25,E9.0-R2,39,276424,99878,E9.25,9.0,20.291259765625
late,qiu2024,devmap,E9.25,E9.0-R2,40,276424,99878,E9.25,9.0,20.25208282470703
late,qiu2024,devmap,E9.25,E9.0-R2,41,276424,99878,E9.25,9.0,20.266067504882812
late,qiu2024,devmap,E9.25,E9.0-R2,42,276424,99878,E9.25,9.0,20.39922332763672
late,qiu2024,devmap,E9.25,E9.0-R2,43,276424,99878,E9.25,9.0,20.763206481933594
late,qiu2024,devmap,E9.25,E9.0-R2,44,276424,99878,E9.25,9.0,20.447189331054688
late,qiu2024,devmap,E9.25,E9.0-R2,45,276424,99878,E9.25,9.0,20.05229949951172
late,qiu2024,devmap,E9.25,E9.0-R2,46,276424,99878,E9.25,9.0,20.653217315673828
late,qiu2024,devmap,E9.25,E9.0-R2,47,276424,99878,E9.25,9.0,20.28277015686035
late,qiu2024,devmap,E9.25,E9.0-R2,48,276424,99878,E9.25,9.0,20.223848342895508
late,qiu2024,devmap,E9.25,E9.0-R2,49,276424,99878,E9.25,9.0,20.268918991088867
late,qiu2024,devmap,E9.25,E9.0-R3,0,276424,62867,E9.25,9.0,24.770736694335938
late,qiu2024,devmap,E9.25,E9.0-R3,1,276424,62867,E9.25,9.0,24.371078491210938
late,qiu2024,devmap,E9.25,E9.0-R3,2,276424,62867,E9.25,9.0,25.035297393798828
late,qiu2024,devmap,E9.25,E9.0-R3,3,276424,62867,E9.25,9.0,23.743999481201172
late,qiu2024,devmap,E9.25,E9.0-R3,4,276424,62867,E9.25,9.0,24.042850494384766
late,qiu2024,devmap,E9.25,E9.0-R3,5,276424,62867,E9.25,9.0,24.1280517578125
late,qiu2024,devmap,E9.25,E9.0-R3,6,276424,62867,E9.25,9.0,24.491870880126953
late,qiu2024,devmap,E9.25,E9.0-R3,7,276424,62867,E9.25,9.0,24.981658935546875
late,qiu2024,devmap,E9.25,E9.0-R3,8,276424,62867,E9.25,9.0,25.309911727905273
late,qiu2024,devmap,E9.25,E9.0-R3,9,276424,62867,E9.25,9.0,24.60382843017578
late,qiu2024,devmap,E9.25,E9.0-R3,10,276424,62867,E9.25,9.0,24.369035720825195
late,qiu2024,devmap,E9.25,E9.0-R3,11,276424,62867,E9.25,9.0,24.410736083984375
late,qiu2024,devmap,E9.25,E9.0-R3,12,276424,62867,E9.25,9.0,25.095064163208008
late,qiu2024,devmap,E9.25,E9.0-R3,13,276424,62867,E9.25,9.0,24.465496063232422
late,qiu2024,devmap,E9.25,E9.0-R3,14,276424,62867,E9.25,9.0,23.560461044311523
late,qiu2024,devmap,E9.25,E9.0-R3,15,276424,62867,E9.25,9.0,24.632251739501953
late,qiu2024,devmap,E9.25,E9.0-R3,16,276424,62867,E9.25,9.0,24.327266693115234
late,qiu2024,devmap,E9.25,E9.0-R3,17,276424,62867,E9.25,9.0,24.51079559326172
late,qiu2024,devmap,E9.25,E9.0-R3,18,276424,62867,E9.25,9.0,25.724254608154297
late,qiu2024,devmap,E9.25,E9.0-R3,19,276424,62867,E9.25,9.0,24.666584014892578
late,qiu2024,devmap,E9.25,E9.0-R3,20,276424,62867,E9.25,9.0,24.668701171875
late,qiu2024,devmap,E9.25,E9.0-R3,21,276424,62867,E9.25,9.0,25.03097915649414
late,qiu2024,devmap,E9.25,E9.0-R3,22,276424,62867,E9.25,9.0,25.03594970703125
late,qiu2024,devmap,E9.25,E9.0-R3,23,276424,62867,E9.25,9.0,24.62615203857422
late,qiu2024,devmap,E9.25,E9.0-R3,24,276424,62867,E9.25,9.0,24.308914184570312
late,qiu2024,devmap,E9.25,E9.0-R3,25,276424,62867,E9.25,9.0,24.07486343383789
late,qiu2024,devmap,E9.25,E9.0-R3,26,276424,62867,E9.25,9.0,24.86733627319336
late,qiu2024,devmap,E9.25,E9.0-R3,27,276424,62867,E9.25,9.0,23.952659606933594
late,qiu2024,devmap,E9.25,E9.0-R3,28,276424,62867,E9.25,9.0,25.416702270507812
late,qiu2024,devmap,E9.25,E9.0-R3,29,276424,62867,E9.25,9.0,24.309246063232422
late,qiu2024,devmap,E9.25,E9.0-R3,30,276424,62867,E9.25,9.0,25.19292449951172
late,qiu2024,devmap,E9.25,E9.0-R3,31,276424,62867,E9.25,9.0,25.017169952392578
late,qiu2024,devmap,E9.25,E9.0-R3,32,276424,62867,E9.25,9.0,24.034194946289062
late,qiu2024,devmap,E9.25,E9.0-R3,33,276424,62867,E9.25,9.0,24.660066604614258
late,qiu2024,devmap,E9.25,E9.0-R3,34,276424,62867,E9.25,9.0,24.567026138305664
late,qiu2024,devmap,E9.25,E9.0-R3,35,276424,62867,E9.25,9.0,24.584102630615234
late,qiu2024,devmap,E9.25,E9.0-R3,36,276424,62867,E9.25,9.0,24.715267181396484
late,qiu2024,devmap,E9.25,E9.0-R3,37,276424,62867,E9.25,9.0,24.890674591064453
late,qiu2024,devmap,E9.25,E9.0-R3,38,276424,62867,E9.25,9.0,24.007461547851562
late,qiu2024,devmap,E9.25,E9.0-R3,39,276424,62867,E9.25,9.0,25.276357650756836
late,qiu2024,devmap,E9.25,E9.0-R3,40,276424,62867,E9.25,9.0,25.34143829345703
late,qiu2024,devmap,E9.25,E9.0-R3,41,276424,62867,E9.25,9.0,25.084495544433594
late,qiu2024,devmap,E9.25,E9.0-R3,42,276424,62867,E9.25,9.0,25.329946517944336
late,qiu2024,devmap,E9.25,E9.0-R3,43,276424,62867,E9.25,9.0,25.178043365478516
late,qiu2024,devmap,E9.25,E9.0-R3,44,276424,62867,E9.25,9.0,24.04705047607422
late,qiu2024,devmap,E9.25,E9.0-R3,45,276424,62867,E9.25,9.0,25.489736557006836
late,qiu2024,devmap,E9.25,E9.0-R3,46,276424,62867,E9.25,9.0,24.970378875732422
late,qiu2024,devmap,E9.25,E9.0-R3,47,276424,62867,E9.25,9.0,23.996286392211914
late,qiu2024,devmap,E9.25,E9.0-R3,48,276424,62867,E9.25,9.0,25.338478088378906
late,qiu2024,devmap,E9.25,E9.0-R3,49,276424,62867,E9.25,9.0,23.94680404663086
late,qiu2024,devmap,E9.25,E9.5-R1,0,276424,383453,E9.25,9.5,22.420799255371094
late,qiu2024,devmap,E9.25,E9.5-R1,1,276424,383453,E9.25,9.5,21.92533302307129
late,qiu2024,devmap,E9.25,E9.5-R1,2,276424,383453,E9.25,9.5,21.679351806640625
late,qiu2024,devmap,E9.25,E9.5-R1,3,276424,383453,E9.25,9.5,22.22411346435547
late,qiu2024,devmap,E9.25,E9.5-R1,4,276424,383453,E9.25,9.5,21.607872009277344
late,qiu2024,devmap,E9.25,E9.5-R1,5,276424,383453,E9.25,9.5,21.91414451599121
late,qiu2024,devmap,E9.25,E9.5-R1,6,276424,383453,E9.25,9.5,21.89373779296875
late,qiu2024,devmap,E9.25,E9.5-R1,7,276424,383453,E9.25,9.5,22.105932235717773
late,qiu2024,devmap,E9.25,E9.5-R1,8,276424,383453,E9.25,9.5,22.00302505493164
late,qiu2024,devmap,E9.25,E9.5-R1,9,276424,383453,E9.25,9.5,21.82064437866211
late,qiu2024,devmap,E9.25,E9.5-R1,10,276424,383453,E9.25,9.5,22.39970588684082
late,qiu2024,devmap,E9.25,E9.5-R1,11,276424,383453,E9.25,9.5,21.81319808959961
late,qiu2024,devmap,E9.25,E9.5-R1,12,276424,383453,E9.25,9.5,22.023616790771484
late,qiu2024,devmap,E9.25,E9.5-R1,13,276424,383453,E9.25,9.5,21.8789005279541
late,qiu2024,devmap,E9.25,E9.5-R1,14,276424,383453,E9.25,9.5,21.812625885009766
late,qiu2024,devmap,E9.25,E9.5-R1,15,276424,383453,E9.25,9.5,22.26238250732422
late,qiu2024,devmap,E9.25,E9.5-R1,16,276424,383453,E9.25,9.5,22.730806350708008
late,qiu2024,devmap,E9.25,E9.5-R1,17,276424,383453,E9.25,9.5,21.671573638916016
late,qiu2024,devmap,E9.25,E9.5-R1,18,276424,383453,E9.25,9.5,22.478628158569336
late,qiu2024,devmap,E9.25,E9.5-R1,19,276424,383453,E9.25,9.5,22.185720443725586
late,qiu2024,devmap,E9.25,E9.5-R1,20,276424,383453,E9.25,9.5,21.746387481689453
late,qiu2024,devmap,E9.25,E9.5-R1,21,276424,383453,E9.25,9.5,21.680301666259766
late,qiu2024,devmap,E9.25,E9.5-R1,22,276424,383453,E9.25,9.5,21.79574203491211
late,qiu2024,devmap,E9.25,E9.5-R1,23,276424,383453,E9.25,9.5,22.207080841064453
late,qiu2024,devmap,E9.25,E9.5-R1,24,276424,383453,E9.25,9.5,21.573604583740234
late,qiu2024,devmap,E9.25,E9.5-R1,25,276424,383453,E9.25,9.5,21.87837791442871
late,qiu2024,devmap,E9.25,E9.5-R1,26,276424,383453,E9.25,9.5,21.500823974609375
late,qiu2024,devmap,E9.25,E9.5-R1,27,276424,383453,E9.25,9.5,22.375072479248047
late,qiu2024,devmap,E9.25,E9.5-R1,28,276424,383453,E9.25,9.5,21.755878448486328
late,qiu2024,devmap,E9.25,E9.5-R1,29,276424,383453,E9.25,9.5,21.764514923095703
late,qiu2024,devmap,E9.25,E9.5-R1,30,276424,383453,E9.25,9.5,21.9177188873291
late,qiu2024,devmap,E9.25,E9.5-R1,31,276424,383453,E9.25,9.5,22.004467010498047
late,qiu2024,devmap,E9.25,E9.5-R1,32,276424,383453,E9.25,9.5,22.090839385986328
late,qiu2024,devmap,E9.25,E9.5-R1,33,276424,383453,E9.25,9.5,21.484390258789062
late,qiu2024,devmap,E9.25,E9.5-R1,34,276424,383453,E9.25,9.5,22.283885955810547
late,qiu2024,devmap,E9.25,E9.5-R1,35,276424,383453,E9.25,9.5,22.46332550048828
late,qiu2024,devmap,E9.25,E9.5-R1,36,276424,383453,E9.25,9.5,22.165712356567383
late,qiu2024,devmap,E9.25,E9.5-R1,37,276424,383453,E9.25,9.5,22.194580078125
late,qiu2024,devmap,E9.25,E9.5-R1,38,276424,383453,E9.25,9.5,22.49442481994629
late,qiu2024,devmap,E9.25,E9.5-R1,39,276424,383453,E9.25,9.5,22.36386489868164
late,qiu2024,devmap,E9.25,E9.5-R1,40,276424,383453,E9.25,9.5,22.525659561157227
late,qiu2024,devmap,E9.25,E9.5-R1,41,276424,383453,E9.25,9.5,21.992759704589844
late,qiu2024,devmap,E9.25,E9.5-R1,42,276424,383453,E9.25,9.5,21.41277313232422
late,qiu2024,devmap,E9.25,E9.5-R1,43,276424,383453,E9.25,9.5,21.878124237060547
late,qiu2024,devmap,E9.25,E9.5-R1,44,276424,383453,E9.25,9.5,21.635295867919922
late,qiu2024,devmap,E9.25,E9.5-R1,45,276424,383453,E9.25,9.5,22.074493408203125
late,qiu2024,devmap,E9.25,E9.5-R1,46,276424,383453,E9.25,9.5,21.51858901977539
late,qiu2024,devmap,E9.25,E9.5-R1,47,276424,383453,E9.25,9.5,21.818397521972656
late,qiu2024,devmap,E9.25,E9.5-R1,48,276424,383453,E9.25,9.5,21.433639526367188
late,qiu2024,devmap,E9.25,E9.5-R1,49,276424,383453,E9.25,9.5,21.616451263427734
late,qiu2024,devmap,E9.25,E9.5-R2,0,276424,350716,E9.25,9.5,23.232219696044922
late,qiu2024,devmap,E9.25,E9.5-R2,1,276424,350716,E9.25,9.5,23.58431053161621
late,qiu2024,devmap,E9.25,E9.5-R2,2,276424,350716,E9.25,9.5,23.296144485473633
late,qiu2024,devmap,E9.25,E9.5-R2,3,276424,350716,E9.25,9.5,22.891950607299805
late,qiu2024,devmap,E9.25,E9.5-R2,4,276424,350716,E9.25,9.5,22.98949432373047
late,qiu2024,devmap,E9.25,E9.5-R2,5,276424,350716,E9.25,9.5,22.911279678344727
late,qiu2024,devmap,E9.25,E9.5-R2,6,276424,350716,E9.25,9.5,23.31740379333496
late,qiu2024,devmap,E9.25,E9.5-R2,7,276424,350716,E9.25,9.5,24.0858154296875
late,qiu2024,devmap,E9.25,E9.5-R2,8,276424,350716,E9.25,9.5,23.370891571044922
late,qiu2024,devmap,E9.25,E9.5-R2,9,276424,350716,E9.25,9.5,22.74649429321289
late,qiu2024,devmap,E9.25,E9.5-R2,10,276424,350716,E9.25,9.5,23.71402359008789
late,qiu2024,devmap,E9.25,E9.5-R2,11,276424,350716,E9.25,9.5,23.608013153076172
late,qiu2024,devmap,E9.25,E9.5-R2,12,276424,350716,E9.25,9.5,23.514625549316406
late,qiu2024,devmap,E9.25,E9.5-R2,13,276424,350716,E9.25,9.5,23.464313507080078
late,qiu2024,devmap,E9.25,E9.5-R2,14,276424,350716,E9.25,9.5,23.308698654174805
late,qiu2024,devmap,E9.25,E9.5-R2,15,276424,350716,E9.25,9.5,23.76980972290039
late,qiu2024,devmap,E9.25,E9.5-R2,16,276424,350716,E9.25,9.5,22.59661102294922
late,qiu2024,devmap,E9.25,E9.5-R2,17,276424,350716,E9.25,9.5,23.101804733276367
late,qiu2024,devmap,E9.25,E9.5-R2,18,276424,350716,E9.25,9.5,23.362625122070312
late,qiu2024,devmap,E9.25,E9.5-R2,19,276424,350716,E9.25,9.5,23.246562957763672
late,qiu2024,devmap,E9.25,E9.5-R2,20,276424,350716,E9.25,9.5,23.181812286376953
late,qiu2024,devmap,E9.25,E9.5-R2,21,276424,350716,E9.25,9.5,22.890422821044922
late,qiu2024,devmap,E9.25,E9.5-R2,22,276424,350716,E9.25,9.5,22.860004425048828
late,qiu2024,devmap,E9.25,E9.5-R2,23,276424,350716,E9.25,9.5,23.34243392944336
late,qiu2024,devmap,E9.25,E9.5-R2,24,276424,350716,E9.25,9.5,23.598602294921875
late,qiu2024,devmap,E9.25,E9.5-R2,25,276424,350716,E9.25,9.5,23.061880111694336
late,qiu2024,devmap,E9.25,E9.5-R2,26,276424,350716,E9.25,9.5,23.296096801757812
late,qiu2024,devmap,E9.25,E9.5-R2,27,276424,350716,E9.25,9.5,23.358205795288086
late,qiu2024,devmap,E9.25,E9.5-R2,28,276424,350716,E9.25,9.5,23.07608413696289
late,qiu2024,devmap,E9.25,E9.5-R2,29,276424,350716,E9.25,9.5,22.66384506225586
late,qiu2024,devmap,E9.25,E9.5-R2,30,276424,350716,E9.25,9.5,22.95745086669922
late,qiu2024,devmap,E9.25,E9.5-R2,31,276424,350716,E9.25,9.5,23.78085708618164
late,qiu2024,devmap,E9.25,E9.5-R2,32,276424,350716,E9.25,9.5,23.276988983154297
late,qiu2024,devmap,E9.25,E9.5-R2,33,276424,350716,E9.25,9.5,22.682512283325195
late,qiu2024,devmap,E9.25,E9.5-R2,34,276424,350716,E9.25,9.5,23.581344604492188
late,qiu2024,devmap,E9.25,E9.5-R2,35,276424,350716,E9.25,9.5,23.73134994506836
late,qiu2024,devmap,E9.25,E9.5-R2,36,276424,350716,E9.25,9.5,23.042678833007812
late,qiu2024,devmap,E9.25,E9.5-R2,37,276424,350716,E9.25,9.5,23.021543502807617
late,qiu2024,devmap,E9.25,E9.5-R2,38,276424,350716,E9.25,9.5,23.21307373046875
late,qiu2024,devmap,E9.25,E9.5-R2,39,276424,350716,E9.25,9.5,23.327396392822266
late,qiu2024,devmap,E9.25,E9.5-R2,40,276424,350716,E9.25,9.5,23.699817657470703
late,qiu2024,devmap,E9.25,E9.5-R2,41,276424,350716,E9.25,9.5,22.826316833496094
late,qiu2024,devmap,E9.25,E9.5-R2,42,276424,350716,E9.25,9.5,22.984556198120117
late,qiu2024,devmap,E9.25,E9.5-R2,43,276424,350716,E9.25,9.5,22.81276512145996
late,qiu2024,devmap,E9.25,E9.5-R2,44,276424,350716,E9.25,9.5,23.25009536743164
late,qiu2024,devmap,E9.25,E9.5-R2,45,276424,350716,E9.25,9.5,23.635181427001953
late,qiu2024,devmap,E9.25,E9.5-R2,46,276424,350716,E9.25,9.5,23.816116333007812
late,qiu2024,devmap,E9.25,E9.5-R2,47,276424,350716,E9.25,9.5,22.557933807373047
late,qiu2024,devmap,E9.25,E9.5-R2,48,276424,350716,E9.25,9.5,22.70386505126953
late,qiu2024,devmap,E9.25,E9.5-R2,49,276424,350716,E9.25,9.5,22.90992546081543
late,qiu2024,devmap,E9.25,E9.5-R3,0,276424,342873,E9.25,9.5,22.40915298461914
late,qiu2024,devmap,E9.25,E9.5-R3,1,276424,342873,E9.25,9.5,22.00267791748047
late,qiu2024,devmap,E9.25,E9.5-R3,2,276424,342873,E9.25,9.5,21.700820922851562
late,qiu2024,devmap,E9.25,E9.5-R3,3,276424,342873,E9.25,9.5,21.412668228149414
late,qiu2024,devmap,E9.25,E9.5-R3,4,276424,342873,E9.25,9.5,21.87619400024414
late,qiu2024,devmap,E9.25,E9.5-R3,5,276424,342873,E9.25,9.5,21.49372673034668
late,qiu2024,devmap,E9.25,E9.5-R3,6,276424,342873,E9.25,9.5,21.655563354492188
late,qiu2024,devmap,E9.25,E9.5-R3,7,276424,342873,E9.25,9.5,21.255205154418945
late,qiu2024,devmap,E9.25,E9.5-R3,8,276424,342873,E9.25,9.5,21.93683624267578
late,qiu2024,devmap,E9.25,E9.5-R3,9,276424,342873,E9.25,9.5,21.679443359375
late,qiu2024,devmap,E9.25,E9.5-R3,10,276424,342873,E9.25,9.5,21.800506591796875
late,qiu2024,devmap,E9.25,E9.5-R3,11,276424,342873,E9.25,9.5,22.384239196777344
late,qiu2024,devmap,E9.25,E9.5-R3,12,276424,342873,E9.25,9.5,21.38636589050293
late,qiu2024,devmap,E9.25,E9.5-R3,13,276424,342873,E9.25,9.5,21.698612213134766
late,qiu2024,devmap,E9.25,E9.5-R3,14,276424,342873,E9.25,9.5,22.02022933959961
late,qiu2024,devmap,E9.25,E9.5-R3,15,276424,342873,E9.25,9.5,22.18290138244629
late,qiu2024,devmap,E9.25,E9.5-R3,16,276424,342873,E9.25,9.5,21.823171615600586
late,qiu2024,devmap,E9.25,E9.5-R3,17,276424,342873,E9.25,9.5,21.893136978149414
late,qiu2024,devmap,E9.25,E9.5-R3,18,276424,342873,E9.25,9.5,22.272335052490234
late,qiu2024,devmap,E9.25,E9.5-R3,19,276424,342873,E9.25,9.5,21.815345764160156
late,qiu2024,devmap,E9.25,E9.5-R3,20,276424,342873,E9.25,9.5,21.414947509765625
late,qiu2024,devmap,E9.25,E9.5-R3,21,276424,342873,E9.25,9.5,21.615970611572266
late,qiu2024,devmap,E9.25,E9.5-R3,22,276424,342873,E9.25,9.5,22.197715759277344
late,qiu2024,devmap,E9.25,E9.5-R3,23,276424,342873,E9.25,9.5,21.322694778442383
late,qiu2024,devmap,E9.25,E9.5-R3,24,276424,342873,E9.25,9.5,22.217742919921875
late,qiu2024,devmap,E9.25,E9.5-R3,25,276424,342873,E9.25,9.5,21.89608383178711
late,qiu2024,devmap,E9.25,E9.5-R3,26,276424,342873,E9.25,9.5,21.88372802734375
late,qiu2024,devmap,E9.25,E9.5-R3,27,276424,342873,E9.25,9.5,21.803041458129883
late,qiu2024,devmap,E9.25,E9.5-R3,28,276424,342873,E9.25,9.5,22.511581420898438
late,qiu2024,devmap,E9.25,E9.5-R3,29,276424,342873,E9.25,9.5,21.88964080810547
late,qiu2024,devmap,E9.25,E9.5-R3,30,276424,342873,E9.25,9.5,21.328311920166016
late,qiu2024,devmap,E9.25,E9.5-R3,31,276424,342873,E9.25,9.5,21.42494773864746
late,qiu2024,devmap,E9.25,E9.5-R3,32,276424,342873,E9.25,9.5,22.149438858032227
late,qiu2024,devmap,E9.25,E9.5-R3,33,276424,342873,E9.25,9.5,22.055606842041016
late,qiu2024,devmap,E9.25,E9.5-R3,34,276424,342873,E9.25,9.5,21.50290298461914
late,qiu2024,devmap,E9.25,E9.5-R3,35,276424,342873,E9.25,9.5,21.85916519165039
late,qiu2024,devmap,E9.25,E9.5-R3,36,276424,342873,E9.25,9.5,21.302867889404297
late,qiu2024,devmap,E9.25,E9.5-R3,37,276424,342873,E9.25,9.5,22.26810073852539
late,qiu2024,devmap,E9.25,E9.5-R3,38,276424,342873,E9.25,9.5,21.8521728515625
late,qiu2024,devmap,E9.25,E9.5-R3,39,276424,342873,E9.25,9.5,21.202442169189453
late,qiu2024,devmap,E9.25,E9.5-R3,40,276424,342873,E9.25,9.5,22.390705108642578
late,qiu2024,devmap,E9.25,E9.5-R3,41,276424,342873,E9.25,9.5,21.774398803710938
late,qiu2024,devmap,E9.25,E9.5-R3,42,276424,342873,E9.25,9.5,22.074478149414062
late,qiu2024,devmap,E9.25,E9.5-R3,43,276424,342873,E9.25,9.5,21.925691604614258
late,qiu2024,devmap,E9.25,E9.5-R3,44,276424,342873,E9.25,9.5,21.792932510375977
late,qiu2024,devmap,E9.25,E9.5-R3,45,276424,342873,E9.25,9.5,22.167144775390625
late,qiu2024,devmap,E9.25,E9.5-R3,46,276424,342873,E9.25,9.5,21.919391632080078
late,qiu2024,devmap,E9.25,E9.5-R3,47,276424,342873,E9.25,9.5,22.29938507080078
late,qiu2024,devmap,E9.25,E9.5-R3,48,276424,342873,E9.25,9.5,21.479393005371094
late,qiu2024,devmap,E9.25,E9.5-R3,49,276424,342873,E9.25,9.5,21.615652084350586
late,qiu2024,devmap,E9.25,E10.0-R1,0,276424,347550,E9.25,10.0,24.592729568481445
late,qiu2024,devmap,E9.25,E10.0-R1,1,276424,347550,E9.25,10.0,25.741344451904297
late,qiu2024,devmap,E9.25,E10.0-R1,2,276424,347550,E9.25,10.0,25.301631927490234
late,qiu2024,devmap,E9.25,E10.0-R1,3,276424,347550,E9.25,10.0,24.350120544433594
late,qiu2024,devmap,E9.25,E10.0-R1,4,276424,347550,E9.25,10.0,24.50845718383789
late,qiu2024,devmap,E9.25,E10.0-R1,5,276424,347550,E9.25,10.0,24.73465347290039
late,qiu2024,devmap,E9.25,E10.0-R1,6,276424,347550,E9.25,10.0,24.342185974121094
late,qiu2024,devmap,E9.25,E10.0-R1,7,276424,347550,E9.25,10.0,25.03144073486328
late,qiu2024,devmap,E9.25,E10.0-R1,8,276424,347550,E9.25,10.0,24.650009155273438
late,qiu2024,devmap,E9.25,E10.0-R1,9,276424,347550,E9.25,10.0,24.170001983642578
late,qiu2024,devmap,E9.25,E10.0-R1,10,276424,347550,E9.25,10.0,24.910539627075195
late,qiu2024,devmap,E9.25,E10.0-R1,11,276424,347550,E9.25,10.0,24.591876983642578
late,qiu2024,devmap,E9.25,E10.0-R1,12,276424,347550,E9.25,10.0,24.77685546875
late,qiu2024,devmap,E9.25,E10.0-R1,13,276424,347550,E9.25,10.0,24.46660614013672
late,qiu2024,devmap,E9.25,E10.0-R1,14,276424,347550,E9.25,10.0,25.16931915283203
late,qiu2024,devmap,E9.25,E10.0-R1,15,276424,347550,E9.25,10.0,24.391136169433594
late,qiu2024,devmap,E9.25,E10.0-R1,16,276424,347550,E9.25,10.0,24.438373565673828
late,qiu2024,devmap,E9.25,E10.0-R1,17,276424,347550,E9.25,10.0,24.737873077392578
late,qiu2024,devmap,E9.25,E10.0-R1,18,276424,347550,E9.25,10.0,25.01891326904297
late,qiu2024,devmap,E9.25,E10.0-R1,19,276424,347550,E9.25,10.0,24.63177490234375
late,qiu2024,devmap,E9.25,E10.0-R1,20,276424,347550,E9.25,10.0,24.468891143798828
late,qiu2024,devmap,E9.25,E10.0-R1,21,276424,347550,E9.25,10.0,23.982810974121094
late,qiu2024,devmap,E9.25,E10.0-R1,22,276424,347550,E9.25,10.0,24.109067916870117
late,qiu2024,devmap,E9.25,E10.0-R1,23,276424,347550,E9.25,10.0,24.995075225830078
late,qiu2024,devmap,E9.25,E10.0-R1,24,276424,347550,E9.25,10.0,24.70525360107422
late,qiu2024,devmap,E9.25,E10.0-R1,25,276424,347550,E9.25,10.0,24.506330490112305
late,qiu2024,devmap,E9.25,E10.0-R1,26,276424,347550,E9.25,10.0,25.12299346923828
late,qiu2024,devmap,E9.25,E10.0-R1,27,276424,347550,E9.25,10.0,25.319995880126953
late,qiu2024,devmap,E9.25,E10.0-R1,28,276424,347550,E9.25,10.0,24.91277313232422
late,qiu2024,devmap,E9.25,E10.0-R1,29,276424,347550,E9.25,10.0,24.74736785888672
late,qiu2024,devmap,E9.25,E10.0-R1,30,276424,347550,E9.25,10.0,25.813133239746094
late,qiu2024,devmap,E9.25,E10.0-R1,31,276424,347550,E9.25,10.0,24.64771270751953
late,qiu2024,devmap,E9.25,E10.0-R1,32,276424,347550,E9.25,10.0,24.933727264404297
late,qiu2024,devmap,E9.25,E10.0-R1,33,276424,347550,E9.25,10.0,24.831396102905273
late,qiu2024,devmap,E9.25,E10.0-R1,34,276424,347550,E9.25,10.0,25.405406951904297
late,qiu2024,devmap,E9.25,E10.0-R1,35,276424,347550,E9.25,10.0,24.950557708740234
late,qiu2024,devmap,E9.25,E10.0-R1,36,276424,347550,E9.25,10.0,24.201313018798828
late,qiu2024,devmap,E9.25,E10.0-R1,37,276424,347550,E9.25,10.0,24.76263427734375
late,qiu2024,devmap,E9.25,E10.0-R1,38,276424,347550,E9.25,10.0,24.763187408447266
late,qiu2024,devmap,E9.25,E10.0-R1,39,276424,347550,E9.25,10.0,24.919706344604492
late,qiu2024,devmap,E9.25,E10.0-R1,40,276424,347550,E9.25,10.0,24.210960388183594
late,qiu2024,devmap,E9.25,E10.0-R1,41,276424,347550,E9.25,10.0,25.157371520996094
late,qiu2024,devmap,E9.25,E10.0-R1,42,276424,347550,E9.25,10.0,24.44756317138672
late,qiu2024,devmap,E9.25,E10.0-R1,43,276424,347550,E9.25,10.0,24.036087036132812
late,qiu2024,devmap,E9.25,E10.0-R1,44,276424,347550,E9.25,10.0,24.880937576293945
late,qiu2024,devmap,E9.25,E10.0-R1,45,276424,347550,E9.25,10.0,24.782268524169922
late,qiu2024,devmap,E9.25,E10.0-R1,46,276424,347550,E9.25,10.0,24.389392852783203
late,qiu2024,devmap,E9.25,E10.0-R1,47,276424,347550,E9.25,10.0,25.290729522705078
late,qiu2024,devmap,E9.25,E10.0-R1,48,276424,347550,E9.25,10.0,24.491487503051758
late,qiu2024,devmap,E9.25,E10.0-R1,49,276424,347550,E9.25,10.0,24.984989166259766
late,qiu2024,devmap,E9.5,E8.5-R1,0,336999,23435,E9.5,8.5,34.885009765625
late,qiu2024,devmap,E9.5,E8.5-R1,1,336999,23435,E9.5,8.5,35.207664489746094
late,qiu2024,devmap,E9.5,E8.5-R1,2,336999,23435,E9.5,8.5,33.207000732421875
late,qiu2024,devmap,E9.5,E8.5-R1,3,336999,23435,E9.5,8.5,33.112274169921875
late,qiu2024,devmap,E9.5,E8.5-R1,4,336999,23435,E9.5,8.5,34.76168441772461
late,qiu2024,devmap,E9.5,E8.5-R1,5,336999,23435,E9.5,8.5,33.91400146484375
late,qiu2024,devmap,E9.5,E8.5-R1,6,336999,23435,E9.5,8.5,34.59733200073242
late,qiu2024,devmap,E9.5,E8.5-R1,7,336999,23435,E9.5,8.5,35.31938552856445
late,qiu2024,devmap,E9.5,E8.5-R1,8,336999,23435,E9.5,8.5,34.80867004394531
late,qiu2024,devmap,E9.5,E8.5-R1,9,336999,23435,E9.5,8.5,33.859619140625
late,qiu2024,devmap,E9.5,E8.5-R1,10,336999,23435,E9.5,8.5,33.45974349975586
late,qiu2024,devmap,E9.5,E8.5-R1,11,336999,23435,E9.5,8.5,34.96044921875
late,qiu2024,devmap,E9.5,E8.5-R1,12,336999,23435,E9.5,8.5,35.306663513183594
late,qiu2024,devmap,E9.5,E8.5-R1,13,336999,23435,E9.5,8.5,34.38640594482422
late,qiu2024,devmap,E9.5,E8.5-R1,14,336999,23435,E9.5,8.5,34.008514404296875
late,qiu2024,devmap,E9.5,E8.5-R1,15,336999,23435,E9.5,8.5,34.238014221191406
late,qiu2024,devmap,E9.5,E8.5-R1,16,336999,23435,E9.5,8.5,34.258705139160156
late,qiu2024,devmap,E9.5,E8.5-R1,17,336999,23435,E9.5,8.5,34.98292541503906
late,qiu2024,devmap,E9.5,E8.5-R1,18,336999,23435,E9.5,8.5,34.25236892700195
late,qiu2024,devmap,E9.5,E8.5-R1,19,336999,23435,E9.5,8.5,34.508201599121094
late,qiu2024,devmap,E9.5,E8.5-R1,20,336999,23435,E9.5,8.5,34.74152374267578
late,qiu2024,devmap,E9.5,E8.5-R1,21,336999,23435,E9.5,8.5,33.83439636230469
late,qiu2024,devmap,E9.5,E8.5-R1,22,336999,23435,E9.5,8.5,34.45171356201172
late,qiu2024,devmap,E9.5,E8.5-R1,23,336999,23435,E9.5,8.5,33.700408935546875
late,qiu2024,devmap,E9.5,E8.5-R1,24,336999,23435,E9.5,8.5,35.582618713378906
late,qiu2024,devmap,E9.5,E8.5-R1,25,336999,23435,E9.5,8.5,34.93260192871094
late,qiu2024,devmap,E9.5,E8.5-R1,26,336999,23435,E9.5,8.5,33.816650390625
late,qiu2024,devmap,E9.5,E8.5-R1,27,336999,23435,E9.5,8.5,34.08704376220703
late,qiu2024,devmap,E9.5,E8.5-R1,28,336999,23435,E9.5,8.5,33.749603271484375
late,qiu2024,devmap,E9.5,E8.5-R1,29,336999,23435,E9.5,8.5,33.88762283325195
late,qiu2024,devmap,E9.5,E8.5-R1,30,336999,23435,E9.5,8.5,36.07284164428711
late,qiu2024,devmap,E9.5,E8.5-R1,31,336999,23435,E9.5,8.5,35.22981262207031
late,qiu2024,devmap,E9.5,E8.5-R1,32,336999,23435,E9.5,8.5,34.950706481933594
late,qiu2024,devmap,E9.5,E8.5-R1,33,336999,23435,E9.5,8.5,34.49444580078125
late,qiu2024,devmap,E9.5,E8.5-R1,34,336999,23435,E9.5,8.5,33.63948059082031
late,qiu2024,devmap,E9.5,E8.5-R1,35,336999,23435,E9.5,8.5,33.69768142700195
late,qiu2024,devmap,E9.5,E8.5-R1,36,336999,23435,E9.5,8.5,33.241214752197266
late,qiu2024,devmap,E9.5,E8.5-R1,37,336999,23435,E9.5,8.5,33.93479537963867
late,qiu2024,devmap,E9.5,E8.5-R1,38,336999,23435,E9.5,8.5,33.51683044433594
late,qiu2024,devmap,E9.5,E8.5-R1,39,336999,23435,E9.5,8.5,34.516990661621094
late,qiu2024,devmap,E9.5,E8.5-R1,40,336999,23435,E9.5,8.5,34.63885498046875
late,qiu2024,devmap,E9.5,E8.5-R1,41,336999,23435,E9.5,8.5,35.20305633544922
late,qiu2024,devmap,E9.5,E8.5-R1,42,336999,23435,E9.5,8.5,33.5177116394043
late,qiu2024,devmap,E9.5,E8.5-R1,43,336999,23435,E9.5,8.5,34.58298110961914
late,qiu2024,devmap,E9.5,E8.5-R1,44,336999,23435,E9.5,8.5,34.607818603515625
late,qiu2024,devmap,E9.5,E8.5-R1,45,336999,23435,E9.5,8.5,32.590946197509766
late,qiu2024,devmap,E9.5,E8.5-R1,46,336999,23435,E9.5,8.5,34.280067443847656
late,qiu2024,devmap,E9.5,E8.5-R1,47,336999,23435,E9.5,8.5,35.020660400390625
late,qiu2024,devmap,E9.5,E8.5-R1,48,336999,23435,E9.5,8.5,35.003299713134766
late,qiu2024,devmap,E9.5,E8.5-R1,49,336999,23435,E9.5,8.5,33.37665939331055
late,qiu2024,devmap,E9.5,E8.5-R2,0,336999,38216,E9.5,8.5,32.7993278503418
late,qiu2024,devmap,E9.5,E8.5-R2,1,336999,38216,E9.5,8.5,32.03462219238281
late,qiu2024,devmap,E9.5,E8.5-R2,2,336999,38216,E9.5,8.5,32.369476318359375
late,qiu2024,devmap,E9.5,E8.5-R2,3,336999,38216,E9.5,8.5,32.72941589355469
late,qiu2024,devmap,E9.5,E8.5-R2,4,336999,38216,E9.5,8.5,32.96722412109375
late,qiu2024,devmap,E9.5,E8.5-R2,5,336999,38216,E9.5,8.5,32.72073745727539
late,qiu2024,devmap,E9.5,E8.5-R2,6,336999,38216,E9.5,8.5,32.90179443359375
late,qiu2024,devmap,E9.5,E8.5-R2,7,336999,38216,E9.5,8.5,32.93341064453125
late,qiu2024,devmap,E9.5,E8.5-R2,8,336999,38216,E9.5,8.5,32.61711120605469
late,qiu2024,devmap,E9.5,E8.5-R2,9,336999,38216,E9.5,8.5,31.92603302001953
late,qiu2024,devmap,E9.5,E8.5-R2,10,336999,38216,E9.5,8.5,33.12690734863281
late,qiu2024,devmap,E9.5,E8.5-R2,11,336999,38216,E9.5,8.5,32.87578582763672
late,qiu2024,devmap,E9.5,E8.5-R2,12,336999,38216,E9.5,8.5,32.59823989868164
late,qiu2024,devmap,E9.5,E8.5-R2,13,336999,38216,E9.5,8.5,33.008522033691406
late,qiu2024,devmap,E9.5,E8.5-R2,14,336999,38216,E9.5,8.5,34.062965393066406
late,qiu2024,devmap,E9.5,E8.5-R2,15,336999,38216,E9.5,8.5,32.613037109375
late,qiu2024,devmap,E9.5,E8.5-R2,16,336999,38216,E9.5,8.5,33.31719207763672
late,qiu2024,devmap,E9.5,E8.5-R2,17,336999,38216,E9.5,8.5,33.046958923339844
late,qiu2024,devmap,E9.5,E8.5-R2,18,336999,38216,E9.5,8.5,31.972917556762695
late,qiu2024,devmap,E9.5,E8.5-R2,19,336999,38216,E9.5,8.5,32.75142288208008
late,qiu2024,devmap,E9.5,E8.5-R2,20,336999,38216,E9.5,8.5,32.000186920166016
late,qiu2024,devmap,E9.5,E8.5-R2,21,336999,38216,E9.5,8.5,34.14356994628906
late,qiu2024,devmap,E9.5,E8.5-R2,22,336999,38216,E9.5,8.5,32.036094665527344
late,qiu2024,devmap,E9.5,E8.5-R2,23,336999,38216,E9.5,8.5,32.9089241027832
late,qiu2024,devmap,E9.5,E8.5-R2,24,336999,38216,E9.5,8.5,32.37940216064453
late,qiu2024,devmap,E9.5,E8.5-R2,25,336999,38216,E9.5,8.5,33.39901351928711
late,qiu2024,devmap,E9.5,E8.5-R2,26,336999,38216,E9.5,8.5,32.60908126831055
late,qiu2024,devmap,E9.5,E8.5-R2,27,336999,38216,E9.5,8.5,33.03578186035156
late,qiu2024,devmap,E9.5,E8.5-R2,28,336999,38216,E9.5,8.5,32.32304382324219
late,qiu2024,devmap,E9.5,E8.5-R2,29,336999,38216,E9.5,8.5,32.07360076904297
late,qiu2024,devmap,E9.5,E8.5-R2,30,336999,38216,E9.5,8.5,32.46504211425781
late,qiu2024,devmap,E9.5,E8.5-R2,31,336999,38216,E9.5,8.5,33.00938415527344
late,qiu2024,devmap,E9.5,E8.5-R2,32,336999,38216,E9.5,8.5,33.40736389160156
late,qiu2024,devmap,E9.5,E8.5-R2,33,336999,38216,E9.5,8.5,31.687255859375
late,qiu2024,devmap,E9.5,E8.5-R2,34,336999,38216,E9.5,8.5,32.91851806640625
late,qiu2024,devmap,E9.5,E8.5-R2,35,336999,38216,E9.5,8.5,32.12651824951172
late,qiu2024,devmap,E9.5,E8.5-R2,36,336999,38216,E9.5,8.5,31.985279083251953
late,qiu2024,devmap,E9.5,E8.5-R2,37,336999,38216,E9.5,8.5,32.403045654296875
late,qiu2024,devmap,E9.5,E8.5-R2,38,336999,38216,E9.5,8.5,33.28508758544922
late,qiu2024,devmap,E9.5,E8.5-R2,39,336999,38216,E9.5,8.5,33.097137451171875
late,qiu2024,devmap,E9.5,E8.5-R2,40,336999,38216,E9.5,8.5,32.53553771972656
late,qiu2024,devmap,E9.5,E8.5-R2,41,336999,38216,E9.5,8.5,32.92305374145508
late,qiu2024,devmap,E9.5,E8.5-R2,42,336999,38216,E9.5,8.5,31.953527450561523
late,qiu2024,devmap,E9.5,E8.5-R2,43,336999,38216,E9.5,8.5,33.299312591552734
late,qiu2024,devmap,E9.5,E8.5-R2,44,336999,38216,E9.5,8.5,32.137874603271484
late,qiu2024,devmap,E9.5,E8.5-R2,45,336999,38216,E9.5,8.5,33.21257781982422
late,qiu2024,devmap,E9.5,E8.5-R2,46,336999,38216,E9.5,8.5,32.94947814941406
late,qiu2024,devmap,E9.5,E8.5-R2,47,336999,38216,E9.5,8.5,32.03400802612305
late,qiu2024,devmap,E9.5,E8.5-R2,48,336999,38216,E9.5,8.5,32.73916244506836
late,qiu2024,devmap,E9.5,E8.5-R2,49,336999,38216,E9.5,8.5,31.657012939453125
late,qiu2024,devmap,E9.5,E8.5-R3,0,336999,27743,E9.5,8.5,32.63594055175781
late,qiu2024,devmap,E9.5,E8.5-R3,1,336999,27743,E9.5,8.5,33.999855041503906
late,qiu2024,devmap,E9.5,E8.5-R3,2,336999,27743,E9.5,8.5,33.76509475708008
late,qiu2024,devmap,E9.5,E8.5-R3,3,336999,27743,E9.5,8.5,33.8482666015625
late,qiu2024,devmap,E9.5,E8.5-R3,4,336999,27743,E9.5,8.5,33.26631164550781
late,qiu2024,devmap,E9.5,E8.5-R3,5,336999,27743,E9.5,8.5,32.971736907958984
late,qiu2024,devmap,E9.5,E8.5-R3,6,336999,27743,E9.5,8.5,33.41123580932617
late,qiu2024,devmap,E9.5,E8.5-R3,7,336999,27743,E9.5,8.5,32.85184860229492
late,qiu2024,devmap,E9.5,E8.5-R3,8,336999,27743,E9.5,8.5,34.20841979980469
late,qiu2024,devmap,E9.5,E8.5-R3,9,336999,27743,E9.5,8.5,32.191802978515625
late,qiu2024,devmap,E9.5,E8.5-R3,10,336999,27743,E9.5,8.5,33.703941345214844
late,qiu2024,devmap,E9.5,E8.5-R3,11,336999,27743,E9.5,8.5,32.925148010253906
late,qiu2024,devmap,E9.5,E8.5-R3,12,336999,27743,E9.5,8.5,32.79092025756836
late,qiu2024,devmap,E9.5,E8.5-R3,13,336999,27743,E9.5,8.5,33.68846893310547
late,qiu2024,devmap,E9.5,E8.5-R3,14,336999,27743,E9.5,8.5,33.208229064941406
late,qiu2024,devmap,E9.5,E8.5-R3,15,336999,27743,E9.5,8.5,32.410728454589844
late,qiu2024,devmap,E9.5,E8.5-R3,16,336999,27743,E9.5,8.5,33.63371276855469
late,qiu2024,devmap,E9.5,E8.5-R3,17,336999,27743,E9.5,8.5,33.48273468017578
late,qiu2024,devmap,E9.5,E8.5-R3,18,336999,27743,E9.5,8.5,33.280059814453125
late,qiu2024,devmap,E9.5,E8.5-R3,19,336999,27743,E9.5,8.5,33.06629180908203
late,qiu2024,devmap,E9.5,E8.5-R3,20,336999,27743,E9.5,8.5,32.35773468017578
late,qiu2024,devmap,E9.5,E8.5-R3,21,336999,27743,E9.5,8.5,33.796138763427734
late,qiu2024,devmap,E9.5,E8.5-R3,22,336999,27743,E9.5,8.5,33.07025146484375
late,qiu2024,devmap,E9.5,E8.5-R3,23,336999,27743,E9.5,8.5,33.175880432128906
late,qiu2024,devmap,E9.5,E8.5-R3,24,336999,27743,E9.5,8.5,33.5284538269043
late,qiu2024,devmap,E9.5,E8.5-R3,25,336999,27743,E9.5,8.5,32.75579833984375
late,qiu2024,devmap,E9.5,E8.5-R3,26,336999,27743,E9.5,8.5,33.05217361450195
late,qiu2024,devmap,E9.5,E8.5-R3,27,336999,27743,E9.5,8.5,33.339813232421875
late,qiu2024,devmap,E9.5,E8.5-R3,28,336999,27743,E9.5,8.5,33.689208984375
late,qiu2024,devmap,E9.5,E8.5-R3,29,336999,27743,E9.5,8.5,33.33333969116211
late,qiu2024,devmap,E9.5,E8.5-R3,30,336999,27743,E9.5,8.5,33.74022674560547
late,qiu2024,devmap,E9.5,E8.5-R3,31,336999,27743,E9.5,8.5,33.145145416259766
late,qiu2024,devmap,E9.5,E8.5-R3,32,336999,27743,E9.5,8.5,33.42761993408203
late,qiu2024,devmap,E9.5,E8.5-R3,33,336999,27743,E9.5,8.5,33.58063888549805
late,qiu2024,devmap,E9.5,E8.5-R3,34,336999,27743,E9.5,8.5,32.87260437011719
late,qiu2024,devmap,E9.5,E8.5-R3,35,336999,27743,E9.5,8.5,34.00981140136719
late,qiu2024,devmap,E9.5,E8.5-R3,36,336999,27743,E9.5,8.5,33.47398376464844
late,qiu2024,devmap,E9.5,E8.5-R3,37,336999,27743,E9.5,8.5,32.56911849975586
late,qiu2024,devmap,E9.5,E8.5-R3,38,336999,27743,E9.5,8.5,33.36225891113281
late,qiu2024,devmap,E9.5,E8.5-R3,39,336999,27743,E9.5,8.5,32.789939880371094
late,qiu2024,devmap,E9.5,E8.5-R3,40,336999,27743,E9.5,8.5,33.22434997558594
late,qiu2024,devmap,E9.5,E8.5-R3,41,336999,27743,E9.5,8.5,33.91254425048828
late,qiu2024,devmap,E9.5,E8.5-R3,42,336999,27743,E9.5,8.5,32.996063232421875
late,qiu2024,devmap,E9.5,E8.5-R3,43,336999,27743,E9.5,8.5,33.071876525878906
late,qiu2024,devmap,E9.5,E8.5-R3,44,336999,27743,E9.5,8.5,33.51146697998047
late,qiu2024,devmap,E9.5,E8.5-R3,45,336999,27743,E9.5,8.5,33.355003356933594
late,qiu2024,devmap,E9.5,E8.5-R3,46,336999,27743,E9.5,8.5,33.62004470825195
late,qiu2024,devmap,E9.5,E8.5-R3,47,336999,27743,E9.5,8.5,33.217796325683594
late,qiu2024,devmap,E9.5,E8.5-R3,48,336999,27743,E9.5,8.5,32.824462890625
late,qiu2024,devmap,E9.5,E8.5-R3,49,336999,27743,E9.5,8.5,33.57542037963867
late,qiu2024,devmap,E9.5,E9.0-R1,0,336999,92063,E9.5,9.0,26.906063079833984
late,qiu2024,devmap,E9.5,E9.0-R1,1,336999,92063,E9.5,9.0,25.615154266357422
late,qiu2024,devmap,E9.5,E9.0-R1,2,336999,92063,E9.5,9.0,26.408527374267578
late,qiu2024,devmap,E9.5,E9.0-R1,3,336999,92063,E9.5,9.0,25.606121063232422
late,qiu2024,devmap,E9.5,E9.0-R1,4,336999,92063,E9.5,9.0,25.578603744506836
late,qiu2024,devmap,E9.5,E9.0-R1,5,336999,92063,E9.5,9.0,25.92582893371582
late,qiu2024,devmap,E9.5,E9.0-R1,6,336999,92063,E9.5,9.0,25.799541473388672
late,qiu2024,devmap,E9.5,E9.0-R1,7,336999,92063,E9.5,9.0,24.907236099243164
late,qiu2024,devmap,E9.5,E9.0-R1,8,336999,92063,E9.5,9.0,25.670833587646484
late,qiu2024,devmap,E9.5,E9.0-R1,9,336999,92063,E9.5,9.0,26.121356964111328
late,qiu2024,devmap,E9.5,E9.0-R1,10,336999,92063,E9.5,9.0,25.334239959716797
late,qiu2024,devmap,E9.5,E9.0-R1,11,336999,92063,E9.5,9.0,26.0637264251709
late,qiu2024,devmap,E9.5,E9.0-R1,12,336999,92063,E9.5,9.0,25.80512237548828
late,qiu2024,devmap,E9.5,E9.0-R1,13,336999,92063,E9.5,9.0,26.051231384277344
late,qiu2024,devmap,E9.5,E9.0-R1,14,336999,92063,E9.5,9.0,25.184242248535156
late,qiu2024,devmap,E9.5,E9.0-R1,15,336999,92063,E9.5,9.0,25.756418228149414
late,qiu2024,devmap,E9.5,E9.0-R1,16,336999,92063,E9.5,9.0,25.62224578857422
late,qiu2024,devmap,E9.5,E9.0-R1,17,336999,92063,E9.5,9.0,26.57111358642578
late,qiu2024,devmap,E9.5,E9.0-R1,18,336999,92063,E9.5,9.0,25.35367202758789
late,qiu2024,devmap,E9.5,E9.0-R1,19,336999,92063,E9.5,9.0,25.098522186279297
late,qiu2024,devmap,E9.5,E9.0-R1,20,336999,92063,E9.5,9.0,26.40340232849121
late,qiu2024,devmap,E9.5,E9.0-R1,21,336999,92063,E9.5,9.0,26.695384979248047
late,qiu2024,devmap,E9.5,E9.0-R1,22,336999,92063,E9.5,9.0,25.28231430053711
late,qiu2024,devmap,E9.5,E9.0-R1,23,336999,92063,E9.5,9.0,25.098735809326172
late,qiu2024,devmap,E9.5,E9.0-R1,24,336999,92063,E9.5,9.0,25.550859451293945
late,qiu2024,devmap,E9.5,E9.0-R1,25,336999,92063,E9.5,9.0,25.607166290283203
late,qiu2024,devmap,E9.5,E9.0-R1,26,336999,92063,E9.5,9.0,26.32614517211914
late,qiu2024,devmap,E9.5,E9.0-R1,27,336999,92063,E9.5,9.0,26.227874755859375
late,qiu2024,devmap,E9.5,E9.0-R1,28,336999,92063,E9.5,9.0,24.341583251953125
late,qiu2024,devmap,E9.5,E9.0-R1,29,336999,92063,E9.5,9.0,25.47160530090332
late,qiu2024,devmap,E9.5,E9.0-R1,30,336999,92063,E9.5,9.0,25.371931076049805
late,qiu2024,devmap,E9.5,E9.0-R1,31,336999,92063,E9.5,9.0,26.48345184326172
late,qiu2024,devmap,E9.5,E9.0-R1,32,336999,92063,E9.5,9.0,25.14969253540039
late,qiu2024,devmap,E9.5,E9.0-R1,33,336999,92063,E9.5,9.0,25.3300838470459
late,qiu2024,devmap,E9.5,E9.0-R1,34,336999,92063,E9.5,9.0,25.719337463378906
late,qiu2024,devmap,E9.5,E9.0-R1,35,336999,92063,E9.5,9.0,25.654979705810547
late,qiu2024,devmap,E9.5,E9.0-R1,36,336999,92063,E9.5,9.0,25.050064086914062
late,qiu2024,devmap,E9.5,E9.0-R1,37,336999,92063,E9.5,9.0,25.989532470703125
late,qiu2024,devmap,E9.5,E9.0-R1,38,336999,92063,E9.5,9.0,24.82316780090332
late,qiu2024,devmap,E9.5,E9.0-R1,39,336999,92063,E9.5,9.0,25.746057510375977
late,qiu2024,devmap,E9.5,E9.0-R1,40,336999,92063,E9.5,9.0,25.574745178222656
late,qiu2024,devmap,E9.5,E9.0-R1,41,336999,92063,E9.5,9.0,25.214962005615234
late,qiu2024,devmap,E9.5,E9.0-R1,42,336999,92063,E9.5,9.0,26.595333099365234
late,qiu2024,devmap,E9.5,E9.0-R1,43,336999,92063,E9.5,9.0,26.018550872802734
late,qiu2024,devmap,E9.5,E9.0-R1,44,336999,92063,E9.5,9.0,25.12176513671875
late,qiu2024,devmap,E9.5,E9.0-R1,45,336999,92063,E9.5,9.0,25.41854476928711
late,qiu2024,devmap,E9.5,E9.0-R1,46,336999,92063,E9.5,9.0,25.698680877685547
late,qiu2024,devmap,E9.5,E9.0-R1,47,336999,92063,E9.5,9.0,25.388103485107422
late,qiu2024,devmap,E9.5,E9.0-R1,48,336999,92063,E9.5,9.0,25.46343994140625
late,qiu2024,devmap,E9.5,E9.0-R1,49,336999,92063,E9.5,9.0,25.170082092285156
late,qiu2024,devmap,E9.5,E9.0-R2,0,336999,99878,E9.5,9.0,23.693191528320312
late,qiu2024,devmap,E9.5,E9.0-R2,1,336999,99878,E9.5,9.0,23.56197738647461
late,qiu2024,devmap,E9.5,E9.0-R2,2,336999,99878,E9.5,9.0,24.13472557067871
late,qiu2024,devmap,E9.5,E9.0-R2,3,336999,99878,E9.5,9.0,23.15027618408203
late,qiu2024,devmap,E9.5,E9.0-R2,4,336999,99878,E9.5,9.0,24.46870994567871
late,qiu2024,devmap,E9.5,E9.0-R2,5,336999,99878,E9.5,9.0,23.463157653808594
late,qiu2024,devmap,E9.5,E9.0-R2,6,336999,99878,E9.5,9.0,23.806791305541992
late,qiu2024,devmap,E9.5,E9.0-R2,7,336999,99878,E9.5,9.0,23.89739990234375
late,qiu2024,devmap,E9.5,E9.0-R2,8,336999,99878,E9.5,9.0,24.53043556213379
late,qiu2024,devmap,E9.5,E9.0-R2,9,336999,99878,E9.5,9.0,22.89105987548828
late,qiu2024,devmap,E9.5,E9.0-R2,10,336999,99878,E9.5,9.0,23.62169647216797
late,qiu2024,devmap,E9.5,E9.0-R2,11,336999,99878,E9.5,9.0,23.714244842529297
late,qiu2024,devmap,E9.5,E9.0-R2,12,336999,99878,E9.5,9.0,23.1834774017334
late,qiu2024,devmap,E9.5,E9.0-R2,13,336999,99878,E9.5,9.0,23.623699188232422
late,qiu2024,devmap,E9.5,E9.0-R2,14,336999,99878,E9.5,9.0,24.001588821411133
late,qiu2024,devmap,E9.5,E9.0-R2,15,336999,99878,E9.5,9.0,23.716148376464844
late,qiu2024,devmap,E9.5,E9.0-R2,16,336999,99878,E9.5,9.0,23.78573226928711
late,qiu2024,devmap,E9.5,E9.0-R2,17,336999,99878,E9.5,9.0,23.295337677001953
late,qiu2024,devmap,E9.5,E9.0-R2,18,336999,99878,E9.5,9.0,22.74329376220703
late,qiu2024,devmap,E9.5,E9.0-R2,19,336999,99878,E9.5,9.0,23.41588020324707
late,qiu2024,devmap,E9.5,E9.0-R2,20,336999,99878,E9.5,9.0,24.035213470458984
late,qiu2024,devmap,E9.5,E9.0-R2,21,336999,99878,E9.5,9.0,23.710561752319336
late,qiu2024,devmap,E9.5,E9.0-R2,22,336999,99878,E9.5,9.0,22.89389419555664
late,qiu2024,devmap,E9.5,E9.0-R2,23,336999,99878,E9.5,9.0,23.887882232666016
late,qiu2024,devmap,E9.5,E9.0-R2,24,336999,99878,E9.5,9.0,23.989500045776367
late,qiu2024,devmap,E9.5,E9.0-R2,25,336999,99878,E9.5,9.0,22.719966888427734
late,qiu2024,devmap,E9.5,E9.0-R2,26,336999,99878,E9.5,9.0,23.226730346679688
late,qiu2024,devmap,E9.5,E9.0-R2,27,336999,99878,E9.5,9.0,23.554485321044922
late,qiu2024,devmap,E9.5,E9.0-R2,28,336999,99878,E9.5,9.0,23.33663558959961
late,qiu2024,devmap,E9.5,E9.0-R2,29,336999,99878,E9.5,9.0,23.884342193603516
late,qiu2024,devmap,E9.5,E9.0-R2,30,336999,99878,E9.5,9.0,23.09308624267578
late,qiu2024,devmap,E9.5,E9.0-R2,31,336999,99878,E9.5,9.0,23.91391944885254
late,qiu2024,devmap,E9.5,E9.0-R2,32,336999,99878,E9.5,9.0,23.335739135742188
late,qiu2024,devmap,E9.5,E9.0-R2,33,336999,99878,E9.5,9.0,23.32888412475586
late,qiu2024,devmap,E9.5,E9.0-R2,34,336999,99878,E9.5,9.0,23.394895553588867
late,qiu2024,devmap,E9.5,E9.0-R2,35,336999,99878,E9.5,9.0,23.3137149810791
late,qiu2024,devmap,E9.5,E9.0-R2,36,336999,99878,E9.5,9.0,23.72115707397461
late,qiu2024,devmap,E9.5,E9.0-R2,37,336999,99878,E9.5,9.0,23.12499237060547
late,qiu2024,devmap,E9.5,E9.0-R2,38,336999,99878,E9.5,9.0,23.928668975830078
late,qiu2024,devmap,E9.5,E9.0-R2,39,336999,99878,E9.5,9.0,23.901142120361328
late,qiu2024,devmap,E9.5,E9.0-R2,40,336999,99878,E9.5,9.0,23.49681854248047
late,qiu2024,devmap,E9.5,E9.0-R2,41,336999,99878,E9.5,9.0,23.909229278564453
late,qiu2024,devmap,E9.5,E9.0-R2,42,336999,99878,E9.5,9.0,23.926122665405273
late,qiu2024,devmap,E9.5,E9.0-R2,43,336999,99878,E9.5,9.0,23.58270263671875
late,qiu2024,devmap,E9.5,E9.0-R2,44,336999,99878,E9.5,9.0,23.340667724609375
late,qiu2024,devmap,E9.5,E9.0-R2,45,336999,99878,E9.5,9.0,23.835002899169922
late,qiu2024,devmap,E9.5,E9.0-R2,46,336999,99878,E9.5,9.0,23.255207061767578
late,qiu2024,devmap,E9.5,E9.0-R2,47,336999,99878,E9.5,9.0,23.537267684936523
late,qiu2024,devmap,E9.5,E9.0-R2,48,336999,99878,E9.5,9.0,23.853694915771484
late,qiu2024,devmap,E9.5,E9.0-R2,49,336999,99878,E9.5,9.0,23.476381301879883
late,qiu2024,devmap,E9.5,E9.0-R3,0,336999,62867,E9.5,9.0,29.684371948242188
late,qiu2024,devmap,E9.5,E9.0-R3,1,336999,62867,E9.5,9.0,29.286277770996094
late,qiu2024,devmap,E9.5,E9.0-R3,2,336999,62867,E9.5,9.0,29.47150993347168
late,qiu2024,devmap,E9.5,E9.0-R3,3,336999,62867,E9.5,9.0,28.85595703125
late,qiu2024,devmap,E9.5,E9.0-R3,4,336999,62867,E9.5,9.0,29.364818572998047
late,qiu2024,devmap,E9.5,E9.0-R3,5,336999,62867,E9.5,9.0,28.686790466308594
late,qiu2024,devmap,E9.5,E9.0-R3,6,336999,62867,E9.5,9.0,29.52096176147461
late,qiu2024,devmap,E9.5,E9.0-R3,7,336999,62867,E9.5,9.0,28.79244041442871
late,qiu2024,devmap,E9.5,E9.0-R3,8,336999,62867,E9.5,9.0,29.87382698059082
late,qiu2024,devmap,E9.5,E9.0-R3,9,336999,62867,E9.5,9.0,29.245861053466797
late,qiu2024,devmap,E9.5,E9.0-R3,10,336999,62867,E9.5,9.0,29.621437072753906
late,qiu2024,devmap,E9.5,E9.0-R3,11,336999,62867,E9.5,9.0,29.792701721191406
late,qiu2024,devmap,E9.5,E9.0-R3,12,336999,62867,E9.5,9.0,28.552032470703125
late,qiu2024,devmap,E9.5,E9.0-R3,13,336999,62867,E9.5,9.0,29.36807632446289
late,qiu2024,devmap,E9.5,E9.0-R3,14,336999,62867,E9.5,9.0,29.42177963256836
late,qiu2024,devmap,E9.5,E9.0-R3,15,336999,62867,E9.5,9.0,29.61349105834961
late,qiu2024,devmap,E9.5,E9.0-R3,16,336999,62867,E9.5,9.0,29.02437400817871
late,qiu2024,devmap,E9.5,E9.0-R3,17,336999,62867,E9.5,9.0,28.837749481201172
late,qiu2024,devmap,E9.5,E9.0-R3,18,336999,62867,E9.5,9.0,29.419708251953125
late,qiu2024,devmap,E9.5,E9.0-R3,19,336999,62867,E9.5,9.0,29.781539916992188
late,qiu2024,devmap,E9.5,E9.0-R3,20,336999,62867,E9.5,9.0,29.54662322998047
late,qiu2024,devmap,E9.5,E9.0-R3,21,336999,62867,E9.5,9.0,29.379150390625
late,qiu2024,devmap,E9.5,E9.0-R3,22,336999,62867,E9.5,9.0,29.145666122436523
late,qiu2024,devmap,E9.5,E9.0-R3,23,336999,62867,E9.5,9.0,28.668983459472656
late,qiu2024,devmap,E9.5,E9.0-R3,24,336999,62867,E9.5,9.0,28.697811126708984
late,qiu2024,devmap,E9.5,E9.0-R3,25,336999,62867,E9.5,9.0,29.395559310913086
late,qiu2024,devmap,E9.5,E9.0-R3,26,336999,62867,E9.5,9.0,28.829347610473633
late,qiu2024,devmap,E9.5,E9.0-R3,27,336999,62867,E9.5,9.0,29.600732803344727
late,qiu2024,devmap,E9.5,E9.0-R3,28,336999,62867,E9.5,9.0,28.724077224731445
late,qiu2024,devmap,E9.5,E9.0-R3,29,336999,62867,E9.5,9.0,28.753185272216797
late,qiu2024,devmap,E9.5,E9.0-R3,30,336999,62867,E9.5,9.0,28.20061492919922
late,qiu2024,devmap,E9.5,E9.0-R3,31,336999,62867,E9.5,9.0,29.360029220581055
late,qiu2024,devmap,E9.5,E9.0-R3,32,336999,62867,E9.5,9.0,29.649999618530273
late,qiu2024,devmap,E9.5,E9.0-R3,33,336999,62867,E9.5,9.0,29.063486099243164
late,qiu2024,devmap,E9.5,E9.0-R3,34,336999,62867,E9.5,9.0,28.789295196533203
late,qiu2024,devmap,E9.5,E9.0-R3,35,336999,62867,E9.5,9.0,29.283048629760742
late,qiu2024,devmap,E9.5,E9.0-R3,36,336999,62867,E9.5,9.0,29.065692901611328
late,qiu2024,devmap,E9.5,E9.0-R3,37,336999,62867,E9.5,9.0,29.129060745239258
late,qiu2024,devmap,E9.5,E9.0-R3,38,336999,62867,E9.5,9.0,29.61273193359375
late,qiu2024,devmap,E9.5,E9.0-R3,39,336999,62867,E9.5,9.0,29.691978454589844
late,qiu2024,devmap,E9.5,E9.0-R3,40,336999,62867,E9.5,9.0,29.49275779724121
late,qiu2024,devmap,E9.5,E9.0-R3,41,336999,62867,E9.5,9.0,28.495868682861328
late,qiu2024,devmap,E9.5,E9.0-R3,42,336999,62867,E9.5,9.0,29.096654891967773
late,qiu2024,devmap,E9.5,E9.0-R3,43,336999,62867,E9.5,9.0,28.926334381103516
late,qiu2024,devmap,E9.5,E9.0-R3,44,336999,62867,E9.5,9.0,28.394580841064453
late,qiu2024,devmap,E9.5,E9.0-R3,45,336999,62867,E9.5,9.0,29.916473388671875
late,qiu2024,devmap,E9.5,E9.0-R3,46,336999,62867,E9.5,9.0,29.44241714477539
late,qiu2024,devmap,E9.5,E9.0-R3,47,336999,62867,E9.5,9.0,29.530723571777344
late,qiu2024,devmap,E9.5,E9.0-R3,48,336999,62867,E9.5,9.0,28.965532302856445
late,qiu2024,devmap,E9.5,E9.0-R3,49,336999,62867,E9.5,9.0,28.929698944091797
late,qiu2024,devmap,E9.5,E9.5-R1,0,336999,383453,E9.5,9.5,21.209430694580078
late,qiu2024,devmap,E9.5,E9.5-R1,1,336999,383453,E9.5,9.5,21.532943725585938
late,qiu2024,devmap,E9.5,E9.5-R1,2,336999,383453,E9.5,9.5,21.900856018066406
late,qiu2024,devmap,E9.5,E9.5-R1,3,336999,383453,E9.5,9.5,21.252967834472656
late,qiu2024,devmap,E9.5,E9.5-R1,4,336999,383453,E9.5,9.5,21.386951446533203
late,qiu2024,devmap,E9.5,E9.5-R1,5,336999,383453,E9.5,9.5,21.536487579345703
late,qiu2024,devmap,E9.5,E9.5-R1,6,336999,383453,E9.5,9.5,21.22970199584961
late,qiu2024,devmap,E9.5,E9.5-R1,7,336999,383453,E9.5,9.5,21.393815994262695
late,qiu2024,devmap,E9.5,E9.5-R1,8,336999,383453,E9.5,9.5,21.60132598876953
late,qiu2024,devmap,E9.5,E9.5-R1,9,336999,383453,E9.5,9.5,21.85730743408203
late,qiu2024,devmap,E9.5,E9.5-R1,10,336999,383453,E9.5,9.5,21.446311950683594
late,qiu2024,devmap,E9.5,E9.5-R1,11,336999,383453,E9.5,9.5,21.709178924560547
late,qiu2024,devmap,E9.5,E9.5-R1,12,336999,383453,E9.5,9.5,21.475969314575195
late,qiu2024,devmap,E9.5,E9.5-R1,13,336999,383453,E9.5,9.5,21.543476104736328
late,qiu2024,devmap,E9.5,E9.5-R1,14,336999,383453,E9.5,9.5,21.261503219604492
late,qiu2024,devmap,E9.5,E9.5-R1,15,336999,383453,E9.5,9.5,21.486263275146484
late,qiu2024,devmap,E9.5,E9.5-R1,16,336999,383453,E9.5,9.5,21.78821563720703
late,qiu2024,devmap,E9.5,E9.5-R1,17,336999,383453,E9.5,9.5,20.910253524780273
late,qiu2024,devmap,E9.5,E9.5-R1,18,336999,383453,E9.5,9.5,21.16098403930664
late,qiu2024,devmap,E9.5,E9.5-R1,19,336999,383453,E9.5,9.5,21.83155059814453
late,qiu2024,devmap,E9.5,E9.5-R1,20,336999,383453,E9.5,9.5,21.502033233642578
late,qiu2024,devmap,E9.5,E9.5-R1,21,336999,383453,E9.5,9.5,21.715171813964844
late,qiu2024,devmap,E9.5,E9.5-R1,22,336999,383453,E9.5,9.5,21.666778564453125
late,qiu2024,devmap,E9.5,E9.5-R1,23,336999,383453,E9.5,9.5,21.55381202697754
late,qiu2024,devmap,E9.5,E9.5-R1,24,336999,383453,E9.5,9.5,22.115432739257812
late,qiu2024,devmap,E9.5,E9.5-R1,25,336999,383453,E9.5,9.5,22.177001953125
late,qiu2024,devmap,E9.5,E9.5-R1,26,336999,383453,E9.5,9.5,21.598711013793945
late,qiu2024,devmap,E9.5,E9.5-R1,27,336999,383453,E9.5,9.5,21.646596908569336
late,qiu2024,devmap,E9.5,E9.5-R1,28,336999,383453,E9.5,9.5,22.022533416748047
late,qiu2024,devmap,E9.5,E9.5-R1,29,336999,383453,E9.5,9.5,20.837890625
late,qiu2024,devmap,E9.5,E9.5-R1,30,336999,383453,E9.5,9.5,21.81884765625
late,qiu2024,devmap,E9.5,E9.5-R1,31,336999,383453,E9.5,9.5,21.366199493408203
late,qiu2024,devmap,E9.5,E9.5-R1,32,336999,383453,E9.5,9.5,21.52460479736328
late,qiu2024,devmap,E9.5,E9.5-R1,33,336999,383453,E9.5,9.5,21.99554443359375
late,qiu2024,devmap,E9.5,E9.5-R1,34,336999,383453,E9.5,9.5,21.932506561279297
late,qiu2024,devmap,E9.5,E9.5-R1,35,336999,383453,E9.5,9.5,21.470802307128906
late,qiu2024,devmap,E9.5,E9.5-R1,36,336999,383453,E9.5,9.5,22.256107330322266
late,qiu2024,devmap,E9.5,E9.5-R1,37,336999,383453,E9.5,9.5,21.60124969482422
late,qiu2024,devmap,E9.5,E9.5-R1,38,336999,383453,E9.5,9.5,21.37042999267578
late,qiu2024,devmap,E9.5,E9.5-R1,39,336999,383453,E9.5,9.5,21.846256256103516
late,qiu2024,devmap,E9.5,E9.5-R1,40,336999,383453,E9.5,9.5,20.94841766357422
late,qiu2024,devmap,E9.5,E9.5-R1,41,336999,383453,E9.5,9.5,21.71697235107422
late,qiu2024,devmap,E9.5,E9.5-R1,42,336999,383453,E9.5,9.5,21.419204711914062
late,qiu2024,devmap,E9.5,E9.5-R1,43,336999,383453,E9.5,9.5,21.388099670410156
late,qiu2024,devmap,E9.5,E9.5-R1,44,336999,383453,E9.5,9.5,21.400901794433594
late,qiu2024,devmap,E9.5,E9.5-R1,45,336999,383453,E9.5,9.5,21.429189682006836
late,qiu2024,devmap,E9.5,E9.5-R1,46,336999,383453,E9.5,9.5,21.200485229492188
late,qiu2024,devmap,E9.5,E9.5-R1,47,336999,383453,E9.5,9.5,21.658580780029297
late,qiu2024,devmap,E9.5,E9.5-R1,48,336999,383453,E9.5,9.5,21.252458572387695
late,qiu2024,devmap,E9.5,E9.5-R1,49,336999,383453,E9.5,9.5,21.7335205078125
late,qiu2024,devmap,E9.5,E9.5-R2,0,336999,350716,E9.5,9.5,22.13335418701172
late,qiu2024,devmap,E9.5,E9.5-R2,1,336999,350716,E9.5,9.5,21.498767852783203
late,qiu2024,devmap,E9.5,E9.5-R2,2,336999,350716,E9.5,9.5,22.529956817626953
late,qiu2024,devmap,E9.5,E9.5-R2,3,336999,350716,E9.5,9.5,22.09775733947754
late,qiu2024,devmap,E9.5,E9.5-R2,4,336999,350716,E9.5,9.5,22.342493057250977
late,qiu2024,devmap,E9.5,E9.5-R2,5,336999,350716,E9.5,9.5,22.48712921142578
late,qiu2024,devmap,E9.5,E9.5-R2,6,336999,350716,E9.5,9.5,22.947650909423828
late,qiu2024,devmap,E9.5,E9.5-R2,7,336999,350716,E9.5,9.5,22.045978546142578
late,qiu2024,devmap,E9.5,E9.5-R2,8,336999,350716,E9.5,9.5,22.445117950439453
late,qiu2024,devmap,E9.5,E9.5-R2,9,336999,350716,E9.5,9.5,22.082399368286133
late,qiu2024,devmap,E9.5,E9.5-R2,10,336999,350716,E9.5,9.5,21.70444107055664
late,qiu2024,devmap,E9.5,E9.5-R2,11,336999,350716,E9.5,9.5,22.149333953857422
late,qiu2024,devmap,E9.5,E9.5-R2,12,336999,350716,E9.5,9.5,21.720178604125977
late,qiu2024,devmap,E9.5,E9.5-R2,13,336999,350716,E9.5,9.5,21.855504989624023
late,qiu2024,devmap,E9.5,E9.5-R2,14,336999,350716,E9.5,9.5,21.93805503845215
late,qiu2024,devmap,E9.5,E9.5-R2,15,336999,350716,E9.5,9.5,21.865375518798828
late,qiu2024,devmap,E9.5,E9.5-R2,16,336999,350716,E9.5,9.5,22.087173461914062
late,qiu2024,devmap,E9.5,E9.5-R2,17,336999,350716,E9.5,9.5,22.49710464477539
late,qiu2024,devmap,E9.5,E9.5-R2,18,336999,350716,E9.5,9.5,22.149311065673828
late,qiu2024,devmap,E9.5,E9.5-R2,19,336999,350716,E9.5,9.5,22.15111541748047
late,qiu2024,devmap,E9.5,E9.5-R2,20,336999,350716,E9.5,9.5,22.409587860107422
late,qiu2024,devmap,E9.5,E9.5-R2,21,336999,350716,E9.5,9.5,22.01759910583496
late,qiu2024,devmap,E9.5,E9.5-R2,22,336999,350716,E9.5,9.5,22.00064468383789
late,qiu2024,devmap,E9.5,E9.5-R2,23,336999,350716,E9.5,9.5,22.007469177246094
late,qiu2024,devmap,E9.5,E9.5-R2,24,336999,350716,E9.5,9.5,22.346046447753906
late,qiu2024,devmap,E9.5,E9.5-R2,25,336999,350716,E9.5,9.5,22.35539436340332
late,qiu2024,devmap,E9.5,E9.5-R2,26,336999,350716,E9.5,9.5,21.921659469604492
late,qiu2024,devmap,E9.5,E9.5-R2,27,336999,350716,E9.5,9.5,22.261730194091797
late,qiu2024,devmap,E9.5,E9.5-R2,28,336999,350716,E9.5,9.5,21.92650032043457
late,qiu2024,devmap,E9.5,E9.5-R2,29,336999,350716,E9.5,9.5,21.837108612060547
late,qiu2024,devmap,E9.5,E9.5-R2,30,336999,350716,E9.5,9.5,21.667312622070312
late,qiu2024,devmap,E9.5,E9.5-R2,31,336999,350716,E9.5,9.5,21.900920867919922
late,qiu2024,devmap,E9.5,E9.5-R2,32,336999,350716,E9.5,9.5,22.163501739501953
late,qiu2024,devmap,E9.5,E9.5-R2,33,336999,350716,E9.5,9.5,21.528661727905273
late,qiu2024,devmap,E9.5,E9.5-R2,34,336999,350716,E9.5,9.5,22.063167572021484
late,qiu2024,devmap,E9.5,E9.5-R2,35,336999,350716,E9.5,9.5,21.928422927856445
late,qiu2024,devmap,E9.5,E9.5-R2,36,336999,350716,E9.5,9.5,21.548004150390625
late,qiu2024,devmap,E9.5,E9.5-R2,37,336999,350716,E9.5,9.5,21.60129737854004
late,qiu2024,devmap,E9.5,E9.5-R2,38,336999,350716,E9.5,9.5,22.44339370727539
late,qiu2024,devmap,E9.5,E9.5-R2,39,336999,350716,E9.5,9.5,21.91046905517578
late,qiu2024,devmap,E9.5,E9.5-R2,40,336999,350716,E9.5,9.5,22.219032287597656
late,qiu2024,devmap,E9.5,E9.5-R2,41,336999,350716,E9.5,9.5,21.820903778076172
late,qiu2024,devmap,E9.5,E9.5-R2,42,336999,350716,E9.5,9.5,22.490182876586914
late,qiu2024,devmap,E9.5,E9.5-R2,43,336999,350716,E9.5,9.5,22.34477996826172
late,qiu2024,devmap,E9.5,E9.5-R2,44,336999,350716,E9.5,9.5,22.222137451171875
late,qiu2024,devmap,E9.5,E9.5-R2,45,336999,350716,E9.5,9.5,21.385475158691406
late,qiu2024,devmap,E9.5,E9.5-R2,46,336999,350716,E9.5,9.5,22.062660217285156
late,qiu2024,devmap,E9.5,E9.5-R2,47,336999,350716,E9.5,9.5,22.20551300048828
late,qiu2024,devmap,E9.5,E9.5-R2,48,336999,350716,E9.5,9.5,21.449462890625
late,qiu2024,devmap,E9.5,E9.5-R2,49,336999,350716,E9.5,9.5,22.123977661132812
late,qiu2024,devmap,E9.5,E9.5-R3,0,336999,342873,E9.5,9.5,21.252647399902344
late,qiu2024,devmap,E9.5,E9.5-R3,1,336999,342873,E9.5,9.5,20.8819580078125
late,qiu2024,devmap,E9.5,E9.5-R3,2,336999,342873,E9.5,9.5,21.708160400390625
late,qiu2024,devmap,E9.5,E9.5-R3,3,336999,342873,E9.5,9.5,20.529033660888672
late,qiu2024,devmap,E9.5,E9.5-R3,4,336999,342873,E9.5,9.5,20.983821868896484
late,qiu2024,devmap,E9.5,E9.5-R3,5,336999,342873,E9.5,9.5,21.200532913208008
late,qiu2024,devmap,E9.5,E9.5-R3,6,336999,342873,E9.5,9.5,21.122488021850586
late,qiu2024,devmap,E9.5,E9.5-R3,7,336999,342873,E9.5,9.5,21.163333892822266
late,qiu2024,devmap,E9.5,E9.5-R3,8,336999,342873,E9.5,9.5,21.118236541748047
late,qiu2024,devmap,E9.5,E9.5-R3,9,336999,342873,E9.5,9.5,21.37179183959961
late,qiu2024,devmap,E9.5,E9.5-R3,10,336999,342873,E9.5,9.5,20.91501235961914
late,qiu2024,devmap,E9.5,E9.5-R3,11,336999,342873,E9.5,9.5,21.111167907714844
late,qiu2024,devmap,E9.5,E9.5-R3,12,336999,342873,E9.5,9.5,20.902252197265625
late,qiu2024,devmap,E9.5,E9.5-R3,13,336999,342873,E9.5,9.5,21.890531539916992
late,qiu2024,devmap,E9.5,E9.5-R3,14,336999,342873,E9.5,9.5,20.919775009155273
late,qiu2024,devmap,E9.5,E9.5-R3,15,336999,342873,E9.5,9.5,20.83057403564453
late,qiu2024,devmap,E9.5,E9.5-R3,16,336999,342873,E9.5,9.5,20.983299255371094
late,qiu2024,devmap,E9.5,E9.5-R3,17,336999,342873,E9.5,9.5,20.879318237304688
late,qiu2024,devmap,E9.5,E9.5-R3,18,336999,342873,E9.5,9.5,21.193038940429688
late,qiu2024,devmap,E9.5,E9.5-R3,19,336999,342873,E9.5,9.5,20.93760108947754
late,qiu2024,devmap,E9.5,E9.5-R3,20,336999,342873,E9.5,9.5,20.900737762451172
late,qiu2024,devmap,E9.5,E9.5-R3,21,336999,342873,E9.5,9.5,21.118804931640625
late,qiu2024,devmap,E9.5,E9.5-R3,22,336999,342873,E9.5,9.5,20.755475997924805
late,qiu2024,devmap,E9.5,E9.5-R3,23,336999,342873,E9.5,9.5,21.106218338012695
late,qiu2024,devmap,E9.5,E9.5-R3,24,336999,342873,E9.5,9.5,20.91869354248047
late,qiu2024,devmap,E9.5,E9.5-R3,25,336999,342873,E9.5,9.5,21.229564666748047
late,qiu2024,devmap,E9.5,E9.5-R3,26,336999,342873,E9.5,9.5,21.186542510986328
late,qiu2024,devmap,E9.5,E9.5-R3,27,336999,342873,E9.5,9.5,21.669620513916016
late,qiu2024,devmap,E9.5,E9.5-R3,28,336999,342873,E9.5,9.5,21.658248901367188
late,qiu2024,devmap,E9.5,E9.5-R3,29,336999,342873,E9.5,9.5,20.747562408447266
late,qiu2024,devmap,E9.5,E9.5-R3,30,336999,342873,E9.5,9.5,20.532245635986328
late,qiu2024,devmap,E9.5,E9.5-R3,31,336999,342873,E9.5,9.5,20.886680603027344
late,qiu2024,devmap,E9.5,E9.5-R3,32,336999,342873,E9.5,9.5,20.976139068603516
late,qiu2024,devmap,E9.5,E9.5-R3,33,336999,342873,E9.5,9.5,20.832805633544922
late,qiu2024,devmap,E9.5,E9.5-R3,34,336999,342873,E9.5,9.5,21.238040924072266
late,qiu2024,devmap,E9.5,E9.5-R3,35,336999,342873,E9.5,9.5,20.911823272705078
late,qiu2024,devmap,E9.5,E9.5-R3,36,336999,342873,E9.5,9.5,21.678871154785156
late,qiu2024,devmap,E9.5,E9.5-R3,37,336999,342873,E9.5,9.5,21.074054718017578
late,qiu2024,devmap,E9.5,E9.5-R3,38,336999,342873,E9.5,9.5,21.039630889892578
late,qiu2024,devmap,E9.5,E9.5-R3,39,336999,342873,E9.5,9.5,20.8592472076416
late,qiu2024,devmap,E9.5,E9.5-R3,40,336999,342873,E9.5,9.5,21.44792366027832
late,qiu2024,devmap,E9.5,E9.5-R3,41,336999,342873,E9.5,9.5,20.944046020507812
late,qiu2024,devmap,E9.5,E9.5-R3,42,336999,342873,E9.5,9.5,20.84762191772461
late,qiu2024,devmap,E9.5,E9.5-R3,43,336999,342873,E9.5,9.5,21.055442810058594
late,qiu2024,devmap,E9.5,E9.5-R3,44,336999,342873,E9.5,9.5,21.2435302734375
late,qiu2024,devmap,E9.5,E9.5-R3,45,336999,342873,E9.5,9.5,21.58627700805664
late,qiu2024,devmap,E9.5,E9.5-R3,46,336999,342873,E9.5,9.5,21.442764282226562
late,qiu2024,devmap,E9.5,E9.5-R3,47,336999,342873,E9.5,9.5,21.263099670410156
late,qiu2024,devmap,E9.5,E9.5-R3,48,336999,342873,E9.5,9.5,21.113859176635742
late,qiu2024,devmap,E9.5,E9.5-R3,49,336999,342873,E9.5,9.5,21.058406829833984
late,qiu2024,devmap,E9.5,E10.0-R1,0,336999,347550,E9.5,10.0,22.829452514648438
late,qiu2024,devmap,E9.5,E10.0-R1,1,336999,347550,E9.5,10.0,22.96013641357422
late,qiu2024,devmap,E9.5,E10.0-R1,2,336999,347550,E9.5,10.0,22.696022033691406
late,qiu2024,devmap,E9.5,E10.0-R1,3,336999,347550,E9.5,10.0,22.388675689697266
late,qiu2024,devmap,E9.5,E10.0-R1,4,336999,347550,E9.5,10.0,23.061267852783203
late,qiu2024,devmap,E9.5,E10.0-R1,5,336999,347550,E9.5,10.0,22.256328582763672
late,qiu2024,devmap,E9.5,E10.0-R1,6,336999,347550,E9.5,10.0,22.472702026367188
late,qiu2024,devmap,E9.5,E10.0-R1,7,336999,347550,E9.5,10.0,22.46408462524414
late,qiu2024,devmap,E9.5,E10.0-R1,8,336999,347550,E9.5,10.0,22.6700496673584
late,qiu2024,devmap,E9.5,E10.0-R1,9,336999,347550,E9.5,10.0,22.917808532714844
late,qiu2024,devmap,E9.5,E10.0-R1,10,336999,347550,E9.5,10.0,22.7186336517334
late,qiu2024,devmap,E9.5,E10.0-R1,11,336999,347550,E9.5,10.0,21.907917022705078
late,qiu2024,devmap,E9.5,E10.0-R1,12,336999,347550,E9.5,10.0,22.787532806396484
late,qiu2024,devmap,E9.5,E10.0-R1,13,336999,347550,E9.5,10.0,23.24936294555664
late,qiu2024,devmap,E9.5,E10.0-R1,14,336999,347550,E9.5,10.0,22.409870147705078
late,qiu2024,devmap,E9.5,E10.0-R1,15,336999,347550,E9.5,10.0,22.342876434326172
late,qiu2024,devmap,E9.5,E10.0-R1,16,336999,347550,E9.5,10.0,23.149860382080078
late,qiu2024,devmap,E9.5,E10.0-R1,17,336999,347550,E9.5,10.0,22.685367584228516
late,qiu2024,devmap,E9.5,E10.0-R1,18,336999,347550,E9.5,10.0,23.028270721435547
late,qiu2024,devmap,E9.5,E10.0-R1,19,336999,347550,E9.5,10.0,22.73773956298828
late,qiu2024,devmap,E9.5,E10.0-R1,20,336999,347550,E9.5,10.0,22.624191284179688
late,qiu2024,devmap,E9.5,E10.0-R1,21,336999,347550,E9.5,10.0,23.254581451416016
late,qiu2024,devmap,E9.5,E10.0-R1,22,336999,347550,E9.5,10.0,23.18633270263672
late,qiu2024,devmap,E9.5,E10.0-R1,23,336999,347550,E9.5,10.0,22.794960021972656
late,qiu2024,devmap,E9.5,E10.0-R1,24,336999,347550,E9.5,10.0,22.99907875061035
late,qiu2024,devmap,E9.5,E10.0-R1,25,336999,347550,E9.5,10.0,21.816102981567383
late,qiu2024,devmap,E9.5,E10.0-R1,26,336999,347550,E9.5,10.0,22.42498016357422
late,qiu2024,devmap,E9.5,E10.0-R1,27,336999,347550,E9.5,10.0,22.692543029785156
late,qiu2024,devmap,E9.5,E10.0-R1,28,336999,347550,E9.5,10.0,21.967987060546875
late,qiu2024,devmap,E9.5,E10.0-R1,29,336999,347550,E9.5,10.0,22.58476448059082
late,qiu2024,devmap,E9.5,E10.0-R1,30,336999,347550,E9.5,10.0,23.080368041992188
late,qiu2024,devmap,E9.5,E10.0-R1,31,336999,347550,E9.5,10.0,21.954923629760742
late,qiu2024,devmap,E9.5,E10.0-R1,32,336999,347550,E9.5,10.0,22.35784912109375
late,qiu2024,devmap,E9.5,E10.0-R1,33,336999,347550,E9.5,10.0,22.158004760742188
late,qiu2024,devmap,E9.5,E10.0-R1,34,336999,347550,E9.5,10.0,22.74988555908203
late,qiu2024,devmap,E9.5,E10.0-R1,35,336999,347550,E9.5,10.0,22.356277465820312
late,qiu2024,devmap,E9.5,E10.0-R1,36,336999,347550,E9.5,10.0,22.429901123046875
late,qiu2024,devmap,E9.5,E10.0-R1,37,336999,347550,E9.5,10.0,22.79596519470215
late,qiu2024,devmap,E9.5,E10.0-R1,38,336999,347550,E9.5,10.0,22.935108184814453
late,qiu2024,devmap,E9.5,E10.0-R1,39,336999,347550,E9.5,10.0,22.87740135192871
late,qiu2024,devmap,E9.5,E10.0-R1,40,336999,347550,E9.5,10.0,22.2156925201416
late,qiu2024,devmap,E9.5,E10.0-R1,41,336999,347550,E9.5,10.0,22.47344970703125
late,qiu2024,devmap,E9.5,E10.0-R1,42,336999,347550,E9.5,10.0,22.85301971435547
late,qiu2024,devmap,E9.5,E10.0-R1,43,336999,347550,E9.5,10.0,22.834869384765625
late,qiu2024,devmap,E9.5,E10.0-R1,44,336999,347550,E9.5,10.0,22.600887298583984
late,qiu2024,devmap,E9.5,E10.0-R1,45,336999,347550,E9.5,10.0,22.765090942382812
late,qiu2024,devmap,E9.5,E10.0-R1,46,336999,347550,E9.5,10.0,22.178367614746094
late,qiu2024,devmap,E9.5,E10.0-R1,47,336999,347550,E9.5,10.0,22.01543426513672
late,qiu2024,devmap,E9.5,E10.0-R1,48,336999,347550,E9.5,10.0,22.829540252685547
late,qiu2024,devmap,E9.5,E10.0-R1,49,336999,347550,E9.5,10.0,23.06833267211914
late,qiu2024,devmap,E9.75,E8.5-R1,0,633746,23435,E9.75,8.5,33.33063507080078
late,qiu2024,devmap,E9.75,E8.5-R1,1,633746,23435,E9.75,8.5,32.95381546020508
late,qiu2024,devmap,E9.75,E8.5-R1,2,633746,23435,E9.75,8.5,34.156166076660156
late,qiu2024,devmap,E9.75,E8.5-R1,3,633746,23435,E9.75,8.5,34.131065368652344
late,qiu2024,devmap,E9.75,E8.5-R1,4,633746,23435,E9.75,8.5,33.081905364990234
late,qiu2024,devmap,E9.75,E8.5-R1,5,633746,23435,E9.75,8.5,33.71903991699219
late,qiu2024,devmap,E9.75,E8.5-R1,6,633746,23435,E9.75,8.5,33.92677307128906
late,qiu2024,devmap,E9.75,E8.5-R1,7,633746,23435,E9.75,8.5,34.13513946533203
late,qiu2024,devmap,E9.75,E8.5-R1,8,633746,23435,E9.75,8.5,33.78160858154297
late,qiu2024,devmap,E9.75,E8.5-R1,9,633746,23435,E9.75,8.5,35.00006103515625
late,qiu2024,devmap,E9.75,E8.5-R1,10,633746,23435,E9.75,8.5,33.86955261230469
late,qiu2024,devmap,E9.75,E8.5-R1,11,633746,23435,E9.75,8.5,33.681373596191406
late,qiu2024,devmap,E9.75,E8.5-R1,12,633746,23435,E9.75,8.5,34.00800323486328
late,qiu2024,devmap,E9.75,E8.5-R1,13,633746,23435,E9.75,8.5,33.155059814453125
late,qiu2024,devmap,E9.75,E8.5-R1,14,633746,23435,E9.75,8.5,34.317481994628906
late,qiu2024,devmap,E9.75,E8.5-R1,15,633746,23435,E9.75,8.5,33.35205078125
late,qiu2024,devmap,E9.75,E8.5-R1,16,633746,23435,E9.75,8.5,34.072147369384766
late,qiu2024,devmap,E9.75,E8.5-R1,17,633746,23435,E9.75,8.5,33.47068786621094
late,qiu2024,devmap,E9.75,E8.5-R1,18,633746,23435,E9.75,8.5,34.622032165527344
late,qiu2024,devmap,E9.75,E8.5-R1,19,633746,23435,E9.75,8.5,33.80368423461914
late,qiu2024,devmap,E9.75,E8.5-R1,20,633746,23435,E9.75,8.5,33.94607162475586
late,qiu2024,devmap,E9.75,E8.5-R1,21,633746,23435,E9.75,8.5,34.105255126953125
late,qiu2024,devmap,E9.75,E8.5-R1,22,633746,23435,E9.75,8.5,34.10805130004883
late,qiu2024,devmap,E9.75,E8.5-R1,23,633746,23435,E9.75,8.5,32.825096130371094
late,qiu2024,devmap,E9.75,E8.5-R1,24,633746,23435,E9.75,8.5,34.372520446777344
late,qiu2024,devmap,E9.75,E8.5-R1,25,633746,23435,E9.75,8.5,33.13500213623047
late,qiu2024,devmap,E9.75,E8.5-R1,26,633746,23435,E9.75,8.5,33.528900146484375
late,qiu2024,devmap,E9.75,E8.5-R1,27,633746,23435,E9.75,8.5,33.92021942138672
late,qiu2024,devmap,E9.75,E8.5-R1,28,633746,23435,E9.75,8.5,33.03924560546875
late,qiu2024,devmap,E9.75,E8.5-R1,29,633746,23435,E9.75,8.5,34.295467376708984
late,qiu2024,devmap,E9.75,E8.5-R1,30,633746,23435,E9.75,8.5,34.30797576904297
late,qiu2024,devmap,E9.75,E8.5-R1,31,633746,23435,E9.75,8.5,33.81137466430664
late,qiu2024,devmap,E9.75,E8.5-R1,32,633746,23435,E9.75,8.5,33.637081146240234
late,qiu2024,devmap,E9.75,E8.5-R1,33,633746,23435,E9.75,8.5,33.795570373535156
late,qiu2024,devmap,E9.75,E8.5-R1,34,633746,23435,E9.75,8.5,32.642845153808594
late,qiu2024,devmap,E9.75,E8.5-R1,35,633746,23435,E9.75,8.5,32.61476516723633
late,qiu2024,devmap,E9.75,E8.5-R1,36,633746,23435,E9.75,8.5,33.553932189941406
late,qiu2024,devmap,E9.75,E8.5-R1,37,633746,23435,E9.75,8.5,34.282867431640625
late,qiu2024,devmap,E9.75,E8.5-R1,38,633746,23435,E9.75,8.5,33.45779800415039
late,qiu2024,devmap,E9.75,E8.5-R1,39,633746,23435,E9.75,8.5,33.39411163330078
late,qiu2024,devmap,E9.75,E8.5-R1,40,633746,23435,E9.75,8.5,34.34328079223633
late,qiu2024,devmap,E9.75,E8.5-R1,41,633746,23435,E9.75,8.5,33.52955627441406
late,qiu2024,devmap,E9.75,E8.5-R1,42,633746,23435,E9.75,8.5,34.033260345458984
late,qiu2024,devmap,E9.75,E8.5-R1,43,633746,23435,E9.75,8.5,34.20335388183594
late,qiu2024,devmap,E9.75,E8.5-R1,44,633746,23435,E9.75,8.5,33.59176254272461
late,qiu2024,devmap,E9.75,E8.5-R1,45,633746,23435,E9.75,8.5,33.22312927246094
late,qiu2024,devmap,E9.75,E8.5-R1,46,633746,23435,E9.75,8.5,33.059226989746094
late,qiu2024,devmap,E9.75,E8.5-R1,47,633746,23435,E9.75,8.5,33.12321472167969
late,qiu2024,devmap,E9.75,E8.5-R1,48,633746,23435,E9.75,8.5,33.96459197998047
late,qiu2024,devmap,E9.75,E8.5-R1,49,633746,23435,E9.75,8.5,33.24156951904297
late,qiu2024,devmap,E9.75,E8.5-R2,0,633746,38216,E9.75,8.5,31.646406173706055
late,qiu2024,devmap,E9.75,E8.5-R2,1,633746,38216,E9.75,8.5,32.435691833496094
late,qiu2024,devmap,E9.75,E8.5-R2,2,633746,38216,E9.75,8.5,32.05687713623047
late,qiu2024,devmap,E9.75,E8.5-R2,3,633746,38216,E9.75,8.5,31.332683563232422
late,qiu2024,devmap,E9.75,E8.5-R2,4,633746,38216,E9.75,8.5,31.736679077148438
late,qiu2024,devmap,E9.75,E8.5-R2,5,633746,38216,E9.75,8.5,32.15241241455078
late,qiu2024,devmap,E9.75,E8.5-R2,6,633746,38216,E9.75,8.5,32.63188171386719
late,qiu2024,devmap,E9.75,E8.5-R2,7,633746,38216,E9.75,8.5,32.16838836669922
late,qiu2024,devmap,E9.75,E8.5-R2,8,633746,38216,E9.75,8.5,32.640750885009766
late,qiu2024,devmap,E9.75,E8.5-R2,9,633746,38216,E9.75,8.5,31.557540893554688
late,qiu2024,devmap,E9.75,E8.5-R2,10,633746,38216,E9.75,8.5,32.87668991088867
late,qiu2024,devmap,E9.75,E8.5-R2,11,633746,38216,E9.75,8.5,31.98582649230957
late,qiu2024,devmap,E9.75,E8.5-R2,12,633746,38216,E9.75,8.5,31.988859176635742
late,qiu2024,devmap,E9.75,E8.5-R2,13,633746,38216,E9.75,8.5,31.956510543823242
late,qiu2024,devmap,E9.75,E8.5-R2,14,633746,38216,E9.75,8.5,31.83270263671875
late,qiu2024,devmap,E9.75,E8.5-R2,15,633746,38216,E9.75,8.5,32.063140869140625
late,qiu2024,devmap,E9.75,E8.5-R2,16,633746,38216,E9.75,8.5,32.697261810302734
late,qiu2024,devmap,E9.75,E8.5-R2,17,633746,38216,E9.75,8.5,32.24475860595703
late,qiu2024,devmap,E9.75,E8.5-R2,18,633746,38216,E9.75,8.5,32.57509231567383
late,qiu2024,devmap,E9.75,E8.5-R2,19,633746,38216,E9.75,8.5,30.949005126953125
late,qiu2024,devmap,E9.75,E8.5-R2,20,633746,38216,E9.75,8.5,31.61937713623047
late,qiu2024,devmap,E9.75,E8.5-R2,21,633746,38216,E9.75,8.5,32.47624969482422
late,qiu2024,devmap,E9.75,E8.5-R2,22,633746,38216,E9.75,8.5,32.338462829589844
late,qiu2024,devmap,E9.75,E8.5-R2,23,633746,38216,E9.75,8.5,32.55382537841797
late,qiu2024,devmap,E9.75,E8.5-R2,24,633746,38216,E9.75,8.5,32.20294952392578
late,qiu2024,devmap,E9.75,E8.5-R2,25,633746,38216,E9.75,8.5,32.37762451171875
late,qiu2024,devmap,E9.75,E8.5-R2,26,633746,38216,E9.75,8.5,31.96953582763672
late,qiu2024,devmap,E9.75,E8.5-R2,27,633746,38216,E9.75,8.5,32.580604553222656
late,qiu2024,devmap,E9.75,E8.5-R2,28,633746,38216,E9.75,8.5,32.98094940185547
late,qiu2024,devmap,E9.75,E8.5-R2,29,633746,38216,E9.75,8.5,32.55583953857422
late,qiu2024,devmap,E9.75,E8.5-R2,30,633746,38216,E9.75,8.5,31.91082763671875
late,qiu2024,devmap,E9.75,E8.5-R2,31,633746,38216,E9.75,8.5,31.32930564880371
late,qiu2024,devmap,E9.75,E8.5-R2,32,633746,38216,E9.75,8.5,32.563926696777344
late,qiu2024,devmap,E9.75,E8.5-R2,33,633746,38216,E9.75,8.5,31.919065475463867
late,qiu2024,devmap,E9.75,E8.5-R2,34,633746,38216,E9.75,8.5,31.336273193359375
late,qiu2024,devmap,E9.75,E8.5-R2,35,633746,38216,E9.75,8.5,32.107173919677734
late,qiu2024,devmap,E9.75,E8.5-R2,36,633746,38216,E9.75,8.5,32.14636993408203
late,qiu2024,devmap,E9.75,E8.5-R2,37,633746,38216,E9.75,8.5,31.713504791259766
late,qiu2024,devmap,E9.75,E8.5-R2,38,633746,38216,E9.75,8.5,32.23063278198242
late,qiu2024,devmap,E9.75,E8.5-R2,39,633746,38216,E9.75,8.5,31.81971549987793
late,qiu2024,devmap,E9.75,E8.5-R2,40,633746,38216,E9.75,8.5,32.18775177001953
late,qiu2024,devmap,E9.75,E8.5-R2,41,633746,38216,E9.75,8.5,32.09917449951172
late,qiu2024,devmap,E9.75,E8.5-R2,42,633746,38216,E9.75,8.5,32.18212890625
late,qiu2024,devmap,E9.75,E8.5-R2,43,633746,38216,E9.75,8.5,32.47431182861328
late,qiu2024,devmap,E9.75,E8.5-R2,44,633746,38216,E9.75,8.5,32.51997375488281
late,qiu2024,devmap,E9.75,E8.5-R2,45,633746,38216,E9.75,8.5,33.412841796875
late,qiu2024,devmap,E9.75,E8.5-R2,46,633746,38216,E9.75,8.5,32.295528411865234
late,qiu2024,devmap,E9.75,E8.5-R2,47,633746,38216,E9.75,8.5,31.73533821105957
late,qiu2024,devmap,E9.75,E8.5-R2,48,633746,38216,E9.75,8.5,31.459732055664062
late,qiu2024,devmap,E9.75,E8.5-R2,49,633746,38216,E9.75,8.5,31.870996475219727
late,qiu2024,devmap,E9.75,E8.5-R3,0,633746,27743,E9.75,8.5,33.68635177612305
late,qiu2024,devmap,E9.75,E8.5-R3,1,633746,27743,E9.75,8.5,34.02886962890625
late,qiu2024,devmap,E9.75,E8.5-R3,2,633746,27743,E9.75,8.5,32.72814178466797
late,qiu2024,devmap,E9.75,E8.5-R3,3,633746,27743,E9.75,8.5,32.998966217041016
late,qiu2024,devmap,E9.75,E8.5-R3,4,633746,27743,E9.75,8.5,33.89577865600586
late,qiu2024,devmap,E9.75,E8.5-R3,5,633746,27743,E9.75,8.5,33.220977783203125
late,qiu2024,devmap,E9.75,E8.5-R3,6,633746,27743,E9.75,8.5,32.52058410644531
late,qiu2024,devmap,E9.75,E8.5-R3,7,633746,27743,E9.75,8.5,32.26630401611328
late,qiu2024,devmap,E9.75,E8.5-R3,8,633746,27743,E9.75,8.5,32.84385681152344
late,qiu2024,devmap,E9.75,E8.5-R3,9,633746,27743,E9.75,8.5,33.705780029296875
late,qiu2024,devmap,E9.75,E8.5-R3,10,633746,27743,E9.75,8.5,34.58870315551758
late,qiu2024,devmap,E9.75,E8.5-R3,11,633746,27743,E9.75,8.5,33.154598236083984
late,qiu2024,devmap,E9.75,E8.5-R3,12,633746,27743,E9.75,8.5,33.164100646972656
late,qiu2024,devmap,E9.75,E8.5-R3,13,633746,27743,E9.75,8.5,33.63650894165039
late,qiu2024,devmap,E9.75,E8.5-R3,14,633746,27743,E9.75,8.5,32.580894470214844
late,qiu2024,devmap,E9.75,E8.5-R3,15,633746,27743,E9.75,8.5,33.76313781738281
late,qiu2024,devmap,E9.75,E8.5-R3,16,633746,27743,E9.75,8.5,34.844581604003906
late,qiu2024,devmap,E9.75,E8.5-R3,17,633746,27743,E9.75,8.5,33.131500244140625
late,qiu2024,devmap,E9.75,E8.5-R3,18,633746,27743,E9.75,8.5,31.532493591308594
late,qiu2024,devmap,E9.75,E8.5-R3,19,633746,27743,E9.75,8.5,33.907745361328125
late,qiu2024,devmap,E9.75,E8.5-R3,20,633746,27743,E9.75,8.5,33.230613708496094
late,qiu2024,devmap,E9.75,E8.5-R3,21,633746,27743,E9.75,8.5,32.28635787963867
late,qiu2024,devmap,E9.75,E8.5-R3,22,633746,27743,E9.75,8.5,33.31433868408203
late,qiu2024,devmap,E9.75,E8.5-R3,23,633746,27743,E9.75,8.5,33.10653305053711
late,qiu2024,devmap,E9.75,E8.5-R3,24,633746,27743,E9.75,8.5,33.68877410888672
late,qiu2024,devmap,E9.75,E8.5-R3,25,633746,27743,E9.75,8.5,33.06000518798828
late,qiu2024,devmap,E9.75,E8.5-R3,26,633746,27743,E9.75,8.5,33.84191131591797
late,qiu2024,devmap,E9.75,E8.5-R3,27,633746,27743,E9.75,8.5,33.01605987548828
late,qiu2024,devmap,E9.75,E8.5-R3,28,633746,27743,E9.75,8.5,32.90898513793945
late,qiu2024,devmap,E9.75,E8.5-R3,29,633746,27743,E9.75,8.5,34.059776306152344
late,qiu2024,devmap,E9.75,E8.5-R3,30,633746,27743,E9.75,8.5,33.15062713623047
late,qiu2024,devmap,E9.75,E8.5-R3,31,633746,27743,E9.75,8.5,32.812774658203125
late,qiu2024,devmap,E9.75,E8.5-R3,32,633746,27743,E9.75,8.5,32.23311996459961
late,qiu2024,devmap,E9.75,E8.5-R3,33,633746,27743,E9.75,8.5,32.60881423950195
late,qiu2024,devmap,E9.75,E8.5-R3,34,633746,27743,E9.75,8.5,32.804718017578125
late,qiu2024,devmap,E9.75,E8.5-R3,35,633746,27743,E9.75,8.5,32.8157958984375
late,qiu2024,devmap,E9.75,E8.5-R3,36,633746,27743,E9.75,8.5,32.06493377685547
late,qiu2024,devmap,E9.75,E8.5-R3,37,633746,27743,E9.75,8.5,33.102210998535156
late,qiu2024,devmap,E9.75,E8.5-R3,38,633746,27743,E9.75,8.5,33.09389877319336
late,qiu2024,devmap,E9.75,E8.5-R3,39,633746,27743,E9.75,8.5,33.00676727294922
late,qiu2024,devmap,E9.75,E8.5-R3,40,633746,27743,E9.75,8.5,32.84111785888672
late,qiu2024,devmap,E9.75,E8.5-R3,41,633746,27743,E9.75,8.5,33.189849853515625
late,qiu2024,devmap,E9.75,E8.5-R3,42,633746,27743,E9.75,8.5,32.884552001953125
late,qiu2024,devmap,E9.75,E8.5-R3,43,633746,27743,E9.75,8.5,32.46441650390625
late,qiu2024,devmap,E9.75,E8.5-R3,44,633746,27743,E9.75,8.5,33.992149353027344
late,qiu2024,devmap,E9.75,E8.5-R3,45,633746,27743,E9.75,8.5,32.9716682434082
late,qiu2024,devmap,E9.75,E8.5-R3,46,633746,27743,E9.75,8.5,32.47841262817383
late,qiu2024,devmap,E9.75,E8.5-R3,47,633746,27743,E9.75,8.5,32.327232360839844
late,qiu2024,devmap,E9.75,E8.5-R3,48,633746,27743,E9.75,8.5,32.415916442871094
late,qiu2024,devmap,E9.75,E8.5-R3,49,633746,27743,E9.75,8.5,33.00531768798828
late,qiu2024,devmap,E9.75,E9.0-R1,0,633746,92063,E9.75,9.0,25.49300765991211
late,qiu2024,devmap,E9.75,E9.0-R1,1,633746,92063,E9.75,9.0,24.78473663330078
late,qiu2024,devmap,E9.75,E9.0-R1,2,633746,92063,E9.75,9.0,25.5174617767334
late,qiu2024,devmap,E9.75,E9.0-R1,3,633746,92063,E9.75,9.0,24.269168853759766
late,qiu2024,devmap,E9.75,E9.0-R1,4,633746,92063,E9.75,9.0,24.843183517456055
late,qiu2024,devmap,E9.75,E9.0-R1,5,633746,92063,E9.75,9.0,24.374454498291016
late,qiu2024,devmap,E9.75,E9.0-R1,6,633746,92063,E9.75,9.0,25.293724060058594
late,qiu2024,devmap,E9.75,E9.0-R1,7,633746,92063,E9.75,9.0,24.558425903320312
late,qiu2024,devmap,E9.75,E9.0-R1,8,633746,92063,E9.75,9.0,25.842018127441406
late,qiu2024,devmap,E9.75,E9.0-R1,9,633746,92063,E9.75,9.0,25.46731948852539
late,qiu2024,devmap,E9.75,E9.0-R1,10,633746,92063,E9.75,9.0,24.896331787109375
late,qiu2024,devmap,E9.75,E9.0-R1,11,633746,92063,E9.75,9.0,25.6815185546875
late,qiu2024,devmap,E9.75,E9.0-R1,12,633746,92063,E9.75,9.0,25.353168487548828
late,qiu2024,devmap,E9.75,E9.0-R1,13,633746,92063,E9.75,9.0,25.064685821533203
late,qiu2024,devmap,E9.75,E9.0-R1,14,633746,92063,E9.75,9.0,25.208181381225586
late,qiu2024,devmap,E9.75,E9.0-R1,15,633746,92063,E9.75,9.0,25.40974998474121
late,qiu2024,devmap,E9.75,E9.0-R1,16,633746,92063,E9.75,9.0,25.38425064086914
late,qiu2024,devmap,E9.75,E9.0-R1,17,633746,92063,E9.75,9.0,24.593791961669922
late,qiu2024,devmap,E9.75,E9.0-R1,18,633746,92063,E9.75,9.0,25.106334686279297
late,qiu2024,devmap,E9.75,E9.0-R1,19,633746,92063,E9.75,9.0,24.387622833251953
late,qiu2024,devmap,E9.75,E9.0-R1,20,633746,92063,E9.75,9.0,25.184383392333984
late,qiu2024,devmap,E9.75,E9.0-R1,21,633746,92063,E9.75,9.0,24.884944915771484
late,qiu2024,devmap,E9.75,E9.0-R1,22,633746,92063,E9.75,9.0,24.27866554260254
late,qiu2024,devmap,E9.75,E9.0-R1,23,633746,92063,E9.75,9.0,25.01934051513672
late,qiu2024,devmap,E9.75,E9.0-R1,24,633746,92063,E9.75,9.0,25.25761604309082
late,qiu2024,devmap,E9.75,E9.0-R1,25,633746,92063,E9.75,9.0,25.596805572509766
late,qiu2024,devmap,E9.75,E9.0-R1,26,633746,92063,E9.75,9.0,24.995323181152344
late,qiu2024,devmap,E9.75,E9.0-R1,27,633746,92063,E9.75,9.0,24.36962127685547
late,qiu2024,devmap,E9.75,E9.0-R1,28,633746,92063,E9.75,9.0,25.985191345214844
late,qiu2024,devmap,E9.75,E9.0-R1,29,633746,92063,E9.75,9.0,25.867273330688477
late,qiu2024,devmap,E9.75,E9.0-R1,30,633746,92063,E9.75,9.0,24.82563018798828
late,qiu2024,devmap,E9.75,E9.0-R1,31,633746,92063,E9.75,9.0,25.382736206054688
late,qiu2024,devmap,E9.75,E9.0-R1,32,633746,92063,E9.75,9.0,25.153783798217773
late,qiu2024,devmap,E9.75,E9.0-R1,33,633746,92063,E9.75,9.0,24.910079956054688
late,qiu2024,devmap,E9.75,E9.0-R1,34,633746,92063,E9.75,9.0,25.42337989807129
late,qiu2024,devmap,E9.75,E9.0-R1,35,633746,92063,E9.75,9.0,25.135509490966797
late,qiu2024,devmap,E9.75,E9.0-R1,36,633746,92063,E9.75,9.0,24.817745208740234
late,qiu2024,devmap,E9.75,E9.0-R1,37,633746,92063,E9.75,9.0,24.559871673583984
late,qiu2024,devmap,E9.75,E9.0-R1,38,633746,92063,E9.75,9.0,24.65685272216797
late,qiu2024,devmap,E9.75,E9.0-R1,39,633746,92063,E9.75,9.0,25.02545738220215
late,qiu2024,devmap,E9.75,E9.0-R1,40,633746,92063,E9.75,9.0,24.934574127197266
late,qiu2024,devmap,E9.75,E9.0-R1,41,633746,92063,E9.75,9.0,25.245302200317383
late,qiu2024,devmap,E9.75,E9.0-R1,42,633746,92063,E9.75,9.0,24.744915008544922
late,qiu2024,devmap,E9.75,E9.0-R1,43,633746,92063,E9.75,9.0,25.15636444091797
late,qiu2024,devmap,E9.75,E9.0-R1,44,633746,92063,E9.75,9.0,24.771808624267578
late,qiu2024,devmap,E9.75,E9.0-R1,45,633746,92063,E9.75,9.0,24.761821746826172
late,qiu2024,devmap,E9.75,E9.0-R1,46,633746,92063,E9.75,9.0,24.542604446411133
late,qiu2024,devmap,E9.75,E9.0-R1,47,633746,92063,E9.75,9.0,24.64405059814453
late,qiu2024,devmap,E9.75,E9.0-R1,48,633746,92063,E9.75,9.0,24.946701049804688
late,qiu2024,devmap,E9.75,E9.0-R1,49,633746,92063,E9.75,9.0,25.192787170410156
late,qiu2024,devmap,E9.75,E9.0-R2,0,633746,99878,E9.75,9.0,23.189876556396484
late,qiu2024,devmap,E9.75,E9.0-R2,1,633746,99878,E9.75,9.0,22.906042098999023
late,qiu2024,devmap,E9.75,E9.0-R2,2,633746,99878,E9.75,9.0,23.162002563476562
late,qiu2024,devmap,E9.75,E9.0-R2,3,633746,99878,E9.75,9.0,22.654476165771484
late,qiu2024,devmap,E9.75,E9.0-R2,4,633746,99878,E9.75,9.0,23.151418685913086
late,qiu2024,devmap,E9.75,E9.0-R2,5,633746,99878,E9.75,9.0,23.302654266357422
late,qiu2024,devmap,E9.75,E9.0-R2,6,633746,99878,E9.75,9.0,23.01150131225586
late,qiu2024,devmap,E9.75,E9.0-R2,7,633746,99878,E9.75,9.0,22.491321563720703
late,qiu2024,devmap,E9.75,E9.0-R2,8,633746,99878,E9.75,9.0,22.37411880493164
late,qiu2024,devmap,E9.75,E9.0-R2,9,633746,99878,E9.75,9.0,22.599849700927734
late,qiu2024,devmap,E9.75,E9.0-R2,10,633746,99878,E9.75,9.0,22.662006378173828
late,qiu2024,devmap,E9.75,E9.0-R2,11,633746,99878,E9.75,9.0,22.79905891418457
late,qiu2024,devmap,E9.75,E9.0-R2,12,633746,99878,E9.75,9.0,23.1501522064209
late,qiu2024,devmap,E9.75,E9.0-R2,13,633746,99878,E9.75,9.0,22.610240936279297
late,qiu2024,devmap,E9.75,E9.0-R2,14,633746,99878,E9.75,9.0,23.311901092529297
late,qiu2024,devmap,E9.75,E9.0-R2,15,633746,99878,E9.75,9.0,22.45116424560547
late,qiu2024,devmap,E9.75,E9.0-R2,16,633746,99878,E9.75,9.0,22.683277130126953
late,qiu2024,devmap,E9.75,E9.0-R2,17,633746,99878,E9.75,9.0,23.53573226928711
late,qiu2024,devmap,E9.75,E9.0-R2,18,633746,99878,E9.75,9.0,22.7532958984375
late,qiu2024,devmap,E9.75,E9.0-R2,19,633746,99878,E9.75,9.0,22.85051727294922
late,qiu2024,devmap,E9.75,E9.0-R2,20,633746,99878,E9.75,9.0,22.973812103271484
late,qiu2024,devmap,E9.75,E9.0-R2,21,633746,99878,E9.75,9.0,22.485641479492188
late,qiu2024,devmap,E9.75,E9.0-R2,22,633746,99878,E9.75,9.0,22.435073852539062
late,qiu2024,devmap,E9.75,E9.0-R2,23,633746,99878,E9.75,9.0,22.85817527770996
late,qiu2024,devmap,E9.75,E9.0-R2,24,633746,99878,E9.75,9.0,23.193973541259766
late,qiu2024,devmap,E9.75,E9.0-R2,25,633746,99878,E9.75,9.0,22.743947982788086
late,qiu2024,devmap,E9.75,E9.0-R2,26,633746,99878,E9.75,9.0,22.408039093017578
late,qiu2024,devmap,E9.75,E9.0-R2,27,633746,99878,E9.75,9.0,22.90776824951172
late,qiu2024,devmap,E9.75,E9.0-R2,28,633746,99878,E9.75,9.0,22.504150390625
late,qiu2024,devmap,E9.75,E9.0-R2,29,633746,99878,E9.75,9.0,22.84429931640625
late,qiu2024,devmap,E9.75,E9.0-R2,30,633746,99878,E9.75,9.0,22.773815155029297
late,qiu2024,devmap,E9.75,E9.0-R2,31,633746,99878,E9.75,9.0,22.969146728515625
late,qiu2024,devmap,E9.75,E9.0-R2,32,633746,99878,E9.75,9.0,23.495361328125
late,qiu2024,devmap,E9.75,E9.0-R2,33,633746,99878,E9.75,9.0,23.170875549316406
late,qiu2024,devmap,E9.75,E9.0-R2,34,633746,99878,E9.75,9.0,22.998262405395508
late,qiu2024,devmap,E9.75,E9.0-R2,35,633746,99878,E9.75,9.0,23.51555633544922
late,qiu2024,devmap,E9.75,E9.0-R2,36,633746,99878,E9.75,9.0,22.624040603637695
late,qiu2024,devmap,E9.75,E9.0-R2,37,633746,99878,E9.75,9.0,22.616371154785156
late,qiu2024,devmap,E9.75,E9.0-R2,38,633746,99878,E9.75,9.0,22.927005767822266
late,qiu2024,devmap,E9.75,E9.0-R2,39,633746,99878,E9.75,9.0,22.570331573486328
late,qiu2024,devmap,E9.75,E9.0-R2,40,633746,99878,E9.75,9.0,22.8309268951416
late,qiu2024,devmap,E9.75,E9.0-R2,41,633746,99878,E9.75,9.0,22.491283416748047
late,qiu2024,devmap,E9.75,E9.0-R2,42,633746,99878,E9.75,9.0,23.683448791503906
late,qiu2024,devmap,E9.75,E9.0-R2,43,633746,99878,E9.75,9.0,22.900102615356445
late,qiu2024,devmap,E9.75,E9.0-R2,44,633746,99878,E9.75,9.0,22.458276748657227
late,qiu2024,devmap,E9.75,E9.0-R2,45,633746,99878,E9.75,9.0,22.99683380126953
late,qiu2024,devmap,E9.75,E9.0-R2,46,633746,99878,E9.75,9.0,22.569480895996094
late,qiu2024,devmap,E9.75,E9.0-R2,47,633746,99878,E9.75,9.0,23.245391845703125
late,qiu2024,devmap,E9.75,E9.0-R2,48,633746,99878,E9.75,9.0,22.604576110839844
late,qiu2024,devmap,E9.75,E9.0-R2,49,633746,99878,E9.75,9.0,22.997650146484375
late,qiu2024,devmap,E9.75,E9.0-R3,0,633746,62867,E9.75,9.0,28.088077545166016
late,qiu2024,devmap,E9.75,E9.0-R3,1,633746,62867,E9.75,9.0,27.482576370239258
late,qiu2024,devmap,E9.75,E9.0-R3,2,633746,62867,E9.75,9.0,28.618743896484375
late,qiu2024,devmap,E9.75,E9.0-R3,3,633746,62867,E9.75,9.0,28.812671661376953
late,qiu2024,devmap,E9.75,E9.0-R3,4,633746,62867,E9.75,9.0,28.52578353881836
late,qiu2024,devmap,E9.75,E9.0-R3,5,633746,62867,E9.75,9.0,28.298439025878906
late,qiu2024,devmap,E9.75,E9.0-R3,6,633746,62867,E9.75,9.0,28.840484619140625
late,qiu2024,devmap,E9.75,E9.0-R3,7,633746,62867,E9.75,9.0,28.266254425048828
late,qiu2024,devmap,E9.75,E9.0-R3,8,633746,62867,E9.75,9.0,27.93924903869629
late,qiu2024,devmap,E9.75,E9.0-R3,9,633746,62867,E9.75,9.0,27.54955291748047
late,qiu2024,devmap,E9.75,E9.0-R3,10,633746,62867,E9.75,9.0,27.352432250976562
late,qiu2024,devmap,E9.75,E9.0-R3,11,633746,62867,E9.75,9.0,28.070554733276367
late,qiu2024,devmap,E9.75,E9.0-R3,12,633746,62867,E9.75,9.0,29.071205139160156
late,qiu2024,devmap,E9.75,E9.0-R3,13,633746,62867,E9.75,9.0,28.409650802612305
late,qiu2024,devmap,E9.75,E9.0-R3,14,633746,62867,E9.75,9.0,28.251441955566406
late,qiu2024,devmap,E9.75,E9.0-R3,15,633746,62867,E9.75,9.0,27.665512084960938
late,qiu2024,devmap,E9.75,E9.0-R3,16,633746,62867,E9.75,9.0,27.18450927734375
late,qiu2024,devmap,E9.75,E9.0-R3,17,633746,62867,E9.75,9.0,28.178831100463867
late,qiu2024,devmap,E9.75,E9.0-R3,18,633746,62867,E9.75,9.0,27.652210235595703
late,qiu2024,devmap,E9.75,E9.0-R3,19,633746,62867,E9.75,9.0,28.841732025146484
late,qiu2024,devmap,E9.75,E9.0-R3,20,633746,62867,E9.75,9.0,27.273244857788086
late,qiu2024,devmap,E9.75,E9.0-R3,21,633746,62867,E9.75,9.0,28.06131362915039
late,qiu2024,devmap,E9.75,E9.0-R3,22,633746,62867,E9.75,9.0,28.360000610351562
late,qiu2024,devmap,E9.75,E9.0-R3,23,633746,62867,E9.75,9.0,28.08102798461914
late,qiu2024,devmap,E9.75,E9.0-R3,24,633746,62867,E9.75,9.0,29.331640243530273
late,qiu2024,devmap,E9.75,E9.0-R3,25,633746,62867,E9.75,9.0,28.708667755126953
late,qiu2024,devmap,E9.75,E9.0-R3,26,633746,62867,E9.75,9.0,28.08646011352539
late,qiu2024,devmap,E9.75,E9.0-R3,27,633746,62867,E9.75,9.0,28.562686920166016
late,qiu2024,devmap,E9.75,E9.0-R3,28,633746,62867,E9.75,9.0,28.420429229736328
late,qiu2024,devmap,E9.75,E9.0-R3,29,633746,62867,E9.75,9.0,28.008792877197266
late,qiu2024,devmap,E9.75,E9.0-R3,30,633746,62867,E9.75,9.0,27.498878479003906
late,qiu2024,devmap,E9.75,E9.0-R3,31,633746,62867,E9.75,9.0,27.622055053710938
late,qiu2024,devmap,E9.75,E9.0-R3,32,633746,62867,E9.75,9.0,29.213050842285156
late,qiu2024,devmap,E9.75,E9.0-R3,33,633746,62867,E9.75,9.0,28.216663360595703
late,qiu2024,devmap,E9.75,E9.0-R3,34,633746,62867,E9.75,9.0,28.604080200195312
late,qiu2024,devmap,E9.75,E9.0-R3,35,633746,62867,E9.75,9.0,28.117950439453125
late,qiu2024,devmap,E9.75,E9.0-R3,36,633746,62867,E9.75,9.0,28.869430541992188
late,qiu2024,devmap,E9.75,E9.0-R3,37,633746,62867,E9.75,9.0,27.37409210205078
late,qiu2024,devmap,E9.75,E9.0-R3,38,633746,62867,E9.75,9.0,28.795225143432617
late,qiu2024,devmap,E9.75,E9.0-R3,39,633746,62867,E9.75,9.0,28.021421432495117
late,qiu2024,devmap,E9.75,E9.0-R3,40,633746,62867,E9.75,9.0,27.703046798706055
late,qiu2024,devmap,E9.75,E9.0-R3,41,633746,62867,E9.75,9.0,28.329856872558594
late,qiu2024,devmap,E9.75,E9.0-R3,42,633746,62867,E9.75,9.0,28.51807403564453
late,qiu2024,devmap,E9.75,E9.0-R3,43,633746,62867,E9.75,9.0,29.166419982910156
late,qiu2024,devmap,E9.75,E9.0-R3,44,633746,62867,E9.75,9.0,28.268287658691406
late,qiu2024,devmap,E9.75,E9.0-R3,45,633746,62867,E9.75,9.0,29.20138168334961
late,qiu2024,devmap,E9.75,E9.0-R3,46,633746,62867,E9.75,9.0,28.337406158447266
late,qiu2024,devmap,E9.75,E9.0-R3,47,633746,62867,E9.75,9.0,28.783811569213867
late,qiu2024,devmap,E9.75,E9.0-R3,48,633746,62867,E9.75,9.0,28.246986389160156
late,qiu2024,devmap,E9.75,E9.0-R3,49,633746,62867,E9.75,9.0,27.74359893798828
late,qiu2024,devmap,E9.75,E9.5-R1,0,633746,383453,E9.75,9.5,20.33962631225586
late,qiu2024,devmap,E9.75,E9.5-R1,1,633746,383453,E9.75,9.5,20.65174674987793
late,qiu2024,devmap,E9.75,E9.5-R1,2,633746,383453,E9.75,9.5,20.86565399169922
late,qiu2024,devmap,E9.75,E9.5-R1,3,633746,383453,E9.75,9.5,20.809314727783203
late,qiu2024,devmap,E9.75,E9.5-R1,4,633746,383453,E9.75,9.5,20.52911376953125
late,qiu2024,devmap,E9.75,E9.5-R1,5,633746,383453,E9.75,9.5,20.627899169921875
late,qiu2024,devmap,E9.75,E9.5-R1,6,633746,383453,E9.75,9.5,20.007732391357422
late,qiu2024,devmap,E9.75,E9.5-R1,7,633746,383453,E9.75,9.5,19.947132110595703
late,qiu2024,devmap,E9.75,E9.5-R1,8,633746,383453,E9.75,9.5,20.394107818603516
late,qiu2024,devmap,E9.75,E9.5-R1,9,633746,383453,E9.75,9.5,20.10470199584961
late,qiu2024,devmap,E9.75,E9.5-R1,10,633746,383453,E9.75,9.5,20.217178344726562
late,qiu2024,devmap,E9.75,E9.5-R1,11,633746,383453,E9.75,9.5,20.254505157470703
late,qiu2024,devmap,E9.75,E9.5-R1,12,633746,383453,E9.75,9.5,20.479248046875
late,qiu2024,devmap,E9.75,E9.5-R1,13,633746,383453,E9.75,9.5,21.025650024414062
late,qiu2024,devmap,E9.75,E9.5-R1,14,633746,383453,E9.75,9.5,20.196290969848633
late,qiu2024,devmap,E9.75,E9.5-R1,15,633746,383453,E9.75,9.5,21.113683700561523
late,qiu2024,devmap,E9.75,E9.5-R1,16,633746,383453,E9.75,9.5,20.28409194946289
late,qiu2024,devmap,E9.75,E9.5-R1,17,633746,383453,E9.75,9.5,20.273258209228516
late,qiu2024,devmap,E9.75,E9.5-R1,18,633746,383453,E9.75,9.5,20.327579498291016
late,qiu2024,devmap,E9.75,E9.5-R1,19,633746,383453,E9.75,9.5,20.28264045715332
late,qiu2024,devmap,E9.75,E9.5-R1,20,633746,383453,E9.75,9.5,20.11949920654297
late,qiu2024,devmap,E9.75,E9.5-R1,21,633746,383453,E9.75,9.5,20.36501121520996
late,qiu2024,devmap,E9.75,E9.5-R1,22,633746,383453,E9.75,9.5,20.691144943237305
late,qiu2024,devmap,E9.75,E9.5-R1,23,633746,383453,E9.75,9.5,19.918685913085938
late,qiu2024,devmap,E9.75,E9.5-R1,24,633746,383453,E9.75,9.5,20.181331634521484
late,qiu2024,devmap,E9.75,E9.5-R1,25,633746,383453,E9.75,9.5,20.26226806640625
late,qiu2024,devmap,E9.75,E9.5-R1,26,633746,383453,E9.75,9.5,20.66551971435547
late,qiu2024,devmap,E9.75,E9.5-R1,27,633746,383453,E9.75,9.5,20.36733627319336
late,qiu2024,devmap,E9.75,E9.5-R1,28,633746,383453,E9.75,9.5,20.420635223388672
late,qiu2024,devmap,E9.75,E9.5-R1,29,633746,383453,E9.75,9.5,20.056930541992188
late,qiu2024,devmap,E9.75,E9.5-R1,30,633746,383453,E9.75,9.5,20.502208709716797
late,qiu2024,devmap,E9.75,E9.5-R1,31,633746,383453,E9.75,9.5,20.366779327392578
late,qiu2024,devmap,E9.75,E9.5-R1,32,633746,383453,E9.75,9.5,20.026338577270508
late,qiu2024,devmap,E9.75,E9.5-R1,33,633746,383453,E9.75,9.5,20.500343322753906
late,qiu2024,devmap,E9.75,E9.5-R1,34,633746,383453,E9.75,9.5,20.396015167236328
late,qiu2024,devmap,E9.75,E9.5-R1,35,633746,383453,E9.75,9.5,20.24442481994629
late,qiu2024,devmap,E9.75,E9.5-R1,36,633746,383453,E9.75,9.5,20.404176712036133
late,qiu2024,devmap,E9.75,E9.5-R1,37,633746,383453,E9.75,9.5,20.013690948486328
late,qiu2024,devmap,E9.75,E9.5-R1,38,633746,383453,E9.75,9.5,20.59400749206543
late,qiu2024,devmap,E9.75,E9.5-R1,39,633746,383453,E9.75,9.5,20.77408790588379
late,qiu2024,devmap,E9.75,E9.5-R1,40,633746,383453,E9.75,9.5,19.83393669128418
late,qiu2024,devmap,E9.75,E9.5-R1,41,633746,383453,E9.75,9.5,20.498554229736328
late,qiu2024,devmap,E9.75,E9.5-R1,42,633746,383453,E9.75,9.5,20.282392501831055
late,qiu2024,devmap,E9.75,E9.5-R1,43,633746,383453,E9.75,9.5,19.888927459716797
late,qiu2024,devmap,E9.75,E9.5-R1,44,633746,383453,E9.75,9.5,20.191043853759766
late,qiu2024,devmap,E9.75,E9.5-R1,45,633746,383453,E9.75,9.5,20.187105178833008
late,qiu2024,devmap,E9.75,E9.5-R1,46,633746,383453,E9.75,9.5,20.442903518676758
late,qiu2024,devmap,E9.75,E9.5-R1,47,633746,383453,E9.75,9.5,20.57286834716797
late,qiu2024,devmap,E9.75,E9.5-R1,48,633746,383453,E9.75,9.5,20.14301300048828
late,qiu2024,devmap,E9.75,E9.5-R1,49,633746,383453,E9.75,9.5,20.510581970214844
late,qiu2024,devmap,E9.75,E9.5-R2,0,633746,350716,E9.75,9.5,20.30072021484375
late,qiu2024,devmap,E9.75,E9.5-R2,1,633746,350716,E9.75,9.5,19.970134735107422
late,qiu2024,devmap,E9.75,E9.5-R2,2,633746,350716,E9.75,9.5,20.278961181640625
late,qiu2024,devmap,E9.75,E9.5-R2,3,633746,350716,E9.75,9.5,20.645702362060547
late,qiu2024,devmap,E9.75,E9.5-R2,4,633746,350716,E9.75,9.5,20.011234283447266
late,qiu2024,devmap,E9.75,E9.5-R2,5,633746,350716,E9.75,9.5,19.881488800048828
late,qiu2024,devmap,E9.75,E9.5-R2,6,633746,350716,E9.75,9.5,20.69464874267578
late,qiu2024,devmap,E9.75,E9.5-R2,7,633746,350716,E9.75,9.5,21.081640243530273
late,qiu2024,devmap,E9.75,E9.5-R2,8,633746,350716,E9.75,9.5,20.706771850585938
late,qiu2024,devmap,E9.75,E9.5-R2,9,633746,350716,E9.75,9.5,19.99401092529297
late,qiu2024,devmap,E9.75,E9.5-R2,10,633746,350716,E9.75,9.5,20.623271942138672
late,qiu2024,devmap,E9.75,E9.5-R2,11,633746,350716,E9.75,9.5,20.669906616210938
late,qiu2024,devmap,E9.75,E9.5-R2,12,633746,350716,E9.75,9.5,20.84497833251953
late,qiu2024,devmap,E9.75,E9.5-R2,13,633746,350716,E9.75,9.5,20.49752426147461
late,qiu2024,devmap,E9.75,E9.5-R2,14,633746,350716,E9.75,9.5,20.60431671142578
late,qiu2024,devmap,E9.75,E9.5-R2,15,633746,350716,E9.75,9.5,20.92682647705078
late,qiu2024,devmap,E9.75,E9.5-R2,16,633746,350716,E9.75,9.5,20.503273010253906
late,qiu2024,devmap,E9.75,E9.5-R2,17,633746,350716,E9.75,9.5,21.223522186279297
late,qiu2024,devmap,E9.75,E9.5-R2,18,633746,350716,E9.75,9.5,20.294471740722656
late,qiu2024,devmap,E9.75,E9.5-R2,19,633746,350716,E9.75,9.5,20.508392333984375
late,qiu2024,devmap,E9.75,E9.5-R2,20,633746,350716,E9.75,9.5,20.768238067626953
late,qiu2024,devmap,E9.75,E9.5-R2,21,633746,350716,E9.75,9.5,20.485288619995117
late,qiu2024,devmap,E9.75,E9.5-R2,22,633746,350716,E9.75,9.5,20.52093505859375
late,qiu2024,devmap,E9.75,E9.5-R2,23,633746,350716,E9.75,9.5,20.698291778564453
late,qiu2024,devmap,E9.75,E9.5-R2,24,633746,350716,E9.75,9.5,20.48687171936035
late,qiu2024,devmap,E9.75,E9.5-R2,25,633746,350716,E9.75,9.5,20.312280654907227
late,qiu2024,devmap,E9.75,E9.5-R2,26,633746,350716,E9.75,9.5,21.017929077148438
late,qiu2024,devmap,E9.75,E9.5-R2,27,633746,350716,E9.75,9.5,20.400196075439453
late,qiu2024,devmap,E9.75,E9.5-R2,28,633746,350716,E9.75,9.5,20.90226173400879
late,qiu2024,devmap,E9.75,E9.5-R2,29,633746,350716,E9.75,9.5,20.3582763671875
late,qiu2024,devmap,E9.75,E9.5-R2,30,633746,350716,E9.75,9.5,20.357803344726562
late,qiu2024,devmap,E9.75,E9.5-R2,31,633746,350716,E9.75,9.5,20.36505889892578
late,qiu2024,devmap,E9.75,E9.5-R2,32,633746,350716,E9.75,9.5,20.361080169677734
late,qiu2024,devmap,E9.75,E9.5-R2,33,633746,350716,E9.75,9.5,20.86701202392578
late,qiu2024,devmap,E9.75,E9.5-R2,34,633746,350716,E9.75,9.5,20.285907745361328
late,qiu2024,devmap,E9.75,E9.5-R2,35,633746,350716,E9.75,9.5,20.64805793762207
late,qiu2024,devmap,E9.75,E9.5-R2,36,633746,350716,E9.75,9.5,20.658796310424805
late,qiu2024,devmap,E9.75,E9.5-R2,37,633746,350716,E9.75,9.5,20.82195472717285
late,qiu2024,devmap,E9.75,E9.5-R2,38,633746,350716,E9.75,9.5,20.83346176147461
late,qiu2024,devmap,E9.75,E9.5-R2,39,633746,350716,E9.75,9.5,20.663089752197266
late,qiu2024,devmap,E9.75,E9.5-R2,40,633746,350716,E9.75,9.5,21.122915267944336
late,qiu2024,devmap,E9.75,E9.5-R2,41,633746,350716,E9.75,9.5,20.45999526977539
late,qiu2024,devmap,E9.75,E9.5-R2,42,633746,350716,E9.75,9.5,20.717239379882812
late,qiu2024,devmap,E9.75,E9.5-R2,43,633746,350716,E9.75,9.5,20.502307891845703
late,qiu2024,devmap,E9.75,E9.5-R2,44,633746,350716,E9.75,9.5,20.22615623474121
late,qiu2024,devmap,E9.75,E9.5-R2,45,633746,350716,E9.75,9.5,20.432933807373047
late,qiu2024,devmap,E9.75,E9.5-R2,46,633746,350716,E9.75,9.5,20.40097427368164
late,qiu2024,devmap,E9.75,E9.5-R2,47,633746,350716,E9.75,9.5,20.384464263916016
late,qiu2024,devmap,E9.75,E9.5-R2,48,633746,350716,E9.75,9.5,20.923717498779297
late,qiu2024,devmap,E9.75,E9.5-R2,49,633746,350716,E9.75,9.5,20.7017822265625
late,qiu2024,devmap,E9.75,E9.5-R3,0,633746,342873,E9.75,9.5,20.1066951751709
late,qiu2024,devmap,E9.75,E9.5-R3,1,633746,342873,E9.75,9.5,20.15367889404297
late,qiu2024,devmap,E9.75,E9.5-R3,2,633746,342873,E9.75,9.5,19.1047420501709
late,qiu2024,devmap,E9.75,E9.5-R3,3,633746,342873,E9.75,9.5,19.6867618560791
late,qiu2024,devmap,E9.75,E9.5-R3,4,633746,342873,E9.75,9.5,20.11214828491211
late,qiu2024,devmap,E9.75,E9.5-R3,5,633746,342873,E9.75,9.5,19.694276809692383
late,qiu2024,devmap,E9.75,E9.5-R3,6,633746,342873,E9.75,9.5,19.784982681274414
late,qiu2024,devmap,E9.75,E9.5-R3,7,633746,342873,E9.75,9.5,19.96820831298828
late,qiu2024,devmap,E9.75,E9.5-R3,8,633746,342873,E9.75,9.5,19.821189880371094
late,qiu2024,devmap,E9.75,E9.5-R3,9,633746,342873,E9.75,9.5,19.827730178833008
late,qiu2024,devmap,E9.75,E9.5-R3,10,633746,342873,E9.75,9.5,19.838220596313477
late,qiu2024,devmap,E9.75,E9.5-R3,11,633746,342873,E9.75,9.5,19.919374465942383
late,qiu2024,devmap,E9.75,E9.5-R3,12,633746,342873,E9.75,9.5,19.492141723632812
late,qiu2024,devmap,E9.75,E9.5-R3,13,633746,342873,E9.75,9.5,20.415863037109375
late,qiu2024,devmap,E9.75,E9.5-R3,14,633746,342873,E9.75,9.5,19.55508804321289
late,qiu2024,devmap,E9.75,E9.5-R3,15,633746,342873,E9.75,9.5,20.244773864746094
late,qiu2024,devmap,E9.75,E9.5-R3,16,633746,342873,E9.75,9.5,19.623775482177734
late,qiu2024,devmap,E9.75,E9.5-R3,17,633746,342873,E9.75,9.5,20.010482788085938
late,qiu2024,devmap,E9.75,E9.5-R3,18,633746,342873,E9.75,9.5,19.806293487548828
late,qiu2024,devmap,E9.75,E9.5-R3,19,633746,342873,E9.75,9.5,20.332778930664062
late,qiu2024,devmap,E9.75,E9.5-R3,20,633746,342873,E9.75,9.5,19.830570220947266
late,qiu2024,devmap,E9.75,E9.5-R3,21,633746,342873,E9.75,9.5,19.92719268798828
late,qiu2024,devmap,E9.75,E9.5-R3,22,633746,342873,E9.75,9.5,19.529951095581055
late,qiu2024,devmap,E9.75,E9.5-R3,23,633746,342873,E9.75,9.5,19.857942581176758
late,qiu2024,devmap,E9.75,E9.5-R3,24,633746,342873,E9.75,9.5,19.822025299072266
late,qiu2024,devmap,E9.75,E9.5-R3,25,633746,342873,E9.75,9.5,19.688547134399414
late,qiu2024,devmap,E9.75,E9.5-R3,26,633746,342873,E9.75,9.5,19.901634216308594
late,qiu2024,devmap,E9.75,E9.5-R3,27,633746,342873,E9.75,9.5,20.17951202392578
late,qiu2024,devmap,E9.75,E9.5-R3,28,633746,342873,E9.75,9.5,19.78036117553711
late,qiu2024,devmap,E9.75,E9.5-R3,29,633746,342873,E9.75,9.5,19.801448822021484
late,qiu2024,devmap,E9.75,E9.5-R3,30,633746,342873,E9.75,9.5,19.481674194335938
late,qiu2024,devmap,E9.75,E9.5-R3,31,633746,342873,E9.75,9.5,19.956069946289062
late,qiu2024,devmap,E9.75,E9.5-R3,32,633746,342873,E9.75,9.5,19.932998657226562
late,qiu2024,devmap,E9.75,E9.5-R3,33,633746,342873,E9.75,9.5,19.91454315185547
late,qiu2024,devmap,E9.75,E9.5-R3,34,633746,342873,E9.75,9.5,20.10476303100586
late,qiu2024,devmap,E9.75,E9.5-R3,35,633746,342873,E9.75,9.5,19.61260986328125
late,qiu2024,devmap,E9.75,E9.5-R3,36,633746,342873,E9.75,9.5,19.578956604003906
late,qiu2024,devmap,E9.75,E9.5-R3,37,633746,342873,E9.75,9.5,19.979026794433594
late,qiu2024,devmap,E9.75,E9.5-R3,38,633746,342873,E9.75,9.5,19.932090759277344
late,qiu2024,devmap,E9.75,E9.5-R3,39,633746,342873,E9.75,9.5,20.356149673461914
late,qiu2024,devmap,E9.75,E9.5-R3,40,633746,342873,E9.75,9.5,19.95828628540039
late,qiu2024,devmap,E9.75,E9.5-R3,41,633746,342873,E9.75,9.5,20.139379501342773
late,qiu2024,devmap,E9.75,E9.5-R3,42,633746,342873,E9.75,9.5,19.889171600341797
late,qiu2024,devmap,E9.75,E9.5-R3,43,633746,342873,E9.75,9.5,20.10897445678711
late,qiu2024,devmap,E9.75,E9.5-R3,44,633746,342873,E9.75,9.5,19.643138885498047
late,qiu2024,devmap,E9.75,E9.5-R3,45,633746,342873,E9.75,9.5,19.885648727416992
late,qiu2024,devmap,E9.75,E9.5-R3,46,633746,342873,E9.75,9.5,20.023483276367188
late,qiu2024,devmap,E9.75,E9.5-R3,47,633746,342873,E9.75,9.5,20.162433624267578
late,qiu2024,devmap,E9.75,E9.5-R3,48,633746,342873,E9.75,9.5,19.84564971923828
late,qiu2024,devmap,E9.75,E9.5-R3,49,633746,342873,E9.75,9.5,19.81219482421875
late,qiu2024,devmap,E9.75,E10.0-R1,0,633746,347550,E9.75,10.0,20.93478775024414
late,qiu2024,devmap,E9.75,E10.0-R1,1,633746,347550,E9.75,10.0,20.728759765625
late,qiu2024,devmap,E9.75,E10.0-R1,2,633746,347550,E9.75,10.0,22.000579833984375
late,qiu2024,devmap,E9.75,E10.0-R1,3,633746,347550,E9.75,10.0,21.342309951782227
late,qiu2024,devmap,E9.75,E10.0-R1,4,633746,347550,E9.75,10.0,20.927608489990234
late,qiu2024,devmap,E9.75,E10.0-R1,5,633746,347550,E9.75,10.0,20.974987030029297
late,qiu2024,devmap,E9.75,E10.0-R1,6,633746,347550,E9.75,10.0,21.174388885498047
late,qiu2024,devmap,E9.75,E10.0-R1,7,633746,347550,E9.75,10.0,21.289947509765625
late,qiu2024,devmap,E9.75,E10.0-R1,8,633746,347550,E9.75,10.0,21.55731773376465
late,qiu2024,devmap,E9.75,E10.0-R1,9,633746,347550,E9.75,10.0,21.65020751953125
late,qiu2024,devmap,E9.75,E10.0-R1,10,633746,347550,E9.75,10.0,21.464824676513672
late,qiu2024,devmap,E9.75,E10.0-R1,11,633746,347550,E9.75,10.0,21.382266998291016
late,qiu2024,devmap,E9.75,E10.0-R1,12,633746,347550,E9.75,10.0,21.332046508789062
late,qiu2024,devmap,E9.75,E10.0-R1,13,633746,347550,E9.75,10.0,21.424636840820312
late,qiu2024,devmap,E9.75,E10.0-R1,14,633746,347550,E9.75,10.0,22.022449493408203
late,qiu2024,devmap,E9.75,E10.0-R1,15,633746,347550,E9.75,10.0,21.130268096923828
late,qiu2024,devmap,E9.75,E10.0-R1,16,633746,347550,E9.75,10.0,21.269800186157227
late,qiu2024,devmap,E9.75,E10.0-R1,17,633746,347550,E9.75,10.0,21.622859954833984
late,qiu2024,devmap,E9.75,E10.0-R1,18,633746,347550,E9.75,10.0,20.8403377532959
late,qiu2024,devmap,E9.75,E10.0-R1,19,633746,347550,E9.75,10.0,20.804391860961914
late,qiu2024,devmap,E9.75,E10.0-R1,20,633746,347550,E9.75,10.0,20.79578971862793
late,qiu2024,devmap,E9.75,E10.0-R1,21,633746,347550,E9.75,10.0,21.92967414855957
late,qiu2024,devmap,E9.75,E10.0-R1,22,633746,347550,E9.75,10.0,21.370586395263672
late,qiu2024,devmap,E9.75,E10.0-R1,23,633746,347550,E9.75,10.0,21.831628799438477
late,qiu2024,devmap,E9.75,E10.0-R1,24,633746,347550,E9.75,10.0,21.327428817749023
late,qiu2024,devmap,E9.75,E10.0-R1,25,633746,347550,E9.75,10.0,21.567211151123047
late,qiu2024,devmap,E9.75,E10.0-R1,26,633746,347550,E9.75,10.0,21.155649185180664
late,qiu2024,devmap,E9.75,E10.0-R1,27,633746,347550,E9.75,10.0,20.728954315185547
late,qiu2024,devmap,E9.75,E10.0-R1,28,633746,347550,E9.75,10.0,21.86536407470703
late,qiu2024,devmap,E9.75,E10.0-R1,29,633746,347550,E9.75,10.0,21.231224060058594
late,qiu2024,devmap,E9.75,E10.0-R1,30,633746,347550,E9.75,10.0,21.06798553466797
late,qiu2024,devmap,E9.75,E10.0-R1,31,633746,347550,E9.75,10.0,21.467973709106445
late,qiu2024,devmap,E9.75,E10.0-R1,32,633746,347550,E9.75,10.0,21.217639923095703
late,qiu2024,devmap,E9.75,E10.0-R1,33,633746,347550,E9.75,10.0,21.43285369873047
late,qiu2024,devmap,E9.75,E10.0-R1,34,633746,347550,E9.75,10.0,21.241168975830078
late,qiu2024,devmap,E9.75,E10.0-R1,35,633746,347550,E9.75,10.0,21.168102264404297
late,qiu2024,devmap,E9.75,E10.0-R1,36,633746,347550,E9.75,10.0,21.188703536987305
late,qiu2024,devmap,E9.75,E10.0-R1,37,633746,347550,E9.75,10.0,21.026020050048828
late,qiu2024,devmap,E9.75,E10.0-R1,38,633746,347550,E9.75,10.0,20.944059371948242
late,qiu2024,devmap,E9.75,E10.0-R1,39,633746,347550,E9.75,10.0,21.50149154663086
late,qiu2024,devmap,E9.75,E10.0-R1,40,633746,347550,E9.75,10.0,21.320087432861328
late,qiu2024,devmap,E9.75,E10.0-R1,41,633746,347550,E9.75,10.0,21.56415557861328
late,qiu2024,devmap,E9.75,E10.0-R1,42,633746,347550,E9.75,10.0,21.458717346191406
late,qiu2024,devmap,E9.75,E10.0-R1,43,633746,347550,E9.75,10.0,20.95583724975586
late,qiu2024,devmap,E9.75,E10.0-R1,44,633746,347550,E9.75,10.0,21.98642349243164
late,qiu2024,devmap,E9.75,E10.0-R1,45,633746,347550,E9.75,10.0,21.0898380279541
late,qiu2024,devmap,E9.75,E10.0-R1,46,633746,347550,E9.75,10.0,20.737457275390625
late,qiu2024,devmap,E9.75,E10.0-R1,47,633746,347550,E9.75,10.0,21.25489044189453
late,qiu2024,devmap,E9.75,E10.0-R1,48,633746,347550,E9.75,10.0,21.208141326904297
late,qiu2024,devmap,E9.75,E10.0-R1,49,633746,347550,E9.75,10.0,21.251230239868164
