bucket,dataset_a,dataset_b,embryo_a,embryo_b,batch,n_a,n_b,time_a,time_b,sinkhorn
early,qiu2022,devmap,E6.5,E7.5-R1,0,4444,1342,E6.5,7.5,85.8675537109375
early,qiu2022,devmap,E6.5,E7.5-R1,1,4444,1342,E6.5,7.5,88.64317321777344
early,qiu2022,devmap,E6.5,E7.5-R1,2,4444,1342,E6.5,7.5,87.3532485961914
early,qiu2022,devmap,E6.5,E7.5-R1,3,4444,1342,E6.5,7.5,71.44986724853516
early,qiu2022,devmap,E6.5,E7.5-R1,4,4444,1342,E6.5,7.5,72.29776000976562
early,qiu2022,devmap,E6.5,E7.5-R1,5,4444,1342,E6.5,7.5,81.3314208984375
early,qiu2022,devmap,E6.5,E7.5-R1,6,4444,1342,E6.5,7.5,84.08245849609375
early,qiu2022,devmap,E6.5,E7.5-R1,7,4444,1342,E6.5,7.5,75.45956420898438
early,qiu2022,devmap,E6.5,E7.5-R1,8,4444,1342,E6.5,7.5,75.8005142211914
early,qiu2022,devmap,E6.5,E7.5-R1,9,4444,1342,E6.5,7.5,54.8197021484375
early,qiu2022,devmap,E6.5,E7.5-R1,10,4444,1342,E6.5,7.5,80.35123443603516
early,qiu2022,devmap,E6.5,E7.5-R1,11,4444,1342,E6.5,7.5,90.28071594238281
early,qiu2022,devmap,E6.5,E7.5-R1,12,4444,1342,E6.5,7.5,79.65632629394531
early,qiu2022,devmap,E6.5,E7.5-R1,13,4444,1342,E6.5,7.5,82.48321533203125
early,qiu2022,devmap,E6.5,E7.5-R1,14,4444,1342,E6.5,7.5,89.94522857666016
early,qiu2022,devmap,E6.5,E7.5-R1,15,4444,1342,E6.5,7.5,99.92196655273438
early,qiu2022,devmap,E6.5,E7.5-R1,16,4444,1342,E6.5,7.5,74.40644836425781
early,qiu2022,devmap,E6.5,E7.5-R1,17,4444,1342,E6.5,7.5,80.58616638183594
early,qiu2022,devmap,E6.5,E7.5-R1,18,4444,1342,E6.5,7.5,87.6585922241211
early,qiu2022,devmap,E6.5,E7.5-R1,19,4444,1342,E6.5,7.5,78.45111846923828
early,qiu2022,devmap,E6.5,E7.5-R1,20,4444,1342,E6.5,7.5,68.98199462890625
early,qiu2022,devmap,E6.5,E7.5-R1,21,4444,1342,E6.5,7.5,86.3170166015625
early,qiu2022,devmap,E6.5,E7.5-R1,22,4444,1342,E6.5,7.5,73.25267028808594
early,qiu2022,devmap,E6.5,E7.5-R1,23,4444,1342,E6.5,7.5,103.85564422607422
early,qiu2022,devmap,E6.5,E7.5-R1,24,4444,1342,E6.5,7.5,83.926025390625
early,qiu2022,devmap,E6.5,E7.5-R1,25,4444,1342,E6.5,7.5,90.731689453125
early,qiu2022,devmap,E6.5,E7.5-R1,26,4444,1342,E6.5,7.5,74.0247802734375
early,qiu2022,devmap,E6.5,E7.5-R1,27,4444,1342,E6.5,7.5,75.72018432617188
early,qiu2022,devmap,E6.5,E7.5-R1,28,4444,1342,E6.5,7.5,106.91819763183594
early,qiu2022,devmap,E6.5,E7.5-R1,29,4444,1342,E6.5,7.5,67.78511047363281
early,qiu2022,devmap,E6.5,E7.5-R1,30,4444,1342,E6.5,7.5,69.77969360351562
early,qiu2022,devmap,E6.5,E7.5-R1,31,4444,1342,E6.5,7.5,102.33866882324219
early,qiu2022,devmap,E6.5,E7.5-R1,32,4444,1342,E6.5,7.5,94.42953491210938
early,qiu2022,devmap,E6.5,E7.5-R1,33,4444,1342,E6.5,7.5,83.86454772949219
early,qiu2022,devmap,E6.5,E7.5-R1,34,4444,1342,E6.5,7.5,77.80964660644531
early,qiu2022,devmap,E6.5,E7.5-R1,35,4444,1342,E6.5,7.5,75.48356628417969
early,qiu2022,devmap,E6.5,E7.5-R1,36,4444,1342,E6.5,7.5,74.1736831665039
early,qiu2022,devmap,E6.5,E7.5-R1,37,4444,1342,E6.5,7.5,75.44119262695312
early,qiu2022,devmap,E6.5,E7.5-R1,38,4444,1342,E6.5,7.5,78.39395141601562
early,qiu2022,devmap,E6.5,E7.5-R1,39,4444,1342,E6.5,7.5,81.35784912109375
early,qiu2022,devmap,E6.5,E7.5-R1,40,4444,1342,E6.5,7.5,93.43351745605469
early,qiu2022,devmap,E6.5,E7.5-R1,41,4444,1342,E6.5,7.5,76.09588623046875
early,qiu2022,devmap,E6.5,E7.5-R1,42,4444,1342,E6.5,7.5,88.7870101928711
early,qiu2022,devmap,E6.5,E7.5-R1,43,4444,1342,E6.5,7.5,83.67431640625
early,qiu2022,devmap,E6.5,E7.5-R1,44,4444,1342,E6.5,7.5,87.9327392578125
early,qiu2022,devmap,E6.5,E7.5-R1,45,4444,1342,E6.5,7.5,81.07952117919922
early,qiu2022,devmap,E6.5,E7.5-R1,46,4444,1342,E6.5,7.5,61.470359802246094
early,qiu2022,devmap,E6.5,E7.5-R1,47,4444,1342,E6.5,7.5,73.27882385253906
early,qiu2022,devmap,E6.5,E7.5-R1,48,4444,1342,E6.5,7.5,61.79969787597656
early,qiu2022,devmap,E6.5,E7.5-R1,49,4444,1342,E6.5,7.5,71.40277862548828
early,qiu2022,devmap,E6.5,E7.5-R2,0,4444,1838,E6.5,7.5,90.84837341308594
early,qiu2022,devmap,E6.5,E7.5-R2,1,4444,1838,E6.5,7.5,80.62775421142578
early,qiu2022,devmap,E6.5,E7.5-R2,2,4444,1838,E6.5,7.5,73.78599548339844
early,qiu2022,devmap,E6.5,E7.5-R2,3,4444,1838,E6.5,7.5,61.945335388183594
early,qiu2022,devmap,E6.5,E7.5-R2,4,4444,1838,E6.5,7.5,73.18727111816406
early,qiu2022,devmap,E6.5,E7.5-R2,5,4444,1838,E6.5,7.5,75.16754150390625
early,qiu2022,devmap,E6.5,E7.5-R2,6,4444,1838,E6.5,7.5,83.84677124023438
early,qiu2022,devmap,E6.5,E7.5-R2,7,4444,1838,E6.5,7.5,94.21356964111328
early,qiu2022,devmap,E6.5,E7.5-R2,8,4444,1838,E6.5,7.5,89.39286804199219
early,qiu2022,devmap,E6.5,E7.5-R2,9,4444,1838,E6.5,7.5,71.58969116210938
early,qiu2022,devmap,E6.5,E7.5-R2,10,4444,1838,E6.5,7.5,102.61217498779297
early,qiu2022,devmap,E6.5,E7.5-R2,11,4444,1838,E6.5,7.5,87.0921630859375
early,qiu2022,devmap,E6.5,E7.5-R2,12,4444,1838,E6.5,7.5,71.80076599121094
early,qiu2022,devmap,E6.5,E7.5-R2,13,4444,1838,E6.5,7.5,75.08546447753906
early,qiu2022,devmap,E6.5,E7.5-R2,14,4444,1838,E6.5,7.5,91.39349365234375
early,qiu2022,devmap,E6.5,E7.5-R2,15,4444,1838,E6.5,7.5,81.57608032226562
early,qiu2022,devmap,E6.5,E7.5-R2,16,4444,1838,E6.5,7.5,68.73089599609375
early,qiu2022,devmap,E6.5,E7.5-R2,17,4444,1838,E6.5,7.5,68.97224426269531
early,qiu2022,devmap,E6.5,E7.5-R2,18,4444,1838,E6.5,7.5,89.21099853515625
early,qiu2022,devmap,E6.5,E7.5-R2,19,4444,1838,E6.5,7.5,99.71017456054688
early,qiu2022,devmap,E6.5,E7.5-R2,20,4444,1838,E6.5,7.5,83.4432144165039
early,qiu2022,devmap,E6.5,E7.5-R2,21,4444,1838,E6.5,7.5,87.18875122070312
early,qiu2022,devmap,E6.5,E7.5-R2,22,4444,1838,E6.5,7.5,93.98878479003906
early,qiu2022,devmap,E6.5,E7.5-R2,23,4444,1838,E6.5,7.5,78.64286804199219
early,qiu2022,devmap,E6.5,E7.5-R2,24,4444,1838,E6.5,7.5,70.53864288330078
early,qiu2022,devmap,E6.5,E7.5-R2,25,4444,1838,E6.5,7.5,91.80634307861328
early,qiu2022,devmap,E6.5,E7.5-R2,26,4444,1838,E6.5,7.5,68.85375213623047
early,qiu2022,devmap,E6.5,E7.5-R2,27,4444,1838,E6.5,7.5,91.01969909667969
early,qiu2022,devmap,E6.5,E7.5-R2,28,4444,1838,E6.5,7.5,106.19548797607422
early,qiu2022,devmap,E6.5,E7.5-R2,29,4444,1838,E6.5,7.5,86.09620666503906
early,qiu2022,devmap,E6.5,E7.5-R2,30,4444,1838,E6.5,7.5,87.40625
early,qiu2022,devmap,E6.5,E7.5-R2,31,4444,1838,E6.5,7.5,88.74726867675781
early,qiu2022,devmap,E6.5,E7.5-R2,32,4444,1838,E6.5,7.5,74.06122589111328
early,qiu2022,devmap,E6.5,E7.5-R2,33,4444,1838,E6.5,7.5,69.10224151611328
early,qiu2022,devmap,E6.5,E7.5-R2,34,4444,1838,E6.5,7.5,93.30001831054688
early,qiu2022,devmap,E6.5,E7.5-R2,35,4444,1838,E6.5,7.5,78.67103576660156
early,qiu2022,devmap,E6.5,E7.5-R2,36,4444,1838,E6.5,7.5,83.76206970214844
early,qiu2022,devmap,E6.5,E7.5-R2,37,4444,1838,E6.5,7.5,97.26611328125
early,qiu2022,devmap,E6.5,E7.5-R2,38,4444,1838,E6.5,7.5,81.26469421386719
early,qiu2022,devmap,E6.5,E7.5-R2,39,4444,1838,E6.5,7.5,70.48910522460938
early,qiu2022,devmap,E6.5,E7.5-R2,40,4444,1838,E6.5,7.5,117.7889175415039
early,qiu2022,devmap,E6.5,E7.5-R2,41,4444,1838,E6.5,7.5,75.97246551513672
early,qiu2022,devmap,E6.5,E7.5-R2,42,4444,1838,E6.5,7.5,83.2806167602539
early,qiu2022,devmap,E6.5,E7.5-R2,43,4444,1838,E6.5,7.5,77.47215270996094
early,qiu2022,devmap,E6.5,E7.5-R2,44,4444,1838,E6.5,7.5,69.77787780761719
early,qiu2022,devmap,E6.5,E7.5-R2,45,4444,1838,E6.5,7.5,86.58106994628906
early,qiu2022,devmap,E6.5,E7.5-R2,46,4444,1838,E6.5,7.5,90.92405700683594
early,qiu2022,devmap,E6.5,E7.5-R2,47,4444,1838,E6.5,7.5,70.26260375976562
early,qiu2022,devmap,E6.5,E7.5-R2,48,4444,1838,E6.5,7.5,61.270538330078125
early,qiu2022,devmap,E6.5,E7.5-R2,49,4444,1838,E6.5,7.5,72.0948715209961
early,qiu2022,devmap,E6.5,E7.5-R3,0,4444,1468,E6.5,7.5,84.32303619384766
early,qiu2022,devmap,E6.5,E7.5-R3,1,4444,1468,E6.5,7.5,106.08236694335938
early,qiu2022,devmap,E6.5,E7.5-R3,2,4444,1468,E6.5,7.5,74.38674926757812
early,qiu2022,devmap,E6.5,E7.5-R3,3,4444,1468,E6.5,7.5,80.43731689453125
early,qiu2022,devmap,E6.5,E7.5-R3,4,4444,1468,E6.5,7.5,82.69129943847656
early,qiu2022,devmap,E6.5,E7.5-R3,5,4444,1468,E6.5,7.5,77.31702423095703
early,qiu2022,devmap,E6.5,E7.5-R3,6,4444,1468,E6.5,7.5,88.32408142089844
early,qiu2022,devmap,E6.5,E7.5-R3,7,4444,1468,E6.5,7.5,75.77426147460938
early,qiu2022,devmap,E6.5,E7.5-R3,8,4444,1468,E6.5,7.5,81.77812194824219
early,qiu2022,devmap,E6.5,E7.5-R3,9,4444,1468,E6.5,7.5,71.63591003417969
early,qiu2022,devmap,E6.5,E7.5-R3,10,4444,1468,E6.5,7.5,75.04754638671875
early,qiu2022,devmap,E6.5,E7.5-R3,11,4444,1468,E6.5,7.5,106.68305206298828
early,qiu2022,devmap,E6.5,E7.5-R3,12,4444,1468,E6.5,7.5,99.27632141113281
early,qiu2022,devmap,E6.5,E7.5-R3,13,4444,1468,E6.5,7.5,97.35503387451172
early,qiu2022,devmap,E6.5,E7.5-R3,14,4444,1468,E6.5,7.5,96.0583724975586
early,qiu2022,devmap,E6.5,E7.5-R3,15,4444,1468,E6.5,7.5,94.90208435058594
early,qiu2022,devmap,E6.5,E7.5-R3,16,4444,1468,E6.5,7.5,83.5692367553711
early,qiu2022,devmap,E6.5,E7.5-R3,17,4444,1468,E6.5,7.5,80.22322082519531
early,qiu2022,devmap,E6.5,E7.5-R3,18,4444,1468,E6.5,7.5,67.34212493896484
early,qiu2022,devmap,E6.5,E7.5-R3,19,4444,1468,E6.5,7.5,83.02134704589844
early,qiu2022,devmap,E6.5,E7.5-R3,20,4444,1468,E6.5,7.5,102.69083404541016
early,qiu2022,devmap,E6.5,E7.5-R3,21,4444,1468,E6.5,7.5,68.64273071289062
early,qiu2022,devmap,E6.5,E7.5-R3,22,4444,1468,E6.5,7.5,83.64947509765625
early,qiu2022,devmap,E6.5,E7.5-R3,23,4444,1468,E6.5,7.5,85.28121948242188
early,qiu2022,devmap,E6.5,E7.5-R3,24,4444,1468,E6.5,7.5,77.54471588134766
early,qiu2022,devmap,E6.5,E7.5-R3,25,4444,1468,E6.5,7.5,88.66873931884766
early,qiu2022,devmap,E6.5,E7.5-R3,26,4444,1468,E6.5,7.5,94.33126831054688
early,qiu2022,devmap,E6.5,E7.5-R3,27,4444,1468,E6.5,7.5,84.56291198730469
early,qiu2022,devmap,E6.5,E7.5-R3,28,4444,1468,E6.5,7.5,111.89924621582031
early,qiu2022,devmap,E6.5,E7.5-R3,29,4444,1468,E6.5,7.5,86.43681335449219
early,qiu2022,devmap,E6.5,E7.5-R3,30,4444,1468,E6.5,7.5,87.79638671875
early,qiu2022,devmap,E6.5,E7.5-R3,31,4444,1468,E6.5,7.5,94.06007385253906
early,qiu2022,devmap,E6.5,E7.5-R3,32,4444,1468,E6.5,7.5,74.17547607421875
early,qiu2022,devmap,E6.5,E7.5-R3,33,4444,1468,E6.5,7.5,84.67451477050781
early,qiu2022,devmap,E6.5,E7.5-R3,34,4444,1468,E6.5,7.5,117.05877685546875
early,qiu2022,devmap,E6.5,E7.5-R3,35,4444,1468,E6.5,7.5,83.16340637207031
early,qiu2022,devmap,E6.5,E7.5-R3,36,4444,1468,E6.5,7.5,87.46581268310547
early,qiu2022,devmap,E6.5,E7.5-R3,37,4444,1468,E6.5,7.5,96.26995849609375
early,qiu2022,devmap,E6.5,E7.5-R3,38,4444,1468,E6.5,7.5,80.86932373046875
early,qiu2022,devmap,E6.5,E7.5-R3,39,4444,1468,E6.5,7.5,84.88141632080078
early,qiu2022,devmap,E6.5,E7.5-R3,40,4444,1468,E6.5,7.5,79.07026672363281
early,qiu2022,devmap,E6.5,E7.5-R3,41,4444,1468,E6.5,7.5,76.37712860107422
early,qiu2022,devmap,E6.5,E7.5-R3,42,4444,1468,E6.5,7.5,73.67002868652344
early,qiu2022,devmap,E6.5,E7.5-R3,43,4444,1468,E6.5,7.5,84.61302185058594
early,qiu2022,devmap,E6.5,E7.5-R3,44,4444,1468,E6.5,7.5,113.6684341430664
early,qiu2022,devmap,E6.5,E7.5-R3,45,4444,1468,E6.5,7.5,80.18350219726562
early,qiu2022,devmap,E6.5,E7.5-R3,46,4444,1468,E6.5,7.5,88.5191650390625
early,qiu2022,devmap,E6.5,E7.5-R3,47,4444,1468,E6.5,7.5,80.00135803222656
early,qiu2022,devmap,E6.5,E7.5-R3,48,4444,1468,E6.5,7.5,74.38864135742188
early,qiu2022,devmap,E6.5,E7.5-R3,49,4444,1468,E6.5,7.5,81.12586975097656
early,qiu2022,devmap,E6.5,E8.0-R1,0,4444,4498,E6.5,8.0,89.57984924316406
early,qiu2022,devmap,E6.5,E8.0-R1,1,4444,4498,E6.5,8.0,76.11457824707031
early,qiu2022,devmap,E6.5,E8.0-R1,2,4444,4498,E6.5,8.0,114.35885620117188
early,qiu2022,devmap,E6.5,E8.0-R1,3,4444,4498,E6.5,8.0,98.0818099975586
early,qiu2022,devmap,E6.5,E8.0-R1,4,4444,4498,E6.5,8.0,72.94752502441406
early,qiu2022,devmap,E6.5,E8.0-R1,5,4444,4498,E6.5,8.0,81.75883483886719
early,qiu2022,devmap,E6.5,E8.0-R1,6,4444,4498,E6.5,8.0,93.2454833984375
early,qiu2022,devmap,E6.5,E8.0-R1,7,4444,4498,E6.5,8.0,91.98867797851562
early,qiu2022,devmap,E6.5,E8.0-R1,8,4444,4498,E6.5,8.0,103.98115539550781
early,qiu2022,devmap,E6.5,E8.0-R1,9,4444,4498,E6.5,8.0,72.12918090820312
early,qiu2022,devmap,E6.5,E8.0-R1,10,4444,4498,E6.5,8.0,102.51416778564453
early,qiu2022,devmap,E6.5,E8.0-R1,11,4444,4498,E6.5,8.0,86.10716247558594
early,qiu2022,devmap,E6.5,E8.0-R1,12,4444,4498,E6.5,8.0,80.93035888671875
early,qiu2022,devmap,E6.5,E8.0-R1,13,4444,4498,E6.5,8.0,78.49777221679688
early,qiu2022,devmap,E6.5,E8.0-R1,14,4444,4498,E6.5,8.0,102.3543930053711
early,qiu2022,devmap,E6.5,E8.0-R1,15,4444,4498,E6.5,8.0,111.404541015625
early,qiu2022,devmap,E6.5,E8.0-R1,16,4444,4498,E6.5,8.0,86.05765533447266
early,qiu2022,devmap,E6.5,E8.0-R1,17,4444,4498,E6.5,8.0,84.10780334472656
early,qiu2022,devmap,E6.5,E8.0-R1,18,4444,4498,E6.5,8.0,75.82137298583984
early,qiu2022,devmap,E6.5,E8.0-R1,19,4444,4498,E6.5,8.0,94.06820678710938
early,qiu2022,devmap,E6.5,E8.0-R1,20,4444,4498,E6.5,8.0,96.1060562133789
early,qiu2022,devmap,E6.5,E8.0-R1,21,4444,4498,E6.5,8.0,75.23382568359375
early,qiu2022,devmap,E6.5,E8.0-R1,22,4444,4498,E6.5,8.0,89.47697448730469
early,qiu2022,devmap,E6.5,E8.0-R1,23,4444,4498,E6.5,8.0,83.89279174804688
early,qiu2022,devmap,E6.5,E8.0-R1,24,4444,4498,E6.5,8.0,75.90299987792969
early,qiu2022,devmap,E6.5,E8.0-R1,25,4444,4498,E6.5,8.0,83.61967468261719
early,qiu2022,devmap,E6.5,E8.0-R1,26,4444,4498,E6.5,8.0,108.48529052734375
early,qiu2022,devmap,E6.5,E8.0-R1,27,4444,4498,E6.5,8.0,108.88602447509766
early,qiu2022,devmap,E6.5,E8.0-R1,28,4444,4498,E6.5,8.0,102.61791229248047
early,qiu2022,devmap,E6.5,E8.0-R1,29,4444,4498,E6.5,8.0,90.44718170166016
early,qiu2022,devmap,E6.5,E8.0-R1,30,4444,4498,E6.5,8.0,84.4836196899414
early,qiu2022,devmap,E6.5,E8.0-R1,31,4444,4498,E6.5,8.0,96.49327087402344
early,qiu2022,devmap,E6.5,E8.0-R1,32,4444,4498,E6.5,8.0,86.77110290527344
early,qiu2022,devmap,E6.5,E8.0-R1,33,4444,4498,E6.5,8.0,89.43434143066406
early,qiu2022,devmap,E6.5,E8.0-R1,34,4444,4498,E6.5,8.0,85.84648132324219
early,qiu2022,devmap,E6.5,E8.0-R1,35,4444,4498,E6.5,8.0,81.76966857910156
early,qiu2022,devmap,E6.5,E8.0-R1,36,4444,4498,E6.5,8.0,77.68074035644531
early,qiu2022,devmap,E6.5,E8.0-R1,37,4444,4498,E6.5,8.0,73.33956909179688
early,qiu2022,devmap,E6.5,E8.0-R1,38,4444,4498,E6.5,8.0,100.69383239746094
early,qiu2022,devmap,E6.5,E8.0-R1,39,4444,4498,E6.5,8.0,101.93473815917969
early,qiu2022,devmap,E6.5,E8.0-R1,40,4444,4498,E6.5,8.0,64.2957534790039
early,qiu2022,devmap,E6.5,E8.0-R1,41,4444,4498,E6.5,8.0,86.39688110351562
early,qiu2022,devmap,E6.5,E8.0-R1,42,4444,4498,E6.5,8.0,72.31268310546875
early,qiu2022,devmap,E6.5,E8.0-R1,43,4444,4498,E6.5,8.0,70.37134552001953
early,qiu2022,devmap,E6.5,E8.0-R1,44,4444,4498,E6.5,8.0,73.68038940429688
early,qiu2022,devmap,E6.5,E8.0-R1,45,4444,4498,E6.5,8.0,107.05865478515625
early,qiu2022,devmap,E6.5,E8.0-R1,46,4444,4498,E6.5,8.0,86.7703857421875
early,qiu2022,devmap,E6.5,E8.0-R1,47,4444,4498,E6.5,8.0,97.76407623291016
early,qiu2022,devmap,E6.5,E8.0-R1,48,4444,4498,E6.5,8.0,71.38862609863281
early,qiu2022,devmap,E6.5,E8.0-R1,49,4444,4498,E6.5,8.0,94.10127258300781
early,qiu2022,devmap,E6.5,E8.0-R2,0,4444,10681,E6.5,8.0,79.1680908203125
early,qiu2022,devmap,E6.5,E8.0-R2,1,4444,10681,E6.5,8.0,91.3953857421875
early,qiu2022,devmap,E6.5,E8.0-R2,2,4444,10681,E6.5,8.0,105.62751770019531
early,qiu2022,devmap,E6.5,E8.0-R2,3,4444,10681,E6.5,8.0,88.85099792480469
early,qiu2022,devmap,E6.5,E8.0-R2,4,4444,10681,E6.5,8.0,91.02479553222656
early,qiu2022,devmap,E6.5,E8.0-R2,5,4444,10681,E6.5,8.0,80.57888793945312
early,qiu2022,devmap,E6.5,E8.0-R2,6,4444,10681,E6.5,8.0,94.96517181396484
early,qiu2022,devmap,E6.5,E8.0-R2,7,4444,10681,E6.5,8.0,86.24815368652344
early,qiu2022,devmap,E6.5,E8.0-R2,8,4444,10681,E6.5,8.0,93.74073791503906
early,qiu2022,devmap,E6.5,E8.0-R2,9,4444,10681,E6.5,8.0,98.87786102294922
early,qiu2022,devmap,E6.5,E8.0-R2,10,4444,10681,E6.5,8.0,74.73519897460938
early,qiu2022,devmap,E6.5,E8.0-R2,11,4444,10681,E6.5,8.0,99.11603546142578
early,qiu2022,devmap,E6.5,E8.0-R2,12,4444,10681,E6.5,8.0,92.51930236816406
early,qiu2022,devmap,E6.5,E8.0-R2,13,4444,10681,E6.5,8.0,90.03803253173828
early,qiu2022,devmap,E6.5,E8.0-R2,14,4444,10681,E6.5,8.0,94.01974487304688
early,qiu2022,devmap,E6.5,E8.0-R2,15,4444,10681,E6.5,8.0,102.63568878173828
early,qiu2022,devmap,E6.5,E8.0-R2,16,4444,10681,E6.5,8.0,105.0257568359375
early,qiu2022,devmap,E6.5,E8.0-R2,17,4444,10681,E6.5,8.0,94.96379089355469
early,qiu2022,devmap,E6.5,E8.0-R2,18,4444,10681,E6.5,8.0,87.27880859375
early,qiu2022,devmap,E6.5,E8.0-R2,19,4444,10681,E6.5,8.0,86.79635620117188
early,qiu2022,devmap,E6.5,E8.0-R2,20,4444,10681,E6.5,8.0,77.78790283203125
early,qiu2022,devmap,E6.5,E8.0-R2,21,4444,10681,E6.5,8.0,85.77603149414062
early,qiu2022,devmap,E6.5,E8.0-R2,22,4444,10681,E6.5,8.0,85.41725158691406
early,qiu2022,devmap,E6.5,E8.0-R2,23,4444,10681,E6.5,8.0,88.49988555908203
early,qiu2022,devmap,E6.5,E8.0-R2,24,4444,10681,E6.5,8.0,97.04701232910156
early,qiu2022,devmap,E6.5,E8.0-R2,25,4444,10681,E6.5,8.0,80.07957458496094
early,qiu2022,devmap,E6.5,E8.0-R2,26,4444,10681,E6.5,8.0,121.71121978759766
early,qiu2022,devmap,E6.5,E8.0-R2,27,4444,10681,E6.5,8.0,95.59060668945312
early,qiu2022,devmap,E6.5,E8.0-R2,28,4444,10681,E6.5,8.0,89.76528930664062
early,qiu2022,devmap,E6.5,E8.0-R2,29,4444,10681,E6.5,8.0,87.48590087890625
early,qiu2022,devmap,E6.5,E8.0-R2,30,4444,10681,E6.5,8.0,91.26495361328125
early,qiu2022,devmap,E6.5,E8.0-R2,31,4444,10681,E6.5,8.0,107.20541381835938
early,qiu2022,devmap,E6.5,E8.0-R2,32,4444,10681,E6.5,8.0,82.31930541992188
early,qiu2022,devmap,E6.5,E8.0-R2,33,4444,10681,E6.5,8.0,94.61555480957031
early,qiu2022,devmap,E6.5,E8.0-R2,34,4444,10681,E6.5,8.0,86.96746063232422
early,qiu2022,devmap,E6.5,E8.0-R2,35,4444,10681,E6.5,8.0,91.09406280517578
early,qiu2022,devmap,E6.5,E8.0-R2,36,4444,10681,E6.5,8.0,95.88671112060547
early,qiu2022,devmap,E6.5,E8.0-R2,37,4444,10681,E6.5,8.0,94.638427734375
early,qiu2022,devmap,E6.5,E8.0-R2,38,4444,10681,E6.5,8.0,76.91285705566406
early,qiu2022,devmap,E6.5,E8.0-R2,39,4444,10681,E6.5,8.0,92.9207534790039
early,qiu2022,devmap,E6.5,E8.0-R2,40,4444,10681,E6.5,8.0,96.81271362304688
early,qiu2022,devmap,E6.5,E8.0-R2,41,4444,10681,E6.5,8.0,90.04261779785156
early,qiu2022,devmap,E6.5,E8.0-R2,42,4444,10681,E6.5,8.0,106.76228332519531
early,qiu2022,devmap,E6.5,E8.0-R2,43,4444,10681,E6.5,8.0,82.62255859375
early,qiu2022,devmap,E6.5,E8.0-R2,44,4444,10681,E6.5,8.0,83.22299194335938
early,qiu2022,devmap,E6.5,E8.0-R2,45,4444,10681,E6.5,8.0,84.50587463378906
early,qiu2022,devmap,E6.5,E8.0-R2,46,4444,10681,E6.5,8.0,86.0828857421875
early,qiu2022,devmap,E6.5,E8.0-R2,47,4444,10681,E6.5,8.0,89.29473876953125
early,qiu2022,devmap,E6.5,E8.0-R2,48,4444,10681,E6.5,8.0,112.40531921386719
early,qiu2022,devmap,E6.5,E8.0-R2,49,4444,10681,E6.5,8.0,94.48308563232422
early,qiu2022,devmap,E6.5,E8.0-R3,0,4444,6763,E6.5,8.0,64.81021118164062
early,qiu2022,devmap,E6.5,E8.0-R3,1,4444,6763,E6.5,8.0,89.48651885986328
early,qiu2022,devmap,E6.5,E8.0-R3,2,4444,6763,E6.5,8.0,94.05537414550781
early,qiu2022,devmap,E6.5,E8.0-R3,3,4444,6763,E6.5,8.0,79.61326599121094
early,qiu2022,devmap,E6.5,E8.0-R3,4,4444,6763,E6.5,8.0,121.64119720458984
early,qiu2022,devmap,E6.5,E8.0-R3,5,4444,6763,E6.5,8.0,87.6022720336914
early,qiu2022,devmap,E6.5,E8.0-R3,6,4444,6763,E6.5,8.0,109.24537658691406
early,qiu2022,devmap,E6.5,E8.0-R3,7,4444,6763,E6.5,8.0,102.68141174316406
early,qiu2022,devmap,E6.5,E8.0-R3,8,4444,6763,E6.5,8.0,78.01301574707031
early,qiu2022,devmap,E6.5,E8.0-R3,9,4444,6763,E6.5,8.0,98.69841003417969
early,qiu2022,devmap,E6.5,E8.0-R3,10,4444,6763,E6.5,8.0,108.04888916015625
early,qiu2022,devmap,E6.5,E8.0-R3,11,4444,6763,E6.5,8.0,72.75762176513672
early,qiu2022,devmap,E6.5,E8.0-R3,12,4444,6763,E6.5,8.0,84.06416320800781
early,qiu2022,devmap,E6.5,E8.0-R3,13,4444,6763,E6.5,8.0,83.28224182128906
early,qiu2022,devmap,E6.5,E8.0-R3,14,4444,6763,E6.5,8.0,83.33779907226562
early,qiu2022,devmap,E6.5,E8.0-R3,15,4444,6763,E6.5,8.0,88.83116912841797
early,qiu2022,devmap,E6.5,E8.0-R3,16,4444,6763,E6.5,8.0,78.16305541992188
early,qiu2022,devmap,E6.5,E8.0-R3,17,4444,6763,E6.5,8.0,95.22117614746094
early,qiu2022,devmap,E6.5,E8.0-R3,18,4444,6763,E6.5,8.0,83.3896255493164
early,qiu2022,devmap,E6.5,E8.0-R3,19,4444,6763,E6.5,8.0,88.87543487548828
early,qiu2022,devmap,E6.5,E8.0-R3,20,4444,6763,E6.5,8.0,104.54254150390625
early,qiu2022,devmap,E6.5,E8.0-R3,21,4444,6763,E6.5,8.0,90.70721435546875
early,qiu2022,devmap,E6.5,E8.0-R3,22,4444,6763,E6.5,8.0,74.06099700927734
early,qiu2022,devmap,E6.5,E8.0-R3,23,4444,6763,E6.5,8.0,90.7474136352539
early,qiu2022,devmap,E6.5,E8.0-R3,24,4444,6763,E6.5,8.0,90.95596313476562
early,qiu2022,devmap,E6.5,E8.0-R3,25,4444,6763,E6.5,8.0,77.47120666503906
early,qiu2022,devmap,E6.5,E8.0-R3,26,4444,6763,E6.5,8.0,91.91830444335938
early,qiu2022,devmap,E6.5,E8.0-R3,27,4444,6763,E6.5,8.0,77.50045013427734
early,qiu2022,devmap,E6.5,E8.0-R3,28,4444,6763,E6.5,8.0,107.32872009277344
early,qiu2022,devmap,E6.5,E8.0-R3,29,4444,6763,E6.5,8.0,103.28373718261719
early,qiu2022,devmap,E6.5,E8.0-R3,30,4444,6763,E6.5,8.0,101.57933044433594
early,qiu2022,devmap,E6.5,E8.0-R3,31,4444,6763,E6.5,8.0,77.6771240234375
early,qiu2022,devmap,E6.5,E8.0-R3,32,4444,6763,E6.5,8.0,75.36466979980469
early,qiu2022,devmap,E6.5,E8.0-R3,33,4444,6763,E6.5,8.0,80.24665069580078
early,qiu2022,devmap,E6.5,E8.0-R3,34,4444,6763,E6.5,8.0,102.9386215209961
early,qiu2022,devmap,E6.5,E8.0-R3,35,4444,6763,E6.5,8.0,111.765625
early,qiu2022,devmap,E6.5,E8.0-R3,36,4444,6763,E6.5,8.0,77.09275817871094
early,qiu2022,devmap,E6.5,E8.0-R3,37,4444,6763,E6.5,8.0,89.43537902832031
early,qiu2022,devmap,E6.5,E8.0-R3,38,4444,6763,E6.5,8.0,72.22201538085938
early,qiu2022,devmap,E6.5,E8.0-R3,39,4444,6763,E6.5,8.0,107.07084655761719
early,qiu2022,devmap,E6.5,E8.0-R3,40,4444,6763,E6.5,8.0,93.6952133178711
early,qiu2022,devmap,E6.5,E8.0-R3,41,4444,6763,E6.5,8.0,69.68531799316406
early,qiu2022,devmap,E6.5,E8.0-R3,42,4444,6763,E6.5,8.0,84.52352905273438
early,qiu2022,devmap,E6.5,E8.0-R3,43,4444,6763,E6.5,8.0,74.44276428222656
early,qiu2022,devmap,E6.5,E8.0-R3,44,4444,6763,E6.5,8.0,94.87386322021484
early,qiu2022,devmap,E6.5,E8.0-R3,45,4444,6763,E6.5,8.0,100.51998901367188
early,qiu2022,devmap,E6.5,E8.0-R3,46,4444,6763,E6.5,8.0,90.18050384521484
early,qiu2022,devmap,E6.5,E8.0-R3,47,4444,6763,E6.5,8.0,83.157470703125
early,qiu2022,devmap,E6.5,E8.0-R3,48,4444,6763,E6.5,8.0,117.39616394042969
early,qiu2022,devmap,E6.5,E8.0-R3,49,4444,6763,E6.5,8.0,89.34466552734375
early,qiu2022,devmap,E6.5,E8.5-R1,0,4444,23435,E6.5,8.5,117.97932434082031
early,qiu2022,devmap,E6.5,E8.5-R1,1,4444,23435,E6.5,8.5,93.84680938720703
early,qiu2022,devmap,E6.5,E8.5-R1,2,4444,23435,E6.5,8.5,91.58395385742188
early,qiu2022,devmap,E6.5,E8.5-R1,3,4444,23435,E6.5,8.5,97.0128402709961
early,qiu2022,devmap,E6.5,E8.5-R1,4,4444,23435,E6.5,8.5,92.63773345947266
early,qiu2022,devmap,E6.5,E8.5-R1,5,4444,23435,E6.5,8.5,85.24869537353516
early,qiu2022,devmap,E6.5,E8.5-R1,6,4444,23435,E6.5,8.5,89.21321105957031
early,qiu2022,devmap,E6.5,E8.5-R1,7,4444,23435,E6.5,8.5,98.18135070800781
early,qiu2022,devmap,E6.5,E8.5-R1,8,4444,23435,E6.5,8.5,95.45527648925781
early,qiu2022,devmap,E6.5,E8.5-R1,9,4444,23435,E6.5,8.5,102.0986328125
early,qiu2022,devmap,E6.5,E8.5-R1,10,4444,23435,E6.5,8.5,108.02587127685547
early,qiu2022,devmap,E6.5,E8.5-R1,11,4444,23435,E6.5,8.5,97.53312683105469
early,qiu2022,devmap,E6.5,E8.5-R1,12,4444,23435,E6.5,8.5,110.9595947265625
early,qiu2022,devmap,E6.5,E8.5-R1,13,4444,23435,E6.5,8.5,110.64457702636719
early,qiu2022,devmap,E6.5,E8.5-R1,14,4444,23435,E6.5,8.5,88.80648803710938
early,qiu2022,devmap,E6.5,E8.5-R1,15,4444,23435,E6.5,8.5,115.31388854980469
early,qiu2022,devmap,E6.5,E8.5-R1,16,4444,23435,E6.5,8.5,100.1732177734375
early,qiu2022,devmap,E6.5,E8.5-R1,17,4444,23435,E6.5,8.5,92.83911895751953
early,qiu2022,devmap,E6.5,E8.5-R1,18,4444,23435,E6.5,8.5,103.2060546875
early,qiu2022,devmap,E6.5,E8.5-R1,19,4444,23435,E6.5,8.5,100.06903076171875
early,qiu2022,devmap,E6.5,E8.5-R1,20,4444,23435,E6.5,8.5,99.06907653808594
early,qiu2022,devmap,E6.5,E8.5-R1,21,4444,23435,E6.5,8.5,103.59053039550781
early,qiu2022,devmap,E6.5,E8.5-R1,22,4444,23435,E6.5,8.5,107.33814239501953
early,qiu2022,devmap,E6.5,E8.5-R1,23,4444,23435,E6.5,8.5,93.14276123046875
early,qiu2022,devmap,E6.5,E8.5-R1,24,4444,23435,E6.5,8.5,110.6725082397461
early,qiu2022,devmap,E6.5,E8.5-R1,25,4444,23435,E6.5,8.5,105.14471435546875
early,qiu2022,devmap,E6.5,E8.5-R1,26,4444,23435,E6.5,8.5,105.70681762695312
early,qiu2022,devmap,E6.5,E8.5-R1,27,4444,23435,E6.5,8.5,99.99429321289062
early,qiu2022,devmap,E6.5,E8.5-R1,28,4444,23435,E6.5,8.5,105.09890747070312
early,qiu2022,devmap,E6.5,E8.5-R1,29,4444,23435,E6.5,8.5,108.2452392578125
early,qiu2022,devmap,E6.5,E8.5-R1,30,4444,23435,E6.5,8.5,105.32090759277344
early,qiu2022,devmap,E6.5,E8.5-R1,31,4444,23435,E6.5,8.5,92.86779022216797
early,qiu2022,devmap,E6.5,E8.5-R1,32,4444,23435,E6.5,8.5,111.96702575683594
early,qiu2022,devmap,E6.5,E8.5-R1,33,4444,23435,E6.5,8.5,106.78633117675781
early,qiu2022,devmap,E6.5,E8.5-R1,34,4444,23435,E6.5,8.5,95.78646850585938
early,qiu2022,devmap,E6.5,E8.5-R1,35,4444,23435,E6.5,8.5,99.24534606933594
early,qiu2022,devmap,E6.5,E8.5-R1,36,4444,23435,E6.5,8.5,96.319580078125
early,qiu2022,devmap,E6.5,E8.5-R1,37,4444,23435,E6.5,8.5,96.18522644042969
early,qiu2022,devmap,E6.5,E8.5-R1,38,4444,23435,E6.5,8.5,121.738037109375
early,qiu2022,devmap,E6.5,E8.5-R1,39,4444,23435,E6.5,8.5,105.4666748046875
early,qiu2022,devmap,E6.5,E8.5-R1,40,4444,23435,E6.5,8.5,105.73070526123047
early,qiu2022,devmap,E6.5,E8.5-R1,41,4444,23435,E6.5,8.5,110.88621520996094
early,qiu2022,devmap,E6.5,E8.5-R1,42,4444,23435,E6.5,8.5,93.91202545166016
early,qiu2022,devmap,E6.5,E8.5-R1,43,4444,23435,E6.5,8.5,105.5318374633789
early,qiu2022,devmap,E6.5,E8.5-R1,44,4444,23435,E6.5,8.5,105.25126647949219
early,qiu2022,devmap,E6.5,E8.5-R1,45,4444,23435,E6.5,8.5,93.14227294921875
early,qiu2022,devmap,E6.5,E8.5-R1,46,4444,23435,E6.5,8.5,123.89950561523438
early,qiu2022,devmap,E6.5,E8.5-R1,47,4444,23435,E6.5,8.5,110.89797973632812
early,qiu2022,devmap,E6.5,E8.5-R1,48,4444,23435,E6.5,8.5,97.32327270507812
early,qiu2022,devmap,E6.5,E8.5-R1,49,4444,23435,E6.5,8.5,95.65202331542969
early,qiu2022,devmap,E6.5,E8.5-R2,0,4444,38216,E6.5,8.5,81.23408508300781
early,qiu2022,devmap,E6.5,E8.5-R2,1,4444,38216,E6.5,8.5,103.07601928710938
early,qiu2022,devmap,E6.5,E8.5-R2,2,4444,38216,E6.5,8.5,117.32787322998047
early,qiu2022,devmap,E6.5,E8.5-R2,3,4444,38216,E6.5,8.5,105.37977600097656
early,qiu2022,devmap,E6.5,E8.5-R2,4,4444,38216,E6.5,8.5,139.83087158203125
early,qiu2022,devmap,E6.5,E8.5-R2,5,4444,38216,E6.5,8.5,108.66629028320312
early,qiu2022,devmap,E6.5,E8.5-R2,6,4444,38216,E6.5,8.5,107.26227569580078
early,qiu2022,devmap,E6.5,E8.5-R2,7,4444,38216,E6.5,8.5,95.66854858398438
early,qiu2022,devmap,E6.5,E8.5-R2,8,4444,38216,E6.5,8.5,97.28451538085938
early,qiu2022,devmap,E6.5,E8.5-R2,9,4444,38216,E6.5,8.5,96.35173797607422
early,qiu2022,devmap,E6.5,E8.5-R2,10,4444,38216,E6.5,8.5,103.90015411376953
early,qiu2022,devmap,E6.5,E8.5-R2,11,4444,38216,E6.5,8.5,105.91558837890625
early,qiu2022,devmap,E6.5,E8.5-R2,12,4444,38216,E6.5,8.5,95.59011840820312
early,qiu2022,devmap,E6.5,E8.5-R2,13,4444,38216,E6.5,8.5,87.62552642822266
early,qiu2022,devmap,E6.5,E8.5-R2,14,4444,38216,E6.5,8.5,107.22006225585938
early,qiu2022,devmap,E6.5,E8.5-R2,15,4444,38216,E6.5,8.5,87.265380859375
early,qiu2022,devmap,E6.5,E8.5-R2,16,4444,38216,E6.5,8.5,108.20730590820312
early,qiu2022,devmap,E6.5,E8.5-R2,17,4444,38216,E6.5,8.5,108.84320068359375
early,qiu2022,devmap,E6.5,E8.5-R2,18,4444,38216,E6.5,8.5,101.57411193847656
early,qiu2022,devmap,E6.5,E8.5-R2,19,4444,38216,E6.5,8.5,80.55696868896484
early,qiu2022,devmap,E6.5,E8.5-R2,20,4444,38216,E6.5,8.5,130.0093994140625
early,qiu2022,devmap,E6.5,E8.5-R2,21,4444,38216,E6.5,8.5,91.76359558105469
early,qiu2022,devmap,E6.5,E8.5-R2,22,4444,38216,E6.5,8.5,96.01219177246094
early,qiu2022,devmap,E6.5,E8.5-R2,23,4444,38216,E6.5,8.5,114.5097885131836
early,qiu2022,devmap,E6.5,E8.5-R2,24,4444,38216,E6.5,8.5,108.33601379394531
early,qiu2022,devmap,E6.5,E8.5-R2,25,4444,38216,E6.5,8.5,94.70390319824219
early,qiu2022,devmap,E6.5,E8.5-R2,26,4444,38216,E6.5,8.5,92.0814208984375
early,qiu2022,devmap,E6.5,E8.5-R2,27,4444,38216,E6.5,8.5,105.97297668457031
early,qiu2022,devmap,E6.5,E8.5-R2,28,4444,38216,E6.5,8.5,125.43057250976562
early,qiu2022,devmap,E6.5,E8.5-R2,29,4444,38216,E6.5,8.5,104.92573547363281
early,qiu2022,devmap,E6.5,E8.5-R2,30,4444,38216,E6.5,8.5,98.76078796386719
early,qiu2022,devmap,E6.5,E8.5-R2,31,4444,38216,E6.5,8.5,104.18710327148438
early,qiu2022,devmap,E6.5,E8.5-R2,32,4444,38216,E6.5,8.5,106.71401977539062
early,qiu2022,devmap,E6.5,E8.5-R2,33,4444,38216,E6.5,8.5,109.30081176757812
early,qiu2022,devmap,E6.5,E8.5-R2,34,4444,38216,E6.5,8.5,95.01348876953125
early,qiu2022,devmap,E6.5,E8.5-R2,35,4444,38216,E6.5,8.5,86.76258850097656
early,qiu2022,devmap,E6.5,E8.5-R2,36,4444,38216,E6.5,8.5,90.56192016601562
early,qiu2022,devmap,E6.5,E8.5-R2,37,4444,38216,E6.5,8.5,90.11469268798828
early,qiu2022,devmap,E6.5,E8.5-R2,38,4444,38216,E6.5,8.5,108.56103515625
early,qiu2022,devmap,E6.5,E8.5-R2,39,4444,38216,E6.5,8.5,97.8464584350586
early,qiu2022,devmap,E6.5,E8.5-R2,40,4444,38216,E6.5,8.5,94.20235443115234
early,qiu2022,devmap,E6.5,E8.5-R2,41,4444,38216,E6.5,8.5,120.47189331054688
early,qiu2022,devmap,E6.5,E8.5-R2,42,4444,38216,E6.5,8.5,96.31575012207031
early,qiu2022,devmap,E6.5,E8.5-R2,43,4444,38216,E6.5,8.5,108.45498657226562
early,qiu2022,devmap,E6.5,E8.5-R2,44,4444,38216,E6.5,8.5,118.06187438964844
early,qiu2022,devmap,E6.5,E8.5-R2,45,4444,38216,E6.5,8.5,107.54700469970703
early,qiu2022,devmap,E6.5,E8.5-R2,46,4444,38216,E6.5,8.5,92.50094604492188
early,qiu2022,devmap,E6.5,E8.5-R2,47,4444,38216,E6.5,8.5,105.43323516845703
early,qiu2022,devmap,E6.5,E8.5-R2,48,4444,38216,E6.5,8.5,109.44181823730469
early,qiu2022,devmap,E6.5,E8.5-R2,49,4444,38216,E6.5,8.5,100.44279479980469
early,qiu2022,devmap,E6.5,E8.5-R3,0,4444,27743,E6.5,8.5,79.57823181152344
early,qiu2022,devmap,E6.5,E8.5-R3,1,4444,27743,E6.5,8.5,95.84071350097656
early,qiu2022,devmap,E6.5,E8.5-R3,2,4444,27743,E6.5,8.5,100.18540954589844
early,qiu2022,devmap,E6.5,E8.5-R3,3,4444,27743,E6.5,8.5,93.36726379394531
early,qiu2022,devmap,E6.5,E8.5-R3,4,4444,27743,E6.5,8.5,103.29061889648438
early,qiu2022,devmap,E6.5,E8.5-R3,5,4444,27743,E6.5,8.5,97.74214935302734
early,qiu2022,devmap,E6.5,E8.5-R3,6,4444,27743,E6.5,8.5,99.4136734008789
early,qiu2022,devmap,E6.5,E8.5-R3,7,4444,27743,E6.5,8.5,96.28706359863281
early,qiu2022,devmap,E6.5,E8.5-R3,8,4444,27743,E6.5,8.5,89.86983489990234
early,qiu2022,devmap,E6.5,E8.5-R3,9,4444,27743,E6.5,8.5,111.97747802734375
early,qiu2022,devmap,E6.5,E8.5-R3,10,4444,27743,E6.5,8.5,113.19535827636719
early,qiu2022,devmap,E6.5,E8.5-R3,11,4444,27743,E6.5,8.5,98.83633422851562
early,qiu2022,devmap,E6.5,E8.5-R3,12,4444,27743,E6.5,8.5,93.03648376464844
early,qiu2022,devmap,E6.5,E8.5-R3,13,4444,27743,E6.5,8.5,87.5260009765625
early,qiu2022,devmap,E6.5,E8.5-R3,14,4444,27743,E6.5,8.5,111.87410736083984
early,qiu2022,devmap,E6.5,E8.5-R3,15,4444,27743,E6.5,8.5,100.26825714111328
early,qiu2022,devmap,E6.5,E8.5-R3,16,4444,27743,E6.5,8.5,109.1623306274414
early,qiu2022,devmap,E6.5,E8.5-R3,17,4444,27743,E6.5,8.5,125.88139343261719
early,qiu2022,devmap,E6.5,E8.5-R3,18,4444,27743,E6.5,8.5,95.1496353149414
early,qiu2022,devmap,E6.5,E8.5-R3,19,4444,27743,E6.5,8.5,107.90965270996094
early,qiu2022,devmap,E6.5,E8.5-R3,20,4444,27743,E6.5,8.5,94.19169616699219
early,qiu2022,devmap,E6.5,E8.5-R3,21,4444,27743,E6.5,8.5,100.59544372558594
early,qiu2022,devmap,E6.5,E8.5-R3,22,4444,27743,E6.5,8.5,98.54251098632812
early,qiu2022,devmap,E6.5,E8.5-R3,23,4444,27743,E6.5,8.5,93.49714660644531
early,qiu2022,devmap,E6.5,E8.5-R3,24,4444,27743,E6.5,8.5,97.3837890625
early,qiu2022,devmap,E6.5,E8.5-R3,25,4444,27743,E6.5,8.5,102.1712875366211
early,qiu2022,devmap,E6.5,E8.5-R3,26,4444,27743,E6.5,8.5,85.10411071777344
early,qiu2022,devmap,E6.5,E8.5-R3,27,4444,27743,E6.5,8.5,88.60406494140625
early,qiu2022,devmap,E6.5,E8.5-R3,28,4444,27743,E6.5,8.5,100.95097351074219
early,qiu2022,devmap,E6.5,E8.5-R3,29,4444,27743,E6.5,8.5,88.16743469238281
early,qiu2022,devmap,E6.5,E8.5-R3,30,4444,27743,E6.5,8.5,106.23686981201172
early,qiu2022,devmap,E6.5,E8.5-R3,31,4444,27743,E6.5,8.5,105.38018798828125
early,qiu2022,devmap,E6.5,E8.5-R3,32,4444,27743,E6.5,8.5,101.28181457519531
early,qiu2022,devmap,E6.5,E8.5-R3,33,4444,27743,E6.5,8.5,104.68842315673828
early,qiu2022,devmap,E6.5,E8.5-R3,34,4444,27743,E6.5,8.5,107.0167007446289
early,qiu2022,devmap,E6.5,E8.5-R3,35,4444,27743,E6.5,8.5,86.1624755859375
early,qiu2022,devmap,E6.5,E8.5-R3,36,4444,27743,E6.5,8.5,102.16744232177734
early,qiu2022,devmap,E6.5,E8.5-R3,37,4444,27743,E6.5,8.5,90.2115707397461
early,qiu2022,devmap,E6.5,E8.5-R3,38,4444,27743,E6.5,8.5,89.942626953125
early,qiu2022,devmap,E6.5,E8.5-R3,39,4444,27743,E6.5,8.5,89.75239562988281
early,qiu2022,devmap,E6.5,E8.5-R3,40,4444,27743,E6.5,8.5,84.2589111328125
early,qiu2022,devmap,E6.5,E8.5-R3,41,4444,27743,E6.5,8.5,121.77314758300781
early,qiu2022,devmap,E6.5,E8.5-R3,42,4444,27743,E6.5,8.5,116.21647644042969
early,qiu2022,devmap,E6.5,E8.5-R3,43,4444,27743,E6.5,8.5,86.41244506835938
early,qiu2022,devmap,E6.5,E8.5-R3,44,4444,27743,E6.5,8.5,80.2751235961914
early,qiu2022,devmap,E6.5,E8.5-R3,45,4444,27743,E6.5,8.5,105.78529357910156
early,qiu2022,devmap,E6.5,E8.5-R3,46,4444,27743,E6.5,8.5,94.47276306152344
early,qiu2022,devmap,E6.5,E8.5-R3,47,4444,27743,E6.5,8.5,122.25520324707031
early,qiu2022,devmap,E6.5,E8.5-R3,48,4444,27743,E6.5,8.5,125.1884765625
early,qiu2022,devmap,E6.5,E8.5-R3,49,4444,27743,E6.5,8.5,101.59794616699219
early,qiu2022,devmap,E6.75,E7.5-R1,0,2075,1342,E6.75,7.5,53.818321228027344
early,qiu2022,devmap,E6.75,E7.5-R1,1,2075,1342,E6.75,7.5,52.943504333496094
early,qiu2022,devmap,E6.75,E7.5-R1,2,2075,1342,E6.75,7.5,51.79849624633789
early,qiu2022,devmap,E6.75,E7.5-R1,3,2075,1342,E6.75,7.5,45.968238830566406
early,qiu2022,devmap,E6.75,E7.5-R1,4,2075,1342,E6.75,7.5,56.49681091308594
early,qiu2022,devmap,E6.75,E7.5-R1,5,2075,1342,E6.75,7.5,47.78040313720703
early,qiu2022,devmap,E6.75,E7.5-R1,6,2075,1342,E6.75,7.5,55.7619514465332
early,qiu2022,devmap,E6.75,E7.5-R1,7,2075,1342,E6.75,7.5,43.80230712890625
early,qiu2022,devmap,E6.75,E7.5-R1,8,2075,1342,E6.75,7.5,63.45016098022461
early,qiu2022,devmap,E6.75,E7.5-R1,9,2075,1342,E6.75,7.5,49.07719421386719
early,qiu2022,devmap,E6.75,E7.5-R1,10,2075,1342,E6.75,7.5,50.68185043334961
early,qiu2022,devmap,E6.75,E7.5-R1,11,2075,1342,E6.75,7.5,48.84382629394531
early,qiu2022,devmap,E6.75,E7.5-R1,12,2075,1342,E6.75,7.5,50.66047668457031
early,qiu2022,devmap,E6.75,E7.5-R1,13,2075,1342,E6.75,7.5,49.137123107910156
early,qiu2022,devmap,E6.75,E7.5-R1,14,2075,1342,E6.75,7.5,52.573402404785156
early,qiu2022,devmap,E6.75,E7.5-R1,15,2075,1342,E6.75,7.5,50.31437683105469
early,qiu2022,devmap,E6.75,E7.5-R1,16,2075,1342,E6.75,7.5,53.707977294921875
early,qiu2022,devmap,E6.75,E7.5-R1,17,2075,1342,E6.75,7.5,48.218807220458984
early,qiu2022,devmap,E6.75,E7.5-R1,18,2075,1342,E6.75,7.5,49.95752716064453
early,qiu2022,devmap,E6.75,E7.5-R1,19,2075,1342,E6.75,7.5,52.22742462158203
early,qiu2022,devmap,E6.75,E7.5-R1,20,2075,1342,E6.75,7.5,45.68196487426758
early,qiu2022,devmap,E6.75,E7.5-R1,21,2075,1342,E6.75,7.5,43.52156066894531
early,qiu2022,devmap,E6.75,E7.5-R1,22,2075,1342,E6.75,7.5,49.08699035644531
early,qiu2022,devmap,E6.75,E7.5-R1,23,2075,1342,E6.75,7.5,54.66539764404297
early,qiu2022,devmap,E6.75,E7.5-R1,24,2075,1342,E6.75,7.5,48.5147590637207
early,qiu2022,devmap,E6.75,E7.5-R1,25,2075,1342,E6.75,7.5,46.902305603027344
early,qiu2022,devmap,E6.75,E7.5-R1,26,2075,1342,E6.75,7.5,49.205604553222656
early,qiu2022,devmap,E6.75,E7.5-R1,27,2075,1342,E6.75,7.5,48.79423522949219
early,qiu2022,devmap,E6.75,E7.5-R1,28,2075,1342,E6.75,7.5,52.98564910888672
early,qiu2022,devmap,E6.75,E7.5-R1,29,2075,1342,E6.75,7.5,52.309871673583984
early,qiu2022,devmap,E6.75,E7.5-R1,30,2075,1342,E6.75,7.5,53.39247131347656
early,qiu2022,devmap,E6.75,E7.5-R1,31,2075,1342,E6.75,7.5,43.09183883666992
early,qiu2022,devmap,E6.75,E7.5-R1,32,2075,1342,E6.75,7.5,45.71388626098633
early,qiu2022,devmap,E6.75,E7.5-R1,33,2075,1342,E6.75,7.5,57.76199722290039
early,qiu2022,devmap,E6.75,E7.5-R1,34,2075,1342,E6.75,7.5,54.03064727783203
early,qiu2022,devmap,E6.75,E7.5-R1,35,2075,1342,E6.75,7.5,49.984474182128906
early,qiu2022,devmap,E6.75,E7.5-R1,36,2075,1342,E6.75,7.5,47.02880859375
early,qiu2022,devmap,E6.75,E7.5-R1,37,2075,1342,E6.75,7.5,51.97533416748047
early,qiu2022,devmap,E6.75,E7.5-R1,38,2075,1342,E6.75,7.5,50.693546295166016
early,qiu2022,devmap,E6.75,E7.5-R1,39,2075,1342,E6.75,7.5,50.44243621826172
early,qiu2022,devmap,E6.75,E7.5-R1,40,2075,1342,E6.75,7.5,42.13990783691406
early,qiu2022,devmap,E6.75,E7.5-R1,41,2075,1342,E6.75,7.5,47.07843017578125
early,qiu2022,devmap,E6.75,E7.5-R1,42,2075,1342,E6.75,7.5,55.71150207519531
early,qiu2022,devmap,E6.75,E7.5-R1,43,2075,1342,E6.75,7.5,54.7963752746582
early,qiu2022,devmap,E6.75,E7.5-R1,44,2075,1342,E6.75,7.5,47.58959197998047
early,qiu2022,devmap,E6.75,E7.5-R1,45,2075,1342,E6.75,7.5,62.26609802246094
early,qiu2022,devmap,E6.75,E7.5-R1,46,2075,1342,E6.75,7.5,57.17737579345703
early,qiu2022,devmap,E6.75,E7.5-R1,47,2075,1342,E6.75,7.5,44.671669006347656
early,qiu2022,devmap,E6.75,E7.5-R1,48,2075,1342,E6.75,7.5,54.65503692626953
early,qiu2022,devmap,E6.75,E7.5-R1,49,2075,1342,E6.75,7.5,48.18345642089844
early,qiu2022,devmap,E6.75,E7.5-R2,0,2075,1838,E6.75,7.5,53.33623504638672
early,qiu2022,devmap,E6.75,E7.5-R2,1,2075,1838,E6.75,7.5,48.25786590576172
early,qiu2022,devmap,E6.75,E7.5-R2,2,2075,1838,E6.75,7.5,45.10289001464844
early,qiu2022,devmap,E6.75,E7.5-R2,3,2075,1838,E6.75,7.5,47.6659049987793
early,qiu2022,devmap,E6.75,E7.5-R2,4,2075,1838,E6.75,7.5,50.27947998046875
early,qiu2022,devmap,E6.75,E7.5-R2,5,2075,1838,E6.75,7.5,53.6450309753418
early,qiu2022,devmap,E6.75,E7.5-R2,6,2075,1838,E6.75,7.5,48.89439010620117
early,qiu2022,devmap,E6.75,E7.5-R2,7,2075,1838,E6.75,7.5,42.12767791748047
early,qiu2022,devmap,E6.75,E7.5-R2,8,2075,1838,E6.75,7.5,40.547950744628906
early,qiu2022,devmap,E6.75,E7.5-R2,9,2075,1838,E6.75,7.5,42.469261169433594
early,qiu2022,devmap,E6.75,E7.5-R2,10,2075,1838,E6.75,7.5,48.28507995605469
early,qiu2022,devmap,E6.75,E7.5-R2,11,2075,1838,E6.75,7.5,45.413352966308594
early,qiu2022,devmap,E6.75,E7.5-R2,12,2075,1838,E6.75,7.5,47.01263427734375
early,qiu2022,devmap,E6.75,E7.5-R2,13,2075,1838,E6.75,7.5,47.8327751159668
early,qiu2022,devmap,E6.75,E7.5-R2,14,2075,1838,E6.75,7.5,51.09274673461914
early,qiu2022,devmap,E6.75,E7.5-R2,15,2075,1838,E6.75,7.5,47.95232391357422
early,qiu2022,devmap,E6.75,E7.5-R2,16,2075,1838,E6.75,7.5,47.14176940917969
early,qiu2022,devmap,E6.75,E7.5-R2,17,2075,1838,E6.75,7.5,43.02140426635742
early,qiu2022,devmap,E6.75,E7.5-R2,18,2075,1838,E6.75,7.5,47.09455871582031
early,qiu2022,devmap,E6.75,E7.5-R2,19,2075,1838,E6.75,7.5,43.46989059448242
early,qiu2022,devmap,E6.75,E7.5-R2,20,2075,1838,E6.75,7.5,47.810447692871094
early,qiu2022,devmap,E6.75,E7.5-R2,21,2075,1838,E6.75,7.5,43.652400970458984
early,qiu2022,devmap,E6.75,E7.5-R2,22,2075,1838,E6.75,7.5,43.68671417236328
early,qiu2022,devmap,E6.75,E7.5-R2,23,2075,1838,E6.75,7.5,51.150413513183594
early,qiu2022,devmap,E6.75,E7.5-R2,24,2075,1838,E6.75,7.5,50.03986358642578
early,qiu2022,devmap,E6.75,E7.5-R2,25,2075,1838,E6.75,7.5,44.605445861816406
early,qiu2022,devmap,E6.75,E7.5-R2,26,2075,1838,E6.75,7.5,43.96146774291992
early,qiu2022,devmap,E6.75,E7.5-R2,27,2075,1838,E6.75,7.5,46.49407958984375
early,qiu2022,devmap,E6.75,E7.5-R2,28,2075,1838,E6.75,7.5,45.07123565673828
early,qiu2022,devmap,E6.75,E7.5-R2,29,2075,1838,E6.75,7.5,45.41042709350586
early,qiu2022,devmap,E6.75,E7.5-R2,30,2075,1838,E6.75,7.5,43.387245178222656
early,qiu2022,devmap,E6.75,E7.5-R2,31,2075,1838,E6.75,7.5,47.50096130371094
early,qiu2022,devmap,E6.75,E7.5-R2,32,2075,1838,E6.75,7.5,47.964786529541016
early,qiu2022,devmap,E6.75,E7.5-R2,33,2075,1838,E6.75,7.5,45.639461517333984
early,qiu2022,devmap,E6.75,E7.5-R2,34,2075,1838,E6.75,7.5,48.042076110839844
early,qiu2022,devmap,E6.75,E7.5-R2,35,2075,1838,E6.75,7.5,45.693572998046875
early,qiu2022,devmap,E6.75,E7.5-R2,36,2075,1838,E6.75,7.5,45.32054138183594
early,qiu2022,devmap,E6.75,E7.5-R2,37,2075,1838,E6.75,7.5,48.41184616088867
early,qiu2022,devmap,E6.75,E7.5-R2,38,2075,1838,E6.75,7.5,45.94822311401367
early,qiu2022,devmap,E6.75,E7.5-R2,39,2075,1838,E6.75,7.5,54.162567138671875
early,qiu2022,devmap,E6.75,E7.5-R2,40,2075,1838,E6.75,7.5,51.231544494628906
early,qiu2022,devmap,E6.75,E7.5-R2,41,2075,1838,E6.75,7.5,51.504493713378906
early,qiu2022,devmap,E6.75,E7.5-R2,42,2075,1838,E6.75,7.5,49.39183044433594
early,qiu2022,devmap,E6.75,E7.5-R2,43,2075,1838,E6.75,7.5,41.51535415649414
early,qiu2022,devmap,E6.75,E7.5-R2,44,2075,1838,E6.75,7.5,49.21765899658203
early,qiu2022,devmap,E6.75,E7.5-R2,45,2075,1838,E6.75,7.5,45.28331756591797
early,qiu2022,devmap,E6.75,E7.5-R2,46,2075,1838,E6.75,7.5,43.63707733154297
early,qiu2022,devmap,E6.75,E7.5-R2,47,2075,1838,E6.75,7.5,49.5888671875
early,qiu2022,devmap,E6.75,E7.5-R2,48,2075,1838,E6.75,7.5,51.23003387451172
early,qiu2022,devmap,E6.75,E7.5-R2,49,2075,1838,E6.75,7.5,45.779685974121094
early,qiu2022,devmap,E6.75,E7.5-R3,0,2075,1468,E6.75,7.5,49.279335021972656
early,qiu2022,devmap,E6.75,E7.5-R3,1,2075,1468,E6.75,7.5,53.965206146240234
early,qiu2022,devmap,E6.75,E7.5-R3,2,2075,1468,E6.75,7.5,52.96904754638672
early,qiu2022,devmap,E6.75,E7.5-R3,3,2075,1468,E6.75,7.5,47.57374572753906
early,qiu2022,devmap,E6.75,E7.5-R3,4,2075,1468,E6.75,7.5,55.991554260253906
early,qiu2022,devmap,E6.75,E7.5-R3,5,2075,1468,E6.75,7.5,49.15463638305664
early,qiu2022,devmap,E6.75,E7.5-R3,6,2075,1468,E6.75,7.5,49.59266662597656
early,qiu2022,devmap,E6.75,E7.5-R3,7,2075,1468,E6.75,7.5,56.776954650878906
early,qiu2022,devmap,E6.75,E7.5-R3,8,2075,1468,E6.75,7.5,51.073097229003906
early,qiu2022,devmap,E6.75,E7.5-R3,9,2075,1468,E6.75,7.5,55.16072463989258
early,qiu2022,devmap,E6.75,E7.5-R3,10,2075,1468,E6.75,7.5,52.676719665527344
early,qiu2022,devmap,E6.75,E7.5-R3,11,2075,1468,E6.75,7.5,56.08777618408203
early,qiu2022,devmap,E6.75,E7.5-R3,12,2075,1468,E6.75,7.5,50.96234893798828
early,qiu2022,devmap,E6.75,E7.5-R3,13,2075,1468,E6.75,7.5,44.671485900878906
early,qiu2022,devmap,E6.75,E7.5-R3,14,2075,1468,E6.75,7.5,50.168365478515625
early,qiu2022,devmap,E6.75,E7.5-R3,15,2075,1468,E6.75,7.5,46.63811492919922
early,qiu2022,devmap,E6.75,E7.5-R3,16,2075,1468,E6.75,7.5,59.858665466308594
early,qiu2022,devmap,E6.75,E7.5-R3,17,2075,1468,E6.75,7.5,47.1911506652832
early,qiu2022,devmap,E6.75,E7.5-R3,18,2075,1468,E6.75,7.5,51.49002456665039
early,qiu2022,devmap,E6.75,E7.5-R3,19,2075,1468,E6.75,7.5,50.5177001953125
early,qiu2022,devmap,E6.75,E7.5-R3,20,2075,1468,E6.75,7.5,45.03689193725586
early,qiu2022,devmap,E6.75,E7.5-R3,21,2075,1468,E6.75,7.5,48.24517059326172
early,qiu2022,devmap,E6.75,E7.5-R3,22,2075,1468,E6.75,7.5,50.36384582519531
early,qiu2022,devmap,E6.75,E7.5-R3,23,2075,1468,E6.75,7.5,57.63157653808594
early,qiu2022,devmap,E6.75,E7.5-R3,24,2075,1468,E6.75,7.5,56.08476257324219
early,qiu2022,devmap,E6.75,E7.5-R3,25,2075,1468,E6.75,7.5,54.509002685546875
early,qiu2022,devmap,E6.75,E7.5-R3,26,2075,1468,E6.75,7.5,54.512428283691406
early,qiu2022,devmap,E6.75,E7.5-R3,27,2075,1468,E6.75,7.5,49.371070861816406
early,qiu2022,devmap,E6.75,E7.5-R3,28,2075,1468,E6.75,7.5,55.143707275390625
early,qiu2022,devmap,E6.75,E7.5-R3,29,2075,1468,E6.75,7.5,47.56788635253906
early,qiu2022,devmap,E6.75,E7.5-R3,30,2075,1468,E6.75,7.5,55.19242858886719
early,qiu2022,devmap,E6.75,E7.5-R3,31,2075,1468,E6.75,7.5,52.897705078125
early,qiu2022,devmap,E6.75,E7.5-R3,32,2075,1468,E6.75,7.5,53.991539001464844
early,qiu2022,devmap,E6.75,E7.5-R3,33,2075,1468,E6.75,7.5,50.897377014160156
early,qiu2022,devmap,E6.75,E7.5-R3,34,2075,1468,E6.75,7.5,53.75627899169922
early,qiu2022,devmap,E6.75,E7.5-R3,35,2075,1468,E6.75,7.5,47.45086669921875
early,qiu2022,devmap,E6.75,E7.5-R3,36,2075,1468,E6.75,7.5,43.63552474975586
early,qiu2022,devmap,E6.75,E7.5-R3,37,2075,1468,E6.75,7.5,53.70805358886719
early,qiu2022,devmap,E6.75,E7.5-R3,38,2075,1468,E6.75,7.5,57.35851287841797
early,qiu2022,devmap,E6.75,E7.5-R3,39,2075,1468,E6.75,7.5,45.366912841796875
early,qiu2022,devmap,E6.75,E7.5-R3,40,2075,1468,E6.75,7.5,59.137779235839844
early,qiu2022,devmap,E6.75,E7.5-R3,41,2075,1468,E6.75,7.5,54.538299560546875
early,qiu2022,devmap,E6.75,E7.5-R3,42,2075,1468,E6.75,7.5,44.171607971191406
early,qiu2022,devmap,E6.75,E7.5-R3,43,2075,1468,E6.75,7.5,46.660064697265625
early,qiu2022,devmap,E6.75,E7.5-R3,44,2075,1468,E6.75,7.5,52.565128326416016
early,qiu2022,devmap,E6.75,E7.5-R3,45,2075,1468,E6.75,7.5,47.48359298706055
early,qiu2022,devmap,E6.75,E7.5-R3,46,2075,1468,E6.75,7.5,53.82542419433594
early,qiu2022,devmap,E6.75,E7.5-R3,47,2075,1468,E6.75,7.5,55.34088897705078
early,qiu2022,devmap,E6.75,E7.5-R3,48,2075,1468,E6.75,7.5,54.037086486816406
early,qiu2022,devmap,E6.75,E7.5-R3,49,2075,1468,E6.75,7.5,50.91238784790039
early,qiu2022,devmap,E6.75,E8.0-R1,0,2075,4498,E6.75,8.0,46.93812561035156
early,qiu2022,devmap,E6.75,E8.0-R1,1,2075,4498,E6.75,8.0,47.14331817626953
early,qiu2022,devmap,E6.75,E8.0-R1,2,2075,4498,E6.75,8.0,48.96825408935547
early,qiu2022,devmap,E6.75,E8.0-R1,3,2075,4498,E6.75,8.0,47.85173797607422
early,qiu2022,devmap,E6.75,E8.0-R1,4,2075,4498,E6.75,8.0,46.84888458251953
early,qiu2022,devmap,E6.75,E8.0-R1,5,2075,4498,E6.75,8.0,49.78110885620117
early,qiu2022,devmap,E6.75,E8.0-R1,6,2075,4498,E6.75,8.0,49.0084228515625
early,qiu2022,devmap,E6.75,E8.0-R1,7,2075,4498,E6.75,8.0,48.848426818847656
early,qiu2022,devmap,E6.75,E8.0-R1,8,2075,4498,E6.75,8.0,49.85013198852539
early,qiu2022,devmap,E6.75,E8.0-R1,9,2075,4498,E6.75,8.0,48.54206085205078
early,qiu2022,devmap,E6.75,E8.0-R1,10,2075,4498,E6.75,8.0,46.60077667236328
early,qiu2022,devmap,E6.75,E8.0-R1,11,2075,4498,E6.75,8.0,47.28496551513672
early,qiu2022,devmap,E6.75,E8.0-R1,12,2075,4498,E6.75,8.0,49.8826904296875
early,qiu2022,devmap,E6.75,E8.0-R1,13,2075,4498,E6.75,8.0,46.0103759765625
early,qiu2022,devmap,E6.75,E8.0-R1,14,2075,4498,E6.75,8.0,49.744384765625
early,qiu2022,devmap,E6.75,E8.0-R1,15,2075,4498,E6.75,8.0,49.763694763183594
early,qiu2022,devmap,E6.75,E8.0-R1,16,2075,4498,E6.75,8.0,47.34143829345703
early,qiu2022,devmap,E6.75,E8.0-R1,17,2075,4498,E6.75,8.0,45.11092758178711
early,qiu2022,devmap,E6.75,E8.0-R1,18,2075,4498,E6.75,8.0,46.53166961669922
early,qiu2022,devmap,E6.75,E8.0-R1,19,2075,4498,E6.75,8.0,47.48029327392578
early,qiu2022,devmap,E6.75,E8.0-R1,20,2075,4498,E6.75,8.0,47.55584716796875
early,qiu2022,devmap,E6.75,E8.0-R1,21,2075,4498,E6.75,8.0,49.815895080566406
early,qiu2022,devmap,E6.75,E8.0-R1,22,2075,4498,E6.75,8.0,48.389652252197266
early,qiu2022,devmap,E6.75,E8.0-R1,23,2075,4498,E6.75,8.0,50.52946472167969
early,qiu2022,devmap,E6.75,E8.0-R1,24,2075,4498,E6.75,8.0,49.90895080566406
early,qiu2022,devmap,E6.75,E8.0-R1,25,2075,4498,E6.75,8.0,50.50785827636719
early,qiu2022,devmap,E6.75,E8.0-R1,26,2075,4498,E6.75,8.0,49.870819091796875
early,qiu2022,devmap,E6.75,E8.0-R1,27,2075,4498,E6.75,8.0,47.30226135253906
early,qiu2022,devmap,E6.75,E8.0-R1,28,2075,4498,E6.75,8.0,47.625953674316406
early,qiu2022,devmap,E6.75,E8.0-R1,29,2075,4498,E6.75,8.0,45.65605163574219
early,qiu2022,devmap,E6.75,E8.0-R1,30,2075,4498,E6.75,8.0,48.306358337402344
early,qiu2022,devmap,E6.75,E8.0-R1,31,2075,4498,E6.75,8.0,52.492149353027344
early,qiu2022,devmap,E6.75,E8.0-R1,32,2075,4498,E6.75,8.0,48.43476486206055
early,qiu2022,devmap,E6.75,E8.0-R1,33,2075,4498,E6.75,8.0,50.74956130981445
early,qiu2022,devmap,E6.75,E8.0-R1,34,2075,4498,E6.75,8.0,51.15355682373047
early,qiu2022,devmap,E6.75,E8.0-R1,35,2075,4498,E6.75,8.0,49.37054443359375
early,qiu2022,devmap,E6.75,E8.0-R1,36,2075,4498,E6.75,8.0,48.48438262939453
early,qiu2022,devmap,E6.75,E8.0-R1,37,2075,4498,E6.75,8.0,46.990657806396484
early,qiu2022,devmap,E6.75,E8.0-R1,38,2075,4498,E6.75,8.0,49.973609924316406
early,qiu2022,devmap,E6.75,E8.0-R1,39,2075,4498,E6.75,8.0,46.56291580200195
early,qiu2022,devmap,E6.75,E8.0-R1,40,2075,4498,E6.75,8.0,50.64875411987305
early,qiu2022,devmap,E6.75,E8.0-R1,41,2075,4498,E6.75,8.0,44.416812896728516
early,qiu2022,devmap,E6.75,E8.0-R1,42,2075,4498,E6.75,8.0,46.353599548339844
early,qiu2022,devmap,E6.75,E8.0-R1,43,2075,4498,E6.75,8.0,49.50360870361328
early,qiu2022,devmap,E6.75,E8.0-R1,44,2075,4498,E6.75,8.0,46.83824157714844
early,qiu2022,devmap,E6.75,E8.0-R1,45,2075,4498,E6.75,8.0,44.18135070800781
early,qiu2022,devmap,E6.75,E8.0-R1,46,2075,4498,E6.75,8.0,47.13176345825195
early,qiu2022,devmap,E6.75,E8.0-R1,47,2075,4498,E6.75,8.0,47.47328186035156
early,qiu2022,devmap,E6.75,E8.0-R1,48,2075,4498,E6.75,8.0,50.6493034362793
early,qiu2022,devmap,E6.75,E8.0-R1,49,2075,4498,E6.75,8.0,44.214595794677734
early,qiu2022,devmap,E6.75,E8.0-R2,0,2075,10681,E6.75,8.0,49.56611633300781
early,qiu2022,devmap,E6.75,E8.0-R2,1,2075,10681,E6.75,8.0,48.88395309448242
early,qiu2022,devmap,E6.75,E8.0-R2,2,2075,10681,E6.75,8.0,51.43968200683594
early,qiu2022,devmap,E6.75,E8.0-R2,3,2075,10681,E6.75,8.0,52.23984146118164
early,qiu2022,devmap,E6.75,E8.0-R2,4,2075,10681,E6.75,8.0,53.852481842041016
early,qiu2022,devmap,E6.75,E8.0-R2,5,2075,10681,E6.75,8.0,51.888587951660156
early,qiu2022,devmap,E6.75,E8.0-R2,6,2075,10681,E6.75,8.0,53.35121154785156
early,qiu2022,devmap,E6.75,E8.0-R2,7,2075,10681,E6.75,8.0,51.800472259521484
early,qiu2022,devmap,E6.75,E8.0-R2,8,2075,10681,E6.75,8.0,52.83131408691406
early,qiu2022,devmap,E6.75,E8.0-R2,9,2075,10681,E6.75,8.0,49.85780334472656
early,qiu2022,devmap,E6.75,E8.0-R2,10,2075,10681,E6.75,8.0,52.395599365234375
early,qiu2022,devmap,E6.75,E8.0-R2,11,2075,10681,E6.75,8.0,53.854644775390625
early,qiu2022,devmap,E6.75,E8.0-R2,12,2075,10681,E6.75,8.0,55.29027557373047
early,qiu2022,devmap,E6.75,E8.0-R2,13,2075,10681,E6.75,8.0,54.496849060058594
early,qiu2022,devmap,E6.75,E8.0-R2,14,2075,10681,E6.75,8.0,49.77448272705078
early,qiu2022,devmap,E6.75,E8.0-R2,15,2075,10681,E6.75,8.0,50.73625946044922
early,qiu2022,devmap,E6.75,E8.0-R2,16,2075,10681,E6.75,8.0,51.11795425415039
early,qiu2022,devmap,E6.75,E8.0-R2,17,2075,10681,E6.75,8.0,53.80921936035156
early,qiu2022,devmap,E6.75,E8.0-R2,18,2075,10681,E6.75,8.0,49.89509963989258
early,qiu2022,devmap,E6.75,E8.0-R2,19,2075,10681,E6.75,8.0,49.980499267578125
early,qiu2022,devmap,E6.75,E8.0-R2,20,2075,10681,E6.75,8.0,49.87556838989258
early,qiu2022,devmap,E6.75,E8.0-R2,21,2075,10681,E6.75,8.0,50.928890228271484
early,qiu2022,devmap,E6.75,E8.0-R2,22,2075,10681,E6.75,8.0,48.26907730102539
early,qiu2022,devmap,E6.75,E8.0-R2,23,2075,10681,E6.75,8.0,51.930458068847656
early,qiu2022,devmap,E6.75,E8.0-R2,24,2075,10681,E6.75,8.0,50.00979995727539
early,qiu2022,devmap,E6.75,E8.0-R2,25,2075,10681,E6.75,8.0,53.822715759277344
early,qiu2022,devmap,E6.75,E8.0-R2,26,2075,10681,E6.75,8.0,53.5906982421875
early,qiu2022,devmap,E6.75,E8.0-R2,27,2075,10681,E6.75,8.0,50.462894439697266
early,qiu2022,devmap,E6.75,E8.0-R2,28,2075,10681,E6.75,8.0,54.99259948730469
early,qiu2022,devmap,E6.75,E8.0-R2,29,2075,10681,E6.75,8.0,52.25989532470703
early,qiu2022,devmap,E6.75,E8.0-R2,30,2075,10681,E6.75,8.0,50.12431335449219
early,qiu2022,devmap,E6.75,E8.0-R2,31,2075,10681,E6.75,8.0,53.79716873168945
early,qiu2022,devmap,E6.75,E8.0-R2,32,2075,10681,E6.75,8.0,53.091705322265625
early,qiu2022,devmap,E6.75,E8.0-R2,33,2075,10681,E6.75,8.0,51.386199951171875
early,qiu2022,devmap,E6.75,E8.0-R2,34,2075,10681,E6.75,8.0,51.34233474731445
early,qiu2022,devmap,E6.75,E8.0-R2,35,2075,10681,E6.75,8.0,53.79218292236328
early,qiu2022,devmap,E6.75,E8.0-R2,36,2075,10681,E6.75,8.0,54.11416244506836
early,qiu2022,devmap,E6.75,E8.0-R2,37,2075,10681,E6.75,8.0,49.85144805908203
early,qiu2022,devmap,E6.75,E8.0-R2,38,2075,10681,E6.75,8.0,51.019683837890625
early,qiu2022,devmap,E6.75,E8.0-R2,39,2075,10681,E6.75,8.0,48.14421844482422
early,qiu2022,devmap,E6.75,E8.0-R2,40,2075,10681,E6.75,8.0,50.83753967285156
early,qiu2022,devmap,E6.75,E8.0-R2,41,2075,10681,E6.75,8.0,51.23643493652344
early,qiu2022,devmap,E6.75,E8.0-R2,42,2075,10681,E6.75,8.0,51.571327209472656
early,qiu2022,devmap,E6.75,E8.0-R2,43,2075,10681,E6.75,8.0,53.65220642089844
early,qiu2022,devmap,E6.75,E8.0-R2,44,2075,10681,E6.75,8.0,50.11466979980469
early,qiu2022,devmap,E6.75,E8.0-R2,45,2075,10681,E6.75,8.0,52.120140075683594
early,qiu2022,devmap,E6.75,E8.0-R2,46,2075,10681,E6.75,8.0,52.23690414428711
early,qiu2022,devmap,E6.75,E8.0-R2,47,2075,10681,E6.75,8.0,51.64513397216797
early,qiu2022,devmap,E6.75,E8.0-R2,48,2075,10681,E6.75,8.0,50.07423400878906
early,qiu2022,devmap,E6.75,E8.0-R2,49,2075,10681,E6.75,8.0,54.140682220458984
early,qiu2022,devmap,E6.75,E8.0-R3,0,2075,6763,E6.75,8.0,51.432838439941406
early,qiu2022,devmap,E6.75,E8.0-R3,1,2075,6763,E6.75,8.0,50.13335418701172
early,qiu2022,devmap,E6.75,E8.0-R3,2,2075,6763,E6.75,8.0,48.75312805175781
early,qiu2022,devmap,E6.75,E8.0-R3,3,2075,6763,E6.75,8.0,49.46222686767578
early,qiu2022,devmap,E6.75,E8.0-R3,4,2075,6763,E6.75,8.0,51.05833435058594
early,qiu2022,devmap,E6.75,E8.0-R3,5,2075,6763,E6.75,8.0,50.267234802246094
early,qiu2022,devmap,E6.75,E8.0-R3,6,2075,6763,E6.75,8.0,47.628875732421875
early,qiu2022,devmap,E6.75,E8.0-R3,7,2075,6763,E6.75,8.0,49.713157653808594
early,qiu2022,devmap,E6.75,E8.0-R3,8,2075,6763,E6.75,8.0,51.536766052246094
early,qiu2022,devmap,E6.75,E8.0-R3,9,2075,6763,E6.75,8.0,49.74128723144531
early,qiu2022,devmap,E6.75,E8.0-R3,10,2075,6763,E6.75,8.0,50.0055046081543
early,qiu2022,devmap,E6.75,E8.0-R3,11,2075,6763,E6.75,8.0,50.12287902832031
early,qiu2022,devmap,E6.75,E8.0-R3,12,2075,6763,E6.75,8.0,48.51166534423828
early,qiu2022,devmap,E6.75,E8.0-R3,13,2075,6763,E6.75,8.0,50.587379455566406
early,qiu2022,devmap,E6.75,E8.0-R3,14,2075,6763,E6.75,8.0,50.73762512207031
early,qiu2022,devmap,E6.75,E8.0-R3,15,2075,6763,E6.75,8.0,47.939674377441406
early,qiu2022,devmap,E6.75,E8.0-R3,16,2075,6763,E6.75,8.0,48.69989776611328
early,qiu2022,devmap,E6.75,E8.0-R3,17,2075,6763,E6.75,8.0,49.67524719238281
early,qiu2022,devmap,E6.75,E8.0-R3,18,2075,6763,E6.75,8.0,50.36396408081055
early,qiu2022,devmap,E6.75,E8.0-R3,19,2075,6763,E6.75,8.0,46.24449920654297
early,qiu2022,devmap,E6.75,E8.0-R3,20,2075,6763,E6.75,8.0,50.528160095214844
early,qiu2022,devmap,E6.75,E8.0-R3,21,2075,6763,E6.75,8.0,47.51063919067383
early,qiu2022,devmap,E6.75,E8.0-R3,22,2075,6763,E6.75,8.0,48.294837951660156
early,qiu2022,devmap,E6.75,E8.0-R3,23,2075,6763,E6.75,8.0,50.26946258544922
early,qiu2022,devmap,E6.75,E8.0-R3,24,2075,6763,E6.75,8.0,49.97089385986328
early,qiu2022,devmap,E6.75,E8.0-R3,25,2075,6763,E6.75,8.0,50.12629318237305
early,qiu2022,devmap,E6.75,E8.0-R3,26,2075,6763,E6.75,8.0,53.171451568603516
early,qiu2022,devmap,E6.75,E8.0-R3,27,2075,6763,E6.75,8.0,49.16432571411133
early,qiu2022,devmap,E6.75,E8.0-R3,28,2075,6763,E6.75,8.0,50.27867126464844
early,qiu2022,devmap,E6.75,E8.0-R3,29,2075,6763,E6.75,8.0,48.441734313964844
early,qiu2022,devmap,E6.75,E8.0-R3,30,2075,6763,E6.75,8.0,53.093170166015625
early,qiu2022,devmap,E6.75,E8.0-R3,31,2075,6763,E6.75,8.0,48.95760726928711
early,qiu2022,devmap,E6.75,E8.0-R3,32,2075,6763,E6.75,8.0,50.82185363769531
early,qiu2022,devmap,E6.75,E8.0-R3,33,2075,6763,E6.75,8.0,49.782508850097656
early,qiu2022,devmap,E6.75,E8.0-R3,34,2075,6763,E6.75,8.0,48.633113861083984
early,qiu2022,devmap,E6.75,E8.0-R3,35,2075,6763,E6.75,8.0,50.34192657470703
early,qiu2022,devmap,E6.75,E8.0-R3,36,2075,6763,E6.75,8.0,51.2415885925293
early,qiu2022,devmap,E6.75,E8.0-R3,37,2075,6763,E6.75,8.0,52.1080322265625
early,qiu2022,devmap,E6.75,E8.0-R3,38,2075,6763,E6.75,8.0,52.15516662597656
early,qiu2022,devmap,E6.75,E8.0-R3,39,2075,6763,E6.75,8.0,50.99247741699219
early,qiu2022,devmap,E6.75,E8.0-R3,40,2075,6763,E6.75,8.0,49.013126373291016
early,qiu2022,devmap,E6.75,E8.0-R3,41,2075,6763,E6.75,8.0,49.948394775390625
early,qiu2022,devmap,E6.75,E8.0-R3,42,2075,6763,E6.75,8.0,49.1346321105957
early,qiu2022,devmap,E6.75,E8.0-R3,43,2075,6763,E6.75,8.0,51.91644287109375
early,qiu2022,devmap,E6.75,E8.0-R3,44,2075,6763,E6.75,8.0,51.468997955322266
early,qiu2022,devmap,E6.75,E8.0-R3,45,2075,6763,E6.75,8.0,50.07304000854492
early,qiu2022,devmap,E6.75,E8.0-R3,46,2075,6763,E6.75,8.0,52.110267639160156
early,qiu2022,devmap,E6.75,E8.0-R3,47,2075,6763,E6.75,8.0,49.91213607788086
early,qiu2022,devmap,E6.75,E8.0-R3,48,2075,6763,E6.75,8.0,51.93584442138672
early,qiu2022,devmap,E6.75,E8.0-R3,49,2075,6763,E6.75,8.0,50.756797790527344
early,qiu2022,devmap,E6.75,E8.5-R1,0,2075,23435,E6.75,8.5,69.81196594238281
early,qiu2022,devmap,E6.75,E8.5-R1,1,2075,23435,E6.75,8.5,67.17303466796875
early,qiu2022,devmap,E6.75,E8.5-R1,2,2075,23435,E6.75,8.5,68.16112518310547
early,qiu2022,devmap,E6.75,E8.5-R1,3,2075,23435,E6.75,8.5,66.38998413085938
early,qiu2022,devmap,E6.75,E8.5-R1,4,2075,23435,E6.75,8.5,70.89311218261719
early,qiu2022,devmap,E6.75,E8.5-R1,5,2075,23435,E6.75,8.5,68.5567398071289
early,qiu2022,devmap,E6.75,E8.5-R1,6,2075,23435,E6.75,8.5,67.15708923339844
early,qiu2022,devmap,E6.75,E8.5-R1,7,2075,23435,E6.75,8.5,66.1471176147461
early,qiu2022,devmap,E6.75,E8.5-R1,8,2075,23435,E6.75,8.5,70.53245544433594
early,qiu2022,devmap,E6.75,E8.5-R1,9,2075,23435,E6.75,8.5,69.13912963867188
early,qiu2022,devmap,E6.75,E8.5-R1,10,2075,23435,E6.75,8.5,70.59185791015625
early,qiu2022,devmap,E6.75,E8.5-R1,11,2075,23435,E6.75,8.5,66.033447265625
early,qiu2022,devmap,E6.75,E8.5-R1,12,2075,23435,E6.75,8.5,67.19004821777344
early,qiu2022,devmap,E6.75,E8.5-R1,13,2075,23435,E6.75,8.5,68.5831298828125
early,qiu2022,devmap,E6.75,E8.5-R1,14,2075,23435,E6.75,8.5,64.44635009765625
early,qiu2022,devmap,E6.75,E8.5-R1,15,2075,23435,E6.75,8.5,67.88697052001953
early,qiu2022,devmap,E6.75,E8.5-R1,16,2075,23435,E6.75,8.5,68.35665893554688
early,qiu2022,devmap,E6.75,E8.5-R1,17,2075,23435,E6.75,8.5,70.60804748535156
early,qiu2022,devmap,E6.75,E8.5-R1,18,2075,23435,E6.75,8.5,69.97645568847656
early,qiu2022,devmap,E6.75,E8.5-R1,19,2075,23435,E6.75,8.5,68.26603698730469
early,qiu2022,devmap,E6.75,E8.5-R1,20,2075,23435,E6.75,8.5,70.93150329589844
early,qiu2022,devmap,E6.75,E8.5-R1,21,2075,23435,E6.75,8.5,68.4080581665039
early,qiu2022,devmap,E6.75,E8.5-R1,22,2075,23435,E6.75,8.5,66.34820556640625
early,qiu2022,devmap,E6.75,E8.5-R1,23,2075,23435,E6.75,8.5,70.32830810546875
early,qiu2022,devmap,E6.75,E8.5-R1,24,2075,23435,E6.75,8.5,67.70386505126953
early,qiu2022,devmap,E6.75,E8.5-R1,25,2075,23435,E6.75,8.5,66.94888305664062
early,qiu2022,devmap,E6.75,E8.5-R1,26,2075,23435,E6.75,8.5,68.714599609375
early,qiu2022,devmap,E6.75,E8.5-R1,27,2075,23435,E6.75,8.5,66.68994140625
early,qiu2022,devmap,E6.75,E8.5-R1,28,2075,23435,E6.75,8.5,68.73005676269531
early,qiu2022,devmap,E6.75,E8.5-R1,29,2075,23435,E6.75,8.5,68.17889404296875
early,qiu2022,devmap,E6.75,E8.5-R1,30,2075,23435,E6.75,8.5,66.2454833984375
early,qiu2022,devmap,E6.75,E8.5-R1,31,2075,23435,E6.75,8.5,67.22418212890625
early,qiu2022,devmap,E6.75,E8.5-R1,32,2075,23435,E6.75,8.5,69.26820373535156
early,qiu2022,devmap,E6.75,E8.5-R1,33,2075,23435,E6.75,8.5,69.45635986328125
early,qiu2022,devmap,E6.75,E8.5-R1,34,2075,23435,E6.75,8.5,71.49111938476562
early,qiu2022,devmap,E6.75,E8.5-R1,35,2075,23435,E6.75,8.5,67.68038940429688
early,qiu2022,devmap,E6.75,E8.5-R1,36,2075,23435,E6.75,8.5,67.80632781982422
early,qiu2022,devmap,E6.75,E8.5-R1,37,2075,23435,E6.75,8.5,70.35761260986328
early,qiu2022,devmap,E6.75,E8.5-R1,38,2075,23435,E6.75,8.5,69.29725646972656
early,qiu2022,devmap,E6.75,E8.5-R1,39,2075,23435,E6.75,8.5,69.68623352050781
early,qiu2022,devmap,E6.75,E8.5-R1,40,2075,23435,E6.75,8.5,70.10073852539062
early,qiu2022,devmap,E6.75,E8.5-R1,41,2075,23435,E6.75,8.5,67.4019775390625
early,qiu2022,devmap,E6.75,E8.5-R1,42,2075,23435,E6.75,8.5,69.78226470947266
early,qiu2022,devmap,E6.75,E8.5-R1,43,2075,23435,E6.75,8.5,67.59335327148438
early,qiu2022,devmap,E6.75,E8.5-R1,44,2075,23435,E6.75,8.5,66.57232666015625
early,qiu2022,devmap,E6.75,E8.5-R1,45,2075,23435,E6.75,8.5,67.13375854492188
early,qiu2022,devmap,E6.75,E8.5-R1,46,2075,23435,E6.75,8.5,67.14802551269531
early,qiu2022,devmap,E6.75,E8.5-R1,47,2075,23435,E6.75,8.5,67.58251953125
early,qiu2022,devmap,E6.75,E8.5-R1,48,2075,23435,E6.75,8.5,69.4658203125
early,qiu2022,devmap,E6.75,E8.5-R1,49,2075,23435,E6.75,8.5,66.51001739501953
early,qiu2022,devmap,E6.75,E8.5-R2,0,2075,38216,E6.75,8.5,67.2160415649414
early,qiu2022,devmap,E6.75,E8.5-R2,1,2075,38216,E6.75,8.5,67.48002624511719
early,qiu2022,devmap,E6.75,E8.5-R2,2,2075,38216,E6.75,8.5,68.88673400878906
early,qiu2022,devmap,E6.75,E8.5-R2,3,2075,38216,E6.75,8.5,67.18577575683594
early,qiu2022,devmap,E6.75,E8.5-R2,4,2075,38216,E6.75,8.5,67.48135375976562
early,qiu2022,devmap,E6.75,E8.5-R2,5,2075,38216,E6.75,8.5,69.629150390625
early,qiu2022,devmap,E6.75,E8.5-R2,6,2075,38216,E6.75,8.5,69.61911010742188
early,qiu2022,devmap,E6.75,E8.5-R2,7,2075,38216,E6.75,8.5,66.8060531616211
early,qiu2022,devmap,E6.75,E8.5-R2,8,2075,38216,E6.75,8.5,69.86140441894531
early,qiu2022,devmap,E6.75,E8.5-R2,9,2075,38216,E6.75,8.5,68.86396789550781
early,qiu2022,devmap,E6.75,E8.5-R2,10,2075,38216,E6.75,8.5,66.79463195800781
early,qiu2022,devmap,E6.75,E8.5-R2,11,2075,38216,E6.75,8.5,67.68592071533203
early,qiu2022,devmap,E6.75,E8.5-R2,12,2075,38216,E6.75,8.5,67.28237915039062
early,qiu2022,devmap,E6.75,E8.5-R2,13,2075,38216,E6.75,8.5,68.91220092773438
early,qiu2022,devmap,E6.75,E8.5-R2,14,2075,38216,E6.75,8.5,67.18461608886719
early,qiu2022,devmap,E6.75,E8.5-R2,15,2075,38216,E6.75,8.5,67.13282012939453
early,qiu2022,devmap,E6.75,E8.5-R2,16,2075,38216,E6.75,8.5,69.49262237548828
early,qiu2022,devmap,E6.75,E8.5-R2,17,2075,38216,E6.75,8.5,71.12557983398438
early,qiu2022,devmap,E6.75,E8.5-R2,18,2075,38216,E6.75,8.5,69.8297119140625
early,qiu2022,devmap,E6.75,E8.5-R2,19,2075,38216,E6.75,8.5,67.77627563476562
early,qiu2022,devmap,E6.75,E8.5-R2,20,2075,38216,E6.75,8.5,69.37947082519531
early,qiu2022,devmap,E6.75,E8.5-R2,21,2075,38216,E6.75,8.5,68.2863540649414
early,qiu2022,devmap,E6.75,E8.5-R2,22,2075,38216,E6.75,8.5,67.58275604248047
early,qiu2022,devmap,E6.75,E8.5-R2,23,2075,38216,E6.75,8.5,68.09098815917969
early,qiu2022,devmap,E6.75,E8.5-R2,24,2075,38216,E6.75,8.5,67.6904296875
early,qiu2022,devmap,E6.75,E8.5-R2,25,2075,38216,E6.75,8.5,69.58369445800781
early,qiu2022,devmap,E6.75,E8.5-R2,26,2075,38216,E6.75,8.5,70.00859069824219
early,qiu2022,devmap,E6.75,E8.5-R2,27,2075,38216,E6.75,8.5,69.16978454589844
early,qiu2022,devmap,E6.75,E8.5-R2,28,2075,38216,E6.75,8.5,67.93663024902344
early,qiu2022,devmap,E6.75,E8.5-R2,29,2075,38216,E6.75,8.5,70.19660949707031
early,qiu2022,devmap,E6.75,E8.5-R2,30,2075,38216,E6.75,8.5,70.78153991699219
early,qiu2022,devmap,E6.75,E8.5-R2,31,2075,38216,E6.75,8.5,67.1292724609375
early,qiu2022,devmap,E6.75,E8.5-R2,32,2075,38216,E6.75,8.5,66.1004638671875
early,qiu2022,devmap,E6.75,E8.5-R2,33,2075,38216,E6.75,8.5,67.17544555664062
early,qiu2022,devmap,E6.75,E8.5-R2,34,2075,38216,E6.75,8.5,69.36878967285156
early,qiu2022,devmap,E6.75,E8.5-R2,35,2075,38216,E6.75,8.5,69.8671646118164
early,qiu2022,devmap,E6.75,E8.5-R2,36,2075,38216,E6.75,8.5,68.68357849121094
early,qiu2022,devmap,E6.75,E8.5-R2,37,2075,38216,E6.75,8.5,68.48664855957031
early,qiu2022,devmap,E6.75,E8.5-R2,38,2075,38216,E6.75,8.5,69.58442687988281
early,qiu2022,devmap,E6.75,E8.5-R2,39,2075,38216,E6.75,8.5,67.22294616699219
early,qiu2022,devmap,E6.75,E8.5-R2,40,2075,38216,E6.75,8.5,66.3066635131836
early,qiu2022,devmap,E6.75,E8.5-R2,41,2075,38216,E6.75,8.5,67.47865295410156
early,qiu2022,devmap,E6.75,E8.5-R2,42,2075,38216,E6.75,8.5,68.37579345703125
early,qiu2022,devmap,E6.75,E8.5-R2,43,2075,38216,E6.75,8.5,68.83964538574219
early,qiu2022,devmap,E6.75,E8.5-R2,44,2075,38216,E6.75,8.5,72.15755462646484
early,qiu2022,devmap,E6.75,E8.5-R2,45,2075,38216,E6.75,8.5,66.59953308105469
early,qiu2022,devmap,E6.75,E8.5-R2,46,2075,38216,E6.75,8.5,68.99884033203125
early,qiu2022,devmap,E6.75,E8.5-R2,47,2075,38216,E6.75,8.5,67.9222640991211
early,qiu2022,devmap,E6.75,E8.5-R2,48,2075,38216,E6.75,8.5,69.25141143798828
early,qiu2022,devmap,E6.75,E8.5-R2,49,2075,38216,E6.75,8.5,67.4898452758789
early,qiu2022,devmap,E6.75,E8.5-R3,0,2075,27743,E6.75,8.5,65.24235534667969
early,qiu2022,devmap,E6.75,E8.5-R3,1,2075,27743,E6.75,8.5,63.503021240234375
early,qiu2022,devmap,E6.75,E8.5-R3,2,2075,27743,E6.75,8.5,65.35293579101562
early,qiu2022,devmap,E6.75,E8.5-R3,3,2075,27743,E6.75,8.5,66.95797729492188
early,qiu2022,devmap,E6.75,E8.5-R3,4,2075,27743,E6.75,8.5,65.75257873535156
early,qiu2022,devmap,E6.75,E8.5-R3,5,2075,27743,E6.75,8.5,64.76433563232422
early,qiu2022,devmap,E6.75,E8.5-R3,6,2075,27743,E6.75,8.5,66.75679016113281
early,qiu2022,devmap,E6.75,E8.5-R3,7,2075,27743,E6.75,8.5,63.82072448730469
early,qiu2022,devmap,E6.75,E8.5-R3,8,2075,27743,E6.75,8.5,66.20878601074219
early,qiu2022,devmap,E6.75,E8.5-R3,9,2075,27743,E6.75,8.5,64.68698120117188
early,qiu2022,devmap,E6.75,E8.5-R3,10,2075,27743,E6.75,8.5,67.5357894897461
early,qiu2022,devmap,E6.75,E8.5-R3,11,2075,27743,E6.75,8.5,64.40740203857422
early,qiu2022,devmap,E6.75,E8.5-R3,12,2075,27743,E6.75,8.5,65.39810180664062
early,qiu2022,devmap,E6.75,E8.5-R3,13,2075,27743,E6.75,8.5,65.26980590820312
early,qiu2022,devmap,E6.75,E8.5-R3,14,2075,27743,E6.75,8.5,64.55378723144531
early,qiu2022,devmap,E6.75,E8.5-R3,15,2075,27743,E6.75,8.5,64.47264862060547
early,qiu2022,devmap,E6.75,E8.5-R3,16,2075,27743,E6.75,8.5,64.79695892333984
early,qiu2022,devmap,E6.75,E8.5-R3,17,2075,27743,E6.75,8.5,65.22935485839844
early,qiu2022,devmap,E6.75,E8.5-R3,18,2075,27743,E6.75,8.5,65.313232421875
early,qiu2022,devmap,E6.75,E8.5-R3,19,2075,27743,E6.75,8.5,62.72401809692383
early,qiu2022,devmap,E6.75,E8.5-R3,20,2075,27743,E6.75,8.5,62.86206817626953
early,qiu2022,devmap,E6.75,E8.5-R3,21,2075,27743,E6.75,8.5,67.51200866699219
early,qiu2022,devmap,E6.75,E8.5-R3,22,2075,27743,E6.75,8.5,62.27131652832031
early,qiu2022,devmap,E6.75,E8.5-R3,23,2075,27743,E6.75,8.5,64.87776947021484
early,qiu2022,devmap,E6.75,E8.5-R3,24,2075,27743,E6.75,8.5,64.2786865234375
early,qiu2022,devmap,E6.75,E8.5-R3,25,2075,27743,E6.75,8.5,66.36941528320312
early,qiu2022,devmap,E6.75,E8.5-R3,26,2075,27743,E6.75,8.5,66.17642211914062
early,qiu2022,devmap,E6.75,E8.5-R3,27,2075,27743,E6.75,8.5,65.83895111083984
early,qiu2022,devmap,E6.75,E8.5-R3,28,2075,27743,E6.75,8.5,66.97491455078125
early,qiu2022,devmap,E6.75,E8.5-R3,29,2075,27743,E6.75,8.5,68.05914306640625
early,qiu2022,devmap,E6.75,E8.5-R3,30,2075,27743,E6.75,8.5,66.82122802734375
early,qiu2022,devmap,E6.75,E8.5-R3,31,2075,27743,E6.75,8.5,62.65455627441406
early,qiu2022,devmap,E6.75,E8.5-R3,32,2075,27743,E6.75,8.5,66.4520263671875
early,qiu2022,devmap,E6.75,E8.5-R3,33,2075,27743,E6.75,8.5,66.05531311035156
early,qiu2022,devmap,E6.75,E8.5-R3,34,2075,27743,E6.75,8.5,65.02379608154297
early,qiu2022,devmap,E6.75,E8.5-R3,35,2075,27743,E6.75,8.5,65.87291717529297
early,qiu2022,devmap,E6.75,E8.5-R3,36,2075,27743,E6.75,8.5,67.68882751464844
early,qiu2022,devmap,E6.75,E8.5-R3,37,2075,27743,E6.75,8.5,69.10673522949219
early,qiu2022,devmap,E6.75,E8.5-R3,38,2075,27743,E6.75,8.5,67.64608764648438
early,qiu2022,devmap,E6.75,E8.5-R3,39,2075,27743,E6.75,8.5,64.45466613769531
early,qiu2022,devmap,E6.75,E8.5-R3,40,2075,27743,E6.75,8.5,65.47886657714844
early,qiu2022,devmap,E6.75,E8.5-R3,41,2075,27743,E6.75,8.5,63.48438262939453
early,qiu2022,devmap,E6.75,E8.5-R3,42,2075,27743,E6.75,8.5,65.11194610595703
early,qiu2022,devmap,E6.75,E8.5-R3,43,2075,27743,E6.75,8.5,68.07548522949219
early,qiu2022,devmap,E6.75,E8.5-R3,44,2075,27743,E6.75,8.5,64.54259490966797
early,qiu2022,devmap,E6.75,E8.5-R3,45,2075,27743,E6.75,8.5,64.42786407470703
early,qiu2022,devmap,E6.75,E8.5-R3,46,2075,27743,E6.75,8.5,62.644691467285156
early,qiu2022,devmap,E6.75,E8.5-R3,47,2075,27743,E6.75,8.5,64.94620513916016
early,qiu2022,devmap,E6.75,E8.5-R3,48,2075,27743,E6.75,8.5,65.18391418457031
early,qiu2022,devmap,E6.75,E8.5-R3,49,2075,27743,E6.75,8.5,68.23272705078125
early,qiu2022,devmap,E7,E7.5-R1,0,14749,1342,E7,7.5,48.45322799682617
early,qiu2022,devmap,E7,E7.5-R1,1,14749,1342,E7,7.5,43.21879196166992
early,qiu2022,devmap,E7,E7.5-R1,2,14749,1342,E7,7.5,46.17322540283203
early,qiu2022,devmap,E7,E7.5-R1,3,14749,1342,E7,7.5,52.684932708740234
early,qiu2022,devmap,E7,E7.5-R1,4,14749,1342,E7,7.5,44.31904983520508
early,qiu2022,devmap,E7,E7.5-R1,5,14749,1342,E7,7.5,52.17771911621094
early,qiu2022,devmap,E7,E7.5-R1,6,14749,1342,E7,7.5,45.962249755859375
early,qiu2022,devmap,E7,E7.5-R1,7,14749,1342,E7,7.5,37.420501708984375
early,qiu2022,devmap,E7,E7.5-R1,8,14749,1342,E7,7.5,50.58055877685547
early,qiu2022,devmap,E7,E7.5-R1,9,14749,1342,E7,7.5,47.51231384277344
early,qiu2022,devmap,E7,E7.5-R1,10,14749,1342,E7,7.5,59.123146057128906
early,qiu2022,devmap,E7,E7.5-R1,11,14749,1342,E7,7.5,49.90399169921875
early,qiu2022,devmap,E7,E7.5-R1,12,14749,1342,E7,7.5,45.30586242675781
early,qiu2022,devmap,E7,E7.5-R1,13,14749,1342,E7,7.5,43.09351348876953
early,qiu2022,devmap,E7,E7.5-R1,14,14749,1342,E7,7.5,44.519256591796875
early,qiu2022,devmap,E7,E7.5-R1,15,14749,1342,E7,7.5,50.15934753417969
early,qiu2022,devmap,E7,E7.5-R1,16,14749,1342,E7,7.5,46.60048294067383
early,qiu2022,devmap,E7,E7.5-R1,17,14749,1342,E7,7.5,44.446067810058594
early,qiu2022,devmap,E7,E7.5-R1,18,14749,1342,E7,7.5,48.23497772216797
early,qiu2022,devmap,E7,E7.5-R1,19,14749,1342,E7,7.5,48.691070556640625
early,qiu2022,devmap,E7,E7.5-R1,20,14749,1342,E7,7.5,43.80183410644531
early,qiu2022,devmap,E7,E7.5-R1,21,14749,1342,E7,7.5,43.37421417236328
early,qiu2022,devmap,E7,E7.5-R1,22,14749,1342,E7,7.5,44.5166015625
early,qiu2022,devmap,E7,E7.5-R1,23,14749,1342,E7,7.5,48.7720947265625
early,qiu2022,devmap,E7,E7.5-R1,24,14749,1342,E7,7.5,50.088966369628906
early,qiu2022,devmap,E7,E7.5-R1,25,14749,1342,E7,7.5,45.806922912597656
early,qiu2022,devmap,E7,E7.5-R1,26,14749,1342,E7,7.5,45.733123779296875
early,qiu2022,devmap,E7,E7.5-R1,27,14749,1342,E7,7.5,44.466468811035156
early,qiu2022,devmap,E7,E7.5-R1,28,14749,1342,E7,7.5,44.10572814941406
early,qiu2022,devmap,E7,E7.5-R1,29,14749,1342,E7,7.5,43.62953567504883
early,qiu2022,devmap,E7,E7.5-R1,30,14749,1342,E7,7.5,44.25420379638672
early,qiu2022,devmap,E7,E7.5-R1,31,14749,1342,E7,7.5,42.875709533691406
early,qiu2022,devmap,E7,E7.5-R1,32,14749,1342,E7,7.5,46.6093864440918
early,qiu2022,devmap,E7,E7.5-R1,33,14749,1342,E7,7.5,50.86408233642578
early,qiu2022,devmap,E7,E7.5-R1,34,14749,1342,E7,7.5,50.44572448730469
early,qiu2022,devmap,E7,E7.5-R1,35,14749,1342,E7,7.5,46.176918029785156
early,qiu2022,devmap,E7,E7.5-R1,36,14749,1342,E7,7.5,45.564727783203125
early,qiu2022,devmap,E7,E7.5-R1,37,14749,1342,E7,7.5,44.433265686035156
early,qiu2022,devmap,E7,E7.5-R1,38,14749,1342,E7,7.5,51.92046356201172
early,qiu2022,devmap,E7,E7.5-R1,39,14749,1342,E7,7.5,47.57794189453125
early,qiu2022,devmap,E7,E7.5-R1,40,14749,1342,E7,7.5,47.01123809814453
early,qiu2022,devmap,E7,E7.5-R1,41,14749,1342,E7,7.5,48.716670989990234
early,qiu2022,devmap,E7,E7.5-R1,42,14749,1342,E7,7.5,46.09022521972656
early,qiu2022,devmap,E7,E7.5-R1,43,14749,1342,E7,7.5,40.985626220703125
early,qiu2022,devmap,E7,E7.5-R1,44,14749,1342,E7,7.5,45.161781311035156
early,qiu2022,devmap,E7,E7.5-R1,45,14749,1342,E7,7.5,53.58210372924805
early,qiu2022,devmap,E7,E7.5-R1,46,14749,1342,E7,7.5,48.71577072143555
early,qiu2022,devmap,E7,E7.5-R1,47,14749,1342,E7,7.5,51.240760803222656
early,qiu2022,devmap,E7,E7.5-R1,48,14749,1342,E7,7.5,50.980262756347656
early,qiu2022,devmap,E7,E7.5-R1,49,14749,1342,E7,7.5,48.70124816894531
early,qiu2022,devmap,E7,E7.5-R2,0,14749,1838,E7,7.5,44.20995330810547
early,qiu2022,devmap,E7,E7.5-R2,1,14749,1838,E7,7.5,44.369590759277344
early,qiu2022,devmap,E7,E7.5-R2,2,14749,1838,E7,7.5,44.72446823120117
early,qiu2022,devmap,E7,E7.5-R2,3,14749,1838,E7,7.5,49.91559600830078
early,qiu2022,devmap,E7,E7.5-R2,4,14749,1838,E7,7.5,42.45051574707031
early,qiu2022,devmap,E7,E7.5-R2,5,14749,1838,E7,7.5,46.664939880371094
early,qiu2022,devmap,E7,E7.5-R2,6,14749,1838,E7,7.5,41.09093475341797
early,qiu2022,devmap,E7,E7.5-R2,7,14749,1838,E7,7.5,47.27854919433594
early,qiu2022,devmap,E7,E7.5-R2,8,14749,1838,E7,7.5,47.44084930419922
early,qiu2022,devmap,E7,E7.5-R2,9,14749,1838,E7,7.5,41.44703674316406
early,qiu2022,devmap,E7,E7.5-R2,10,14749,1838,E7,7.5,46.863285064697266
early,qiu2022,devmap,E7,E7.5-R2,11,14749,1838,E7,7.5,41.93720245361328
early,qiu2022,devmap,E7,E7.5-R2,12,14749,1838,E7,7.5,39.70079040527344
early,qiu2022,devmap,E7,E7.5-R2,13,14749,1838,E7,7.5,44.46015930175781
early,qiu2022,devmap,E7,E7.5-R2,14,14749,1838,E7,7.5,45.00153350830078
early,qiu2022,devmap,E7,E7.5-R2,15,14749,1838,E7,7.5,47.27305603027344
early,qiu2022,devmap,E7,E7.5-R2,16,14749,1838,E7,7.5,42.78342056274414
early,qiu2022,devmap,E7,E7.5-R2,17,14749,1838,E7,7.5,40.35606384277344
early,qiu2022,devmap,E7,E7.5-R2,18,14749,1838,E7,7.5,48.22876739501953
early,qiu2022,devmap,E7,E7.5-R2,19,14749,1838,E7,7.5,42.2888069152832
early,qiu2022,devmap,E7,E7.5-R2,20,14749,1838,E7,7.5,40.968257904052734
early,qiu2022,devmap,E7,E7.5-R2,21,14749,1838,E7,7.5,42.40668487548828
early,qiu2022,devmap,E7,E7.5-R2,22,14749,1838,E7,7.5,46.16056823730469
early,qiu2022,devmap,E7,E7.5-R2,23,14749,1838,E7,7.5,41.25867462158203
early,qiu2022,devmap,E7,E7.5-R2,24,14749,1838,E7,7.5,43.99555969238281
early,qiu2022,devmap,E7,E7.5-R2,25,14749,1838,E7,7.5,47.05835723876953
early,qiu2022,devmap,E7,E7.5-R2,26,14749,1838,E7,7.5,42.15874481201172
early,qiu2022,devmap,E7,E7.5-R2,27,14749,1838,E7,7.5,44.16828536987305
early,qiu2022,devmap,E7,E7.5-R2,28,14749,1838,E7,7.5,45.62092590332031
early,qiu2022,devmap,E7,E7.5-R2,29,14749,1838,E7,7.5,45.328094482421875
early,qiu2022,devmap,E7,E7.5-R2,30,14749,1838,E7,7.5,43.68699645996094
early,qiu2022,devmap,E7,E7.5-R2,31,14749,1838,E7,7.5,40.5476188659668
early,qiu2022,devmap,E7,E7.5-R2,32,14749,1838,E7,7.5,46.631282806396484
early,qiu2022,devmap,E7,E7.5-R2,33,14749,1838,E7,7.5,43.04947280883789
early,qiu2022,devmap,E7,E7.5-R2,34,14749,1838,E7,7.5,43.131500244140625
early,qiu2022,devmap,E7,E7.5-R2,35,14749,1838,E7,7.5,43.0266227722168
early,qiu2022,devmap,E7,E7.5-R2,36,14749,1838,E7,7.5,44.89031982421875
early,qiu2022,devmap,E7,E7.5-R2,37,14749,1838,E7,7.5,48.85924530029297
early,qiu2022,devmap,E7,E7.5-R2,38,14749,1838,E7,7.5,40.00381088256836
early,qiu2022,devmap,E7,E7.5-R2,39,14749,1838,E7,7.5,47.50898742675781
early,qiu2022,devmap,E7,E7.5-R2,40,14749,1838,E7,7.5,48.303585052490234
early,qiu2022,devmap,E7,E7.5-R2,41,14749,1838,E7,7.5,50.25157165527344
early,qiu2022,devmap,E7,E7.5-R2,42,14749,1838,E7,7.5,44.01213836669922
early,qiu2022,devmap,E7,E7.5-R2,43,14749,1838,E7,7.5,48.70262908935547
early,qiu2022,devmap,E7,E7.5-R2,44,14749,1838,E7,7.5,47.44877624511719
early,qiu2022,devmap,E7,E7.5-R2,45,14749,1838,E7,7.5,47.12615203857422
early,qiu2022,devmap,E7,E7.5-R2,46,14749,1838,E7,7.5,48.88939666748047
early,qiu2022,devmap,E7,E7.5-R2,47,14749,1838,E7,7.5,47.728187561035156
early,qiu2022,devmap,E7,E7.5-R2,48,14749,1838,E7,7.5,44.71515655517578
early,qiu2022,devmap,E7,E7.5-R2,49,14749,1838,E7,7.5,47.355438232421875
early,qiu2022,devmap,E7,E7.5-R3,0,14749,1468,E7,7.5,49.74696350097656
early,qiu2022,devmap,E7,E7.5-R3,1,14749,1468,E7,7.5,47.000022888183594
early,qiu2022,devmap,E7,E7.5-R3,2,14749,1468,E7,7.5,44.05124282836914
early,qiu2022,devmap,E7,E7.5-R3,3,14749,1468,E7,7.5,53.52350616455078
early,qiu2022,devmap,E7,E7.5-R3,4,14749,1468,E7,7.5,47.17509841918945
early,qiu2022,devmap,E7,E7.5-R3,5,14749,1468,E7,7.5,51.60589599609375
early,qiu2022,devmap,E7,E7.5-R3,6,14749,1468,E7,7.5,48.92167663574219
early,qiu2022,devmap,E7,E7.5-R3,7,14749,1468,E7,7.5,47.73497009277344
early,qiu2022,devmap,E7,E7.5-R3,8,14749,1468,E7,7.5,44.91206359863281
early,qiu2022,devmap,E7,E7.5-R3,9,14749,1468,E7,7.5,42.9621696472168
early,qiu2022,devmap,E7,E7.5-R3,10,14749,1468,E7,7.5,53.05359649658203
early,qiu2022,devmap,E7,E7.5-R3,11,14749,1468,E7,7.5,45.35264587402344
early,qiu2022,devmap,E7,E7.5-R3,12,14749,1468,E7,7.5,43.16779327392578
early,qiu2022,devmap,E7,E7.5-R3,13,14749,1468,E7,7.5,40.94586944580078
early,qiu2022,devmap,E7,E7.5-R3,14,14749,1468,E7,7.5,43.97266387939453
early,qiu2022,devmap,E7,E7.5-R3,15,14749,1468,E7,7.5,50.302268981933594
early,qiu2022,devmap,E7,E7.5-R3,16,14749,1468,E7,7.5,46.740379333496094
early,qiu2022,devmap,E7,E7.5-R3,17,14749,1468,E7,7.5,43.865943908691406
early,qiu2022,devmap,E7,E7.5-R3,18,14749,1468,E7,7.5,47.21882629394531
early,qiu2022,devmap,E7,E7.5-R3,19,14749,1468,E7,7.5,49.89643096923828
early,qiu2022,devmap,E7,E7.5-R3,20,14749,1468,E7,7.5,49.74886703491211
early,qiu2022,devmap,E7,E7.5-R3,21,14749,1468,E7,7.5,49.62636184692383
early,qiu2022,devmap,E7,E7.5-R3,22,14749,1468,E7,7.5,47.6241455078125
early,qiu2022,devmap,E7,E7.5-R3,23,14749,1468,E7,7.5,42.713314056396484
early,qiu2022,devmap,E7,E7.5-R3,24,14749,1468,E7,7.5,48.20165252685547
early,qiu2022,devmap,E7,E7.5-R3,25,14749,1468,E7,7.5,48.79576110839844
early,qiu2022,devmap,E7,E7.5-R3,26,14749,1468,E7,7.5,51.2537841796875
early,qiu2022,devmap,E7,E7.5-R3,27,14749,1468,E7,7.5,50.77191925048828
early,qiu2022,devmap,E7,E7.5-R3,28,14749,1468,E7,7.5,48.74114227294922
early,qiu2022,devmap,E7,E7.5-R3,29,14749,1468,E7,7.5,44.890411376953125
early,qiu2022,devmap,E7,E7.5-R3,30,14749,1468,E7,7.5,54.67176818847656
early,qiu2022,devmap,E7,E7.5-R3,31,14749,1468,E7,7.5,47.23814392089844
early,qiu2022,devmap,E7,E7.5-R3,32,14749,1468,E7,7.5,46.91379928588867
early,qiu2022,devmap,E7,E7.5-R3,33,14749,1468,E7,7.5,48.154605865478516
early,qiu2022,devmap,E7,E7.5-R3,34,14749,1468,E7,7.5,51.685279846191406
early,qiu2022,devmap,E7,E7.5-R3,35,14749,1468,E7,7.5,46.276973724365234
early,qiu2022,devmap,E7,E7.5-R3,36,14749,1468,E7,7.5,47.9403190612793
early,qiu2022,devmap,E7,E7.5-R3,37,14749,1468,E7,7.5,47.08232879638672
early,qiu2022,devmap,E7,E7.5-R3,38,14749,1468,E7,7.5,45.30772018432617
early,qiu2022,devmap,E7,E7.5-R3,39,14749,1468,E7,7.5,45.72953796386719
early,qiu2022,devmap,E7,E7.5-R3,40,14749,1468,E7,7.5,42.6988410949707
early,qiu2022,devmap,E7,E7.5-R3,41,14749,1468,E7,7.5,43.101341247558594
early,qiu2022,devmap,E7,E7.5-R3,42,14749,1468,E7,7.5,48.83003234863281
early,qiu2022,devmap,E7,E7.5-R3,43,14749,1468,E7,7.5,44.387245178222656
early,qiu2022,devmap,E7,E7.5-R3,44,14749,1468,E7,7.5,48.79316711425781
early,qiu2022,devmap,E7,E7.5-R3,45,14749,1468,E7,7.5,45.54481506347656
early,qiu2022,devmap,E7,E7.5-R3,46,14749,1468,E7,7.5,49.989864349365234
early,qiu2022,devmap,E7,E7.5-R3,47,14749,1468,E7,7.5,53.18657684326172
early,qiu2022,devmap,E7,E7.5-R3,48,14749,1468,E7,7.5,48.07406997680664
early,qiu2022,devmap,E7,E7.5-R3,49,14749,1468,E7,7.5,42.60450744628906
early,qiu2022,devmap,E7,E8.0-R1,0,14749,4498,E7,8.0,46.881080627441406
early,qiu2022,devmap,E7,E8.0-R1,1,14749,4498,E7,8.0,41.74371337890625
early,qiu2022,devmap,E7,E8.0-R1,2,14749,4498,E7,8.0,47.85304260253906
early,qiu2022,devmap,E7,E8.0-R1,3,14749,4498,E7,8.0,44.873260498046875
early,qiu2022,devmap,E7,E8.0-R1,4,14749,4498,E7,8.0,45.981910705566406
early,qiu2022,devmap,E7,E8.0-R1,5,14749,4498,E7,8.0,46.687400817871094
early,qiu2022,devmap,E7,E8.0-R1,6,14749,4498,E7,8.0,44.741947174072266
early,qiu2022,devmap,E7,E8.0-R1,7,14749,4498,E7,8.0,48.7654914855957
early,qiu2022,devmap,E7,E8.0-R1,8,14749,4498,E7,8.0,46.541656494140625
early,qiu2022,devmap,E7,E8.0-R1,9,14749,4498,E7,8.0,47.75247573852539
early,qiu2022,devmap,E7,E8.0-R1,10,14749,4498,E7,8.0,46.365135192871094
early,qiu2022,devmap,E7,E8.0-R1,11,14749,4498,E7,8.0,44.64537811279297
early,qiu2022,devmap,E7,E8.0-R1,12,14749,4498,E7,8.0,48.148719787597656
early,qiu2022,devmap,E7,E8.0-R1,13,14749,4498,E7,8.0,44.80951690673828
early,qiu2022,devmap,E7,E8.0-R1,14,14749,4498,E7,8.0,48.282432556152344
early,qiu2022,devmap,E7,E8.0-R1,15,14749,4498,E7,8.0,47.05982971191406
early,qiu2022,devmap,E7,E8.0-R1,16,14749,4498,E7,8.0,47.19096755981445
early,qiu2022,devmap,E7,E8.0-R1,17,14749,4498,E7,8.0,45.07939147949219
early,qiu2022,devmap,E7,E8.0-R1,18,14749,4498,E7,8.0,44.97126007080078
early,qiu2022,devmap,E7,E8.0-R1,19,14749,4498,E7,8.0,44.21904754638672
early,qiu2022,devmap,E7,E8.0-R1,20,14749,4498,E7,8.0,46.947166442871094
early,qiu2022,devmap,E7,E8.0-R1,21,14749,4498,E7,8.0,49.78093719482422
early,qiu2022,devmap,E7,E8.0-R1,22,14749,4498,E7,8.0,50.72455596923828
early,qiu2022,devmap,E7,E8.0-R1,23,14749,4498,E7,8.0,47.709815979003906
early,qiu2022,devmap,E7,E8.0-R1,24,14749,4498,E7,8.0,44.476192474365234
early,qiu2022,devmap,E7,E8.0-R1,25,14749,4498,E7,8.0,46.26447296142578
early,qiu2022,devmap,E7,E8.0-R1,26,14749,4498,E7,8.0,45.1632080078125
early,qiu2022,devmap,E7,E8.0-R1,27,14749,4498,E7,8.0,45.73484802246094
early,qiu2022,devmap,E7,E8.0-R1,28,14749,4498,E7,8.0,48.60096740722656
early,qiu2022,devmap,E7,E8.0-R1,29,14749,4498,E7,8.0,44.387046813964844
early,qiu2022,devmap,E7,E8.0-R1,30,14749,4498,E7,8.0,45.34662628173828
early,qiu2022,devmap,E7,E8.0-R1,31,14749,4498,E7,8.0,44.996131896972656
early,qiu2022,devmap,E7,E8.0-R1,32,14749,4498,E7,8.0,49.39063262939453
early,qiu2022,devmap,E7,E8.0-R1,33,14749,4498,E7,8.0,47.4349365234375
early,qiu2022,devmap,E7,E8.0-R1,34,14749,4498,E7,8.0,48.88462829589844
early,qiu2022,devmap,E7,E8.0-R1,35,14749,4498,E7,8.0,44.48977279663086
early,qiu2022,devmap,E7,E8.0-R1,36,14749,4498,E7,8.0,47.324275970458984
early,qiu2022,devmap,E7,E8.0-R1,37,14749,4498,E7,8.0,46.65425109863281
early,qiu2022,devmap,E7,E8.0-R1,38,14749,4498,E7,8.0,46.720916748046875
early,qiu2022,devmap,E7,E8.0-R1,39,14749,4498,E7,8.0,44.90824890136719
early,qiu2022,devmap,E7,E8.0-R1,40,14749,4498,E7,8.0,45.04851531982422
early,qiu2022,devmap,E7,E8.0-R1,41,14749,4498,E7,8.0,44.11146545410156
early,qiu2022,devmap,E7,E8.0-R1,42,14749,4498,E7,8.0,49.364315032958984
early,qiu2022,devmap,E7,E8.0-R1,43,14749,4498,E7,8.0,48.600975036621094
early,qiu2022,devmap,E7,E8.0-R1,44,14749,4498,E7,8.0,45.70317459106445
early,qiu2022,devmap,E7,E8.0-R1,45,14749,4498,E7,8.0,48.5528678894043
early,qiu2022,devmap,E7,E8.0-R1,46,14749,4498,E7,8.0,48.540672302246094
early,qiu2022,devmap,E7,E8.0-R1,47,14749,4498,E7,8.0,48.25975036621094
early,qiu2022,devmap,E7,E8.0-R1,48,14749,4498,E7,8.0,45.34554672241211
early,qiu2022,devmap,E7,E8.0-R1,49,14749,4498,E7,8.0,46.13715362548828
early,qiu2022,devmap,E7,E8.0-R2,0,14749,10681,E7,8.0,49.510196685791016
early,qiu2022,devmap,E7,E8.0-R2,1,14749,10681,E7,8.0,50.66905212402344
early,qiu2022,devmap,E7,E8.0-R2,2,14749,10681,E7,8.0,49.115684509277344
early,qiu2022,devmap,E7,E8.0-R2,3,14749,10681,E7,8.0,49.22803497314453
early,qiu2022,devmap,E7,E8.0-R2,4,14749,10681,E7,8.0,48.798011779785156
early,qiu2022,devmap,E7,E8.0-R2,5,14749,10681,E7,8.0,50.62139129638672
early,qiu2022,devmap,E7,E8.0-R2,6,14749,10681,E7,8.0,49.176692962646484
early,qiu2022,devmap,E7,E8.0-R2,7,14749,10681,E7,8.0,48.566184997558594
early,qiu2022,devmap,E7,E8.0-R2,8,14749,10681,E7,8.0,49.128353118896484
early,qiu2022,devmap,E7,E8.0-R2,9,14749,10681,E7,8.0,49.052268981933594
early,qiu2022,devmap,E7,E8.0-R2,10,14749,10681,E7,8.0,48.081443786621094
early,qiu2022,devmap,E7,E8.0-R2,11,14749,10681,E7,8.0,48.986289978027344
early,qiu2022,devmap,E7,E8.0-R2,12,14749,10681,E7,8.0,49.5638427734375
early,qiu2022,devmap,E7,E8.0-R2,13,14749,10681,E7,8.0,48.653526306152344
early,qiu2022,devmap,E7,E8.0-R2,14,14749,10681,E7,8.0,48.72626495361328
early,qiu2022,devmap,E7,E8.0-R2,15,14749,10681,E7,8.0,51.24140167236328
early,qiu2022,devmap,E7,E8.0-R2,16,14749,10681,E7,8.0,50.68352508544922
early,qiu2022,devmap,E7,E8.0-R2,17,14749,10681,E7,8.0,46.937355041503906
early,qiu2022,devmap,E7,E8.0-R2,18,14749,10681,E7,8.0,50.98406219482422
early,qiu2022,devmap,E7,E8.0-R2,19,14749,10681,E7,8.0,48.353919982910156
early,qiu2022,devmap,E7,E8.0-R2,20,14749,10681,E7,8.0,50.14129638671875
early,qiu2022,devmap,E7,E8.0-R2,21,14749,10681,E7,8.0,49.19892120361328
early,qiu2022,devmap,E7,E8.0-R2,22,14749,10681,E7,8.0,49.56816864013672
early,qiu2022,devmap,E7,E8.0-R2,23,14749,10681,E7,8.0,49.868316650390625
early,qiu2022,devmap,E7,E8.0-R2,24,14749,10681,E7,8.0,49.20063018798828
early,qiu2022,devmap,E7,E8.0-R2,25,14749,10681,E7,8.0,48.62331008911133
early,qiu2022,devmap,E7,E8.0-R2,26,14749,10681,E7,8.0,50.5157470703125
early,qiu2022,devmap,E7,E8.0-R2,27,14749,10681,E7,8.0,48.94618225097656
early,qiu2022,devmap,E7,E8.0-R2,28,14749,10681,E7,8.0,50.36827087402344
early,qiu2022,devmap,E7,E8.0-R2,29,14749,10681,E7,8.0,48.818145751953125
early,qiu2022,devmap,E7,E8.0-R2,30,14749,10681,E7,8.0,48.60340881347656
early,qiu2022,devmap,E7,E8.0-R2,31,14749,10681,E7,8.0,50.15046691894531
early,qiu2022,devmap,E7,E8.0-R2,32,14749,10681,E7,8.0,51.057456970214844
early,qiu2022,devmap,E7,E8.0-R2,33,14749,10681,E7,8.0,49.76061248779297
early,qiu2022,devmap,E7,E8.0-R2,34,14749,10681,E7,8.0,49.06745910644531
early,qiu2022,devmap,E7,E8.0-R2,35,14749,10681,E7,8.0,49.43603515625
early,qiu2022,devmap,E7,E8.0-R2,36,14749,10681,E7,8.0,50.046939849853516
early,qiu2022,devmap,E7,E8.0-R2,37,14749,10681,E7,8.0,50.43987274169922
early,qiu2022,devmap,E7,E8.0-R2,38,14749,10681,E7,8.0,49.95689392089844
early,qiu2022,devmap,E7,E8.0-R2,39,14749,10681,E7,8.0,51.02885437011719
early,qiu2022,devmap,E7,E8.0-R2,40,14749,10681,E7,8.0,49.52124786376953
early,qiu2022,devmap,E7,E8.0-R2,41,14749,10681,E7,8.0,51.22438049316406
early,qiu2022,devmap,E7,E8.0-R2,42,14749,10681,E7,8.0,50.73613739013672
early,qiu2022,devmap,E7,E8.0-R2,43,14749,10681,E7,8.0,47.70330810546875
early,qiu2022,devmap,E7,E8.0-R2,44,14749,10681,E7,8.0,52.56250762939453
early,qiu2022,devmap,E7,E8.0-R2,45,14749,10681,E7,8.0,48.90401840209961
early,qiu2022,devmap,E7,E8.0-R2,46,14749,10681,E7,8.0,49.94538116455078
early,qiu2022,devmap,E7,E8.0-R2,47,14749,10681,E7,8.0,48.422489166259766
early,qiu2022,devmap,E7,E8.0-R2,48,14749,10681,E7,8.0,48.358009338378906
early,qiu2022,devmap,E7,E8.0-R2,49,14749,10681,E7,8.0,50.21916198730469
early,qiu2022,devmap,E7,E8.0-R3,0,14749,6763,E7,8.0,46.717227935791016
early,qiu2022,devmap,E7,E8.0-R3,1,14749,6763,E7,8.0,47.74182891845703
early,qiu2022,devmap,E7,E8.0-R3,2,14749,6763,E7,8.0,46.986228942871094
early,qiu2022,devmap,E7,E8.0-R3,3,14749,6763,E7,8.0,47.69880676269531
early,qiu2022,devmap,E7,E8.0-R3,4,14749,6763,E7,8.0,46.873146057128906
early,qiu2022,devmap,E7,E8.0-R3,5,14749,6763,E7,8.0,50.58129119873047
early,qiu2022,devmap,E7,E8.0-R3,6,14749,6763,E7,8.0,46.207237243652344
early,qiu2022,devmap,E7,E8.0-R3,7,14749,6763,E7,8.0,47.654388427734375
early,qiu2022,devmap,E7,E8.0-R3,8,14749,6763,E7,8.0,48.78590774536133
early,qiu2022,devmap,E7,E8.0-R3,9,14749,6763,E7,8.0,46.403602600097656
early,qiu2022,devmap,E7,E8.0-R3,10,14749,6763,E7,8.0,49.16468048095703
early,qiu2022,devmap,E7,E8.0-R3,11,14749,6763,E7,8.0,45.079383850097656
early,qiu2022,devmap,E7,E8.0-R3,12,14749,6763,E7,8.0,47.38245391845703
early,qiu2022,devmap,E7,E8.0-R3,13,14749,6763,E7,8.0,46.40447235107422
early,qiu2022,devmap,E7,E8.0-R3,14,14749,6763,E7,8.0,44.580474853515625
early,qiu2022,devmap,E7,E8.0-R3,15,14749,6763,E7,8.0,48.20552062988281
early,qiu2022,devmap,E7,E8.0-R3,16,14749,6763,E7,8.0,50.92356872558594
early,qiu2022,devmap,E7,E8.0-R3,17,14749,6763,E7,8.0,46.74000549316406
early,qiu2022,devmap,E7,E8.0-R3,18,14749,6763,E7,8.0,49.39643859863281
early,qiu2022,devmap,E7,E8.0-R3,19,14749,6763,E7,8.0,46.634254455566406
early,qiu2022,devmap,E7,E8.0-R3,20,14749,6763,E7,8.0,47.721900939941406
early,qiu2022,devmap,E7,E8.0-R3,21,14749,6763,E7,8.0,46.6312255859375
early,qiu2022,devmap,E7,E8.0-R3,22,14749,6763,E7,8.0,50.32435607910156
early,qiu2022,devmap,E7,E8.0-R3,23,14749,6763,E7,8.0,45.855224609375
early,qiu2022,devmap,E7,E8.0-R3,24,14749,6763,E7,8.0,47.93247604370117
early,qiu2022,devmap,E7,E8.0-R3,25,14749,6763,E7,8.0,47.56285858154297
early,qiu2022,devmap,E7,E8.0-R3,26,14749,6763,E7,8.0,49.59302520751953
early,qiu2022,devmap,E7,E8.0-R3,27,14749,6763,E7,8.0,46.80514907836914
early,qiu2022,devmap,E7,E8.0-R3,28,14749,6763,E7,8.0,47.512413024902344
early,qiu2022,devmap,E7,E8.0-R3,29,14749,6763,E7,8.0,48.359291076660156
early,qiu2022,devmap,E7,E8.0-R3,30,14749,6763,E7,8.0,48.48432159423828
early,qiu2022,devmap,E7,E8.0-R3,31,14749,6763,E7,8.0,47.267478942871094
early,qiu2022,devmap,E7,E8.0-R3,32,14749,6763,E7,8.0,45.429840087890625
early,qiu2022,devmap,E7,E8.0-R3,33,14749,6763,E7,8.0,49.803062438964844
early,qiu2022,devmap,E7,E8.0-R3,34,14749,6763,E7,8.0,49.05976104736328
early,qiu2022,devmap,E7,E8.0-R3,35,14749,6763,E7,8.0,48.85343933105469
early,qiu2022,devmap,E7,E8.0-R3,36,14749,6763,E7,8.0,48.12583923339844
early,qiu2022,devmap,E7,E8.0-R3,37,14749,6763,E7,8.0,47.960716247558594
early,qiu2022,devmap,E7,E8.0-R3,38,14749,6763,E7,8.0,44.61630630493164
early,qiu2022,devmap,E7,E8.0-R3,39,14749,6763,E7,8.0,48.40871047973633
early,qiu2022,devmap,E7,E8.0-R3,40,14749,6763,E7,8.0,46.90889358520508
early,qiu2022,devmap,E7,E8.0-R3,41,14749,6763,E7,8.0,47.317710876464844
early,qiu2022,devmap,E7,E8.0-R3,42,14749,6763,E7,8.0,47.80403137207031
early,qiu2022,devmap,E7,E8.0-R3,43,14749,6763,E7,8.0,49.05437469482422
early,qiu2022,devmap,E7,E8.0-R3,44,14749,6763,E7,8.0,49.13096618652344
early,qiu2022,devmap,E7,E8.0-R3,45,14749,6763,E7,8.0,48.07951354980469
early,qiu2022,devmap,E7,E8.0-R3,46,14749,6763,E7,8.0,49.5826530456543
early,qiu2022,devmap,E7,E8.0-R3,47,14749,6763,E7,8.0,50.078163146972656
early,qiu2022,devmap,E7,E8.0-R3,48,14749,6763,E7,8.0,47.94916534423828
early,qiu2022,devmap,E7,E8.0-R3,49,14749,6763,E7,8.0,47.438568115234375
early,qiu2022,devmap,E7,E8.5-R1,0,14749,23435,E7,8.5,63.95485305786133
early,qiu2022,devmap,E7,E8.5-R1,1,14749,23435,E7,8.5,65.80581665039062
early,qiu2022,devmap,E7,E8.5-R1,2,14749,23435,E7,8.5,64.97116088867188
early,qiu2022,devmap,E7,E8.5-R1,3,14749,23435,E7,8.5,63.5546875
early,qiu2022,devmap,E7,E8.5-R1,4,14749,23435,E7,8.5,62.41743469238281
early,qiu2022,devmap,E7,E8.5-R1,5,14749,23435,E7,8.5,63.65814971923828
early,qiu2022,devmap,E7,E8.5-R1,6,14749,23435,E7,8.5,64.17927551269531
early,qiu2022,devmap,E7,E8.5-R1,7,14749,23435,E7,8.5,62.020938873291016
early,qiu2022,devmap,E7,E8.5-R1,8,14749,23435,E7,8.5,63.269691467285156
early,qiu2022,devmap,E7,E8.5-R1,9,14749,23435,E7,8.5,63.73591613769531
early,qiu2022,devmap,E7,E8.5-R1,10,14749,23435,E7,8.5,66.44416809082031
early,qiu2022,devmap,E7,E8.5-R1,11,14749,23435,E7,8.5,66.4939956665039
early,qiu2022,devmap,E7,E8.5-R1,12,14749,23435,E7,8.5,61.792484283447266
early,qiu2022,devmap,E7,E8.5-R1,13,14749,23435,E7,8.5,63.05060577392578
early,qiu2022,devmap,E7,E8.5-R1,14,14749,23435,E7,8.5,64.35526275634766
early,qiu2022,devmap,E7,E8.5-R1,15,14749,23435,E7,8.5,63.29301452636719
early,qiu2022,devmap,E7,E8.5-R1,16,14749,23435,E7,8.5,62.94365692138672
early,qiu2022,devmap,E7,E8.5-R1,17,14749,23435,E7,8.5,62.69471740722656
early,qiu2022,devmap,E7,E8.5-R1,18,14749,23435,E7,8.5,63.12236785888672
early,qiu2022,devmap,E7,E8.5-R1,19,14749,23435,E7,8.5,65.48113250732422
early,qiu2022,devmap,E7,E8.5-R1,20,14749,23435,E7,8.5,63.201576232910156
early,qiu2022,devmap,E7,E8.5-R1,21,14749,23435,E7,8.5,62.81146240234375
early,qiu2022,devmap,E7,E8.5-R1,22,14749,23435,E7,8.5,65.00189971923828
early,qiu2022,devmap,E7,E8.5-R1,23,14749,23435,E7,8.5,63.966278076171875
early,qiu2022,devmap,E7,E8.5-R1,24,14749,23435,E7,8.5,65.02465057373047
early,qiu2022,devmap,E7,E8.5-R1,25,14749,23435,E7,8.5,62.240447998046875
early,qiu2022,devmap,E7,E8.5-R1,26,14749,23435,E7,8.5,62.62961196899414
early,qiu2022,devmap,E7,E8.5-R1,27,14749,23435,E7,8.5,63.609703063964844
early,qiu2022,devmap,E7,E8.5-R1,28,14749,23435,E7,8.5,63.918663024902344
early,qiu2022,devmap,E7,E8.5-R1,29,14749,23435,E7,8.5,63.40395736694336
early,qiu2022,devmap,E7,E8.5-R1,30,14749,23435,E7,8.5,63.3194580078125
early,qiu2022,devmap,E7,E8.5-R1,31,14749,23435,E7,8.5,64.04950714111328
early,qiu2022,devmap,E7,E8.5-R1,32,14749,23435,E7,8.5,63.31999206542969
early,qiu2022,devmap,E7,E8.5-R1,33,14749,23435,E7,8.5,64.66067504882812
early,qiu2022,devmap,E7,E8.5-R1,34,14749,23435,E7,8.5,63.447601318359375
early,qiu2022,devmap,E7,E8.5-R1,35,14749,23435,E7,8.5,64.09379577636719
early,qiu2022,devmap,E7,E8.5-R1,36,14749,23435,E7,8.5,62.107933044433594
early,qiu2022,devmap,E7,E8.5-R1,37,14749,23435,E7,8.5,63.251033782958984
early,qiu2022,devmap,E7,E8.5-R1,38,14749,23435,E7,8.5,62.454132080078125
early,qiu2022,devmap,E7,E8.5-R1,39,14749,23435,E7,8.5,62.40576171875
early,qiu2022,devmap,E7,E8.5-R1,40,14749,23435,E7,8.5,64.88264465332031
early,qiu2022,devmap,E7,E8.5-R1,41,14749,23435,E7,8.5,63.767822265625
early,qiu2022,devmap,E7,E8.5-R1,42,14749,23435,E7,8.5,66.93296813964844
early,qiu2022,devmap,E7,E8.5-R1,43,14749,23435,E7,8.5,62.87886047363281
early,qiu2022,devmap,E7,E8.5-R1,44,14749,23435,E7,8.5,62.71256637573242
early,qiu2022,devmap,E7,E8.5-R1,45,14749,23435,E7,8.5,62.221927642822266
early,qiu2022,devmap,E7,E8.5-R1,46,14749,23435,E7,8.5,63.03178405761719
early,qiu2022,devmap,E7,E8.5-R1,47,14749,23435,E7,8.5,63.92481231689453
early,qiu2022,devmap,E7,E8.5-R1,48,14749,23435,E7,8.5,64.42460632324219
early,qiu2022,devmap,E7,E8.5-R1,49,14749,23435,E7,8.5,64.48467254638672
early,qiu2022,devmap,E7,E8.5-R2,0,14749,38216,E7,8.5,63.98577880859375
early,qiu2022,devmap,E7,E8.5-R2,1,14749,38216,E7,8.5,62.443145751953125
early,qiu2022,devmap,E7,E8.5-R2,2,14749,38216,E7,8.5,62.84417724609375
early,qiu2022,devmap,E7,E8.5-R2,3,14749,38216,E7,8.5,61.414520263671875
early,qiu2022,devmap,E7,E8.5-R2,4,14749,38216,E7,8.5,63.10408020019531
early,qiu2022,devmap,E7,E8.5-R2,5,14749,38216,E7,8.5,62.80992889404297
early,qiu2022,devmap,E7,E8.5-R2,6,14749,38216,E7,8.5,62.81464385986328
early,qiu2022,devmap,E7,E8.5-R2,7,14749,38216,E7,8.5,64.91134643554688
early,qiu2022,devmap,E7,E8.5-R2,8,14749,38216,E7,8.5,62.657814025878906
early,qiu2022,devmap,E7,E8.5-R2,9,14749,38216,E7,8.5,63.47160720825195
early,qiu2022,devmap,E7,E8.5-R2,10,14749,38216,E7,8.5,63.88447189331055
early,qiu2022,devmap,E7,E8.5-R2,11,14749,38216,E7,8.5,61.727474212646484
early,qiu2022,devmap,E7,E8.5-R2,12,14749,38216,E7,8.5,63.22919464111328
early,qiu2022,devmap,E7,E8.5-R2,13,14749,38216,E7,8.5,65.18872833251953
early,qiu2022,devmap,E7,E8.5-R2,14,14749,38216,E7,8.5,62.43419647216797
early,qiu2022,devmap,E7,E8.5-R2,15,14749,38216,E7,8.5,64.18146514892578
early,qiu2022,devmap,E7,E8.5-R2,16,14749,38216,E7,8.5,64.42313385009766
early,qiu2022,devmap,E7,E8.5-R2,17,14749,38216,E7,8.5,63.4144287109375
early,qiu2022,devmap,E7,E8.5-R2,18,14749,38216,E7,8.5,65.58876037597656
early,qiu2022,devmap,E7,E8.5-R2,19,14749,38216,E7,8.5,64.71804809570312
early,qiu2022,devmap,E7,E8.5-R2,20,14749,38216,E7,8.5,63.79237747192383
early,qiu2022,devmap,E7,E8.5-R2,21,14749,38216,E7,8.5,63.6164665222168
early,qiu2022,devmap,E7,E8.5-R2,22,14749,38216,E7,8.5,63.82511901855469
early,qiu2022,devmap,E7,E8.5-R2,23,14749,38216,E7,8.5,63.072044372558594
early,qiu2022,devmap,E7,E8.5-R2,24,14749,38216,E7,8.5,63.92558670043945
early,qiu2022,devmap,E7,E8.5-R2,25,14749,38216,E7,8.5,63.429412841796875
early,qiu2022,devmap,E7,E8.5-R2,26,14749,38216,E7,8.5,64.00315856933594
early,qiu2022,devmap,E7,E8.5-R2,27,14749,38216,E7,8.5,64.08165740966797
early,qiu2022,devmap,E7,E8.5-R2,28,14749,38216,E7,8.5,63.37472915649414
early,qiu2022,devmap,E7,E8.5-R2,29,14749,38216,E7,8.5,64.63190460205078
early,qiu2022,devmap,E7,E8.5-R2,30,14749,38216,E7,8.5,61.68281555175781
early,qiu2022,devmap,E7,E8.5-R2,31,14749,38216,E7,8.5,64.65083312988281
early,qiu2022,devmap,E7,E8.5-R2,32,14749,38216,E7,8.5,65.44169616699219
early,qiu2022,devmap,E7,E8.5-R2,33,14749,38216,E7,8.5,63.723236083984375
early,qiu2022,devmap,E7,E8.5-R2,34,14749,38216,E7,8.5,65.12482452392578
early,qiu2022,devmap,E7,E8.5-R2,35,14749,38216,E7,8.5,62.95446014404297
early,qiu2022,devmap,E7,E8.5-R2,36,14749,38216,E7,8.5,63.95893096923828
early,qiu2022,devmap,E7,E8.5-R2,37,14749,38216,E7,8.5,62.37049865722656
early,qiu2022,devmap,E7,E8.5-R2,38,14749,38216,E7,8.5,63.10193634033203
early,qiu2022,devmap,E7,E8.5-R2,39,14749,38216,E7,8.5,63.57875061035156
early,qiu2022,devmap,E7,E8.5-R2,40,14749,38216,E7,8.5,63.795135498046875
early,qiu2022,devmap,E7,E8.5-R2,41,14749,38216,E7,8.5,62.784339904785156
early,qiu2022,devmap,E7,E8.5-R2,42,14749,38216,E7,8.5,63.445716857910156
early,qiu2022,devmap,E7,E8.5-R2,43,14749,38216,E7,8.5,63.62126922607422
early,qiu2022,devmap,E7,E8.5-R2,44,14749,38216,E7,8.5,63.96554183959961
early,qiu2022,devmap,E7,E8.5-R2,45,14749,38216,E7,8.5,63.654930114746094
early,qiu2022,devmap,E7,E8.5-R2,46,14749,38216,E7,8.5,63.04814910888672
early,qiu2022,devmap,E7,E8.5-R2,47,14749,38216,E7,8.5,62.50003433227539
early,qiu2022,devmap,E7,E8.5-R2,48,14749,38216,E7,8.5,63.030635833740234
early,qiu2022,devmap,E7,E8.5-R2,49,14749,38216,E7,8.5,63.778907775878906
early,qiu2022,devmap,E7,E8.5-R3,0,14749,27743,E7,8.5,60.278907775878906
early,qiu2022,devmap,E7,E8.5-R3,1,14749,27743,E7,8.5,62.73072052001953
early,qiu2022,devmap,E7,E8.5-R3,2,14749,27743,E7,8.5,61.53971862792969
early,qiu2022,devmap,E7,E8.5-R3,3,14749,27743,E7,8.5,61.21730041503906
early,qiu2022,devmap,E7,E8.5-R3,4,14749,27743,E7,8.5,60.76770782470703
early,qiu2022,devmap,E7,E8.5-R3,5,14749,27743,E7,8.5,62.17394256591797
early,qiu2022,devmap,E7,E8.5-R3,6,14749,27743,E7,8.5,61.887916564941406
early,qiu2022,devmap,E7,E8.5-R3,7,14749,27743,E7,8.5,62.345863342285156
early,qiu2022,devmap,E7,E8.5-R3,8,14749,27743,E7,8.5,62.51164627075195
early,qiu2022,devmap,E7,E8.5-R3,9,14749,27743,E7,8.5,60.050724029541016
early,qiu2022,devmap,E7,E8.5-R3,10,14749,27743,E7,8.5,59.795005798339844
early,qiu2022,devmap,E7,E8.5-R3,11,14749,27743,E7,8.5,62.9916877746582
early,qiu2022,devmap,E7,E8.5-R3,12,14749,27743,E7,8.5,60.18559265136719
early,qiu2022,devmap,E7,E8.5-R3,13,14749,27743,E7,8.5,62.1331787109375
early,qiu2022,devmap,E7,E8.5-R3,14,14749,27743,E7,8.5,62.92829895019531
early,qiu2022,devmap,E7,E8.5-R3,15,14749,27743,E7,8.5,61.29347229003906
early,qiu2022,devmap,E7,E8.5-R3,16,14749,27743,E7,8.5,60.42469787597656
early,qiu2022,devmap,E7,E8.5-R3,17,14749,27743,E7,8.5,62.580780029296875
early,qiu2022,devmap,E7,E8.5-R3,18,14749,27743,E7,8.5,61.7615966796875
early,qiu2022,devmap,E7,E8.5-R3,19,14749,27743,E7,8.5,61.208412170410156
early,qiu2022,devmap,E7,E8.5-R3,20,14749,27743,E7,8.5,61.20130920410156
early,qiu2022,devmap,E7,E8.5-R3,21,14749,27743,E7,8.5,60.96574783325195
early,qiu2022,devmap,E7,E8.5-R3,22,14749,27743,E7,8.5,60.17267608642578
early,qiu2022,devmap,E7,E8.5-R3,23,14749,27743,E7,8.5,61.47508239746094
early,qiu2022,devmap,E7,E8.5-R3,24,14749,27743,E7,8.5,60.345855712890625
early,qiu2022,devmap,E7,E8.5-R3,25,14749,27743,E7,8.5,60.507057189941406
early,qiu2022,devmap,E7,E8.5-R3,26,14749,27743,E7,8.5,60.408695220947266
early,qiu2022,devmap,E7,E8.5-R3,27,14749,27743,E7,8.5,63.680057525634766
early,qiu2022,devmap,E7,E8.5-R3,28,14749,27743,E7,8.5,61.35852813720703
early,qiu2022,devmap,E7,E8.5-R3,29,14749,27743,E7,8.5,60.78010940551758
early,qiu2022,devmap,E7,E8.5-R3,30,14749,27743,E7,8.5,61.88917541503906
early,qiu2022,devmap,E7,E8.5-R3,31,14749,27743,E7,8.5,61.61787414550781
early,qiu2022,devmap,E7,E8.5-R3,32,14749,27743,E7,8.5,60.307579040527344
early,qiu2022,devmap,E7,E8.5-R3,33,14749,27743,E7,8.5,60.03174591064453
early,qiu2022,devmap,E7,E8.5-R3,34,14749,27743,E7,8.5,61.30419921875
early,qiu2022,devmap,E7,E8.5-R3,35,14749,27743,E7,8.5,60.60206604003906
early,qiu2022,devmap,E7,E8.5-R3,36,14749,27743,E7,8.5,60.89832305908203
early,qiu2022,devmap,E7,E8.5-R3,37,14749,27743,E7,8.5,59.959617614746094
early,qiu2022,devmap,E7,E8.5-R3,38,14749,27743,E7,8.5,61.322509765625
early,qiu2022,devmap,E7,E8.5-R3,39,14749,27743,E7,8.5,59.97951126098633
early,qiu2022,devmap,E7,E8.5-R3,40,14749,27743,E7,8.5,59.58441925048828
early,qiu2022,devmap,E7,E8.5-R3,41,14749,27743,E7,8.5,61.87788391113281
early,qiu2022,devmap,E7,E8.5-R3,42,14749,27743,E7,8.5,60.46723175048828
early,qiu2022,devmap,E7,E8.5-R3,43,14749,27743,E7,8.5,59.72760009765625
early,qiu2022,devmap,E7,E8.5-R3,44,14749,27743,E7,8.5,62.786380767822266
early,qiu2022,devmap,E7,E8.5-R3,45,14749,27743,E7,8.5,61.66758728027344
early,qiu2022,devmap,E7,E8.5-R3,46,14749,27743,E7,8.5,60.3453254699707
early,qiu2022,devmap,E7,E8.5-R3,47,14749,27743,E7,8.5,60.26570129394531
early,qiu2022,devmap,E7,E8.5-R3,48,14749,27743,E7,8.5,61.059730529785156
early,qiu2022,devmap,E7,E8.5-R3,49,14749,27743,E7,8.5,60.22187805175781
early,qiu2022,devmap,E7.25,E7.5-R1,0,13537,1342,E7.25,7.5,45.18119812011719
early,qiu2022,devmap,E7.25,E7.5-R1,1,13537,1342,E7.25,7.5,43.70091247558594
early,qiu2022,devmap,E7.25,E7.5-R1,2,13537,1342,E7.25,7.5,43.511131286621094
early,qiu2022,devmap,E7.25,E7.5-R1,3,13537,1342,E7.25,7.5,45.62043762207031
early,qiu2022,devmap,E7.25,E7.5-R1,4,13537,1342,E7.25,7.5,53.03448486328125
early,qiu2022,devmap,E7.25,E7.5-R1,5,13537,1342,E7.25,7.5,46.13771057128906
early,qiu2022,devmap,E7.25,E7.5-R1,6,13537,1342,E7.25,7.5,50.59687805175781
early,qiu2022,devmap,E7.25,E7.5-R1,7,13537,1342,E7.25,7.5,45.07316970825195
early,qiu2022,devmap,E7.25,E7.5-R1,8,13537,1342,E7.25,7.5,44.62138748168945
early,qiu2022,devmap,E7.25,E7.5-R1,9,13537,1342,E7.25,7.5,43.501590728759766
early,qiu2022,devmap,E7.25,E7.5-R1,10,13537,1342,E7.25,7.5,47.42760467529297
early,qiu2022,devmap,E7.25,E7.5-R1,11,13537,1342,E7.25,7.5,44.747989654541016
early,qiu2022,devmap,E7.25,E7.5-R1,12,13537,1342,E7.25,7.5,41.553428649902344
early,qiu2022,devmap,E7.25,E7.5-R1,13,13537,1342,E7.25,7.5,45.45610046386719
early,qiu2022,devmap,E7.25,E7.5-R1,14,13537,1342,E7.25,7.5,44.66604232788086
early,qiu2022,devmap,E7.25,E7.5-R1,15,13537,1342,E7.25,7.5,41.39672088623047
early,qiu2022,devmap,E7.25,E7.5-R1,16,13537,1342,E7.25,7.5,45.2178955078125
early,qiu2022,devmap,E7.25,E7.5-R1,17,13537,1342,E7.25,7.5,43.9658203125
early,qiu2022,devmap,E7.25,E7.5-R1,18,13537,1342,E7.25,7.5,45.694305419921875
early,qiu2022,devmap,E7.25,E7.5-R1,19,13537,1342,E7.25,7.5,48.10533905029297
early,qiu2022,devmap,E7.25,E7.5-R1,20,13537,1342,E7.25,7.5,43.17478942871094
early,qiu2022,devmap,E7.25,E7.5-R1,21,13537,1342,E7.25,7.5,46.66273498535156
early,qiu2022,devmap,E7.25,E7.5-R1,22,13537,1342,E7.25,7.5,45.170738220214844
early,qiu2022,devmap,E7.25,E7.5-R1,23,13537,1342,E7.25,7.5,51.539363861083984
early,qiu2022,devmap,E7.25,E7.5-R1,24,13537,1342,E7.25,7.5,41.210052490234375
early,qiu2022,devmap,E7.25,E7.5-R1,25,13537,1342,E7.25,7.5,47.11790084838867
early,qiu2022,devmap,E7.25,E7.5-R1,26,13537,1342,E7.25,7.5,48.19054412841797
early,qiu2022,devmap,E7.25,E7.5-R1,27,13537,1342,E7.25,7.5,37.15496826171875
early,qiu2022,devmap,E7.25,E7.5-R1,28,13537,1342,E7.25,7.5,42.55246353149414
early,qiu2022,devmap,E7.25,E7.5-R1,29,13537,1342,E7.25,7.5,46.66240692138672
early,qiu2022,devmap,E7.25,E7.5-R1,30,13537,1342,E7.25,7.5,52.74237060546875
early,qiu2022,devmap,E7.25,E7.5-R1,31,13537,1342,E7.25,7.5,47.66026306152344
early,qiu2022,devmap,E7.25,E7.5-R1,32,13537,1342,E7.25,7.5,51.12535095214844
early,qiu2022,devmap,E7.25,E7.5-R1,33,13537,1342,E7.25,7.5,39.06118392944336
early,qiu2022,devmap,E7.25,E7.5-R1,34,13537,1342,E7.25,7.5,50.92000961303711
early,qiu2022,devmap,E7.25,E7.5-R1,35,13537,1342,E7.25,7.5,49.03654479980469
early,qiu2022,devmap,E7.25,E7.5-R1,36,13537,1342,E7.25,7.5,49.716434478759766
early,qiu2022,devmap,E7.25,E7.5-R1,37,13537,1342,E7.25,7.5,48.2576789855957
early,qiu2022,devmap,E7.25,E7.5-R1,38,13537,1342,E7.25,7.5,48.368263244628906
early,qiu2022,devmap,E7.25,E7.5-R1,39,13537,1342,E7.25,7.5,43.81120681762695
early,qiu2022,devmap,E7.25,E7.5-R1,40,13537,1342,E7.25,7.5,40.45069122314453
early,qiu2022,devmap,E7.25,E7.5-R1,41,13537,1342,E7.25,7.5,41.18977737426758
early,qiu2022,devmap,E7.25,E7.5-R1,42,13537,1342,E7.25,7.5,46.931243896484375
early,qiu2022,devmap,E7.25,E7.5-R1,43,13537,1342,E7.25,7.5,48.976661682128906
early,qiu2022,devmap,E7.25,E7.5-R1,44,13537,1342,E7.25,7.5,43.104652404785156
early,qiu2022,devmap,E7.25,E7.5-R1,45,13537,1342,E7.25,7.5,40.56011199951172
early,qiu2022,devmap,E7.25,E7.5-R1,46,13537,1342,E7.25,7.5,41.188865661621094
early,qiu2022,devmap,E7.25,E7.5-R1,47,13537,1342,E7.25,7.5,47.92497253417969
early,qiu2022,devmap,E7.25,E7.5-R1,48,13537,1342,E7.25,7.5,44.297279357910156
early,qiu2022,devmap,E7.25,E7.5-R1,49,13537,1342,E7.25,7.5,46.1651611328125
early,qiu2022,devmap,E7.25,E7.5-R2,0,13537,1838,E7.25,7.5,42.13812255859375
early,qiu2022,devmap,E7.25,E7.5-R2,1,13537,1838,E7.25,7.5,40.75128936767578
early,qiu2022,devmap,E7.25,E7.5-R2,2,13537,1838,E7.25,7.5,43.66851806640625
early,qiu2022,devmap,E7.25,E7.5-R2,3,13537,1838,E7.25,7.5,43.65346145629883
early,qiu2022,devmap,E7.25,E7.5-R2,4,13537,1838,E7.25,7.5,45.81142044067383
early,qiu2022,devmap,E7.25,E7.5-R2,5,13537,1838,E7.25,7.5,48.129295349121094
early,qiu2022,devmap,E7.25,E7.5-R2,6,13537,1838,E7.25,7.5,42.8331413269043
early,qiu2022,devmap,E7.25,E7.5-R2,7,13537,1838,E7.25,7.5,42.48320007324219
early,qiu2022,devmap,E7.25,E7.5-R2,8,13537,1838,E7.25,7.5,39.37171936035156
early,qiu2022,devmap,E7.25,E7.5-R2,9,13537,1838,E7.25,7.5,40.087608337402344
early,qiu2022,devmap,E7.25,E7.5-R2,10,13537,1838,E7.25,7.5,44.27784729003906
early,qiu2022,devmap,E7.25,E7.5-R2,11,13537,1838,E7.25,7.5,41.10773468017578
early,qiu2022,devmap,E7.25,E7.5-R2,12,13537,1838,E7.25,7.5,38.28941345214844
early,qiu2022,devmap,E7.25,E7.5-R2,13,13537,1838,E7.25,7.5,41.632965087890625
early,qiu2022,devmap,E7.25,E7.5-R2,14,13537,1838,E7.25,7.5,43.308189392089844
early,qiu2022,devmap,E7.25,E7.5-R2,15,13537,1838,E7.25,7.5,41.948936462402344
early,qiu2022,devmap,E7.25,E7.5-R2,16,13537,1838,E7.25,7.5,37.115386962890625
early,qiu2022,devmap,E7.25,E7.5-R2,17,13537,1838,E7.25,7.5,41.36223602294922
early,qiu2022,devmap,E7.25,E7.5-R2,18,13537,1838,E7.25,7.5,44.973899841308594
early,qiu2022,devmap,E7.25,E7.5-R2,19,13537,1838,E7.25,7.5,42.04390335083008
early,qiu2022,devmap,E7.25,E7.5-R2,20,13537,1838,E7.25,7.5,44.9578857421875
early,qiu2022,devmap,E7.25,E7.5-R2,21,13537,1838,E7.25,7.5,45.57035827636719
early,qiu2022,devmap,E7.25,E7.5-R2,22,13537,1838,E7.25,7.5,43.00825500488281
early,qiu2022,devmap,E7.25,E7.5-R2,23,13537,1838,E7.25,7.5,38.94696807861328
early,qiu2022,devmap,E7.25,E7.5-R2,24,13537,1838,E7.25,7.5,43.940757751464844
early,qiu2022,devmap,E7.25,E7.5-R2,25,13537,1838,E7.25,7.5,41.95066833496094
early,qiu2022,devmap,E7.25,E7.5-R2,26,13537,1838,E7.25,7.5,42.776222229003906
early,qiu2022,devmap,E7.25,E7.5-R2,27,13537,1838,E7.25,7.5,42.05744934082031
early,qiu2022,devmap,E7.25,E7.5-R2,28,13537,1838,E7.25,7.5,42.51741027832031
early,qiu2022,devmap,E7.25,E7.5-R2,29,13537,1838,E7.25,7.5,44.123504638671875
early,qiu2022,devmap,E7.25,E7.5-R2,30,13537,1838,E7.25,7.5,45.905487060546875
early,qiu2022,devmap,E7.25,E7.5-R2,31,13537,1838,E7.25,7.5,41.56025695800781
early,qiu2022,devmap,E7.25,E7.5-R2,32,13537,1838,E7.25,7.5,48.92161560058594
early,qiu2022,devmap,E7.25,E7.5-R2,33,13537,1838,E7.25,7.5,53.726558685302734
early,qiu2022,devmap,E7.25,E7.5-R2,34,13537,1838,E7.25,7.5,45.10071563720703
early,qiu2022,devmap,E7.25,E7.5-R2,35,13537,1838,E7.25,7.5,40.75516128540039
early,qiu2022,devmap,E7.25,E7.5-R2,36,13537,1838,E7.25,7.5,39.08537673950195
early,qiu2022,devmap,E7.25,E7.5-R2,37,13537,1838,E7.25,7.5,44.61225891113281
early,qiu2022,devmap,E7.25,E7.5-R2,38,13537,1838,E7.25,7.5,39.953529357910156
early,qiu2022,devmap,E7.25,E7.5-R2,39,13537,1838,E7.25,7.5,41.94612121582031
early,qiu2022,devmap,E7.25,E7.5-R2,40,13537,1838,E7.25,7.5,44.74026870727539
early,qiu2022,devmap,E7.25,E7.5-R2,41,13537,1838,E7.25,7.5,45.503883361816406
early,qiu2022,devmap,E7.25,E7.5-R2,42,13537,1838,E7.25,7.5,42.439476013183594
early,qiu2022,devmap,E7.25,E7.5-R2,43,13537,1838,E7.25,7.5,43.172733306884766
early,qiu2022,devmap,E7.25,E7.5-R2,44,13537,1838,E7.25,7.5,42.20770263671875
early,qiu2022,devmap,E7.25,E7.5-R2,45,13537,1838,E7.25,7.5,39.046695709228516
early,qiu2022,devmap,E7.25,E7.5-R2,46,13537,1838,E7.25,7.5,47.90904998779297
early,qiu2022,devmap,E7.25,E7.5-R2,47,13537,1838,E7.25,7.5,44.79175567626953
early,qiu2022,devmap,E7.25,E7.5-R2,48,13537,1838,E7.25,7.5,42.220306396484375
early,qiu2022,devmap,E7.25,E7.5-R2,49,13537,1838,E7.25,7.5,42.607486724853516
early,qiu2022,devmap,E7.25,E7.5-R3,0,13537,1468,E7.25,7.5,42.25600814819336
early,qiu2022,devmap,E7.25,E7.5-R3,1,13537,1468,E7.25,7.5,47.47793197631836
early,qiu2022,devmap,E7.25,E7.5-R3,2,13537,1468,E7.25,7.5,47.05823516845703
early,qiu2022,devmap,E7.25,E7.5-R3,3,13537,1468,E7.25,7.5,47.62201690673828
early,qiu2022,devmap,E7.25,E7.5-R3,4,13537,1468,E7.25,7.5,44.44110870361328
early,qiu2022,devmap,E7.25,E7.5-R3,5,13537,1468,E7.25,7.5,45.514060974121094
early,qiu2022,devmap,E7.25,E7.5-R3,6,13537,1468,E7.25,7.5,47.09149169921875
early,qiu2022,devmap,E7.25,E7.5-R3,7,13537,1468,E7.25,7.5,41.359657287597656
early,qiu2022,devmap,E7.25,E7.5-R3,8,13537,1468,E7.25,7.5,40.913902282714844
early,qiu2022,devmap,E7.25,E7.5-R3,9,13537,1468,E7.25,7.5,49.41322326660156
early,qiu2022,devmap,E7.25,E7.5-R3,10,13537,1468,E7.25,7.5,50.23761749267578
early,qiu2022,devmap,E7.25,E7.5-R3,11,13537,1468,E7.25,7.5,41.38841247558594
early,qiu2022,devmap,E7.25,E7.5-R3,12,13537,1468,E7.25,7.5,44.109352111816406
early,qiu2022,devmap,E7.25,E7.5-R3,13,13537,1468,E7.25,7.5,43.4390983581543
early,qiu2022,devmap,E7.25,E7.5-R3,14,13537,1468,E7.25,7.5,51.784698486328125
early,qiu2022,devmap,E7.25,E7.5-R3,15,13537,1468,E7.25,7.5,47.373374938964844
early,qiu2022,devmap,E7.25,E7.5-R3,16,13537,1468,E7.25,7.5,45.781402587890625
early,qiu2022,devmap,E7.25,E7.5-R3,17,13537,1468,E7.25,7.5,43.49980163574219
early,qiu2022,devmap,E7.25,E7.5-R3,18,13537,1468,E7.25,7.5,45.467628479003906
early,qiu2022,devmap,E7.25,E7.5-R3,19,13537,1468,E7.25,7.5,47.083946228027344
early,qiu2022,devmap,E7.25,E7.5-R3,20,13537,1468,E7.25,7.5,51.455055236816406
early,qiu2022,devmap,E7.25,E7.5-R3,21,13537,1468,E7.25,7.5,38.87019348144531
early,qiu2022,devmap,E7.25,E7.5-R3,22,13537,1468,E7.25,7.5,51.997100830078125
early,qiu2022,devmap,E7.25,E7.5-R3,23,13537,1468,E7.25,7.5,45.935821533203125
early,qiu2022,devmap,E7.25,E7.5-R3,24,13537,1468,E7.25,7.5,45.175018310546875
early,qiu2022,devmap,E7.25,E7.5-R3,25,13537,1468,E7.25,7.5,47.33447265625
early,qiu2022,devmap,E7.25,E7.5-R3,26,13537,1468,E7.25,7.5,48.57959747314453
early,qiu2022,devmap,E7.25,E7.5-R3,27,13537,1468,E7.25,7.5,49.746971130371094
early,qiu2022,devmap,E7.25,E7.5-R3,28,13537,1468,E7.25,7.5,45.476837158203125
early,qiu2022,devmap,E7.25,E7.5-R3,29,13537,1468,E7.25,7.5,46.21726989746094
early,qiu2022,devmap,E7.25,E7.5-R3,30,13537,1468,E7.25,7.5,41.81814956665039
early,qiu2022,devmap,E7.25,E7.5-R3,31,13537,1468,E7.25,7.5,52.63428497314453
early,qiu2022,devmap,E7.25,E7.5-R3,32,13537,1468,E7.25,7.5,47.703094482421875
early,qiu2022,devmap,E7.25,E7.5-R3,33,13537,1468,E7.25,7.5,43.013641357421875
early,qiu2022,devmap,E7.25,E7.5-R3,34,13537,1468,E7.25,7.5,45.37957000732422
early,qiu2022,devmap,E7.25,E7.5-R3,35,13537,1468,E7.25,7.5,46.25736999511719
early,qiu2022,devmap,E7.25,E7.5-R3,36,13537,1468,E7.25,7.5,46.8748779296875
early,qiu2022,devmap,E7.25,E7.5-R3,37,13537,1468,E7.25,7.5,47.62995910644531
early,qiu2022,devmap,E7.25,E7.5-R3,38,13537,1468,E7.25,7.5,44.14626693725586
early,qiu2022,devmap,E7.25,E7.5-R3,39,13537,1468,E7.25,7.5,49.76472854614258
early,qiu2022,devmap,E7.25,E7.5-R3,40,13537,1468,E7.25,7.5,46.39702224731445
early,qiu2022,devmap,E7.25,E7.5-R3,41,13537,1468,E7.25,7.5,44.598350524902344
early,qiu2022,devmap,E7.25,E7.5-R3,42,13537,1468,E7.25,7.5,48.446632385253906
early,qiu2022,devmap,E7.25,E7.5-R3,43,13537,1468,E7.25,7.5,42.88703155517578
early,qiu2022,devmap,E7.25,E7.5-R3,44,13537,1468,E7.25,7.5,44.74968719482422
early,qiu2022,devmap,E7.25,E7.5-R3,45,13537,1468,E7.25,7.5,56.26896667480469
early,qiu2022,devmap,E7.25,E7.5-R3,46,13537,1468,E7.25,7.5,50.98675537109375
early,qiu2022,devmap,E7.25,E7.5-R3,47,13537,1468,E7.25,7.5,48.36976623535156
early,qiu2022,devmap,E7.25,E7.5-R3,48,13537,1468,E7.25,7.5,43.498443603515625
early,qiu2022,devmap,E7.25,E7.5-R3,49,13537,1468,E7.25,7.5,42.471099853515625
early,qiu2022,devmap,E7.25,E8.0-R1,0,13537,4498,E7.25,8.0,47.7237663269043
early,qiu2022,devmap,E7.25,E8.0-R1,1,13537,4498,E7.25,8.0,46.537109375
early,qiu2022,devmap,E7.25,E8.0-R1,2,13537,4498,E7.25,8.0,46.061553955078125
early,qiu2022,devmap,E7.25,E8.0-R1,3,13537,4498,E7.25,8.0,48.47646713256836
early,qiu2022,devmap,E7.25,E8.0-R1,4,13537,4498,E7.25,8.0,49.143516540527344
early,qiu2022,devmap,E7.25,E8.0-R1,5,13537,4498,E7.25,8.0,47.1573486328125
early,qiu2022,devmap,E7.25,E8.0-R1,6,13537,4498,E7.25,8.0,48.920143127441406
early,qiu2022,devmap,E7.25,E8.0-R1,7,13537,4498,E7.25,8.0,46.27605438232422
early,qiu2022,devmap,E7.25,E8.0-R1,8,13537,4498,E7.25,8.0,46.772727966308594
early,qiu2022,devmap,E7.25,E8.0-R1,9,13537,4498,E7.25,8.0,44.775604248046875
early,qiu2022,devmap,E7.25,E8.0-R1,10,13537,4498,E7.25,8.0,48.21800994873047
early,qiu2022,devmap,E7.25,E8.0-R1,11,13537,4498,E7.25,8.0,46.07588195800781
early,qiu2022,devmap,E7.25,E8.0-R1,12,13537,4498,E7.25,8.0,46.10845947265625
early,qiu2022,devmap,E7.25,E8.0-R1,13,13537,4498,E7.25,8.0,47.710182189941406
early,qiu2022,devmap,E7.25,E8.0-R1,14,13537,4498,E7.25,8.0,46.31892395019531
early,qiu2022,devmap,E7.25,E8.0-R1,15,13537,4498,E7.25,8.0,44.794273376464844
early,qiu2022,devmap,E7.25,E8.0-R1,16,13537,4498,E7.25,8.0,46.224159240722656
early,qiu2022,devmap,E7.25,E8.0-R1,17,13537,4498,E7.25,8.0,47.695560455322266
early,qiu2022,devmap,E7.25,E8.0-R1,18,13537,4498,E7.25,8.0,48.414756774902344
early,qiu2022,devmap,E7.25,E8.0-R1,19,13537,4498,E7.25,8.0,47.332027435302734
early,qiu2022,devmap,E7.25,E8.0-R1,20,13537,4498,E7.25,8.0,46.53627014160156
early,qiu2022,devmap,E7.25,E8.0-R1,21,13537,4498,E7.25,8.0,44.96281051635742
early,qiu2022,devmap,E7.25,E8.0-R1,22,13537,4498,E7.25,8.0,45.752471923828125
early,qiu2022,devmap,E7.25,E8.0-R1,23,13537,4498,E7.25,8.0,46.14411163330078
early,qiu2022,devmap,E7.25,E8.0-R1,24,13537,4498,E7.25,8.0,45.38276672363281
early,qiu2022,devmap,E7.25,E8.0-R1,25,13537,4498,E7.25,8.0,47.63833999633789
early,qiu2022,devmap,E7.25,E8.0-R1,26,13537,4498,E7.25,8.0,50.00305938720703
early,qiu2022,devmap,E7.25,E8.0-R1,27,13537,4498,E7.25,8.0,46.57635498046875
early,qiu2022,devmap,E7.25,E8.0-R1,28,13537,4498,E7.25,8.0,48.35042190551758
early,qiu2022,devmap,E7.25,E8.0-R1,29,13537,4498,E7.25,8.0,46.122894287109375
early,qiu2022,devmap,E7.25,E8.0-R1,30,13537,4498,E7.25,8.0,46.151920318603516
early,qiu2022,devmap,E7.25,E8.0-R1,31,13537,4498,E7.25,8.0,46.992401123046875
early,qiu2022,devmap,E7.25,E8.0-R1,32,13537,4498,E7.25,8.0,47.50709915161133
early,qiu2022,devmap,E7.25,E8.0-R1,33,13537,4498,E7.25,8.0,47.644840240478516
early,qiu2022,devmap,E7.25,E8.0-R1,34,13537,4498,E7.25,8.0,48.08631134033203
early,qiu2022,devmap,E7.25,E8.0-R1,35,13537,4498,E7.25,8.0,43.693092346191406
early,qiu2022,devmap,E7.25,E8.0-R1,36,13537,4498,E7.25,8.0,44.32109069824219
early,qiu2022,devmap,E7.25,E8.0-R1,37,13537,4498,E7.25,8.0,48.235076904296875
early,qiu2022,devmap,E7.25,E8.0-R1,38,13537,4498,E7.25,8.0,46.99616241455078
early,qiu2022,devmap,E7.25,E8.0-R1,39,13537,4498,E7.25,8.0,44.27446365356445
early,qiu2022,devmap,E7.25,E8.0-R1,40,13537,4498,E7.25,8.0,47.27289581298828
early,qiu2022,devmap,E7.25,E8.0-R1,41,13537,4498,E7.25,8.0,45.07829284667969
early,qiu2022,devmap,E7.25,E8.0-R1,42,13537,4498,E7.25,8.0,46.06044387817383
early,qiu2022,devmap,E7.25,E8.0-R1,43,13537,4498,E7.25,8.0,47.973175048828125
early,qiu2022,devmap,E7.25,E8.0-R1,44,13537,4498,E7.25,8.0,45.5057487487793
early,qiu2022,devmap,E7.25,E8.0-R1,45,13537,4498,E7.25,8.0,47.855186462402344
early,qiu2022,devmap,E7.25,E8.0-R1,46,13537,4498,E7.25,8.0,46.03919219970703
early,qiu2022,devmap,E7.25,E8.0-R1,47,13537,4498,E7.25,8.0,47.017059326171875
early,qiu2022,devmap,E7.25,E8.0-R1,48,13537,4498,E7.25,8.0,44.341087341308594
early,qiu2022,devmap,E7.25,E8.0-R1,49,13537,4498,E7.25,8.0,46.69288635253906
early,qiu2022,devmap,E7.25,E8.0-R2,0,13537,10681,E7.25,8.0,50.22965621948242
early,qiu2022,devmap,E7.25,E8.0-R2,1,13537,10681,E7.25,8.0,49.79193115234375
early,qiu2022,devmap,E7.25,E8.0-R2,2,13537,10681,E7.25,8.0,49.32415008544922
early,qiu2022,devmap,E7.25,E8.0-R2,3,13537,10681,E7.25,8.0,49.83833694458008
early,qiu2022,devmap,E7.25,E8.0-R2,4,13537,10681,E7.25,8.0,48.056922912597656
early,qiu2022,devmap,E7.25,E8.0-R2,5,13537,10681,E7.25,8.0,49.18806076049805
early,qiu2022,devmap,E7.25,E8.0-R2,6,13537,10681,E7.25,8.0,49.48558044433594
early,qiu2022,devmap,E7.25,E8.0-R2,7,13537,10681,E7.25,8.0,46.95076370239258
early,qiu2022,devmap,E7.25,E8.0-R2,8,13537,10681,E7.25,8.0,49.47590637207031
early,qiu2022,devmap,E7.25,E8.0-R2,9,13537,10681,E7.25,8.0,48.274269104003906
early,qiu2022,devmap,E7.25,E8.0-R2,10,13537,10681,E7.25,8.0,49.464698791503906
early,qiu2022,devmap,E7.25,E8.0-R2,11,13537,10681,E7.25,8.0,50.5010871887207
early,qiu2022,devmap,E7.25,E8.0-R2,12,13537,10681,E7.25,8.0,49.05561065673828
early,qiu2022,devmap,E7.25,E8.0-R2,13,13537,10681,E7.25,8.0,47.787109375
early,qiu2022,devmap,E7.25,E8.0-R2,14,13537,10681,E7.25,8.0,49.539703369140625
early,qiu2022,devmap,E7.25,E8.0-R2,15,13537,10681,E7.25,8.0,49.20176315307617
early,qiu2022,devmap,E7.25,E8.0-R2,16,13537,10681,E7.25,8.0,51.041908264160156
early,qiu2022,devmap,E7.25,E8.0-R2,17,13537,10681,E7.25,8.0,48.87196731567383
early,qiu2022,devmap,E7.25,E8.0-R2,18,13537,10681,E7.25,8.0,49.19721984863281
early,qiu2022,devmap,E7.25,E8.0-R2,19,13537,10681,E7.25,8.0,50.2469482421875
early,qiu2022,devmap,E7.25,E8.0-R2,20,13537,10681,E7.25,8.0,50.91904830932617
early,qiu2022,devmap,E7.25,E8.0-R2,21,13537,10681,E7.25,8.0,49.77436065673828
early,qiu2022,devmap,E7.25,E8.0-R2,22,13537,10681,E7.25,8.0,49.651248931884766
early,qiu2022,devmap,E7.25,E8.0-R2,23,13537,10681,E7.25,8.0,50.12592315673828
early,qiu2022,devmap,E7.25,E8.0-R2,24,13537,10681,E7.25,8.0,50.23866271972656
early,qiu2022,devmap,E7.25,E8.0-R2,25,13537,10681,E7.25,8.0,49.48112487792969
early,qiu2022,devmap,E7.25,E8.0-R2,26,13537,10681,E7.25,8.0,50.642189025878906
early,qiu2022,devmap,E7.25,E8.0-R2,27,13537,10681,E7.25,8.0,49.26171112060547
early,qiu2022,devmap,E7.25,E8.0-R2,28,13537,10681,E7.25,8.0,48.166168212890625
early,qiu2022,devmap,E7.25,E8.0-R2,29,13537,10681,E7.25,8.0,48.85218811035156
early,qiu2022,devmap,E7.25,E8.0-R2,30,13537,10681,E7.25,8.0,47.731056213378906
early,qiu2022,devmap,E7.25,E8.0-R2,31,13537,10681,E7.25,8.0,48.02701950073242
early,qiu2022,devmap,E7.25,E8.0-R2,32,13537,10681,E7.25,8.0,49.13203430175781
early,qiu2022,devmap,E7.25,E8.0-R2,33,13537,10681,E7.25,8.0,47.78636169433594
early,qiu2022,devmap,E7.25,E8.0-R2,34,13537,10681,E7.25,8.0,50.38630676269531
early,qiu2022,devmap,E7.25,E8.0-R2,35,13537,10681,E7.25,8.0,47.49585723876953
early,qiu2022,devmap,E7.25,E8.0-R2,36,13537,10681,E7.25,8.0,49.91257095336914
early,qiu2022,devmap,E7.25,E8.0-R2,37,13537,10681,E7.25,8.0,50.14967346191406
early,qiu2022,devmap,E7.25,E8.0-R2,38,13537,10681,E7.25,8.0,51.06873321533203
early,qiu2022,devmap,E7.25,E8.0-R2,39,13537,10681,E7.25,8.0,50.44764709472656
early,qiu2022,devmap,E7.25,E8.0-R2,40,13537,10681,E7.25,8.0,50.94952392578125
early,qiu2022,devmap,E7.25,E8.0-R2,41,13537,10681,E7.25,8.0,48.033748626708984
early,qiu2022,devmap,E7.25,E8.0-R2,42,13537,10681,E7.25,8.0,48.51805114746094
early,qiu2022,devmap,E7.25,E8.0-R2,43,13537,10681,E7.25,8.0,48.648101806640625
early,qiu2022,devmap,E7.25,E8.0-R2,44,13537,10681,E7.25,8.0,49.02603530883789
early,qiu2022,devmap,E7.25,E8.0-R2,45,13537,10681,E7.25,8.0,51.282318115234375
early,qiu2022,devmap,E7.25,E8.0-R2,46,13537,10681,E7.25,8.0,48.66521072387695
early,qiu2022,devmap,E7.25,E8.0-R2,47,13537,10681,E7.25,8.0,49.45429229736328
early,qiu2022,devmap,E7.25,E8.0-R2,48,13537,10681,E7.25,8.0,49.54888916015625
early,qiu2022,devmap,E7.25,E8.0-R2,49,13537,10681,E7.25,8.0,50.38298797607422
early,qiu2022,devmap,E7.25,E8.0-R3,0,13537,6763,E7.25,8.0,47.63182067871094
early,qiu2022,devmap,E7.25,E8.0-R3,1,13537,6763,E7.25,8.0,47.70390319824219
early,qiu2022,devmap,E7.25,E8.0-R3,2,13537,6763,E7.25,8.0,48.80453872680664
early,qiu2022,devmap,E7.25,E8.0-R3,3,13537,6763,E7.25,8.0,48.915672302246094
early,qiu2022,devmap,E7.25,E8.0-R3,4,13537,6763,E7.25,8.0,46.7845573425293
early,qiu2022,devmap,E7.25,E8.0-R3,5,13537,6763,E7.25,8.0,50.74901580810547
early,qiu2022,devmap,E7.25,E8.0-R3,6,13537,6763,E7.25,8.0,48.30929946899414
early,qiu2022,devmap,E7.25,E8.0-R3,7,13537,6763,E7.25,8.0,49.20550537109375
early,qiu2022,devmap,E7.25,E8.0-R3,8,13537,6763,E7.25,8.0,46.561187744140625
early,qiu2022,devmap,E7.25,E8.0-R3,9,13537,6763,E7.25,8.0,50.249847412109375
early,qiu2022,devmap,E7.25,E8.0-R3,10,13537,6763,E7.25,8.0,47.41034698486328
early,qiu2022,devmap,E7.25,E8.0-R3,11,13537,6763,E7.25,8.0,48.53861999511719
early,qiu2022,devmap,E7.25,E8.0-R3,12,13537,6763,E7.25,8.0,48.09149932861328
early,qiu2022,devmap,E7.25,E8.0-R3,13,13537,6763,E7.25,8.0,46.35760498046875
early,qiu2022,devmap,E7.25,E8.0-R3,14,13537,6763,E7.25,8.0,47.496864318847656
early,qiu2022,devmap,E7.25,E8.0-R3,15,13537,6763,E7.25,8.0,50.66061019897461
early,qiu2022,devmap,E7.25,E8.0-R3,16,13537,6763,E7.25,8.0,46.58061981201172
early,qiu2022,devmap,E7.25,E8.0-R3,17,13537,6763,E7.25,8.0,50.13322830200195
early,qiu2022,devmap,E7.25,E8.0-R3,18,13537,6763,E7.25,8.0,47.42139434814453
early,qiu2022,devmap,E7.25,E8.0-R3,19,13537,6763,E7.25,8.0,51.133270263671875
early,qiu2022,devmap,E7.25,E8.0-R3,20,13537,6763,E7.25,8.0,47.04595184326172
early,qiu2022,devmap,E7.25,E8.0-R3,21,13537,6763,E7.25,8.0,49.448360443115234
early,qiu2022,devmap,E7.25,E8.0-R3,22,13537,6763,E7.25,8.0,47.24382781982422
early,qiu2022,devmap,E7.25,E8.0-R3,23,13537,6763,E7.25,8.0,48.50932312011719
early,qiu2022,devmap,E7.25,E8.0-R3,24,13537,6763,E7.25,8.0,49.734615325927734
early,qiu2022,devmap,E7.25,E8.0-R3,25,13537,6763,E7.25,8.0,46.77153396606445
early,qiu2022,devmap,E7.25,E8.0-R3,26,13537,6763,E7.25,8.0,49.767333984375
early,qiu2022,devmap,E7.25,E8.0-R3,27,13537,6763,E7.25,8.0,48.83927917480469
early,qiu2022,devmap,E7.25,E8.0-R3,28,13537,6763,E7.25,8.0,47.092472076416016
early,qiu2022,devmap,E7.25,E8.0-R3,29,13537,6763,E7.25,8.0,50.43853759765625
early,qiu2022,devmap,E7.25,E8.0-R3,30,13537,6763,E7.25,8.0,48.94560241699219
early,qiu2022,devmap,E7.25,E8.0-R3,31,13537,6763,E7.25,8.0,47.2608642578125
early,qiu2022,devmap,E7.25,E8.0-R3,32,13537,6763,E7.25,8.0,49.70866394042969
early,qiu2022,devmap,E7.25,E8.0-R3,33,13537,6763,E7.25,8.0,46.6507568359375
early,qiu2022,devmap,E7.25,E8.0-R3,34,13537,6763,E7.25,8.0,48.49383544921875
early,qiu2022,devmap,E7.25,E8.0-R3,35,13537,6763,E7.25,8.0,48.48844528198242
early,qiu2022,devmap,E7.25,E8.0-R3,36,13537,6763,E7.25,8.0,49.43482208251953
early,qiu2022,devmap,E7.25,E8.0-R3,37,13537,6763,E7.25,8.0,47.24201202392578
early,qiu2022,devmap,E7.25,E8.0-R3,38,13537,6763,E7.25,8.0,48.98600387573242
early,qiu2022,devmap,E7.25,E8.0-R3,39,13537,6763,E7.25,8.0,49.7137451171875
early,qiu2022,devmap,E7.25,E8.0-R3,40,13537,6763,E7.25,8.0,48.328216552734375
early,qiu2022,devmap,E7.25,E8.0-R3,41,13537,6763,E7.25,8.0,49.174583435058594
early,qiu2022,devmap,E7.25,E8.0-R3,42,13537,6763,E7.25,8.0,48.11823272705078
early,qiu2022,devmap,E7.25,E8.0-R3,43,13537,6763,E7.25,8.0,48.6953125
early,qiu2022,devmap,E7.25,E8.0-R3,44,13537,6763,E7.25,8.0,49.30792236328125
early,qiu2022,devmap,E7.25,E8.0-R3,45,13537,6763,E7.25,8.0,50.875572204589844
early,qiu2022,devmap,E7.25,E8.0-R3,46,13537,6763,E7.25,8.0,47.304222106933594
early,qiu2022,devmap,E7.25,E8.0-R3,47,13537,6763,E7.25,8.0,50.22917556762695
early,qiu2022,devmap,E7.25,E8.0-R3,48,13537,6763,E7.25,8.0,49.91484832763672
early,qiu2022,devmap,E7.25,E8.0-R3,49,13537,6763,E7.25,8.0,47.91134262084961
early,qiu2022,devmap,E7.25,E8.5-R1,0,13537,23435,E7.25,8.5,63.575340270996094
early,qiu2022,devmap,E7.25,E8.5-R1,1,13537,23435,E7.25,8.5,63.345947265625
early,qiu2022,devmap,E7.25,E8.5-R1,2,13537,23435,E7.25,8.5,63.41294479370117
early,qiu2022,devmap,E7.25,E8.5-R1,3,13537,23435,E7.25,8.5,64.50421142578125
early,qiu2022,devmap,E7.25,E8.5-R1,4,13537,23435,E7.25,8.5,63.28105163574219
early,qiu2022,devmap,E7.25,E8.5-R1,5,13537,23435,E7.25,8.5,64.13494873046875
early,qiu2022,devmap,E7.25,E8.5-R1,6,13537,23435,E7.25,8.5,64.65889739990234
early,qiu2022,devmap,E7.25,E8.5-R1,7,13537,23435,E7.25,8.5,62.33936309814453
early,qiu2022,devmap,E7.25,E8.5-R1,8,13537,23435,E7.25,8.5,62.75303649902344
early,qiu2022,devmap,E7.25,E8.5-R1,9,13537,23435,E7.25,8.5,64.80563354492188
early,qiu2022,devmap,E7.25,E8.5-R1,10,13537,23435,E7.25,8.5,63.482826232910156
early,qiu2022,devmap,E7.25,E8.5-R1,11,13537,23435,E7.25,8.5,61.872230529785156
early,qiu2022,devmap,E7.25,E8.5-R1,12,13537,23435,E7.25,8.5,62.6513786315918
early,qiu2022,devmap,E7.25,E8.5-R1,13,13537,23435,E7.25,8.5,63.232608795166016
early,qiu2022,devmap,E7.25,E8.5-R1,14,13537,23435,E7.25,8.5,63.43840026855469
early,qiu2022,devmap,E7.25,E8.5-R1,15,13537,23435,E7.25,8.5,63.39523696899414
early,qiu2022,devmap,E7.25,E8.5-R1,16,13537,23435,E7.25,8.5,62.95753479003906
early,qiu2022,devmap,E7.25,E8.5-R1,17,13537,23435,E7.25,8.5,63.312950134277344
early,qiu2022,devmap,E7.25,E8.5-R1,18,13537,23435,E7.25,8.5,63.38648223876953
early,qiu2022,devmap,E7.25,E8.5-R1,19,13537,23435,E7.25,8.5,64.19558715820312
early,qiu2022,devmap,E7.25,E8.5-R1,20,13537,23435,E7.25,8.5,62.854244232177734
early,qiu2022,devmap,E7.25,E8.5-R1,21,13537,23435,E7.25,8.5,61.46458435058594
early,qiu2022,devmap,E7.25,E8.5-R1,22,13537,23435,E7.25,8.5,64.44769287109375
early,qiu2022,devmap,E7.25,E8.5-R1,23,13537,23435,E7.25,8.5,62.562049865722656
early,qiu2022,devmap,E7.25,E8.5-R1,24,13537,23435,E7.25,8.5,63.866798400878906
early,qiu2022,devmap,E7.25,E8.5-R1,25,13537,23435,E7.25,8.5,67.07832336425781
early,qiu2022,devmap,E7.25,E8.5-R1,26,13537,23435,E7.25,8.5,61.68008041381836
early,qiu2022,devmap,E7.25,E8.5-R1,27,13537,23435,E7.25,8.5,63.65760040283203
early,qiu2022,devmap,E7.25,E8.5-R1,28,13537,23435,E7.25,8.5,63.47185516357422
early,qiu2022,devmap,E7.25,E8.5-R1,29,13537,23435,E7.25,8.5,62.65953826904297
early,qiu2022,devmap,E7.25,E8.5-R1,30,13537,23435,E7.25,8.5,62.769378662109375
early,qiu2022,devmap,E7.25,E8.5-R1,31,13537,23435,E7.25,8.5,63.34748840332031
early,qiu2022,devmap,E7.25,E8.5-R1,32,13537,23435,E7.25,8.5,63.34153747558594
early,qiu2022,devmap,E7.25,E8.5-R1,33,13537,23435,E7.25,8.5,62.388160705566406
early,qiu2022,devmap,E7.25,E8.5-R1,34,13537,23435,E7.25,8.5,63.173194885253906
early,qiu2022,devmap,E7.25,E8.5-R1,35,13537,23435,E7.25,8.5,63.606101989746094
early,qiu2022,devmap,E7.25,E8.5-R1,36,13537,23435,E7.25,8.5,63.99470520019531
early,qiu2022,devmap,E7.25,E8.5-R1,37,13537,23435,E7.25,8.5,61.48932647705078
early,qiu2022,devmap,E7.25,E8.5-R1,38,13537,23435,E7.25,8.5,61.77485656738281
early,qiu2022,devmap,E7.25,E8.5-R1,39,13537,23435,E7.25,8.5,61.338802337646484
early,qiu2022,devmap,E7.25,E8.5-R1,40,13537,23435,E7.25,8.5,62.723480224609375
early,qiu2022,devmap,E7.25,E8.5-R1,41,13537,23435,E7.25,8.5,61.994911193847656
early,qiu2022,devmap,E7.25,E8.5-R1,42,13537,23435,E7.25,8.5,65.47453308105469
early,qiu2022,devmap,E7.25,E8.5-R1,43,13537,23435,E7.25,8.5,63.81122589111328
early,qiu2022,devmap,E7.25,E8.5-R1,44,13537,23435,E7.25,8.5,60.93553161621094
early,qiu2022,devmap,E7.25,E8.5-R1,45,13537,23435,E7.25,8.5,62.2263298034668
early,qiu2022,devmap,E7.25,E8.5-R1,46,13537,23435,E7.25,8.5,63.39064407348633
early,qiu2022,devmap,E7.25,E8.5-R1,47,13537,23435,E7.25,8.5,64.5711898803711
early,qiu2022,devmap,E7.25,E8.5-R1,48,13537,23435,E7.25,8.5,64.32413482666016
early,qiu2022,devmap,E7.25,E8.5-R1,49,13537,23435,E7.25,8.5,64.07908630371094
early,qiu2022,devmap,E7.25,E8.5-R2,0,13537,38216,E7.25,8.5,63.269439697265625
early,qiu2022,devmap,E7.25,E8.5-R2,1,13537,38216,E7.25,8.5,62.06594467163086
early,qiu2022,devmap,E7.25,E8.5-R2,2,13537,38216,E7.25,8.5,64.06581115722656
early,qiu2022,devmap,E7.25,E8.5-R2,3,13537,38216,E7.25,8.5,63.20643615722656
early,qiu2022,devmap,E7.25,E8.5-R2,4,13537,38216,E7.25,8.5,63.42881393432617
early,qiu2022,devmap,E7.25,E8.5-R2,5,13537,38216,E7.25,8.5,63.7302131652832
early,qiu2022,devmap,E7.25,E8.5-R2,6,13537,38216,E7.25,8.5,63.82200622558594
early,qiu2022,devmap,E7.25,E8.5-R2,7,13537,38216,E7.25,8.5,63.66353988647461
early,qiu2022,devmap,E7.25,E8.5-R2,8,13537,38216,E7.25,8.5,63.75162887573242
early,qiu2022,devmap,E7.25,E8.5-R2,9,13537,38216,E7.25,8.5,62.34208679199219
early,qiu2022,devmap,E7.25,E8.5-R2,10,13537,38216,E7.25,8.5,63.72908020019531
early,qiu2022,devmap,E7.25,E8.5-R2,11,13537,38216,E7.25,8.5,63.56874465942383
early,qiu2022,devmap,E7.25,E8.5-R2,12,13537,38216,E7.25,8.5,62.822479248046875
early,qiu2022,devmap,E7.25,E8.5-R2,13,13537,38216,E7.25,8.5,60.301971435546875
early,qiu2022,devmap,E7.25,E8.5-R2,14,13537,38216,E7.25,8.5,63.117061614990234
early,qiu2022,devmap,E7.25,E8.5-R2,15,13537,38216,E7.25,8.5,63.47557830810547
early,qiu2022,devmap,E7.25,E8.5-R2,16,13537,38216,E7.25,8.5,62.89836883544922
early,qiu2022,devmap,E7.25,E8.5-R2,17,13537,38216,E7.25,8.5,63.57337188720703
early,qiu2022,devmap,E7.25,E8.5-R2,18,13537,38216,E7.25,8.5,61.91999053955078
early,qiu2022,devmap,E7.25,E8.5-R2,19,13537,38216,E7.25,8.5,63.122310638427734
early,qiu2022,devmap,E7.25,E8.5-R2,20,13537,38216,E7.25,8.5,64.2022705078125
early,qiu2022,devmap,E7.25,E8.5-R2,21,13537,38216,E7.25,8.5,63.70233917236328
early,qiu2022,devmap,E7.25,E8.5-R2,22,13537,38216,E7.25,8.5,63.19013977050781
early,qiu2022,devmap,E7.25,E8.5-R2,23,13537,38216,E7.25,8.5,62.8050537109375
early,qiu2022,devmap,E7.25,E8.5-R2,24,13537,38216,E7.25,8.5,63.84296417236328
early,qiu2022,devmap,E7.25,E8.5-R2,25,13537,38216,E7.25,8.5,63.25592041015625
early,qiu2022,devmap,E7.25,E8.5-R2,26,13537,38216,E7.25,8.5,63.79487609863281
early,qiu2022,devmap,E7.25,E8.5-R2,27,13537,38216,E7.25,8.5,61.449127197265625
early,qiu2022,devmap,E7.25,E8.5-R2,28,13537,38216,E7.25,8.5,63.1881103515625
early,qiu2022,devmap,E7.25,E8.5-R2,29,13537,38216,E7.25,8.5,63.08563995361328
early,qiu2022,devmap,E7.25,E8.5-R2,30,13537,38216,E7.25,8.5,62.71086502075195
early,qiu2022,devmap,E7.25,E8.5-R2,31,13537,38216,E7.25,8.5,64.37772369384766
early,qiu2022,devmap,E7.25,E8.5-R2,32,13537,38216,E7.25,8.5,63.106807708740234
early,qiu2022,devmap,E7.25,E8.5-R2,33,13537,38216,E7.25,8.5,62.09720230102539
early,qiu2022,devmap,E7.25,E8.5-R2,34,13537,38216,E7.25,8.5,65.25106048583984
early,qiu2022,devmap,E7.25,E8.5-R2,35,13537,38216,E7.25,8.5,62.604278564453125
early,qiu2022,devmap,E7.25,E8.5-R2,36,13537,38216,E7.25,8.5,62.509727478027344
early,qiu2022,devmap,E7.25,E8.5-R2,37,13537,38216,E7.25,8.5,62.389190673828125
early,qiu2022,devmap,E7.25,E8.5-R2,38,13537,38216,E7.25,8.5,62.91156768798828
early,qiu2022,devmap,E7.25,E8.5-R2,39,13537,38216,E7.25,8.5,62.16497039794922
early,qiu2022,devmap,E7.25,E8.5-R2,40,13537,38216,E7.25,8.5,62.82991409301758
early,qiu2022,devmap,E7.25,E8.5-R2,41,13537,38216,E7.25,8.5,63.34516525268555
early,qiu2022,devmap,E7.25,E8.5-R2,42,13537,38216,E7.25,8.5,64.3311767578125
early,qiu2022,devmap,E7.25,E8.5-R2,43,13537,38216,E7.25,8.5,62.80720901489258
early,qiu2022,devmap,E7.25,E8.5-R2,44,13537,38216,E7.25,8.5,62.29090881347656
early,qiu2022,devmap,E7.25,E8.5-R2,45,13537,38216,E7.25,8.5,63.69750213623047
early,qiu2022,devmap,E7.25,E8.5-R2,46,13537,38216,E7.25,8.5,66.20661926269531
early,qiu2022,devmap,E7.25,E8.5-R2,47,13537,38216,E7.25,8.5,63.25442886352539
early,qiu2022,devmap,E7.25,E8.5-R2,48,13537,38216,E7.25,8.5,63.47582244873047
early,qiu2022,devmap,E7.25,E8.5-R2,49,13537,38216,E7.25,8.5,62.890647888183594
early,qiu2022,devmap,E7.25,E8.5-R3,0,13537,27743,E7.25,8.5,65.36769104003906
early,qiu2022,devmap,E7.25,E8.5-R3,1,13537,27743,E7.25,8.5,60.76021194458008
early,qiu2022,devmap,E7.25,E8.5-R3,2,13537,27743,E7.25,8.5,62.47132110595703
early,qiu2022,devmap,E7.25,E8.5-R3,3,13537,27743,E7.25,8.5,63.1163444519043
early,qiu2022,devmap,E7.25,E8.5-R3,4,13537,27743,E7.25,8.5,61.66791534423828
early,qiu2022,devmap,E7.25,E8.5-R3,5,13537,27743,E7.25,8.5,61.74519729614258
early,qiu2022,devmap,E7.25,E8.5-R3,6,13537,27743,E7.25,8.5,60.074073791503906
early,qiu2022,devmap,E7.25,E8.5-R3,7,13537,27743,E7.25,8.5,61.14949035644531
early,qiu2022,devmap,E7.25,E8.5-R3,8,13537,27743,E7.25,8.5,62.93534851074219
early,qiu2022,devmap,E7.25,E8.5-R3,9,13537,27743,E7.25,8.5,60.91204071044922
early,qiu2022,devmap,E7.25,E8.5-R3,10,13537,27743,E7.25,8.5,59.629783630371094
early,qiu2022,devmap,E7.25,E8.5-R3,11,13537,27743,E7.25,8.5,61.07960510253906
early,qiu2022,devmap,E7.25,E8.5-R3,12,13537,27743,E7.25,8.5,61.33002471923828
early,qiu2022,devmap,E7.25,E8.5-R3,13,13537,27743,E7.25,8.5,61.74425506591797
early,qiu2022,devmap,E7.25,E8.5-R3,14,13537,27743,E7.25,8.5,60.96377944946289
early,qiu2022,devmap,E7.25,E8.5-R3,15,13537,27743,E7.25,8.5,60.69746398925781
early,qiu2022,devmap,E7.25,E8.5-R3,16,13537,27743,E7.25,8.5,62.06855010986328
early,qiu2022,devmap,E7.25,E8.5-R3,17,13537,27743,E7.25,8.5,60.56458282470703
early,qiu2022,devmap,E7.25,E8.5-R3,18,13537,27743,E7.25,8.5,61.162879943847656
early,qiu2022,devmap,E7.25,E8.5-R3,19,13537,27743,E7.25,8.5,62.62984848022461
early,qiu2022,devmap,E7.25,E8.5-R3,20,13537,27743,E7.25,8.5,61.99908447265625
early,qiu2022,devmap,E7.25,E8.5-R3,21,13537,27743,E7.25,8.5,61.117637634277344
early,qiu2022,devmap,E7.25,E8.5-R3,22,13537,27743,E7.25,8.5,60.59319305419922
early,qiu2022,devmap,E7.25,E8.5-R3,23,13537,27743,E7.25,8.5,61.398902893066406
early,qiu2022,devmap,E7.25,E8.5-R3,24,13537,27743,E7.25,8.5,62.21814727783203
early,qiu2022,devmap,E7.25,E8.5-R3,25,13537,27743,E7.25,8.5,61.47837829589844
early,qiu2022,devmap,E7.25,E8.5-R3,26,13537,27743,E7.25,8.5,63.33392333984375
early,qiu2022,devmap,E7.25,E8.5-R3,27,13537,27743,E7.25,8.5,61.052520751953125
early,qiu2022,devmap,E7.25,E8.5-R3,28,13537,27743,E7.25,8.5,59.88999938964844
early,qiu2022,devmap,E7.25,E8.5-R3,29,13537,27743,E7.25,8.5,61.45321273803711
early,qiu2022,devmap,E7.25,E8.5-R3,30,13537,27743,E7.25,8.5,61.3775634765625
early,qiu2022,devmap,E7.25,E8.5-R3,31,13537,27743,E7.25,8.5,63.45256423950195
early,qiu2022,devmap,E7.25,E8.5-R3,32,13537,27743,E7.25,8.5,61.300270080566406
early,qiu2022,devmap,E7.25,E8.5-R3,33,13537,27743,E7.25,8.5,61.39347457885742
early,qiu2022,devmap,E7.25,E8.5-R3,34,13537,27743,E7.25,8.5,63.03408432006836
early,qiu2022,devmap,E7.25,E8.5-R3,35,13537,27743,E7.25,8.5,60.58064651489258
early,qiu2022,devmap,E7.25,E8.5-R3,36,13537,27743,E7.25,8.5,60.954803466796875
early,qiu2022,devmap,E7.25,E8.5-R3,37,13537,27743,E7.25,8.5,61.77014923095703
early,qiu2022,devmap,E7.25,E8.5-R3,38,13537,27743,E7.25,8.5,61.80182647705078
early,qiu2022,devmap,E7.25,E8.5-R3,39,13537,27743,E7.25,8.5,61.26988983154297
early,qiu2022,devmap,E7.25,E8.5-R3,40,13537,27743,E7.25,8.5,60.63589859008789
early,qiu2022,devmap,E7.25,E8.5-R3,41,13537,27743,E7.25,8.5,60.07423400878906
early,qiu2022,devmap,E7.25,E8.5-R3,42,13537,27743,E7.25,8.5,61.15790939331055
early,qiu2022,devmap,E7.25,E8.5-R3,43,13537,27743,E7.25,8.5,59.984344482421875
early,qiu2022,devmap,E7.25,E8.5-R3,44,13537,27743,E7.25,8.5,60.95195770263672
early,qiu2022,devmap,E7.25,E8.5-R3,45,13537,27743,E7.25,8.5,61.77366638183594
early,qiu2022,devmap,E7.25,E8.5-R3,46,13537,27743,E7.25,8.5,60.46022415161133
early,qiu2022,devmap,E7.25,E8.5-R3,47,13537,27743,E7.25,8.5,63.48618698120117
early,qiu2022,devmap,E7.25,E8.5-R3,48,13537,27743,E7.25,8.5,59.84688186645508
early,qiu2022,devmap,E7.25,E8.5-R3,49,13537,27743,E7.25,8.5,60.08589172363281
early,qiu2022,devmap,E7.5,E7.5-R1,0,10994,1342,E7.5,7.5,44.78715515136719
early,qiu2022,devmap,E7.5,E7.5-R1,1,10994,1342,E7.5,7.5,38.977569580078125
early,qiu2022,devmap,E7.5,E7.5-R1,2,10994,1342,E7.5,7.5,43.832801818847656
early,qiu2022,devmap,E7.5,E7.5-R1,3,10994,1342,E7.5,7.5,45.00445556640625
early,qiu2022,devmap,E7.5,E7.5-R1,4,10994,1342,E7.5,7.5,47.18947219848633
early,qiu2022,devmap,E7.5,E7.5-R1,5,10994,1342,E7.5,7.5,45.69709777832031
early,qiu2022,devmap,E7.5,E7.5-R1,6,10994,1342,E7.5,7.5,39.282386779785156
early,qiu2022,devmap,E7.5,E7.5-R1,7,10994,1342,E7.5,7.5,41.08395004272461
early,qiu2022,devmap,E7.5,E7.5-R1,8,10994,1342,E7.5,7.5,42.091407775878906
early,qiu2022,devmap,E7.5,E7.5-R1,9,10994,1342,E7.5,7.5,47.820777893066406
early,qiu2022,devmap,E7.5,E7.5-R1,10,10994,1342,E7.5,7.5,43.93183135986328
early,qiu2022,devmap,E7.5,E7.5-R1,11,10994,1342,E7.5,7.5,51.185646057128906
early,qiu2022,devmap,E7.5,E7.5-R1,12,10994,1342,E7.5,7.5,45.121212005615234
early,qiu2022,devmap,E7.5,E7.5-R1,13,10994,1342,E7.5,7.5,46.937538146972656
early,qiu2022,devmap,E7.5,E7.5-R1,14,10994,1342,E7.5,7.5,47.700077056884766
early,qiu2022,devmap,E7.5,E7.5-R1,15,10994,1342,E7.5,7.5,45.07304382324219
early,qiu2022,devmap,E7.5,E7.5-R1,16,10994,1342,E7.5,7.5,49.87946319580078
early,qiu2022,devmap,E7.5,E7.5-R1,17,10994,1342,E7.5,7.5,42.47028350830078
early,qiu2022,devmap,E7.5,E7.5-R1,18,10994,1342,E7.5,7.5,42.68937301635742
early,qiu2022,devmap,E7.5,E7.5-R1,19,10994,1342,E7.5,7.5,42.46708679199219
early,qiu2022,devmap,E7.5,E7.5-R1,20,10994,1342,E7.5,7.5,42.77471160888672
early,qiu2022,devmap,E7.5,E7.5-R1,21,10994,1342,E7.5,7.5,42.23548126220703
early,qiu2022,devmap,E7.5,E7.5-R1,22,10994,1342,E7.5,7.5,47.0352783203125
early,qiu2022,devmap,E7.5,E7.5-R1,23,10994,1342,E7.5,7.5,46.59767150878906
early,qiu2022,devmap,E7.5,E7.5-R1,24,10994,1342,E7.5,7.5,45.44981002807617
early,qiu2022,devmap,E7.5,E7.5-R1,25,10994,1342,E7.5,7.5,42.867366790771484
early,qiu2022,devmap,E7.5,E7.5-R1,26,10994,1342,E7.5,7.5,47.45655059814453
early,qiu2022,devmap,E7.5,E7.5-R1,27,10994,1342,E7.5,7.5,43.14289474487305
early,qiu2022,devmap,E7.5,E7.5-R1,28,10994,1342,E7.5,7.5,43.918357849121094
early,qiu2022,devmap,E7.5,E7.5-R1,29,10994,1342,E7.5,7.5,46.52168273925781
early,qiu2022,devmap,E7.5,E7.5-R1,30,10994,1342,E7.5,7.5,39.90126037597656
early,qiu2022,devmap,E7.5,E7.5-R1,31,10994,1342,E7.5,7.5,45.93170928955078
early,qiu2022,devmap,E7.5,E7.5-R1,32,10994,1342,E7.5,7.5,47.29763412475586
early,qiu2022,devmap,E7.5,E7.5-R1,33,10994,1342,E7.5,7.5,41.521881103515625
early,qiu2022,devmap,E7.5,E7.5-R1,34,10994,1342,E7.5,7.5,50.20265197753906
early,qiu2022,devmap,E7.5,E7.5-R1,35,10994,1342,E7.5,7.5,36.77872848510742
early,qiu2022,devmap,E7.5,E7.5-R1,36,10994,1342,E7.5,7.5,44.275962829589844
early,qiu2022,devmap,E7.5,E7.5-R1,37,10994,1342,E7.5,7.5,42.15880584716797
early,qiu2022,devmap,E7.5,E7.5-R1,38,10994,1342,E7.5,7.5,41.816864013671875
early,qiu2022,devmap,E7.5,E7.5-R1,39,10994,1342,E7.5,7.5,42.6136474609375
early,qiu2022,devmap,E7.5,E7.5-R1,40,10994,1342,E7.5,7.5,42.8102912902832
early,qiu2022,devmap,E7.5,E7.5-R1,41,10994,1342,E7.5,7.5,39.06142807006836
early,qiu2022,devmap,E7.5,E7.5-R1,42,10994,1342,E7.5,7.5,43.07147979736328
early,qiu2022,devmap,E7.5,E7.5-R1,43,10994,1342,E7.5,7.5,40.22216033935547
early,qiu2022,devmap,E7.5,E7.5-R1,44,10994,1342,E7.5,7.5,40.52754211425781
early,qiu2022,devmap,E7.5,E7.5-R1,45,10994,1342,E7.5,7.5,46.406219482421875
early,qiu2022,devmap,E7.5,E7.5-R1,46,10994,1342,E7.5,7.5,43.029605865478516
early,qiu2022,devmap,E7.5,E7.5-R1,47,10994,1342,E7.5,7.5,45.52783966064453
early,qiu2022,devmap,E7.5,E7.5-R1,48,10994,1342,E7.5,7.5,43.430450439453125
early,qiu2022,devmap,E7.5,E7.5-R1,49,10994,1342,E7.5,7.5,45.75971221923828
early,qiu2022,devmap,E7.5,E7.5-R2,0,10994,1838,E7.5,7.5,37.265663146972656
early,qiu2022,devmap,E7.5,E7.5-R2,1,10994,1838,E7.5,7.5,35.71204376220703
early,qiu2022,devmap,E7.5,E7.5-R2,2,10994,1838,E7.5,7.5,33.86842346191406
early,qiu2022,devmap,E7.5,E7.5-R2,3,10994,1838,E7.5,7.5,33.72443771362305
early,qiu2022,devmap,E7.5,E7.5-R2,4,10994,1838,E7.5,7.5,37.440574645996094
early,qiu2022,devmap,E7.5,E7.5-R2,5,10994,1838,E7.5,7.5,34.799964904785156
early,qiu2022,devmap,E7.5,E7.5-R2,6,10994,1838,E7.5,7.5,33.84377670288086
early,qiu2022,devmap,E7.5,E7.5-R2,7,10994,1838,E7.5,7.5,32.48736572265625
early,qiu2022,devmap,E7.5,E7.5-R2,8,10994,1838,E7.5,7.5,36.24509811401367
early,qiu2022,devmap,E7.5,E7.5-R2,9,10994,1838,E7.5,7.5,36.42146301269531
early,qiu2022,devmap,E7.5,E7.5-R2,10,10994,1838,E7.5,7.5,36.70367431640625
early,qiu2022,devmap,E7.5,E7.5-R2,11,10994,1838,E7.5,7.5,37.61246109008789
early,qiu2022,devmap,E7.5,E7.5-R2,12,10994,1838,E7.5,7.5,33.92420959472656
early,qiu2022,devmap,E7.5,E7.5-R2,13,10994,1838,E7.5,7.5,36.0255126953125
early,qiu2022,devmap,E7.5,E7.5-R2,14,10994,1838,E7.5,7.5,36.5723991394043
early,qiu2022,devmap,E7.5,E7.5-R2,15,10994,1838,E7.5,7.5,40.526939392089844
early,qiu2022,devmap,E7.5,E7.5-R2,16,10994,1838,E7.5,7.5,38.88767623901367
early,qiu2022,devmap,E7.5,E7.5-R2,17,10994,1838,E7.5,7.5,33.58919906616211
early,qiu2022,devmap,E7.5,E7.5-R2,18,10994,1838,E7.5,7.5,41.92939758300781
early,qiu2022,devmap,E7.5,E7.5-R2,19,10994,1838,E7.5,7.5,39.590187072753906
early,qiu2022,devmap,E7.5,E7.5-R2,20,10994,1838,E7.5,7.5,34.305782318115234
early,qiu2022,devmap,E7.5,E7.5-R2,21,10994,1838,E7.5,7.5,43.81439208984375
early,qiu2022,devmap,E7.5,E7.5-R2,22,10994,1838,E7.5,7.5,36.70154571533203
early,qiu2022,devmap,E7.5,E7.5-R2,23,10994,1838,E7.5,7.5,33.80942153930664
early,qiu2022,devmap,E7.5,E7.5-R2,24,10994,1838,E7.5,7.5,34.84530258178711
early,qiu2022,devmap,E7.5,E7.5-R2,25,10994,1838,E7.5,7.5,35.69707489013672
early,qiu2022,devmap,E7.5,E7.5-R2,26,10994,1838,E7.5,7.5,34.22193145751953
early,qiu2022,devmap,E7.5,E7.5-R2,27,10994,1838,E7.5,7.5,40.769554138183594
early,qiu2022,devmap,E7.5,E7.5-R2,28,10994,1838,E7.5,7.5,34.80095672607422
early,qiu2022,devmap,E7.5,E7.5-R2,29,10994,1838,E7.5,7.5,36.065059661865234
early,qiu2022,devmap,E7.5,E7.5-R2,30,10994,1838,E7.5,7.5,37.914466857910156
early,qiu2022,devmap,E7.5,E7.5-R2,31,10994,1838,E7.5,7.5,41.370849609375
early,qiu2022,devmap,E7.5,E7.5-R2,32,10994,1838,E7.5,7.5,40.108577728271484
early,qiu2022,devmap,E7.5,E7.5-R2,33,10994,1838,E7.5,7.5,32.304954528808594
early,qiu2022,devmap,E7.5,E7.5-R2,34,10994,1838,E7.5,7.5,37.13300704956055
early,qiu2022,devmap,E7.5,E7.5-R2,35,10994,1838,E7.5,7.5,38.36077117919922
early,qiu2022,devmap,E7.5,E7.5-R2,36,10994,1838,E7.5,7.5,37.95951843261719
early,qiu2022,devmap,E7.5,E7.5-R2,37,10994,1838,E7.5,7.5,32.381046295166016
early,qiu2022,devmap,E7.5,E7.5-R2,38,10994,1838,E7.5,7.5,37.96696472167969
early,qiu2022,devmap,E7.5,E7.5-R2,39,10994,1838,E7.5,7.5,35.03367233276367
early,qiu2022,devmap,E7.5,E7.5-R2,40,10994,1838,E7.5,7.5,35.339569091796875
early,qiu2022,devmap,E7.5,E7.5-R2,41,10994,1838,E7.5,7.5,34.8743896484375
early,qiu2022,devmap,E7.5,E7.5-R2,42,10994,1838,E7.5,7.5,43.69447708129883
early,qiu2022,devmap,E7.5,E7.5-R2,43,10994,1838,E7.5,7.5,33.37677001953125
early,qiu2022,devmap,E7.5,E7.5-R2,44,10994,1838,E7.5,7.5,39.61337661743164
early,qiu2022,devmap,E7.5,E7.5-R2,45,10994,1838,E7.5,7.5,30.595657348632812
early,qiu2022,devmap,E7.5,E7.5-R2,46,10994,1838,E7.5,7.5,38.259822845458984
early,qiu2022,devmap,E7.5,E7.5-R2,47,10994,1838,E7.5,7.5,34.617706298828125
early,qiu2022,devmap,E7.5,E7.5-R2,48,10994,1838,E7.5,7.5,34.330101013183594
early,qiu2022,devmap,E7.5,E7.5-R2,49,10994,1838,E7.5,7.5,36.03859329223633
early,qiu2022,devmap,E7.5,E7.5-R3,0,10994,1468,E7.5,7.5,45.18250274658203
early,qiu2022,devmap,E7.5,E7.5-R3,1,10994,1468,E7.5,7.5,48.70854949951172
early,qiu2022,devmap,E7.5,E7.5-R3,2,10994,1468,E7.5,7.5,47.762020111083984
early,qiu2022,devmap,E7.5,E7.5-R3,3,10994,1468,E7.5,7.5,43.346500396728516
early,qiu2022,devmap,E7.5,E7.5-R3,4,10994,1468,E7.5,7.5,45.497901916503906
early,qiu2022,devmap,E7.5,E7.5-R3,5,10994,1468,E7.5,7.5,42.3543586730957
early,qiu2022,devmap,E7.5,E7.5-R3,6,10994,1468,E7.5,7.5,45.135948181152344
early,qiu2022,devmap,E7.5,E7.5-R3,7,10994,1468,E7.5,7.5,45.425071716308594
early,qiu2022,devmap,E7.5,E7.5-R3,8,10994,1468,E7.5,7.5,44.3250617980957
early,qiu2022,devmap,E7.5,E7.5-R3,9,10994,1468,E7.5,7.5,47.69463348388672
early,qiu2022,devmap,E7.5,E7.5-R3,10,10994,1468,E7.5,7.5,42.79243469238281
early,qiu2022,devmap,E7.5,E7.5-R3,11,10994,1468,E7.5,7.5,47.727272033691406
early,qiu2022,devmap,E7.5,E7.5-R3,12,10994,1468,E7.5,7.5,46.239402770996094
early,qiu2022,devmap,E7.5,E7.5-R3,13,10994,1468,E7.5,7.5,41.068214416503906
early,qiu2022,devmap,E7.5,E7.5-R3,14,10994,1468,E7.5,7.5,45.85012435913086
early,qiu2022,devmap,E7.5,E7.5-R3,15,10994,1468,E7.5,7.5,53.082305908203125
early,qiu2022,devmap,E7.5,E7.5-R3,16,10994,1468,E7.5,7.5,43.8427734375
early,qiu2022,devmap,E7.5,E7.5-R3,17,10994,1468,E7.5,7.5,42.05023193359375
early,qiu2022,devmap,E7.5,E7.5-R3,18,10994,1468,E7.5,7.5,43.26017761230469
early,qiu2022,devmap,E7.5,E7.5-R3,19,10994,1468,E7.5,7.5,39.50135040283203
early,qiu2022,devmap,E7.5,E7.5-R3,20,10994,1468,E7.5,7.5,51.17742156982422
early,qiu2022,devmap,E7.5,E7.5-R3,21,10994,1468,E7.5,7.5,50.1973762512207
early,qiu2022,devmap,E7.5,E7.5-R3,22,10994,1468,E7.5,7.5,44.321189880371094
early,qiu2022,devmap,E7.5,E7.5-R3,23,10994,1468,E7.5,7.5,40.96324157714844
early,qiu2022,devmap,E7.5,E7.5-R3,24,10994,1468,E7.5,7.5,42.71527862548828
early,qiu2022,devmap,E7.5,E7.5-R3,25,10994,1468,E7.5,7.5,39.45354461669922
early,qiu2022,devmap,E7.5,E7.5-R3,26,10994,1468,E7.5,7.5,50.67922592163086
early,qiu2022,devmap,E7.5,E7.5-R3,27,10994,1468,E7.5,7.5,49.89223098754883
early,qiu2022,devmap,E7.5,E7.5-R3,28,10994,1468,E7.5,7.5,44.37141799926758
early,qiu2022,devmap,E7.5,E7.5-R3,29,10994,1468,E7.5,7.5,48.213157653808594
early,qiu2022,devmap,E7.5,E7.5-R3,30,10994,1468,E7.5,7.5,43.86640930175781
early,qiu2022,devmap,E7.5,E7.5-R3,31,10994,1468,E7.5,7.5,46.0947265625
early,qiu2022,devmap,E7.5,E7.5-R3,32,10994,1468,E7.5,7.5,42.65009689331055
early,qiu2022,devmap,E7.5,E7.5-R3,33,10994,1468,E7.5,7.5,42.26447296142578
early,qiu2022,devmap,E7.5,E7.5-R3,34,10994,1468,E7.5,7.5,45.52409362792969
early,qiu2022,devmap,E7.5,E7.5-R3,35,10994,1468,E7.5,7.5,46.464881896972656
early,qiu2022,devmap,E7.5,E7.5-R3,36,10994,1468,E7.5,7.5,48.50318145751953
early,qiu2022,devmap,E7.5,E7.5-R3,37,10994,1468,E7.5,7.5,39.703399658203125
early,qiu2022,devmap,E7.5,E7.5-R3,38,10994,1468,E7.5,7.5,46.872737884521484
early,qiu2022,devmap,E7.5,E7.5-R3,39,10994,1468,E7.5,7.5,44.55223083496094
early,qiu2022,devmap,E7.5,E7.5-R3,40,10994,1468,E7.5,7.5,43.724647521972656
early,qiu2022,devmap,E7.5,E7.5-R3,41,10994,1468,E7.5,7.5,54.07018280029297
early,qiu2022,devmap,E7.5,E7.5-R3,42,10994,1468,E7.5,7.5,42.82359313964844
early,qiu2022,devmap,E7.5,E7.5-R3,43,10994,1468,E7.5,7.5,43.08884811401367
early,qiu2022,devmap,E7.5,E7.5-R3,44,10994,1468,E7.5,7.5,41.688568115234375
early,qiu2022,devmap,E7.5,E7.5-R3,45,10994,1468,E7.5,7.5,44.56415939331055
early,qiu2022,devmap,E7.5,E7.5-R3,46,10994,1468,E7.5,7.5,46.99736785888672
early,qiu2022,devmap,E7.5,E7.5-R3,47,10994,1468,E7.5,7.5,44.44186782836914
early,qiu2022,devmap,E7.5,E7.5-R3,48,10994,1468,E7.5,7.5,47.581451416015625
early,qiu2022,devmap,E7.5,E7.5-R3,49,10994,1468,E7.5,7.5,42.411903381347656
early,qiu2022,devmap,E7.5,E8.0-R1,0,10994,4498,E7.5,8.0,41.95378494262695
early,qiu2022,devmap,E7.5,E8.0-R1,1,10994,4498,E7.5,8.0,39.8282470703125
early,qiu2022,devmap,E7.5,E8.0-R1,2,10994,4498,E7.5,8.0,41.7642822265625
early,qiu2022,devmap,E7.5,E8.0-R1,3,10994,4498,E7.5,8.0,41.83610916137695
early,qiu2022,devmap,E7.5,E8.0-R1,4,10994,4498,E7.5,8.0,43.28953552246094
early,qiu2022,devmap,E7.5,E8.0-R1,5,10994,4498,E7.5,8.0,40.50633239746094
early,qiu2022,devmap,E7.5,E8.0-R1,6,10994,4498,E7.5,8.0,43.666358947753906
early,qiu2022,devmap,E7.5,E8.0-R1,7,10994,4498,E7.5,8.0,45.323448181152344
early,qiu2022,devmap,E7.5,E8.0-R1,8,10994,4498,E7.5,8.0,38.11674880981445
early,qiu2022,devmap,E7.5,E8.0-R1,9,10994,4498,E7.5,8.0,39.863243103027344
early,qiu2022,devmap,E7.5,E8.0-R1,10,10994,4498,E7.5,8.0,42.405826568603516
early,qiu2022,devmap,E7.5,E8.0-R1,11,10994,4498,E7.5,8.0,42.57196044921875
early,qiu2022,devmap,E7.5,E8.0-R1,12,10994,4498,E7.5,8.0,39.006500244140625
early,qiu2022,devmap,E7.5,E8.0-R1,13,10994,4498,E7.5,8.0,40.32377624511719
early,qiu2022,devmap,E7.5,E8.0-R1,14,10994,4498,E7.5,8.0,41.56610107421875
early,qiu2022,devmap,E7.5,E8.0-R1,15,10994,4498,E7.5,8.0,39.96477127075195
early,qiu2022,devmap,E7.5,E8.0-R1,16,10994,4498,E7.5,8.0,44.0611457824707
early,qiu2022,devmap,E7.5,E8.0-R1,17,10994,4498,E7.5,8.0,40.777305603027344
early,qiu2022,devmap,E7.5,E8.0-R1,18,10994,4498,E7.5,8.0,40.12445831298828
early,qiu2022,devmap,E7.5,E8.0-R1,19,10994,4498,E7.5,8.0,40.19165802001953
early,qiu2022,devmap,E7.5,E8.0-R1,20,10994,4498,E7.5,8.0,41.72306823730469
early,qiu2022,devmap,E7.5,E8.0-R1,21,10994,4498,E7.5,8.0,40.29777526855469
early,qiu2022,devmap,E7.5,E8.0-R1,22,10994,4498,E7.5,8.0,41.57263946533203
early,qiu2022,devmap,E7.5,E8.0-R1,23,10994,4498,E7.5,8.0,39.41789245605469
early,qiu2022,devmap,E7.5,E8.0-R1,24,10994,4498,E7.5,8.0,39.64783477783203
early,qiu2022,devmap,E7.5,E8.0-R1,25,10994,4498,E7.5,8.0,41.66228485107422
early,qiu2022,devmap,E7.5,E8.0-R1,26,10994,4498,E7.5,8.0,41.05070495605469
early,qiu2022,devmap,E7.5,E8.0-R1,27,10994,4498,E7.5,8.0,43.21483612060547
early,qiu2022,devmap,E7.5,E8.0-R1,28,10994,4498,E7.5,8.0,42.41632843017578
early,qiu2022,devmap,E7.5,E8.0-R1,29,10994,4498,E7.5,8.0,40.30458068847656
early,qiu2022,devmap,E7.5,E8.0-R1,30,10994,4498,E7.5,8.0,40.25856399536133
early,qiu2022,devmap,E7.5,E8.0-R1,31,10994,4498,E7.5,8.0,41.39276123046875
early,qiu2022,devmap,E7.5,E8.0-R1,32,10994,4498,E7.5,8.0,39.85414123535156
early,qiu2022,devmap,E7.5,E8.0-R1,33,10994,4498,E7.5,8.0,38.545101165771484
early,qiu2022,devmap,E7.5,E8.0-R1,34,10994,4498,E7.5,8.0,42.14046096801758
early,qiu2022,devmap,E7.5,E8.0-R1,35,10994,4498,E7.5,8.0,40.522911071777344
early,qiu2022,devmap,E7.5,E8.0-R1,36,10994,4498,E7.5,8.0,40.91842269897461
early,qiu2022,devmap,E7.5,E8.0-R1,37,10994,4498,E7.5,8.0,40.717132568359375
early,qiu2022,devmap,E7.5,E8.0-R1,38,10994,4498,E7.5,8.0,42.56476593017578
early,qiu2022,devmap,E7.5,E8.0-R1,39,10994,4498,E7.5,8.0,41.835960388183594
early,qiu2022,devmap,E7.5,E8.0-R1,40,10994,4498,E7.5,8.0,42.87000274658203
early,qiu2022,devmap,E7.5,E8.0-R1,41,10994,4498,E7.5,8.0,41.181358337402344
early,qiu2022,devmap,E7.5,E8.0-R1,42,10994,4498,E7.5,8.0,41.1785888671875
early,qiu2022,devmap,E7.5,E8.0-R1,43,10994,4498,E7.5,8.0,45.8592414855957
early,qiu2022,devmap,E7.5,E8.0-R1,44,10994,4498,E7.5,8.0,43.39390182495117
early,qiu2022,devmap,E7.5,E8.0-R1,45,10994,4498,E7.5,8.0,40.91508483886719
early,qiu2022,devmap,E7.5,E8.0-R1,46,10994,4498,E7.5,8.0,38.86730194091797
early,qiu2022,devmap,E7.5,E8.0-R1,47,10994,4498,E7.5,8.0,39.46916580200195
early,qiu2022,devmap,E7.5,E8.0-R1,48,10994,4498,E7.5,8.0,41.41178894042969
early,qiu2022,devmap,E7.5,E8.0-R1,49,10994,4498,E7.5,8.0,43.417022705078125
early,qiu2022,devmap,E7.5,E8.0-R2,0,10994,10681,E7.5,8.0,45.959938049316406
early,qiu2022,devmap,E7.5,E8.0-R2,1,10994,10681,E7.5,8.0,48.09092330932617
early,qiu2022,devmap,E7.5,E8.0-R2,2,10994,10681,E7.5,8.0,44.8333740234375
early,qiu2022,devmap,E7.5,E8.0-R2,3,10994,10681,E7.5,8.0,47.10981750488281
early,qiu2022,devmap,E7.5,E8.0-R2,4,10994,10681,E7.5,8.0,46.75025177001953
early,qiu2022,devmap,E7.5,E8.0-R2,5,10994,10681,E7.5,8.0,45.69743728637695
early,qiu2022,devmap,E7.5,E8.0-R2,6,10994,10681,E7.5,8.0,47.65467834472656
early,qiu2022,devmap,E7.5,E8.0-R2,7,10994,10681,E7.5,8.0,47.56559753417969
early,qiu2022,devmap,E7.5,E8.0-R2,8,10994,10681,E7.5,8.0,47.269081115722656
early,qiu2022,devmap,E7.5,E8.0-R2,9,10994,10681,E7.5,8.0,49.297088623046875
early,qiu2022,devmap,E7.5,E8.0-R2,10,10994,10681,E7.5,8.0,47.04884338378906
early,qiu2022,devmap,E7.5,E8.0-R2,11,10994,10681,E7.5,8.0,47.23457336425781
early,qiu2022,devmap,E7.5,E8.0-R2,12,10994,10681,E7.5,8.0,47.97148132324219
early,qiu2022,devmap,E7.5,E8.0-R2,13,10994,10681,E7.5,8.0,47.060462951660156
early,qiu2022,devmap,E7.5,E8.0-R2,14,10994,10681,E7.5,8.0,48.818092346191406
early,qiu2022,devmap,E7.5,E8.0-R2,15,10994,10681,E7.5,8.0,48.83669662475586
early,qiu2022,devmap,E7.5,E8.0-R2,16,10994,10681,E7.5,8.0,49.770416259765625
early,qiu2022,devmap,E7.5,E8.0-R2,17,10994,10681,E7.5,8.0,47.570465087890625
early,qiu2022,devmap,E7.5,E8.0-R2,18,10994,10681,E7.5,8.0,47.209800720214844
early,qiu2022,devmap,E7.5,E8.0-R2,19,10994,10681,E7.5,8.0,47.35467529296875
early,qiu2022,devmap,E7.5,E8.0-R2,20,10994,10681,E7.5,8.0,46.58911895751953
early,qiu2022,devmap,E7.5,E8.0-R2,21,10994,10681,E7.5,8.0,46.250450134277344
early,qiu2022,devmap,E7.5,E8.0-R2,22,10994,10681,E7.5,8.0,47.95836639404297
early,qiu2022,devmap,E7.5,E8.0-R2,23,10994,10681,E7.5,8.0,46.80925750732422
early,qiu2022,devmap,E7.5,E8.0-R2,24,10994,10681,E7.5,8.0,46.72173309326172
early,qiu2022,devmap,E7.5,E8.0-R2,25,10994,10681,E7.5,8.0,46.14242172241211
early,qiu2022,devmap,E7.5,E8.0-R2,26,10994,10681,E7.5,8.0,46.09137725830078
early,qiu2022,devmap,E7.5,E8.0-R2,27,10994,10681,E7.5,8.0,47.51514434814453
early,qiu2022,devmap,E7.5,E8.0-R2,28,10994,10681,E7.5,8.0,50.267337799072266
early,qiu2022,devmap,E7.5,E8.0-R2,29,10994,10681,E7.5,8.0,48.57710647583008
early,qiu2022,devmap,E7.5,E8.0-R2,30,10994,10681,E7.5,8.0,46.58174133300781
early,qiu2022,devmap,E7.5,E8.0-R2,31,10994,10681,E7.5,8.0,46.18348693847656
early,qiu2022,devmap,E7.5,E8.0-R2,32,10994,10681,E7.5,8.0,49.42304229736328
early,qiu2022,devmap,E7.5,E8.0-R2,33,10994,10681,E7.5,8.0,46.7293815612793
early,qiu2022,devmap,E7.5,E8.0-R2,34,10994,10681,E7.5,8.0,45.711753845214844
early,qiu2022,devmap,E7.5,E8.0-R2,35,10994,10681,E7.5,8.0,47.17650604248047
early,qiu2022,devmap,E7.5,E8.0-R2,36,10994,10681,E7.5,8.0,48.92835998535156
early,qiu2022,devmap,E7.5,E8.0-R2,37,10994,10681,E7.5,8.0,47.530914306640625
early,qiu2022,devmap,E7.5,E8.0-R2,38,10994,10681,E7.5,8.0,45.96075439453125
early,qiu2022,devmap,E7.5,E8.0-R2,39,10994,10681,E7.5,8.0,46.97213363647461
early,qiu2022,devmap,E7.5,E8.0-R2,40,10994,10681,E7.5,8.0,47.210960388183594
early,qiu2022,devmap,E7.5,E8.0-R2,41,10994,10681,E7.5,8.0,46.291664123535156
early,qiu2022,devmap,E7.5,E8.0-R2,42,10994,10681,E7.5,8.0,48.727176666259766
early,qiu2022,devmap,E7.5,E8.0-R2,43,10994,10681,E7.5,8.0,48.85083770751953
early,qiu2022,devmap,E7.5,E8.0-R2,44,10994,10681,E7.5,8.0,46.47801208496094
early,qiu2022,devmap,E7.5,E8.0-R2,45,10994,10681,E7.5,8.0,46.263816833496094
early,qiu2022,devmap,E7.5,E8.0-R2,46,10994,10681,E7.5,8.0,49.84968566894531
early,qiu2022,devmap,E7.5,E8.0-R2,47,10994,10681,E7.5,8.0,46.63817596435547
early,qiu2022,devmap,E7.5,E8.0-R2,48,10994,10681,E7.5,8.0,47.688560485839844
early,qiu2022,devmap,E7.5,E8.0-R2,49,10994,10681,E7.5,8.0,47.8897705078125
early,qiu2022,devmap,E7.5,E8.0-R3,0,10994,6763,E7.5,8.0,44.296791076660156
early,qiu2022,devmap,E7.5,E8.0-R3,1,10994,6763,E7.5,8.0,45.187530517578125
early,qiu2022,devmap,E7.5,E8.0-R3,2,10994,6763,E7.5,8.0,43.327430725097656
early,qiu2022,devmap,E7.5,E8.0-R3,3,10994,6763,E7.5,8.0,43.832130432128906
early,qiu2022,devmap,E7.5,E8.0-R3,4,10994,6763,E7.5,8.0,45.56468200683594
early,qiu2022,devmap,E7.5,E8.0-R3,5,10994,6763,E7.5,8.0,46.086456298828125
early,qiu2022,devmap,E7.5,E8.0-R3,6,10994,6763,E7.5,8.0,43.544227600097656
early,qiu2022,devmap,E7.5,E8.0-R3,7,10994,6763,E7.5,8.0,41.79170227050781
early,qiu2022,devmap,E7.5,E8.0-R3,8,10994,6763,E7.5,8.0,43.78839874267578
early,qiu2022,devmap,E7.5,E8.0-R3,9,10994,6763,E7.5,8.0,46.782012939453125
early,qiu2022,devmap,E7.5,E8.0-R3,10,10994,6763,E7.5,8.0,44.169586181640625
early,qiu2022,devmap,E7.5,E8.0-R3,11,10994,6763,E7.5,8.0,42.90435791015625
early,qiu2022,devmap,E7.5,E8.0-R3,12,10994,6763,E7.5,8.0,42.44492721557617
early,qiu2022,devmap,E7.5,E8.0-R3,13,10994,6763,E7.5,8.0,44.33850860595703
early,qiu2022,devmap,E7.5,E8.0-R3,14,10994,6763,E7.5,8.0,43.642086029052734
early,qiu2022,devmap,E7.5,E8.0-R3,15,10994,6763,E7.5,8.0,43.520477294921875
early,qiu2022,devmap,E7.5,E8.0-R3,16,10994,6763,E7.5,8.0,43.331947326660156
early,qiu2022,devmap,E7.5,E8.0-R3,17,10994,6763,E7.5,8.0,43.17174530029297
early,qiu2022,devmap,E7.5,E8.0-R3,18,10994,6763,E7.5,8.0,45.131927490234375
early,qiu2022,devmap,E7.5,E8.0-R3,19,10994,6763,E7.5,8.0,39.780025482177734
early,qiu2022,devmap,E7.5,E8.0-R3,20,10994,6763,E7.5,8.0,46.614967346191406
early,qiu2022,devmap,E7.5,E8.0-R3,21,10994,6763,E7.5,8.0,45.38652038574219
early,qiu2022,devmap,E7.5,E8.0-R3,22,10994,6763,E7.5,8.0,44.12467575073242
early,qiu2022,devmap,E7.5,E8.0-R3,23,10994,6763,E7.5,8.0,44.10852813720703
early,qiu2022,devmap,E7.5,E8.0-R3,24,10994,6763,E7.5,8.0,44.044593811035156
early,qiu2022,devmap,E7.5,E8.0-R3,25,10994,6763,E7.5,8.0,43.67668914794922
early,qiu2022,devmap,E7.5,E8.0-R3,26,10994,6763,E7.5,8.0,44.147613525390625
early,qiu2022,devmap,E7.5,E8.0-R3,27,10994,6763,E7.5,8.0,44.76582336425781
early,qiu2022,devmap,E7.5,E8.0-R3,28,10994,6763,E7.5,8.0,46.607872009277344
early,qiu2022,devmap,E7.5,E8.0-R3,29,10994,6763,E7.5,8.0,46.269142150878906
early,qiu2022,devmap,E7.5,E8.0-R3,30,10994,6763,E7.5,8.0,41.973453521728516
early,qiu2022,devmap,E7.5,E8.0-R3,31,10994,6763,E7.5,8.0,42.95619201660156
early,qiu2022,devmap,E7.5,E8.0-R3,32,10994,6763,E7.5,8.0,42.04903030395508
early,qiu2022,devmap,E7.5,E8.0-R3,33,10994,6763,E7.5,8.0,44.342010498046875
early,qiu2022,devmap,E7.5,E8.0-R3,34,10994,6763,E7.5,8.0,41.403892517089844
early,qiu2022,devmap,E7.5,E8.0-R3,35,10994,6763,E7.5,8.0,43.27764892578125
early,qiu2022,devmap,E7.5,E8.0-R3,36,10994,6763,E7.5,8.0,43.515296936035156
early,qiu2022,devmap,E7.5,E8.0-R3,37,10994,6763,E7.5,8.0,43.54088592529297
early,qiu2022,devmap,E7.5,E8.0-R3,38,10994,6763,E7.5,8.0,41.17707061767578
early,qiu2022,devmap,E7.5,E8.0-R3,39,10994,6763,E7.5,8.0,44.551734924316406
early,qiu2022,devmap,E7.5,E8.0-R3,40,10994,6763,E7.5,8.0,46.21437454223633
early,qiu2022,devmap,E7.5,E8.0-R3,41,10994,6763,E7.5,8.0,41.343101501464844
early,qiu2022,devmap,E7.5,E8.0-R3,42,10994,6763,E7.5,8.0,44.358646392822266
early,qiu2022,devmap,E7.5,E8.0-R3,43,10994,6763,E7.5,8.0,44.317298889160156
early,qiu2022,devmap,E7.5,E8.0-R3,44,10994,6763,E7.5,8.0,44.34894561767578
early,qiu2022,devmap,E7.5,E8.0-R3,45,10994,6763,E7.5,8.0,46.318519592285156
early,qiu2022,devmap,E7.5,E8.0-R3,46,10994,6763,E7.5,8.0,46.41883087158203
early,qiu2022,devmap,E7.5,E8.0-R3,47,10994,6763,E7.5,8.0,43.96043014526367
early,qiu2022,devmap,E7.5,E8.0-R3,48,10994,6763,E7.5,8.0,45.800209045410156
early,qiu2022,devmap,E7.5,E8.0-R3,49,10994,6763,E7.5,8.0,43.28984451293945
early,qiu2022,devmap,E7.5,E8.5-R1,0,10994,23435,E7.5,8.5,60.686134338378906
early,qiu2022,devmap,E7.5,E8.5-R1,1,10994,23435,E7.5,8.5,64.75462341308594
early,qiu2022,devmap,E7.5,E8.5-R1,2,10994,23435,E7.5,8.5,62.38457489013672
early,qiu2022,devmap,E7.5,E8.5-R1,3,10994,23435,E7.5,8.5,58.96636199951172
early,qiu2022,devmap,E7.5,E8.5-R1,4,10994,23435,E7.5,8.5,62.34189987182617
early,qiu2022,devmap,E7.5,E8.5-R1,5,10994,23435,E7.5,8.5,62.3621826171875
early,qiu2022,devmap,E7.5,E8.5-R1,6,10994,23435,E7.5,8.5,63.19664001464844
early,qiu2022,devmap,E7.5,E8.5-R1,7,10994,23435,E7.5,8.5,60.04628372192383
early,qiu2022,devmap,E7.5,E8.5-R1,8,10994,23435,E7.5,8.5,61.256248474121094
early,qiu2022,devmap,E7.5,E8.5-R1,9,10994,23435,E7.5,8.5,62.19120788574219
early,qiu2022,devmap,E7.5,E8.5-R1,10,10994,23435,E7.5,8.5,61.84445571899414
early,qiu2022,devmap,E7.5,E8.5-R1,11,10994,23435,E7.5,8.5,59.18364334106445
early,qiu2022,devmap,E7.5,E8.5-R1,12,10994,23435,E7.5,8.5,61.34635925292969
early,qiu2022,devmap,E7.5,E8.5-R1,13,10994,23435,E7.5,8.5,63.51001739501953
early,qiu2022,devmap,E7.5,E8.5-R1,14,10994,23435,E7.5,8.5,63.76325225830078
early,qiu2022,devmap,E7.5,E8.5-R1,15,10994,23435,E7.5,8.5,65.0947265625
early,qiu2022,devmap,E7.5,E8.5-R1,16,10994,23435,E7.5,8.5,61.216365814208984
early,qiu2022,devmap,E7.5,E8.5-R1,17,10994,23435,E7.5,8.5,61.805931091308594
early,qiu2022,devmap,E7.5,E8.5-R1,18,10994,23435,E7.5,8.5,59.23440170288086
early,qiu2022,devmap,E7.5,E8.5-R1,19,10994,23435,E7.5,8.5,64.01322174072266
early,qiu2022,devmap,E7.5,E8.5-R1,20,10994,23435,E7.5,8.5,62.33436584472656
early,qiu2022,devmap,E7.5,E8.5-R1,21,10994,23435,E7.5,8.5,61.54222869873047
early,qiu2022,devmap,E7.5,E8.5-R1,22,10994,23435,E7.5,8.5,60.953895568847656
early,qiu2022,devmap,E7.5,E8.5-R1,23,10994,23435,E7.5,8.5,59.961822509765625
early,qiu2022,devmap,E7.5,E8.5-R1,24,10994,23435,E7.5,8.5,64.3207778930664
early,qiu2022,devmap,E7.5,E8.5-R1,25,10994,23435,E7.5,8.5,62.15071105957031
early,qiu2022,devmap,E7.5,E8.5-R1,26,10994,23435,E7.5,8.5,60.48541259765625
early,qiu2022,devmap,E7.5,E8.5-R1,27,10994,23435,E7.5,8.5,60.23024368286133
early,qiu2022,devmap,E7.5,E8.5-R1,28,10994,23435,E7.5,8.5,62.54174041748047
early,qiu2022,devmap,E7.5,E8.5-R1,29,10994,23435,E7.5,8.5,61.75264358520508
early,qiu2022,devmap,E7.5,E8.5-R1,30,10994,23435,E7.5,8.5,61.89019012451172
early,qiu2022,devmap,E7.5,E8.5-R1,31,10994,23435,E7.5,8.5,63.927711486816406
early,qiu2022,devmap,E7.5,E8.5-R1,32,10994,23435,E7.5,8.5,63.611236572265625
early,qiu2022,devmap,E7.5,E8.5-R1,33,10994,23435,E7.5,8.5,62.658538818359375
early,qiu2022,devmap,E7.5,E8.5-R1,34,10994,23435,E7.5,8.5,62.54023742675781
early,qiu2022,devmap,E7.5,E8.5-R1,35,10994,23435,E7.5,8.5,59.857757568359375
early,qiu2022,devmap,E7.5,E8.5-R1,36,10994,23435,E7.5,8.5,64.16622161865234
early,qiu2022,devmap,E7.5,E8.5-R1,37,10994,23435,E7.5,8.5,61.46980285644531
early,qiu2022,devmap,E7.5,E8.5-R1,38,10994,23435,E7.5,8.5,61.59760284423828
early,qiu2022,devmap,E7.5,E8.5-R1,39,10994,23435,E7.5,8.5,63.964630126953125
early,qiu2022,devmap,E7.5,E8.5-R1,40,10994,23435,E7.5,8.5,62.91981887817383
early,qiu2022,devmap,E7.5,E8.5-R1,41,10994,23435,E7.5,8.5,60.96106719970703
early,qiu2022,devmap,E7.5,E8.5-R1,42,10994,23435,E7.5,8.5,61.838890075683594
early,qiu2022,devmap,E7.5,E8.5-R1,43,10994,23435,E7.5,8.5,61.710853576660156
early,qiu2022,devmap,E7.5,E8.5-R1,44,10994,23435,E7.5,8.5,61.32524871826172
early,qiu2022,devmap,E7.5,E8.5-R1,45,10994,23435,E7.5,8.5,62.65683364868164
early,qiu2022,devmap,E7.5,E8.5-R1,46,10994,23435,E7.5,8.5,60.728294372558594
early,qiu2022,devmap,E7.5,E8.5-R1,47,10994,23435,E7.5,8.5,61.292911529541016
early,qiu2022,devmap,E7.5,E8.5-R1,48,10994,23435,E7.5,8.5,62.038108825683594
early,qiu2022,devmap,E7.5,E8.5-R1,49,10994,23435,E7.5,8.5,63.04016876220703
early,qiu2022,devmap,E7.5,E8.5-R2,0,10994,38216,E7.5,8.5,61.68896484375
early,qiu2022,devmap,E7.5,E8.5-R2,1,10994,38216,E7.5,8.5,63.24699401855469
early,qiu2022,devmap,E7.5,E8.5-R2,2,10994,38216,E7.5,8.5,62.404747009277344
early,qiu2022,devmap,E7.5,E8.5-R2,3,10994,38216,E7.5,8.5,61.05223846435547
early,qiu2022,devmap,E7.5,E8.5-R2,4,10994,38216,E7.5,8.5,63.388275146484375
early,qiu2022,devmap,E7.5,E8.5-R2,5,10994,38216,E7.5,8.5,61.60239028930664
early,qiu2022,devmap,E7.5,E8.5-R2,6,10994,38216,E7.5,8.5,63.28917694091797
early,qiu2022,devmap,E7.5,E8.5-R2,7,10994,38216,E7.5,8.5,64.50477600097656
early,qiu2022,devmap,E7.5,E8.5-R2,8,10994,38216,E7.5,8.5,62.80930709838867
early,qiu2022,devmap,E7.5,E8.5-R2,9,10994,38216,E7.5,8.5,62.43244934082031
early,qiu2022,devmap,E7.5,E8.5-R2,10,10994,38216,E7.5,8.5,63.44654083251953
early,qiu2022,devmap,E7.5,E8.5-R2,11,10994,38216,E7.5,8.5,65.12271118164062
early,qiu2022,devmap,E7.5,E8.5-R2,12,10994,38216,E7.5,8.5,63.04920196533203
early,qiu2022,devmap,E7.5,E8.5-R2,13,10994,38216,E7.5,8.5,61.170265197753906
early,qiu2022,devmap,E7.5,E8.5-R2,14,10994,38216,E7.5,8.5,62.71509552001953
early,qiu2022,devmap,E7.5,E8.5-R2,15,10994,38216,E7.5,8.5,62.44475555419922
early,qiu2022,devmap,E7.5,E8.5-R2,16,10994,38216,E7.5,8.5,63.183738708496094
early,qiu2022,devmap,E7.5,E8.5-R2,17,10994,38216,E7.5,8.5,64.1292953491211
early,qiu2022,devmap,E7.5,E8.5-R2,18,10994,38216,E7.5,8.5,64.11537170410156
early,qiu2022,devmap,E7.5,E8.5-R2,19,10994,38216,E7.5,8.5,63.095611572265625
early,qiu2022,devmap,E7.5,E8.5-R2,20,10994,38216,E7.5,8.5,62.043331146240234
early,qiu2022,devmap,E7.5,E8.5-R2,21,10994,38216,E7.5,8.5,61.7802848815918
early,qiu2022,devmap,E7.5,E8.5-R2,22,10994,38216,E7.5,8.5,64.9891357421875
early,qiu2022,devmap,E7.5,E8.5-R2,23,10994,38216,E7.5,8.5,63.40111541748047
early,qiu2022,devmap,E7.5,E8.5-R2,24,10994,38216,E7.5,8.5,61.50502014160156
early,qiu2022,devmap,E7.5,E8.5-R2,25,10994,38216,E7.5,8.5,61.779266357421875
early,qiu2022,devmap,E7.5,E8.5-R2,26,10994,38216,E7.5,8.5,60.738800048828125
early,qiu2022,devmap,E7.5,E8.5-R2,27,10994,38216,E7.5,8.5,61.92622375488281
early,qiu2022,devmap,E7.5,E8.5-R2,28,10994,38216,E7.5,8.5,63.961387634277344
early,qiu2022,devmap,E7.5,E8.5-R2,29,10994,38216,E7.5,8.5,63.13056182861328
early,qiu2022,devmap,E7.5,E8.5-R2,30,10994,38216,E7.5,8.5,63.33990478515625
early,qiu2022,devmap,E7.5,E8.5-R2,31,10994,38216,E7.5,8.5,61.20184326171875
early,qiu2022,devmap,E7.5,E8.5-R2,32,10994,38216,E7.5,8.5,61.14875030517578
early,qiu2022,devmap,E7.5,E8.5-R2,33,10994,38216,E7.5,8.5,62.159637451171875
early,qiu2022,devmap,E7.5,E8.5-R2,34,10994,38216,E7.5,8.5,62.73638916015625
early,qiu2022,devmap,E7.5,E8.5-R2,35,10994,38216,E7.5,8.5,60.940460205078125
early,qiu2022,devmap,E7.5,E8.5-R2,36,10994,38216,E7.5,8.5,61.19328308105469
early,qiu2022,devmap,E7.5,E8.5-R2,37,10994,38216,E7.5,8.5,63.64014434814453
early,qiu2022,devmap,E7.5,E8.5-R2,38,10994,38216,E7.5,8.5,62.58281707763672
early,qiu2022,devmap,E7.5,E8.5-R2,39,10994,38216,E7.5,8.5,62.79972839355469
early,qiu2022,devmap,E7.5,E8.5-R2,40,10994,38216,E7.5,8.5,62.36484909057617
early,qiu2022,devmap,E7.5,E8.5-R2,41,10994,38216,E7.5,8.5,63.439048767089844
early,qiu2022,devmap,E7.5,E8.5-R2,42,10994,38216,E7.5,8.5,60.892425537109375
early,qiu2022,devmap,E7.5,E8.5-R2,43,10994,38216,E7.5,8.5,62.147789001464844
early,qiu2022,devmap,E7.5,E8.5-R2,44,10994,38216,E7.5,8.5,62.052337646484375
early,qiu2022,devmap,E7.5,E8.5-R2,45,10994,38216,E7.5,8.5,61.60872268676758
early,qiu2022,devmap,E7.5,E8.5-R2,46,10994,38216,E7.5,8.5,61.60450744628906
early,qiu2022,devmap,E7.5,E8.5-R2,47,10994,38216,E7.5,8.5,63.624324798583984
early,qiu2022,devmap,E7.5,E8.5-R2,48,10994,38216,E7.5,8.5,62.42303466796875
early,qiu2022,devmap,E7.5,E8.5-R2,49,10994,38216,E7.5,8.5,63.35345458984375
early,qiu2022,devmap,E7.5,E8.5-R3,0,10994,27743,E7.5,8.5,59.007530212402344
early,qiu2022,devmap,E7.5,E8.5-R3,1,10994,27743,E7.5,8.5,62.82743835449219
early,qiu2022,devmap,E7.5,E8.5-R3,2,10994,27743,E7.5,8.5,61.15559387207031
early,qiu2022,devmap,E7.5,E8.5-R3,3,10994,27743,E7.5,8.5,61.397613525390625
early,qiu2022,devmap,E7.5,E8.5-R3,4,10994,27743,E7.5,8.5,59.68946075439453
early,qiu2022,devmap,E7.5,E8.5-R3,5,10994,27743,E7.5,8.5,59.100311279296875
early,qiu2022,devmap,E7.5,E8.5-R3,6,10994,27743,E7.5,8.5,59.91497039794922
early,qiu2022,devmap,E7.5,E8.5-R3,7,10994,27743,E7.5,8.5,59.5927734375
early,qiu2022,devmap,E7.5,E8.5-R3,8,10994,27743,E7.5,8.5,61.108848571777344
early,qiu2022,devmap,E7.5,E8.5-R3,9,10994,27743,E7.5,8.5,60.99789047241211
early,qiu2022,devmap,E7.5,E8.5-R3,10,10994,27743,E7.5,8.5,61.67262268066406
early,qiu2022,devmap,E7.5,E8.5-R3,11,10994,27743,E7.5,8.5,58.69114685058594
early,qiu2022,devmap,E7.5,E8.5-R3,12,10994,27743,E7.5,8.5,57.796966552734375
early,qiu2022,devmap,E7.5,E8.5-R3,13,10994,27743,E7.5,8.5,58.372047424316406
early,qiu2022,devmap,E7.5,E8.5-R3,14,10994,27743,E7.5,8.5,60.087066650390625
early,qiu2022,devmap,E7.5,E8.5-R3,15,10994,27743,E7.5,8.5,59.912322998046875
early,qiu2022,devmap,E7.5,E8.5-R3,16,10994,27743,E7.5,8.5,60.86009979248047
early,qiu2022,devmap,E7.5,E8.5-R3,17,10994,27743,E7.5,8.5,59.0283203125
early,qiu2022,devmap,E7.5,E8.5-R3,18,10994,27743,E7.5,8.5,61.58967590332031
early,qiu2022,devmap,E7.5,E8.5-R3,19,10994,27743,E7.5,8.5,59.385311126708984
early,qiu2022,devmap,E7.5,E8.5-R3,20,10994,27743,E7.5,8.5,61.654510498046875
early,qiu2022,devmap,E7.5,E8.5-R3,21,10994,27743,E7.5,8.5,59.093772888183594
early,qiu2022,devmap,E7.5,E8.5-R3,22,10994,27743,E7.5,8.5,59.35549545288086
early,qiu2022,devmap,E7.5,E8.5-R3,23,10994,27743,E7.5,8.5,60.8795166015625
early,qiu2022,devmap,E7.5,E8.5-R3,24,10994,27743,E7.5,8.5,59.13306427001953
early,qiu2022,devmap,E7.5,E8.5-R3,25,10994,27743,E7.5,8.5,60.86835861206055
early,qiu2022,devmap,E7.5,E8.5-R3,26,10994,27743,E7.5,8.5,59.741790771484375
early,qiu2022,devmap,E7.5,E8.5-R3,27,10994,27743,E7.5,8.5,61.5238037109375
early,qiu2022,devmap,E7.5,E8.5-R3,28,10994,27743,E7.5,8.5,60.59876251220703
early,qiu2022,devmap,E7.5,E8.5-R3,29,10994,27743,E7.5,8.5,59.62937927246094
early,qiu2022,devmap,E7.5,E8.5-R3,30,10994,27743,E7.5,8.5,63.17413330078125
early,qiu2022,devmap,E7.5,E8.5-R3,31,10994,27743,E7.5,8.5,59.26720428466797
early,qiu2022,devmap,E7.5,E8.5-R3,32,10994,27743,E7.5,8.5,59.76803207397461
early,qiu2022,devmap,E7.5,E8.5-R3,33,10994,27743,E7.5,8.5,58.43620300292969
early,qiu2022,devmap,E7.5,E8.5-R3,34,10994,27743,E7.5,8.5,62.03105163574219
early,qiu2022,devmap,E7.5,E8.5-R3,35,10994,27743,E7.5,8.5,59.98232650756836
early,qiu2022,devmap,E7.5,E8.5-R3,36,10994,27743,E7.5,8.5,60.452369689941406
early,qiu2022,devmap,E7.5,E8.5-R3,37,10994,27743,E7.5,8.5,59.060508728027344
early,qiu2022,devmap,E7.5,E8.5-R3,38,10994,27743,E7.5,8.5,58.69523620605469
early,qiu2022,devmap,E7.5,E8.5-R3,39,10994,27743,E7.5,8.5,60.12831497192383
early,qiu2022,devmap,E7.5,E8.5-R3,40,10994,27743,E7.5,8.5,60.661930084228516
early,qiu2022,devmap,E7.5,E8.5-R3,41,10994,27743,E7.5,8.5,61.17791748046875
early,qiu2022,devmap,E7.5,E8.5-R3,42,10994,27743,E7.5,8.5,57.84825134277344
early,qiu2022,devmap,E7.5,E8.5-R3,43,10994,27743,E7.5,8.5,59.62193298339844
early,qiu2022,devmap,E7.5,E8.5-R3,44,10994,27743,E7.5,8.5,62.44009780883789
early,qiu2022,devmap,E7.5,E8.5-R3,45,10994,27743,E7.5,8.5,59.35029602050781
early,qiu2022,devmap,E7.5,E8.5-R3,46,10994,27743,E7.5,8.5,60.09264373779297
early,qiu2022,devmap,E7.5,E8.5-R3,47,10994,27743,E7.5,8.5,60.09904861450195
early,qiu2022,devmap,E7.5,E8.5-R3,48,10994,27743,E7.5,8.5,60.798526763916016
early,qiu2022,devmap,E7.5,E8.5-R3,49,10994,27743,E7.5,8.5,58.359840393066406
early,qiu2022,devmap,E7.75,E7.5-R1,0,14493,1342,E7.75,7.5,54.96699523925781
early,qiu2022,devmap,E7.75,E7.5-R1,1,14493,1342,E7.75,7.5,48.31257629394531
early,qiu2022,devmap,E7.75,E7.5-R1,2,14493,1342,E7.75,7.5,57.89398956298828
early,qiu2022,devmap,E7.75,E7.5-R1,3,14493,1342,E7.75,7.5,55.106727600097656
early,qiu2022,devmap,E7.75,E7.5-R1,4,14493,1342,E7.75,7.5,49.510196685791016
early,qiu2022,devmap,E7.75,E7.5-R1,5,14493,1342,E7.75,7.5,49.02262878417969
early,qiu2022,devmap,E7.75,E7.5-R1,6,14493,1342,E7.75,7.5,53.303016662597656
early,qiu2022,devmap,E7.75,E7.5-R1,7,14493,1342,E7.75,7.5,57.36266326904297
early,qiu2022,devmap,E7.75,E7.5-R1,8,14493,1342,E7.75,7.5,49.49058532714844
early,qiu2022,devmap,E7.75,E7.5-R1,9,14493,1342,E7.75,7.5,52.56500244140625
early,qiu2022,devmap,E7.75,E7.5-R1,10,14493,1342,E7.75,7.5,53.026947021484375
early,qiu2022,devmap,E7.75,E7.5-R1,11,14493,1342,E7.75,7.5,53.8886833190918
early,qiu2022,devmap,E7.75,E7.5-R1,12,14493,1342,E7.75,7.5,57.57861328125
early,qiu2022,devmap,E7.75,E7.5-R1,13,14493,1342,E7.75,7.5,51.642120361328125
early,qiu2022,devmap,E7.75,E7.5-R1,14,14493,1342,E7.75,7.5,52.69258117675781
early,qiu2022,devmap,E7.75,E7.5-R1,15,14493,1342,E7.75,7.5,50.79227828979492
early,qiu2022,devmap,E7.75,E7.5-R1,16,14493,1342,E7.75,7.5,49.583831787109375
early,qiu2022,devmap,E7.75,E7.5-R1,17,14493,1342,E7.75,7.5,54.347957611083984
early,qiu2022,devmap,E7.75,E7.5-R1,18,14493,1342,E7.75,7.5,52.969024658203125
early,qiu2022,devmap,E7.75,E7.5-R1,19,14493,1342,E7.75,7.5,56.28925704956055
early,qiu2022,devmap,E7.75,E7.5-R1,20,14493,1342,E7.75,7.5,47.89628601074219
early,qiu2022,devmap,E7.75,E7.5-R1,21,14493,1342,E7.75,7.5,57.14341735839844
early,qiu2022,devmap,E7.75,E7.5-R1,22,14493,1342,E7.75,7.5,47.14366912841797
early,qiu2022,devmap,E7.75,E7.5-R1,23,14493,1342,E7.75,7.5,60.573463439941406
early,qiu2022,devmap,E7.75,E7.5-R1,24,14493,1342,E7.75,7.5,51.145973205566406
early,qiu2022,devmap,E7.75,E7.5-R1,25,14493,1342,E7.75,7.5,45.69470977783203
early,qiu2022,devmap,E7.75,E7.5-R1,26,14493,1342,E7.75,7.5,57.24103546142578
early,qiu2022,devmap,E7.75,E7.5-R1,27,14493,1342,E7.75,7.5,56.98908996582031
early,qiu2022,devmap,E7.75,E7.5-R1,28,14493,1342,E7.75,7.5,53.49190139770508
early,qiu2022,devmap,E7.75,E7.5-R1,29,14493,1342,E7.75,7.5,51.51653289794922
early,qiu2022,devmap,E7.75,E7.5-R1,30,14493,1342,E7.75,7.5,51.97905731201172
early,qiu2022,devmap,E7.75,E7.5-R1,31,14493,1342,E7.75,7.5,54.73693084716797
early,qiu2022,devmap,E7.75,E7.5-R1,32,14493,1342,E7.75,7.5,55.679725646972656
early,qiu2022,devmap,E7.75,E7.5-R1,33,14493,1342,E7.75,7.5,52.230804443359375
early,qiu2022,devmap,E7.75,E7.5-R1,34,14493,1342,E7.75,7.5,46.83128356933594
early,qiu2022,devmap,E7.75,E7.5-R1,35,14493,1342,E7.75,7.5,53.1014404296875
early,qiu2022,devmap,E7.75,E7.5-R1,36,14493,1342,E7.75,7.5,65.50250244140625
early,qiu2022,devmap,E7.75,E7.5-R1,37,14493,1342,E7.75,7.5,51.52900314331055
early,qiu2022,devmap,E7.75,E7.5-R1,38,14493,1342,E7.75,7.5,52.68000793457031
early,qiu2022,devmap,E7.75,E7.5-R1,39,14493,1342,E7.75,7.5,43.83354568481445
early,qiu2022,devmap,E7.75,E7.5-R1,40,14493,1342,E7.75,7.5,49.779483795166016
early,qiu2022,devmap,E7.75,E7.5-R1,41,14493,1342,E7.75,7.5,48.034019470214844
early,qiu2022,devmap,E7.75,E7.5-R1,42,14493,1342,E7.75,7.5,50.725467681884766
early,qiu2022,devmap,E7.75,E7.5-R1,43,14493,1342,E7.75,7.5,58.62097930908203
early,qiu2022,devmap,E7.75,E7.5-R1,44,14493,1342,E7.75,7.5,54.54994583129883
early,qiu2022,devmap,E7.75,E7.5-R1,45,14493,1342,E7.75,7.5,48.86293411254883
early,qiu2022,devmap,E7.75,E7.5-R1,46,14493,1342,E7.75,7.5,51.902801513671875
early,qiu2022,devmap,E7.75,E7.5-R1,47,14493,1342,E7.75,7.5,50.446380615234375
early,qiu2022,devmap,E7.75,E7.5-R1,48,14493,1342,E7.75,7.5,52.85783767700195
early,qiu2022,devmap,E7.75,E7.5-R1,49,14493,1342,E7.75,7.5,59.425514221191406
early,qiu2022,devmap,E7.75,E7.5-R2,0,14493,1838,E7.75,7.5,39.32288360595703
early,qiu2022,devmap,E7.75,E7.5-R2,1,14493,1838,E7.75,7.5,35.48651885986328
early,qiu2022,devmap,E7.75,E7.5-R2,2,14493,1838,E7.75,7.5,37.32923126220703
early,qiu2022,devmap,E7.75,E7.5-R2,3,14493,1838,E7.75,7.5,41.71760559082031
early,qiu2022,devmap,E7.75,E7.5-R2,4,14493,1838,E7.75,7.5,44.09346389770508
early,qiu2022,devmap,E7.75,E7.5-R2,5,14493,1838,E7.75,7.5,43.40171432495117
early,qiu2022,devmap,E7.75,E7.5-R2,6,14493,1838,E7.75,7.5,41.12059020996094
early,qiu2022,devmap,E7.75,E7.5-R2,7,14493,1838,E7.75,7.5,39.48157501220703
early,qiu2022,devmap,E7.75,E7.5-R2,8,14493,1838,E7.75,7.5,40.930545806884766
early,qiu2022,devmap,E7.75,E7.5-R2,9,14493,1838,E7.75,7.5,38.59758758544922
early,qiu2022,devmap,E7.75,E7.5-R2,10,14493,1838,E7.75,7.5,40.91712188720703
early,qiu2022,devmap,E7.75,E7.5-R2,11,14493,1838,E7.75,7.5,40.54254913330078
early,qiu2022,devmap,E7.75,E7.5-R2,12,14493,1838,E7.75,7.5,42.221900939941406
early,qiu2022,devmap,E7.75,E7.5-R2,13,14493,1838,E7.75,7.5,39.48828887939453
early,qiu2022,devmap,E7.75,E7.5-R2,14,14493,1838,E7.75,7.5,40.79109191894531
early,qiu2022,devmap,E7.75,E7.5-R2,15,14493,1838,E7.75,7.5,39.31000900268555
early,qiu2022,devmap,E7.75,E7.5-R2,16,14493,1838,E7.75,7.5,34.691104888916016
early,qiu2022,devmap,E7.75,E7.5-R2,17,14493,1838,E7.75,7.5,41.247314453125
early,qiu2022,devmap,E7.75,E7.5-R2,18,14493,1838,E7.75,7.5,37.2257194519043
early,qiu2022,devmap,E7.75,E7.5-R2,19,14493,1838,E7.75,7.5,38.246402740478516
early,qiu2022,devmap,E7.75,E7.5-R2,20,14493,1838,E7.75,7.5,43.90864562988281
early,qiu2022,devmap,E7.75,E7.5-R2,21,14493,1838,E7.75,7.5,39.69654083251953
early,qiu2022,devmap,E7.75,E7.5-R2,22,14493,1838,E7.75,7.5,37.95174026489258
early,qiu2022,devmap,E7.75,E7.5-R2,23,14493,1838,E7.75,7.5,48.35871124267578
early,qiu2022,devmap,E7.75,E7.5-R2,24,14493,1838,E7.75,7.5,39.25386047363281
early,qiu2022,devmap,E7.75,E7.5-R2,25,14493,1838,E7.75,7.5,45.118263244628906
early,qiu2022,devmap,E7.75,E7.5-R2,26,14493,1838,E7.75,7.5,42.57024002075195
early,qiu2022,devmap,E7.75,E7.5-R2,27,14493,1838,E7.75,7.5,42.528682708740234
early,qiu2022,devmap,E7.75,E7.5-R2,28,14493,1838,E7.75,7.5,38.344398498535156
early,qiu2022,devmap,E7.75,E7.5-R2,29,14493,1838,E7.75,7.5,37.31686019897461
early,qiu2022,devmap,E7.75,E7.5-R2,30,14493,1838,E7.75,7.5,43.329193115234375
early,qiu2022,devmap,E7.75,E7.5-R2,31,14493,1838,E7.75,7.5,41.46471405029297
early,qiu2022,devmap,E7.75,E7.5-R2,32,14493,1838,E7.75,7.5,47.869834899902344
early,qiu2022,devmap,E7.75,E7.5-R2,33,14493,1838,E7.75,7.5,39.73632049560547
early,qiu2022,devmap,E7.75,E7.5-R2,34,14493,1838,E7.75,7.5,43.09467697143555
early,qiu2022,devmap,E7.75,E7.5-R2,35,14493,1838,E7.75,7.5,44.64482879638672
early,qiu2022,devmap,E7.75,E7.5-R2,36,14493,1838,E7.75,7.5,47.480865478515625
early,qiu2022,devmap,E7.75,E7.5-R2,37,14493,1838,E7.75,7.5,42.2943000793457
early,qiu2022,devmap,E7.75,E7.5-R2,38,14493,1838,E7.75,7.5,44.737632751464844
early,qiu2022,devmap,E7.75,E7.5-R2,39,14493,1838,E7.75,7.5,39.4760627746582
early,qiu2022,devmap,E7.75,E7.5-R2,40,14493,1838,E7.75,7.5,40.95643615722656
early,qiu2022,devmap,E7.75,E7.5-R2,41,14493,1838,E7.75,7.5,38.70780944824219
early,qiu2022,devmap,E7.75,E7.5-R2,42,14493,1838,E7.75,7.5,41.933799743652344
early,qiu2022,devmap,E7.75,E7.5-R2,43,14493,1838,E7.75,7.5,39.496734619140625
early,qiu2022,devmap,E7.75,E7.5-R2,44,14493,1838,E7.75,7.5,35.33145523071289
early,qiu2022,devmap,E7.75,E7.5-R2,45,14493,1838,E7.75,7.5,40.014739990234375
early,qiu2022,devmap,E7.75,E7.5-R2,46,14493,1838,E7.75,7.5,45.111167907714844
early,qiu2022,devmap,E7.75,E7.5-R2,47,14493,1838,E7.75,7.5,43.734336853027344
early,qiu2022,devmap,E7.75,E7.5-R2,48,14493,1838,E7.75,7.5,36.719913482666016
early,qiu2022,devmap,E7.75,E7.5-R2,49,14493,1838,E7.75,7.5,34.56686782836914
early,qiu2022,devmap,E7.75,E7.5-R3,0,14493,1468,E7.75,7.5,50.63853454589844
early,qiu2022,devmap,E7.75,E7.5-R3,1,14493,1468,E7.75,7.5,48.076202392578125
early,qiu2022,devmap,E7.75,E7.5-R3,2,14493,1468,E7.75,7.5,49.51058578491211
early,qiu2022,devmap,E7.75,E7.5-R3,3,14493,1468,E7.75,7.5,57.63300323486328
early,qiu2022,devmap,E7.75,E7.5-R3,4,14493,1468,E7.75,7.5,52.761138916015625
early,qiu2022,devmap,E7.75,E7.5-R3,5,14493,1468,E7.75,7.5,47.93708038330078
early,qiu2022,devmap,E7.75,E7.5-R3,6,14493,1468,E7.75,7.5,58.330841064453125
early,qiu2022,devmap,E7.75,E7.5-R3,7,14493,1468,E7.75,7.5,48.827022552490234
early,qiu2022,devmap,E7.75,E7.5-R3,8,14493,1468,E7.75,7.5,50.48521041870117
early,qiu2022,devmap,E7.75,E7.5-R3,9,14493,1468,E7.75,7.5,52.84491729736328
early,qiu2022,devmap,E7.75,E7.5-R3,10,14493,1468,E7.75,7.5,51.24949645996094
early,qiu2022,devmap,E7.75,E7.5-R3,11,14493,1468,E7.75,7.5,52.14350128173828
early,qiu2022,devmap,E7.75,E7.5-R3,12,14493,1468,E7.75,7.5,54.267066955566406
early,qiu2022,devmap,E7.75,E7.5-R3,13,14493,1468,E7.75,7.5,50.96178436279297
early,qiu2022,devmap,E7.75,E7.5-R3,14,14493,1468,E7.75,7.5,51.038307189941406
early,qiu2022,devmap,E7.75,E7.5-R3,15,14493,1468,E7.75,7.5,50.2148323059082
early,qiu2022,devmap,E7.75,E7.5-R3,16,14493,1468,E7.75,7.5,50.23957824707031
early,qiu2022,devmap,E7.75,E7.5-R3,17,14493,1468,E7.75,7.5,53.63116455078125
early,qiu2022,devmap,E7.75,E7.5-R3,18,14493,1468,E7.75,7.5,52.1617546081543
early,qiu2022,devmap,E7.75,E7.5-R3,19,14493,1468,E7.75,7.5,52.420249938964844
early,qiu2022,devmap,E7.75,E7.5-R3,20,14493,1468,E7.75,7.5,57.46811294555664
early,qiu2022,devmap,E7.75,E7.5-R3,21,14493,1468,E7.75,7.5,55.06464385986328
early,qiu2022,devmap,E7.75,E7.5-R3,22,14493,1468,E7.75,7.5,56.32628631591797
early,qiu2022,devmap,E7.75,E7.5-R3,23,14493,1468,E7.75,7.5,52.00501251220703
early,qiu2022,devmap,E7.75,E7.5-R3,24,14493,1468,E7.75,7.5,46.436309814453125
early,qiu2022,devmap,E7.75,E7.5-R3,25,14493,1468,E7.75,7.5,50.241058349609375
early,qiu2022,devmap,E7.75,E7.5-R3,26,14493,1468,E7.75,7.5,56.84870147705078
early,qiu2022,devmap,E7.75,E7.5-R3,27,14493,1468,E7.75,7.5,48.91130447387695
early,qiu2022,devmap,E7.75,E7.5-R3,28,14493,1468,E7.75,7.5,51.49897384643555
early,qiu2022,devmap,E7.75,E7.5-R3,29,14493,1468,E7.75,7.5,47.547996520996094
early,qiu2022,devmap,E7.75,E7.5-R3,30,14493,1468,E7.75,7.5,48.70907974243164
early,qiu2022,devmap,E7.75,E7.5-R3,31,14493,1468,E7.75,7.5,50.411224365234375
early,qiu2022,devmap,E7.75,E7.5-R3,32,14493,1468,E7.75,7.5,54.130516052246094
early,qiu2022,devmap,E7.75,E7.5-R3,33,14493,1468,E7.75,7.5,58.9984245300293
early,qiu2022,devmap,E7.75,E7.5-R3,34,14493,1468,E7.75,7.5,48.829227447509766
early,qiu2022,devmap,E7.75,E7.5-R3,35,14493,1468,E7.75,7.5,51.045257568359375
early,qiu2022,devmap,E7.75,E7.5-R3,36,14493,1468,E7.75,7.5,51.80339813232422
early,qiu2022,devmap,E7.75,E7.5-R3,37,14493,1468,E7.75,7.5,61.21995544433594
early,qiu2022,devmap,E7.75,E7.5-R3,38,14493,1468,E7.75,7.5,53.233219146728516
early,qiu2022,devmap,E7.75,E7.5-R3,39,14493,1468,E7.75,7.5,50.41961669921875
early,qiu2022,devmap,E7.75,E7.5-R3,40,14493,1468,E7.75,7.5,50.038482666015625
early,qiu2022,devmap,E7.75,E7.5-R3,41,14493,1468,E7.75,7.5,48.72527313232422
early,qiu2022,devmap,E7.75,E7.5-R3,42,14493,1468,E7.75,7.5,49.98271179199219
early,qiu2022,devmap,E7.75,E7.5-R3,43,14493,1468,E7.75,7.5,52.65211486816406
early,qiu2022,devmap,E7.75,E7.5-R3,44,14493,1468,E7.75,7.5,54.4504508972168
early,qiu2022,devmap,E7.75,E7.5-R3,45,14493,1468,E7.75,7.5,56.56536865234375
early,qiu2022,devmap,E7.75,E7.5-R3,46,14493,1468,E7.75,7.5,50.814796447753906
early,qiu2022,devmap,E7.75,E7.5-R3,47,14493,1468,E7.75,7.5,52.73304748535156
early,qiu2022,devmap,E7.75,E7.5-R3,48,14493,1468,E7.75,7.5,51.693946838378906
early,qiu2022,devmap,E7.75,E7.5-R3,49,14493,1468,E7.75,7.5,51.10944366455078
early,qiu2022,devmap,E7.75,E8.0-R1,0,14493,4498,E7.75,8.0,37.214744567871094
early,qiu2022,devmap,E7.75,E8.0-R1,1,14493,4498,E7.75,8.0,39.33652877807617
early,qiu2022,devmap,E7.75,E8.0-R1,2,14493,4498,E7.75,8.0,39.499839782714844
early,qiu2022,devmap,E7.75,E8.0-R1,3,14493,4498,E7.75,8.0,38.05168151855469
early,qiu2022,devmap,E7.75,E8.0-R1,4,14493,4498,E7.75,8.0,41.1750373840332
early,qiu2022,devmap,E7.75,E8.0-R1,5,14493,4498,E7.75,8.0,37.368324279785156
early,qiu2022,devmap,E7.75,E8.0-R1,6,14493,4498,E7.75,8.0,38.22538757324219
early,qiu2022,devmap,E7.75,E8.0-R1,7,14493,4498,E7.75,8.0,41.381629943847656
early,qiu2022,devmap,E7.75,E8.0-R1,8,14493,4498,E7.75,8.0,38.76905059814453
early,qiu2022,devmap,E7.75,E8.0-R1,9,14493,4498,E7.75,8.0,38.89707946777344
early,qiu2022,devmap,E7.75,E8.0-R1,10,14493,4498,E7.75,8.0,38.08861541748047
early,qiu2022,devmap,E7.75,E8.0-R1,11,14493,4498,E7.75,8.0,37.560302734375
early,qiu2022,devmap,E7.75,E8.0-R1,12,14493,4498,E7.75,8.0,36.28901672363281
early,qiu2022,devmap,E7.75,E8.0-R1,13,14493,4498,E7.75,8.0,40.16035461425781
early,qiu2022,devmap,E7.75,E8.0-R1,14,14493,4498,E7.75,8.0,40.595829010009766
early,qiu2022,devmap,E7.75,E8.0-R1,15,14493,4498,E7.75,8.0,36.47068786621094
early,qiu2022,devmap,E7.75,E8.0-R1,16,14493,4498,E7.75,8.0,36.826560974121094
early,qiu2022,devmap,E7.75,E8.0-R1,17,14493,4498,E7.75,8.0,39.224525451660156
early,qiu2022,devmap,E7.75,E8.0-R1,18,14493,4498,E7.75,8.0,35.29167175292969
early,qiu2022,devmap,E7.75,E8.0-R1,19,14493,4498,E7.75,8.0,37.033138275146484
early,qiu2022,devmap,E7.75,E8.0-R1,20,14493,4498,E7.75,8.0,40.15013122558594
early,qiu2022,devmap,E7.75,E8.0-R1,21,14493,4498,E7.75,8.0,39.634159088134766
early,qiu2022,devmap,E7.75,E8.0-R1,22,14493,4498,E7.75,8.0,37.48738479614258
early,qiu2022,devmap,E7.75,E8.0-R1,23,14493,4498,E7.75,8.0,35.892250061035156
early,qiu2022,devmap,E7.75,E8.0-R1,24,14493,4498,E7.75,8.0,39.316444396972656
early,qiu2022,devmap,E7.75,E8.0-R1,25,14493,4498,E7.75,8.0,39.298423767089844
early,qiu2022,devmap,E7.75,E8.0-R1,26,14493,4498,E7.75,8.0,36.92424011230469
early,qiu2022,devmap,E7.75,E8.0-R1,27,14493,4498,E7.75,8.0,38.645347595214844
early,qiu2022,devmap,E7.75,E8.0-R1,28,14493,4498,E7.75,8.0,37.89287567138672
early,qiu2022,devmap,E7.75,E8.0-R1,29,14493,4498,E7.75,8.0,36.833038330078125
early,qiu2022,devmap,E7.75,E8.0-R1,30,14493,4498,E7.75,8.0,39.54277038574219
early,qiu2022,devmap,E7.75,E8.0-R1,31,14493,4498,E7.75,8.0,37.97038269042969
early,qiu2022,devmap,E7.75,E8.0-R1,32,14493,4498,E7.75,8.0,38.83702087402344
early,qiu2022,devmap,E7.75,E8.0-R1,33,14493,4498,E7.75,8.0,38.82251739501953
early,qiu2022,devmap,E7.75,E8.0-R1,34,14493,4498,E7.75,8.0,36.12995910644531
early,qiu2022,devmap,E7.75,E8.0-R1,35,14493,4498,E7.75,8.0,37.17242431640625
early,qiu2022,devmap,E7.75,E8.0-R1,36,14493,4498,E7.75,8.0,39.32903289794922
early,qiu2022,devmap,E7.75,E8.0-R1,37,14493,4498,E7.75,8.0,40.76433563232422
early,qiu2022,devmap,E7.75,E8.0-R1,38,14493,4498,E7.75,8.0,37.831809997558594
early,qiu2022,devmap,E7.75,E8.0-R1,39,14493,4498,E7.75,8.0,39.2760124206543
early,qiu2022,devmap,E7.75,E8.0-R1,40,14493,4498,E7.75,8.0,37.11860656738281
early,qiu2022,devmap,E7.75,E8.0-R1,41,14493,4498,E7.75,8.0,41.01136779785156
early,qiu2022,devmap,E7.75,E8.0-R1,42,14493,4498,E7.75,8.0,38.603023529052734
early,qiu2022,devmap,E7.75,E8.0-R1,43,14493,4498,E7.75,8.0,36.819976806640625
early,qiu2022,devmap,E7.75,E8.0-R1,44,14493,4498,E7.75,8.0,37.4043083190918
early,qiu2022,devmap,E7.75,E8.0-R1,45,14493,4498,E7.75,8.0,42.879356384277344
early,qiu2022,devmap,E7.75,E8.0-R1,46,14493,4498,E7.75,8.0,40.38710403442383
early,qiu2022,devmap,E7.75,E8.0-R1,47,14493,4498,E7.75,8.0,35.70039367675781
early,qiu2022,devmap,E7.75,E8.0-R1,48,14493,4498,E7.75,8.0,39.085906982421875
early,qiu2022,devmap,E7.75,E8.0-R1,49,14493,4498,E7.75,8.0,36.447242736816406
early,qiu2022,devmap,E7.75,E8.0-R2,0,14493,10681,E7.75,8.0,42.579864501953125
early,qiu2022,devmap,E7.75,E8.0-R2,1,14493,10681,E7.75,8.0,41.61711883544922
early,qiu2022,devmap,E7.75,E8.0-R2,2,14493,10681,E7.75,8.0,41.352542877197266
early,qiu2022,devmap,E7.75,E8.0-R2,3,14493,10681,E7.75,8.0,41.98393249511719
early,qiu2022,devmap,E7.75,E8.0-R2,4,14493,10681,E7.75,8.0,39.28670120239258
early,qiu2022,devmap,E7.75,E8.0-R2,5,14493,10681,E7.75,8.0,40.84812545776367
early,qiu2022,devmap,E7.75,E8.0-R2,6,14493,10681,E7.75,8.0,41.496490478515625
early,qiu2022,devmap,E7.75,E8.0-R2,7,14493,10681,E7.75,8.0,40.20406723022461
early,qiu2022,devmap,E7.75,E8.0-R2,8,14493,10681,E7.75,8.0,40.10856628417969
early,qiu2022,devmap,E7.75,E8.0-R2,9,14493,10681,E7.75,8.0,39.186073303222656
early,qiu2022,devmap,E7.75,E8.0-R2,10,14493,10681,E7.75,8.0,40.83717346191406
early,qiu2022,devmap,E7.75,E8.0-R2,11,14493,10681,E7.75,8.0,42.00629425048828
early,qiu2022,devmap,E7.75,E8.0-R2,12,14493,10681,E7.75,8.0,39.98489761352539
early,qiu2022,devmap,E7.75,E8.0-R2,13,14493,10681,E7.75,8.0,40.768089294433594
early,qiu2022,devmap,E7.75,E8.0-R2,14,14493,10681,E7.75,8.0,41.974571228027344
early,qiu2022,devmap,E7.75,E8.0-R2,15,14493,10681,E7.75,8.0,40.1047248840332
early,qiu2022,devmap,E7.75,E8.0-R2,16,14493,10681,E7.75,8.0,40.208580017089844
early,qiu2022,devmap,E7.75,E8.0-R2,17,14493,10681,E7.75,8.0,41.50910568237305
early,qiu2022,devmap,E7.75,E8.0-R2,18,14493,10681,E7.75,8.0,38.41620635986328
early,qiu2022,devmap,E7.75,E8.0-R2,19,14493,10681,E7.75,8.0,42.843223571777344
early,qiu2022,devmap,E7.75,E8.0-R2,20,14493,10681,E7.75,8.0,39.402183532714844
early,qiu2022,devmap,E7.75,E8.0-R2,21,14493,10681,E7.75,8.0,39.55592346191406
early,qiu2022,devmap,E7.75,E8.0-R2,22,14493,10681,E7.75,8.0,40.459205627441406
early,qiu2022,devmap,E7.75,E8.0-R2,23,14493,10681,E7.75,8.0,36.068939208984375
early,qiu2022,devmap,E7.75,E8.0-R2,24,14493,10681,E7.75,8.0,39.701515197753906
early,qiu2022,devmap,E7.75,E8.0-R2,25,14493,10681,E7.75,8.0,40.92124557495117
early,qiu2022,devmap,E7.75,E8.0-R2,26,14493,10681,E7.75,8.0,39.16465377807617
early,qiu2022,devmap,E7.75,E8.0-R2,27,14493,10681,E7.75,8.0,39.922969818115234
early,qiu2022,devmap,E7.75,E8.0-R2,28,14493,10681,E7.75,8.0,41.624542236328125
early,qiu2022,devmap,E7.75,E8.0-R2,29,14493,10681,E7.75,8.0,40.26667022705078
early,qiu2022,devmap,E7.75,E8.0-R2,30,14493,10681,E7.75,8.0,41.135440826416016
early,qiu2022,devmap,E7.75,E8.0-R2,31,14493,10681,E7.75,8.0,38.881858825683594
early,qiu2022,devmap,E7.75,E8.0-R2,32,14493,10681,E7.75,8.0,41.05713653564453
early,qiu2022,devmap,E7.75,E8.0-R2,33,14493,10681,E7.75,8.0,41.74018859863281
early,qiu2022,devmap,E7.75,E8.0-R2,34,14493,10681,E7.75,8.0,43.500343322753906
early,qiu2022,devmap,E7.75,E8.0-R2,35,14493,10681,E7.75,8.0,39.74807357788086
early,qiu2022,devmap,E7.75,E8.0-R2,36,14493,10681,E7.75,8.0,40.26513671875
early,qiu2022,devmap,E7.75,E8.0-R2,37,14493,10681,E7.75,8.0,40.038368225097656
early,qiu2022,devmap,E7.75,E8.0-R2,38,14493,10681,E7.75,8.0,41.17559814453125
early,qiu2022,devmap,E7.75,E8.0-R2,39,14493,10681,E7.75,8.0,40.61991882324219
early,qiu2022,devmap,E7.75,E8.0-R2,40,14493,10681,E7.75,8.0,39.39824676513672
early,qiu2022,devmap,E7.75,E8.0-R2,41,14493,10681,E7.75,8.0,40.163063049316406
early,qiu2022,devmap,E7.75,E8.0-R2,42,14493,10681,E7.75,8.0,42.36534118652344
early,qiu2022,devmap,E7.75,E8.0-R2,43,14493,10681,E7.75,8.0,39.2375602722168
early,qiu2022,devmap,E7.75,E8.0-R2,44,14493,10681,E7.75,8.0,41.8843994140625
early,qiu2022,devmap,E7.75,E8.0-R2,45,14493,10681,E7.75,8.0,40.267982482910156
early,qiu2022,devmap,E7.75,E8.0-R2,46,14493,10681,E7.75,8.0,40.299415588378906
early,qiu2022,devmap,E7.75,E8.0-R2,47,14493,10681,E7.75,8.0,38.93579864501953
early,qiu2022,devmap,E7.75,E8.0-R2,48,14493,10681,E7.75,8.0,39.93672561645508
early,qiu2022,devmap,E7.75,E8.0-R2,49,14493,10681,E7.75,8.0,40.20271301269531
early,qiu2022,devmap,E7.75,E8.0-R3,0,14493,6763,E7.75,8.0,38.38194274902344
early,qiu2022,devmap,E7.75,E8.0-R3,1,14493,6763,E7.75,8.0,40.18775177001953
early,qiu2022,devmap,E7.75,E8.0-R3,2,14493,6763,E7.75,8.0,40.10173797607422
early,qiu2022,devmap,E7.75,E8.0-R3,3,14493,6763,E7.75,8.0,41.98735046386719
early,qiu2022,devmap,E7.75,E8.0-R3,4,14493,6763,E7.75,8.0,38.80731201171875
early,qiu2022,devmap,E7.75,E8.0-R3,5,14493,6763,E7.75,8.0,40.162811279296875
early,qiu2022,devmap,E7.75,E8.0-R3,6,14493,6763,E7.75,8.0,38.28492736816406
early,qiu2022,devmap,E7.75,E8.0-R3,7,14493,6763,E7.75,8.0,38.38899230957031
early,qiu2022,devmap,E7.75,E8.0-R3,8,14493,6763,E7.75,8.0,39.082801818847656
early,qiu2022,devmap,E7.75,E8.0-R3,9,14493,6763,E7.75,8.0,37.274593353271484
early,qiu2022,devmap,E7.75,E8.0-R3,10,14493,6763,E7.75,8.0,37.590553283691406
early,qiu2022,devmap,E7.75,E8.0-R3,11,14493,6763,E7.75,8.0,39.1585578918457
early,qiu2022,devmap,E7.75,E8.0-R3,12,14493,6763,E7.75,8.0,37.853912353515625
early,qiu2022,devmap,E7.75,E8.0-R3,13,14493,6763,E7.75,8.0,38.02393341064453
early,qiu2022,devmap,E7.75,E8.0-R3,14,14493,6763,E7.75,8.0,38.48295593261719
early,qiu2022,devmap,E7.75,E8.0-R3,15,14493,6763,E7.75,8.0,37.21936798095703
early,qiu2022,devmap,E7.75,E8.0-R3,16,14493,6763,E7.75,8.0,40.20392608642578
early,qiu2022,devmap,E7.75,E8.0-R3,17,14493,6763,E7.75,8.0,41.41375732421875
early,qiu2022,devmap,E7.75,E8.0-R3,18,14493,6763,E7.75,8.0,39.284820556640625
early,qiu2022,devmap,E7.75,E8.0-R3,19,14493,6763,E7.75,8.0,38.98649597167969
early,qiu2022,devmap,E7.75,E8.0-R3,20,14493,6763,E7.75,8.0,37.76403045654297
early,qiu2022,devmap,E7.75,E8.0-R3,21,14493,6763,E7.75,8.0,36.6602783203125
early,qiu2022,devmap,E7.75,E8.0-R3,22,14493,6763,E7.75,8.0,36.71643829345703
early,qiu2022,devmap,E7.75,E8.0-R3,23,14493,6763,E7.75,8.0,39.43072509765625
early,qiu2022,devmap,E7.75,E8.0-R3,24,14493,6763,E7.75,8.0,38.148658752441406
early,qiu2022,devmap,E7.75,E8.0-R3,25,14493,6763,E7.75,8.0,38.19209289550781
early,qiu2022,devmap,E7.75,E8.0-R3,26,14493,6763,E7.75,8.0,40.87838363647461
early,qiu2022,devmap,E7.75,E8.0-R3,27,14493,6763,E7.75,8.0,38.257781982421875
early,qiu2022,devmap,E7.75,E8.0-R3,28,14493,6763,E7.75,8.0,40.948970794677734
early,qiu2022,devmap,E7.75,E8.0-R3,29,14493,6763,E7.75,8.0,39.82408905029297
early,qiu2022,devmap,E7.75,E8.0-R3,30,14493,6763,E7.75,8.0,37.91606903076172
early,qiu2022,devmap,E7.75,E8.0-R3,31,14493,6763,E7.75,8.0,39.835662841796875
early,qiu2022,devmap,E7.75,E8.0-R3,32,14493,6763,E7.75,8.0,39.33263397216797
early,qiu2022,devmap,E7.75,E8.0-R3,33,14493,6763,E7.75,8.0,41.554298400878906
early,qiu2022,devmap,E7.75,E8.0-R3,34,14493,6763,E7.75,8.0,41.07860565185547
early,qiu2022,devmap,E7.75,E8.0-R3,35,14493,6763,E7.75,8.0,39.651878356933594
early,qiu2022,devmap,E7.75,E8.0-R3,36,14493,6763,E7.75,8.0,39.67852783203125
early,qiu2022,devmap,E7.75,E8.0-R3,37,14493,6763,E7.75,8.0,36.23040008544922
early,qiu2022,devmap,E7.75,E8.0-R3,38,14493,6763,E7.75,8.0,42.68498611450195
early,qiu2022,devmap,E7.75,E8.0-R3,39,14493,6763,E7.75,8.0,38.613983154296875
early,qiu2022,devmap,E7.75,E8.0-R3,40,14493,6763,E7.75,8.0,38.24216079711914
early,qiu2022,devmap,E7.75,E8.0-R3,41,14493,6763,E7.75,8.0,38.76631164550781
early,qiu2022,devmap,E7.75,E8.0-R3,42,14493,6763,E7.75,8.0,38.912330627441406
early,qiu2022,devmap,E7.75,E8.0-R3,43,14493,6763,E7.75,8.0,37.56169128417969
early,qiu2022,devmap,E7.75,E8.0-R3,44,14493,6763,E7.75,8.0,42.28430938720703
early,qiu2022,devmap,E7.75,E8.0-R3,45,14493,6763,E7.75,8.0,38.22567367553711
early,qiu2022,devmap,E7.75,E8.0-R3,46,14493,6763,E7.75,8.0,38.387176513671875
early,qiu2022,devmap,E7.75,E8.0-R3,47,14493,6763,E7.75,8.0,42.35883331298828
early,qiu2022,devmap,E7.75,E8.0-R3,48,14493,6763,E7.75,8.0,37.489967346191406
early,qiu2022,devmap,E7.75,E8.0-R3,49,14493,6763,E7.75,8.0,37.66832733154297
early,qiu2022,devmap,E7.75,E8.5-R1,0,14493,23435,E7.75,8.5,59.08396911621094
early,qiu2022,devmap,E7.75,E8.5-R1,1,14493,23435,E7.75,8.5,58.484771728515625
early,qiu2022,devmap,E7.75,E8.5-R1,2,14493,23435,E7.75,8.5,58.517059326171875
early,qiu2022,devmap,E7.75,E8.5-R1,3,14493,23435,E7.75,8.5,56.146690368652344
early,qiu2022,devmap,E7.75,E8.5-R1,4,14493,23435,E7.75,8.5,55.84208679199219
early,qiu2022,devmap,E7.75,E8.5-R1,5,14493,23435,E7.75,8.5,57.91012954711914
early,qiu2022,devmap,E7.75,E8.5-R1,6,14493,23435,E7.75,8.5,56.61674880981445
early,qiu2022,devmap,E7.75,E8.5-R1,7,14493,23435,E7.75,8.5,58.58498764038086
early,qiu2022,devmap,E7.75,E8.5-R1,8,14493,23435,E7.75,8.5,56.22314453125
early,qiu2022,devmap,E7.75,E8.5-R1,9,14493,23435,E7.75,8.5,55.062889099121094
early,qiu2022,devmap,E7.75,E8.5-R1,10,14493,23435,E7.75,8.5,58.191410064697266
early,qiu2022,devmap,E7.75,E8.5-R1,11,14493,23435,E7.75,8.5,57.29335403442383
early,qiu2022,devmap,E7.75,E8.5-R1,12,14493,23435,E7.75,8.5,57.21919631958008
early,qiu2022,devmap,E7.75,E8.5-R1,13,14493,23435,E7.75,8.5,58.09376525878906
early,qiu2022,devmap,E7.75,E8.5-R1,14,14493,23435,E7.75,8.5,58.04743957519531
early,qiu2022,devmap,E7.75,E8.5-R1,15,14493,23435,E7.75,8.5,56.66447830200195
early,qiu2022,devmap,E7.75,E8.5-R1,16,14493,23435,E7.75,8.5,56.23731994628906
early,qiu2022,devmap,E7.75,E8.5-R1,17,14493,23435,E7.75,8.5,55.2008171081543
early,qiu2022,devmap,E7.75,E8.5-R1,18,14493,23435,E7.75,8.5,56.90909194946289
early,qiu2022,devmap,E7.75,E8.5-R1,19,14493,23435,E7.75,8.5,57.460662841796875
early,qiu2022,devmap,E7.75,E8.5-R1,20,14493,23435,E7.75,8.5,56.815528869628906
early,qiu2022,devmap,E7.75,E8.5-R1,21,14493,23435,E7.75,8.5,56.84638977050781
early,qiu2022,devmap,E7.75,E8.5-R1,22,14493,23435,E7.75,8.5,56.816978454589844
early,qiu2022,devmap,E7.75,E8.5-R1,23,14493,23435,E7.75,8.5,56.724449157714844
early,qiu2022,devmap,E7.75,E8.5-R1,24,14493,23435,E7.75,8.5,57.647926330566406
early,qiu2022,devmap,E7.75,E8.5-R1,25,14493,23435,E7.75,8.5,59.45930480957031
early,qiu2022,devmap,E7.75,E8.5-R1,26,14493,23435,E7.75,8.5,58.948150634765625
early,qiu2022,devmap,E7.75,E8.5-R1,27,14493,23435,E7.75,8.5,58.200401306152344
early,qiu2022,devmap,E7.75,E8.5-R1,28,14493,23435,E7.75,8.5,59.46501159667969
early,qiu2022,devmap,E7.75,E8.5-R1,29,14493,23435,E7.75,8.5,56.731353759765625
early,qiu2022,devmap,E7.75,E8.5-R1,30,14493,23435,E7.75,8.5,56.51709747314453
early,qiu2022,devmap,E7.75,E8.5-R1,31,14493,23435,E7.75,8.5,57.559288024902344
early,qiu2022,devmap,E7.75,E8.5-R1,32,14493,23435,E7.75,8.5,55.401710510253906
early,qiu2022,devmap,E7.75,E8.5-R1,33,14493,23435,E7.75,8.5,58.85199737548828
early,qiu2022,devmap,E7.75,E8.5-R1,34,14493,23435,E7.75,8.5,56.126068115234375
early,qiu2022,devmap,E7.75,E8.5-R1,35,14493,23435,E7.75,8.5,56.916812896728516
early,qiu2022,devmap,E7.75,E8.5-R1,36,14493,23435,E7.75,8.5,55.41545104980469
early,qiu2022,devmap,E7.75,E8.5-R1,37,14493,23435,E7.75,8.5,54.31172180175781
early,qiu2022,devmap,E7.75,E8.5-R1,38,14493,23435,E7.75,8.5,56.81679153442383
early,qiu2022,devmap,E7.75,E8.5-R1,39,14493,23435,E7.75,8.5,57.47050857543945
early,qiu2022,devmap,E7.75,E8.5-R1,40,14493,23435,E7.75,8.5,55.35847473144531
early,qiu2022,devmap,E7.75,E8.5-R1,41,14493,23435,E7.75,8.5,57.537635803222656
early,qiu2022,devmap,E7.75,E8.5-R1,42,14493,23435,E7.75,8.5,57.55653381347656
early,qiu2022,devmap,E7.75,E8.5-R1,43,14493,23435,E7.75,8.5,57.51968765258789
early,qiu2022,devmap,E7.75,E8.5-R1,44,14493,23435,E7.75,8.5,58.60209655761719
early,qiu2022,devmap,E7.75,E8.5-R1,45,14493,23435,E7.75,8.5,55.86238098144531
early,qiu2022,devmap,E7.75,E8.5-R1,46,14493,23435,E7.75,8.5,56.27048873901367
early,qiu2022,devmap,E7.75,E8.5-R1,47,14493,23435,E7.75,8.5,56.17336654663086
early,qiu2022,devmap,E7.75,E8.5-R1,48,14493,23435,E7.75,8.5,58.9522590637207
early,qiu2022,devmap,E7.75,E8.5-R1,49,14493,23435,E7.75,8.5,55.98828887939453
early,qiu2022,devmap,E7.75,E8.5-R2,0,14493,38216,E7.75,8.5,56.80699920654297
early,qiu2022,devmap,E7.75,E8.5-R2,1,14493,38216,E7.75,8.5,56.74793243408203
early,qiu2022,devmap,E7.75,E8.5-R2,2,14493,38216,E7.75,8.5,59.61246871948242
early,qiu2022,devmap,E7.75,E8.5-R2,3,14493,38216,E7.75,8.5,56.9463996887207
early,qiu2022,devmap,E7.75,E8.5-R2,4,14493,38216,E7.75,8.5,58.86581802368164
early,qiu2022,devmap,E7.75,E8.5-R2,5,14493,38216,E7.75,8.5,57.79376220703125
early,qiu2022,devmap,E7.75,E8.5-R2,6,14493,38216,E7.75,8.5,58.42818832397461
early,qiu2022,devmap,E7.75,E8.5-R2,7,14493,38216,E7.75,8.5,58.30284881591797
early,qiu2022,devmap,E7.75,E8.5-R2,8,14493,38216,E7.75,8.5,55.60315704345703
early,qiu2022,devmap,E7.75,E8.5-R2,9,14493,38216,E7.75,8.5,58.26683807373047
early,qiu2022,devmap,E7.75,E8.5-R2,10,14493,38216,E7.75,8.5,56.36761474609375
early,qiu2022,devmap,E7.75,E8.5-R2,11,14493,38216,E7.75,8.5,57.75535202026367
early,qiu2022,devmap,E7.75,E8.5-R2,12,14493,38216,E7.75,8.5,56.64330291748047
early,qiu2022,devmap,E7.75,E8.5-R2,13,14493,38216,E7.75,8.5,59.136417388916016
early,qiu2022,devmap,E7.75,E8.5-R2,14,14493,38216,E7.75,8.5,55.68132019042969
early,qiu2022,devmap,E7.75,E8.5-R2,15,14493,38216,E7.75,8.5,59.377723693847656
early,qiu2022,devmap,E7.75,E8.5-R2,16,14493,38216,E7.75,8.5,57.129425048828125
early,qiu2022,devmap,E7.75,E8.5-R2,17,14493,38216,E7.75,8.5,56.45830154418945
early,qiu2022,devmap,E7.75,E8.5-R2,18,14493,38216,E7.75,8.5,58.228187561035156
early,qiu2022,devmap,E7.75,E8.5-R2,19,14493,38216,E7.75,8.5,60.6203727722168
early,qiu2022,devmap,E7.75,E8.5-R2,20,14493,38216,E7.75,8.5,57.959529876708984
early,qiu2022,devmap,E7.75,E8.5-R2,21,14493,38216,E7.75,8.5,57.58510971069336
early,qiu2022,devmap,E7.75,E8.5-R2,22,14493,38216,E7.75,8.5,59.21720504760742
early,qiu2022,devmap,E7.75,E8.5-R2,23,14493,38216,E7.75,8.5,56.088897705078125
early,qiu2022,devmap,E7.75,E8.5-R2,24,14493,38216,E7.75,8.5,57.12752151489258
early,qiu2022,devmap,E7.75,E8.5-R2,25,14493,38216,E7.75,8.5,59.874691009521484
early,qiu2022,devmap,E7.75,E8.5-R2,26,14493,38216,E7.75,8.5,56.050086975097656
early,qiu2022,devmap,E7.75,E8.5-R2,27,14493,38216,E7.75,8.5,58.47931671142578
early,qiu2022,devmap,E7.75,E8.5-R2,28,14493,38216,E7.75,8.5,60.10907745361328
early,qiu2022,devmap,E7.75,E8.5-R2,29,14493,38216,E7.75,8.5,58.77509307861328
early,qiu2022,devmap,E7.75,E8.5-R2,30,14493,38216,E7.75,8.5,57.05302429199219
early,qiu2022,devmap,E7.75,E8.5-R2,31,14493,38216,E7.75,8.5,57.79546356201172
early,qiu2022,devmap,E7.75,E8.5-R2,32,14493,38216,E7.75,8.5,58.001529693603516
early,qiu2022,devmap,E7.75,E8.5-R2,33,14493,38216,E7.75,8.5,57.26959991455078
early,qiu2022,devmap,E7.75,E8.5-R2,34,14493,38216,E7.75,8.5,58.17741394042969
early,qiu2022,devmap,E7.75,E8.5-R2,35,14493,38216,E7.75,8.5,58.70306396484375
early,qiu2022,devmap,E7.75,E8.5-R2,36,14493,38216,E7.75,8.5,56.308692932128906
early,qiu2022,devmap,E7.75,E8.5-R2,37,14493,38216,E7.75,8.5,54.648406982421875
early,qiu2022,devmap,E7.75,E8.5-R2,38,14493,38216,E7.75,8.5,59.698036193847656
early,qiu2022,devmap,E7.75,E8.5-R2,39,14493,38216,E7.75,8.5,57.59843444824219
early,qiu2022,devmap,E7.75,E8.5-R2,40,14493,38216,E7.75,8.5,57.942161560058594
early,qiu2022,devmap,E7.75,E8.5-R2,41,14493,38216,E7.75,8.5,56.873985290527344
early,qiu2022,devmap,E7.75,E8.5-R2,42,14493,38216,E7.75,8.5,59.60196304321289
early,qiu2022,devmap,E7.75,E8.5-R2,43,14493,38216,E7.75,8.5,58.13718032836914
early,qiu2022,devmap,E7.75,E8.5-R2,44,14493,38216,E7.75,8.5,58.30104064941406
early,qiu2022,devmap,E7.75,E8.5-R2,45,14493,38216,E7.75,8.5,56.675628662109375
early,qiu2022,devmap,E7.75,E8.5-R2,46,14493,38216,E7.75,8.5,56.81538772583008
early,qiu2022,devmap,E7.75,E8.5-R2,47,14493,38216,E7.75,8.5,56.91763687133789
early,qiu2022,devmap,E7.75,E8.5-R2,48,14493,38216,E7.75,8.5,57.09636688232422
early,qiu2022,devmap,E7.75,E8.5-R2,49,14493,38216,E7.75,8.5,58.999595642089844
early,qiu2022,devmap,E7.75,E8.5-R3,0,14493,27743,E7.75,8.5,53.9400634765625
early,qiu2022,devmap,E7.75,E8.5-R3,1,14493,27743,E7.75,8.5,54.77214431762695
early,qiu2022,devmap,E7.75,E8.5-R3,2,14493,27743,E7.75,8.5,55.630916595458984
early,qiu2022,devmap,E7.75,E8.5-R3,3,14493,27743,E7.75,8.5,53.23710632324219
early,qiu2022,devmap,E7.75,E8.5-R3,4,14493,27743,E7.75,8.5,55.816261291503906
early,qiu2022,devmap,E7.75,E8.5-R3,5,14493,27743,E7.75,8.5,57.15143966674805
early,qiu2022,devmap,E7.75,E8.5-R3,6,14493,27743,E7.75,8.5,52.81787109375
early,qiu2022,devmap,E7.75,E8.5-R3,7,14493,27743,E7.75,8.5,54.855506896972656
early,qiu2022,devmap,E7.75,E8.5-R3,8,14493,27743,E7.75,8.5,54.71857452392578
early,qiu2022,devmap,E7.75,E8.5-R3,9,14493,27743,E7.75,8.5,56.68571090698242
early,qiu2022,devmap,E7.75,E8.5-R3,10,14493,27743,E7.75,8.5,56.45729064941406
early,qiu2022,devmap,E7.75,E8.5-R3,11,14493,27743,E7.75,8.5,54.37360382080078
early,qiu2022,devmap,E7.75,E8.5-R3,12,14493,27743,E7.75,8.5,51.85337829589844
early,qiu2022,devmap,E7.75,E8.5-R3,13,14493,27743,E7.75,8.5,53.060264587402344
early,qiu2022,devmap,E7.75,E8.5-R3,14,14493,27743,E7.75,8.5,54.170658111572266
early,qiu2022,devmap,E7.75,E8.5-R3,15,14493,27743,E7.75,8.5,54.816532135009766
early,qiu2022,devmap,E7.75,E8.5-R3,16,14493,27743,E7.75,8.5,54.4249382019043
early,qiu2022,devmap,E7.75,E8.5-R3,17,14493,27743,E7.75,8.5,57.02584457397461
early,qiu2022,devmap,E7.75,E8.5-R3,18,14493,27743,E7.75,8.5,54.85512161254883
early,qiu2022,devmap,E7.75,E8.5-R3,19,14493,27743,E7.75,8.5,55.36253356933594
early,qiu2022,devmap,E7.75,E8.5-R3,20,14493,27743,E7.75,8.5,54.913414001464844
early,qiu2022,devmap,E7.75,E8.5-R3,21,14493,27743,E7.75,8.5,52.73683166503906
early,qiu2022,devmap,E7.75,E8.5-R3,22,14493,27743,E7.75,8.5,55.063995361328125
early,qiu2022,devmap,E7.75,E8.5-R3,23,14493,27743,E7.75,8.5,54.88302993774414
early,qiu2022,devmap,E7.75,E8.5-R3,24,14493,27743,E7.75,8.5,53.59177017211914
early,qiu2022,devmap,E7.75,E8.5-R3,25,14493,27743,E7.75,8.5,53.183433532714844
early,qiu2022,devmap,E7.75,E8.5-R3,26,14493,27743,E7.75,8.5,53.42391586303711
early,qiu2022,devmap,E7.75,E8.5-R3,27,14493,27743,E7.75,8.5,52.71881866455078
early,qiu2022,devmap,E7.75,E8.5-R3,28,14493,27743,E7.75,8.5,53.863807678222656
early,qiu2022,devmap,E7.75,E8.5-R3,29,14493,27743,E7.75,8.5,54.631614685058594
early,qiu2022,devmap,E7.75,E8.5-R3,30,14493,27743,E7.75,8.5,53.4362678527832
early,qiu2022,devmap,E7.75,E8.5-R3,31,14493,27743,E7.75,8.5,54.836944580078125
early,qiu2022,devmap,E7.75,E8.5-R3,32,14493,27743,E7.75,8.5,53.33051300048828
early,qiu2022,devmap,E7.75,E8.5-R3,33,14493,27743,E7.75,8.5,55.02483367919922
early,qiu2022,devmap,E7.75,E8.5-R3,34,14493,27743,E7.75,8.5,57.66242599487305
early,qiu2022,devmap,E7.75,E8.5-R3,35,14493,27743,E7.75,8.5,56.45219421386719
early,qiu2022,devmap,E7.75,E8.5-R3,36,14493,27743,E7.75,8.5,54.57893371582031
early,qiu2022,devmap,E7.75,E8.5-R3,37,14493,27743,E7.75,8.5,54.84764862060547
early,qiu2022,devmap,E7.75,E8.5-R3,38,14493,27743,E7.75,8.5,54.948204040527344
early,qiu2022,devmap,E7.75,E8.5-R3,39,14493,27743,E7.75,8.5,54.87403869628906
early,qiu2022,devmap,E7.75,E8.5-R3,40,14493,27743,E7.75,8.5,50.87702178955078
early,qiu2022,devmap,E7.75,E8.5-R3,41,14493,27743,E7.75,8.5,51.31426239013672
early,qiu2022,devmap,E7.75,E8.5-R3,42,14493,27743,E7.75,8.5,53.618080139160156
early,qiu2022,devmap,E7.75,E8.5-R3,43,14493,27743,E7.75,8.5,52.98902893066406
early,qiu2022,devmap,E7.75,E8.5-R3,44,14493,27743,E7.75,8.5,54.04188537597656
early,qiu2022,devmap,E7.75,E8.5-R3,45,14493,27743,E7.75,8.5,54.35462951660156
early,qiu2022,devmap,E7.75,E8.5-R3,46,14493,27743,E7.75,8.5,56.310970306396484
early,qiu2022,devmap,E7.75,E8.5-R3,47,14493,27743,E7.75,8.5,54.595909118652344
early,qiu2022,devmap,E7.75,E8.5-R3,48,14493,27743,E7.75,8.5,54.86806106567383
early,qiu2022,devmap,E7.75,E8.5-R3,49,14493,27743,E7.75,8.5,51.82987976074219
early,qiu2022,devmap,E8,E7.5-R1,0,16681,1342,E8,7.5,57.432926177978516
early,qiu2022,devmap,E8,E7.5-R1,1,16681,1342,E8,7.5,55.03827667236328
early,qiu2022,devmap,E8,E7.5-R1,2,16681,1342,E8,7.5,65.0796890258789
early,qiu2022,devmap,E8,E7.5-R1,3,16681,1342,E8,7.5,53.717010498046875
early,qiu2022,devmap,E8,E7.5-R1,4,16681,1342,E8,7.5,61.38710403442383
early,qiu2022,devmap,E8,E7.5-R1,5,16681,1342,E8,7.5,56.665042877197266
early,qiu2022,devmap,E8,E7.5-R1,6,16681,1342,E8,7.5,57.921913146972656
early,qiu2022,devmap,E8,E7.5-R1,7,16681,1342,E8,7.5,61.642677307128906
early,qiu2022,devmap,E8,E7.5-R1,8,16681,1342,E8,7.5,55.533905029296875
early,qiu2022,devmap,E8,E7.5-R1,9,16681,1342,E8,7.5,53.226036071777344
early,qiu2022,devmap,E8,E7.5-R1,10,16681,1342,E8,7.5,54.42462921142578
early,qiu2022,devmap,E8,E7.5-R1,11,16681,1342,E8,7.5,59.915435791015625
early,qiu2022,devmap,E8,E7.5-R1,12,16681,1342,E8,7.5,62.45841979980469
early,qiu2022,devmap,E8,E7.5-R1,13,16681,1342,E8,7.5,56.757469177246094
early,qiu2022,devmap,E8,E7.5-R1,14,16681,1342,E8,7.5,57.31908416748047
early,qiu2022,devmap,E8,E7.5-R1,15,16681,1342,E8,7.5,52.60154724121094
early,qiu2022,devmap,E8,E7.5-R1,16,16681,1342,E8,7.5,53.439605712890625
early,qiu2022,devmap,E8,E7.5-R1,17,16681,1342,E8,7.5,56.151878356933594
early,qiu2022,devmap,E8,E7.5-R1,18,16681,1342,E8,7.5,53.20038604736328
early,qiu2022,devmap,E8,E7.5-R1,19,16681,1342,E8,7.5,62.041831970214844
early,qiu2022,devmap,E8,E7.5-R1,20,16681,1342,E8,7.5,62.25967788696289
early,qiu2022,devmap,E8,E7.5-R1,21,16681,1342,E8,7.5,58.9935302734375
early,qiu2022,devmap,E8,E7.5-R1,22,16681,1342,E8,7.5,58.61058044433594
early,qiu2022,devmap,E8,E7.5-R1,23,16681,1342,E8,7.5,55.760169982910156
early,qiu2022,devmap,E8,E7.5-R1,24,16681,1342,E8,7.5,57.86655044555664
early,qiu2022,devmap,E8,E7.5-R1,25,16681,1342,E8,7.5,57.41492462158203
early,qiu2022,devmap,E8,E7.5-R1,26,16681,1342,E8,7.5,57.0228271484375
early,qiu2022,devmap,E8,E7.5-R1,27,16681,1342,E8,7.5,56.17496871948242
early,qiu2022,devmap,E8,E7.5-R1,28,16681,1342,E8,7.5,56.92002868652344
early,qiu2022,devmap,E8,E7.5-R1,29,16681,1342,E8,7.5,69.03177642822266
early,qiu2022,devmap,E8,E7.5-R1,30,16681,1342,E8,7.5,51.930694580078125
early,qiu2022,devmap,E8,E7.5-R1,31,16681,1342,E8,7.5,52.81560516357422
early,qiu2022,devmap,E8,E7.5-R1,32,16681,1342,E8,7.5,56.12638854980469
early,qiu2022,devmap,E8,E7.5-R1,33,16681,1342,E8,7.5,55.45222473144531
early,qiu2022,devmap,E8,E7.5-R1,34,16681,1342,E8,7.5,52.063446044921875
early,qiu2022,devmap,E8,E7.5-R1,35,16681,1342,E8,7.5,51.17668533325195
early,qiu2022,devmap,E8,E7.5-R1,36,16681,1342,E8,7.5,55.64765167236328
early,qiu2022,devmap,E8,E7.5-R1,37,16681,1342,E8,7.5,58.46661376953125
early,qiu2022,devmap,E8,E7.5-R1,38,16681,1342,E8,7.5,54.88315200805664
early,qiu2022,devmap,E8,E7.5-R1,39,16681,1342,E8,7.5,54.453765869140625
early,qiu2022,devmap,E8,E7.5-R1,40,16681,1342,E8,7.5,57.64690399169922
early,qiu2022,devmap,E8,E7.5-R1,41,16681,1342,E8,7.5,56.43177795410156
early,qiu2022,devmap,E8,E7.5-R1,42,16681,1342,E8,7.5,56.019981384277344
early,qiu2022,devmap,E8,E7.5-R1,43,16681,1342,E8,7.5,66.27207946777344
early,qiu2022,devmap,E8,E7.5-R1,44,16681,1342,E8,7.5,53.877532958984375
early,qiu2022,devmap,E8,E7.5-R1,45,16681,1342,E8,7.5,54.37336730957031
early,qiu2022,devmap,E8,E7.5-R1,46,16681,1342,E8,7.5,60.87504577636719
early,qiu2022,devmap,E8,E7.5-R1,47,16681,1342,E8,7.5,54.38938903808594
early,qiu2022,devmap,E8,E7.5-R1,48,16681,1342,E8,7.5,55.944129943847656
early,qiu2022,devmap,E8,E7.5-R1,49,16681,1342,E8,7.5,52.423187255859375
early,qiu2022,devmap,E8,E7.5-R2,0,16681,1838,E8,7.5,49.349143981933594
early,qiu2022,devmap,E8,E7.5-R2,1,16681,1838,E8,7.5,45.60783386230469
early,qiu2022,devmap,E8,E7.5-R2,2,16681,1838,E8,7.5,43.46929931640625
early,qiu2022,devmap,E8,E7.5-R2,3,16681,1838,E8,7.5,44.44196319580078
early,qiu2022,devmap,E8,E7.5-R2,4,16681,1838,E8,7.5,47.645687103271484
early,qiu2022,devmap,E8,E7.5-R2,5,16681,1838,E8,7.5,46.48646926879883
early,qiu2022,devmap,E8,E7.5-R2,6,16681,1838,E8,7.5,47.17063903808594
early,qiu2022,devmap,E8,E7.5-R2,7,16681,1838,E8,7.5,42.701236724853516
early,qiu2022,devmap,E8,E7.5-R2,8,16681,1838,E8,7.5,42.66552734375
early,qiu2022,devmap,E8,E7.5-R2,9,16681,1838,E8,7.5,43.05522155761719
early,qiu2022,devmap,E8,E7.5-R2,10,16681,1838,E8,7.5,46.810699462890625
early,qiu2022,devmap,E8,E7.5-R2,11,16681,1838,E8,7.5,46.17042541503906
early,qiu2022,devmap,E8,E7.5-R2,12,16681,1838,E8,7.5,43.42827606201172
early,qiu2022,devmap,E8,E7.5-R2,13,16681,1838,E8,7.5,49.8701286315918
early,qiu2022,devmap,E8,E7.5-R2,14,16681,1838,E8,7.5,44.54339599609375
early,qiu2022,devmap,E8,E7.5-R2,15,16681,1838,E8,7.5,45.16410827636719
early,qiu2022,devmap,E8,E7.5-R2,16,16681,1838,E8,7.5,47.68315887451172
early,qiu2022,devmap,E8,E7.5-R2,17,16681,1838,E8,7.5,49.88428497314453
early,qiu2022,devmap,E8,E7.5-R2,18,16681,1838,E8,7.5,44.80218505859375
early,qiu2022,devmap,E8,E7.5-R2,19,16681,1838,E8,7.5,44.876251220703125
early,qiu2022,devmap,E8,E7.5-R2,20,16681,1838,E8,7.5,41.44438934326172
early,qiu2022,devmap,E8,E7.5-R2,21,16681,1838,E8,7.5,45.47562026977539
early,qiu2022,devmap,E8,E7.5-R2,22,16681,1838,E8,7.5,46.43675231933594
early,qiu2022,devmap,E8,E7.5-R2,23,16681,1838,E8,7.5,50.14329528808594
early,qiu2022,devmap,E8,E7.5-R2,24,16681,1838,E8,7.5,45.025306701660156
early,qiu2022,devmap,E8,E7.5-R2,25,16681,1838,E8,7.5,42.11541748046875
early,qiu2022,devmap,E8,E7.5-R2,26,16681,1838,E8,7.5,42.36439514160156
early,qiu2022,devmap,E8,E7.5-R2,27,16681,1838,E8,7.5,48.91712188720703
early,qiu2022,devmap,E8,E7.5-R2,28,16681,1838,E8,7.5,44.187049865722656
early,qiu2022,devmap,E8,E7.5-R2,29,16681,1838,E8,7.5,44.068572998046875
early,qiu2022,devmap,E8,E7.5-R2,30,16681,1838,E8,7.5,44.7024040222168
early,qiu2022,devmap,E8,E7.5-R2,31,16681,1838,E8,7.5,45.38578414916992
early,qiu2022,devmap,E8,E7.5-R2,32,16681,1838,E8,7.5,40.59354782104492
early,qiu2022,devmap,E8,E7.5-R2,33,16681,1838,E8,7.5,45.46641159057617
early,qiu2022,devmap,E8,E7.5-R2,34,16681,1838,E8,7.5,46.30818176269531
early,qiu2022,devmap,E8,E7.5-R2,35,16681,1838,E8,7.5,42.58002471923828
early,qiu2022,devmap,E8,E7.5-R2,36,16681,1838,E8,7.5,50.526466369628906
early,qiu2022,devmap,E8,E7.5-R2,37,16681,1838,E8,7.5,42.40776824951172
early,qiu2022,devmap,E8,E7.5-R2,38,16681,1838,E8,7.5,45.55162811279297
early,qiu2022,devmap,E8,E7.5-R2,39,16681,1838,E8,7.5,40.717872619628906
early,qiu2022,devmap,E8,E7.5-R2,40,16681,1838,E8,7.5,46.538063049316406
early,qiu2022,devmap,E8,E7.5-R2,41,16681,1838,E8,7.5,44.989585876464844
early,qiu2022,devmap,E8,E7.5-R2,42,16681,1838,E8,7.5,43.122867584228516
early,qiu2022,devmap,E8,E7.5-R2,43,16681,1838,E8,7.5,42.26620864868164
early,qiu2022,devmap,E8,E7.5-R2,44,16681,1838,E8,7.5,42.36039352416992
early,qiu2022,devmap,E8,E7.5-R2,45,16681,1838,E8,7.5,45.02740478515625
early,qiu2022,devmap,E8,E7.5-R2,46,16681,1838,E8,7.5,51.548583984375
early,qiu2022,devmap,E8,E7.5-R2,47,16681,1838,E8,7.5,42.787376403808594
early,qiu2022,devmap,E8,E7.5-R2,48,16681,1838,E8,7.5,39.604347229003906
early,qiu2022,devmap,E8,E7.5-R2,49,16681,1838,E8,7.5,42.43072509765625
early,qiu2022,devmap,E8,E7.5-R3,0,16681,1468,E8,7.5,54.10211944580078
early,qiu2022,devmap,E8,E7.5-R3,1,16681,1468,E8,7.5,56.33580780029297
early,qiu2022,devmap,E8,E7.5-R3,2,16681,1468,E8,7.5,51.68803405761719
early,qiu2022,devmap,E8,E7.5-R3,3,16681,1468,E8,7.5,54.153038024902344
early,qiu2022,devmap,E8,E7.5-R3,4,16681,1468,E8,7.5,53.970619201660156
early,qiu2022,devmap,E8,E7.5-R3,5,16681,1468,E8,7.5,57.928985595703125
early,qiu2022,devmap,E8,E7.5-R3,6,16681,1468,E8,7.5,49.435333251953125
early,qiu2022,devmap,E8,E7.5-R3,7,16681,1468,E8,7.5,51.64324951171875
early,qiu2022,devmap,E8,E7.5-R3,8,16681,1468,E8,7.5,51.800987243652344
early,qiu2022,devmap,E8,E7.5-R3,9,16681,1468,E8,7.5,55.06831741333008
early,qiu2022,devmap,E8,E7.5-R3,10,16681,1468,E8,7.5,59.104957580566406
early,qiu2022,devmap,E8,E7.5-R3,11,16681,1468,E8,7.5,59.721107482910156
early,qiu2022,devmap,E8,E7.5-R3,12,16681,1468,E8,7.5,55.01046371459961
early,qiu2022,devmap,E8,E7.5-R3,13,16681,1468,E8,7.5,55.747535705566406
early,qiu2022,devmap,E8,E7.5-R3,14,16681,1468,E8,7.5,52.76407241821289
early,qiu2022,devmap,E8,E7.5-R3,15,16681,1468,E8,7.5,58.37641143798828
early,qiu2022,devmap,E8,E7.5-R3,16,16681,1468,E8,7.5,52.56603240966797
early,qiu2022,devmap,E8,E7.5-R3,17,16681,1468,E8,7.5,51.56212615966797
early,qiu2022,devmap,E8,E7.5-R3,18,16681,1468,E8,7.5,53.13066864013672
early,qiu2022,devmap,E8,E7.5-R3,19,16681,1468,E8,7.5,55.507511138916016
early,qiu2022,devmap,E8,E7.5-R3,20,16681,1468,E8,7.5,51.245323181152344
early,qiu2022,devmap,E8,E7.5-R3,21,16681,1468,E8,7.5,48.77549362182617
early,qiu2022,devmap,E8,E7.5-R3,22,16681,1468,E8,7.5,55.382144927978516
early,qiu2022,devmap,E8,E7.5-R3,23,16681,1468,E8,7.5,47.77430725097656
early,qiu2022,devmap,E8,E7.5-R3,24,16681,1468,E8,7.5,51.86683654785156
early,qiu2022,devmap,E8,E7.5-R3,25,16681,1468,E8,7.5,58.502803802490234
early,qiu2022,devmap,E8,E7.5-R3,26,16681,1468,E8,7.5,53.93226623535156
early,qiu2022,devmap,E8,E7.5-R3,27,16681,1468,E8,7.5,51.784812927246094
early,qiu2022,devmap,E8,E7.5-R3,28,16681,1468,E8,7.5,56.19845199584961
early,qiu2022,devmap,E8,E7.5-R3,29,16681,1468,E8,7.5,54.85905456542969
early,qiu2022,devmap,E8,E7.5-R3,30,16681,1468,E8,7.5,51.41875076293945
early,qiu2022,devmap,E8,E7.5-R3,31,16681,1468,E8,7.5,53.129234313964844
early,qiu2022,devmap,E8,E7.5-R3,32,16681,1468,E8,7.5,47.59889602661133
early,qiu2022,devmap,E8,E7.5-R3,33,16681,1468,E8,7.5,49.56449890136719
early,qiu2022,devmap,E8,E7.5-R3,34,16681,1468,E8,7.5,56.483367919921875
early,qiu2022,devmap,E8,E7.5-R3,35,16681,1468,E8,7.5,47.86235809326172
early,qiu2022,devmap,E8,E7.5-R3,36,16681,1468,E8,7.5,55.93939971923828
early,qiu2022,devmap,E8,E7.5-R3,37,16681,1468,E8,7.5,50.19148254394531
early,qiu2022,devmap,E8,E7.5-R3,38,16681,1468,E8,7.5,52.11286926269531
early,qiu2022,devmap,E8,E7.5-R3,39,16681,1468,E8,7.5,49.36565017700195
early,qiu2022,devmap,E8,E7.5-R3,40,16681,1468,E8,7.5,54.19454574584961
early,qiu2022,devmap,E8,E7.5-R3,41,16681,1468,E8,7.5,51.565277099609375
early,qiu2022,devmap,E8,E7.5-R3,42,16681,1468,E8,7.5,54.08787536621094
early,qiu2022,devmap,E8,E7.5-R3,43,16681,1468,E8,7.5,50.90757751464844
early,qiu2022,devmap,E8,E7.5-R3,44,16681,1468,E8,7.5,54.86198425292969
early,qiu2022,devmap,E8,E7.5-R3,45,16681,1468,E8,7.5,57.46574783325195
early,qiu2022,devmap,E8,E7.5-R3,46,16681,1468,E8,7.5,55.84174346923828
early,qiu2022,devmap,E8,E7.5-R3,47,16681,1468,E8,7.5,54.745452880859375
early,qiu2022,devmap,E8,E7.5-R3,48,16681,1468,E8,7.5,55.351585388183594
early,qiu2022,devmap,E8,E7.5-R3,49,16681,1468,E8,7.5,52.04743194580078
early,qiu2022,devmap,E8,E8.0-R1,0,16681,4498,E8,8.0,36.17277526855469
early,qiu2022,devmap,E8,E8.0-R1,1,16681,4498,E8,8.0,37.24113464355469
early,qiu2022,devmap,E8,E8.0-R1,2,16681,4498,E8,8.0,35.322444915771484
early,qiu2022,devmap,E8,E8.0-R1,3,16681,4498,E8,8.0,37.534332275390625
early,qiu2022,devmap,E8,E8.0-R1,4,16681,4498,E8,8.0,35.563907623291016
early,qiu2022,devmap,E8,E8.0-R1,5,16681,4498,E8,8.0,37.42045593261719
early,qiu2022,devmap,E8,E8.0-R1,6,16681,4498,E8,8.0,36.49732208251953
early,qiu2022,devmap,E8,E8.0-R1,7,16681,4498,E8,8.0,36.08021926879883
early,qiu2022,devmap,E8,E8.0-R1,8,16681,4498,E8,8.0,36.28788375854492
early,qiu2022,devmap,E8,E8.0-R1,9,16681,4498,E8,8.0,37.448184967041016
early,qiu2022,devmap,E8,E8.0-R1,10,16681,4498,E8,8.0,35.148345947265625
early,qiu2022,devmap,E8,E8.0-R1,11,16681,4498,E8,8.0,38.701576232910156
early,qiu2022,devmap,E8,E8.0-R1,12,16681,4498,E8,8.0,35.89715576171875
early,qiu2022,devmap,E8,E8.0-R1,13,16681,4498,E8,8.0,39.75490188598633
early,qiu2022,devmap,E8,E8.0-R1,14,16681,4498,E8,8.0,36.54746627807617
early,qiu2022,devmap,E8,E8.0-R1,15,16681,4498,E8,8.0,37.87346649169922
early,qiu2022,devmap,E8,E8.0-R1,16,16681,4498,E8,8.0,36.027889251708984
early,qiu2022,devmap,E8,E8.0-R1,17,16681,4498,E8,8.0,39.526611328125
early,qiu2022,devmap,E8,E8.0-R1,18,16681,4498,E8,8.0,32.8800048828125
early,qiu2022,devmap,E8,E8.0-R1,19,16681,4498,E8,8.0,39.273094177246094
early,qiu2022,devmap,E8,E8.0-R1,20,16681,4498,E8,8.0,38.124595642089844
early,qiu2022,devmap,E8,E8.0-R1,21,16681,4498,E8,8.0,37.681549072265625
early,qiu2022,devmap,E8,E8.0-R1,22,16681,4498,E8,8.0,35.78009033203125
early,qiu2022,devmap,E8,E8.0-R1,23,16681,4498,E8,8.0,35.69965362548828
early,qiu2022,devmap,E8,E8.0-R1,24,16681,4498,E8,8.0,36.35979461669922
early,qiu2022,devmap,E8,E8.0-R1,25,16681,4498,E8,8.0,35.9759521484375
early,qiu2022,devmap,E8,E8.0-R1,26,16681,4498,E8,8.0,36.94166564941406
early,qiu2022,devmap,E8,E8.0-R1,27,16681,4498,E8,8.0,35.58589172363281
early,qiu2022,devmap,E8,E8.0-R1,28,16681,4498,E8,8.0,36.673667907714844
early,qiu2022,devmap,E8,E8.0-R1,29,16681,4498,E8,8.0,35.00886535644531
early,qiu2022,devmap,E8,E8.0-R1,30,16681,4498,E8,8.0,38.71220779418945
early,qiu2022,devmap,E8,E8.0-R1,31,16681,4498,E8,8.0,34.623565673828125
early,qiu2022,devmap,E8,E8.0-R1,32,16681,4498,E8,8.0,35.22767639160156
early,qiu2022,devmap,E8,E8.0-R1,33,16681,4498,E8,8.0,36.955841064453125
early,qiu2022,devmap,E8,E8.0-R1,34,16681,4498,E8,8.0,34.195518493652344
early,qiu2022,devmap,E8,E8.0-R1,35,16681,4498,E8,8.0,40.119384765625
early,qiu2022,devmap,E8,E8.0-R1,36,16681,4498,E8,8.0,36.490989685058594
early,qiu2022,devmap,E8,E8.0-R1,37,16681,4498,E8,8.0,36.2601432800293
early,qiu2022,devmap,E8,E8.0-R1,38,16681,4498,E8,8.0,37.502838134765625
early,qiu2022,devmap,E8,E8.0-R1,39,16681,4498,E8,8.0,35.91472625732422
early,qiu2022,devmap,E8,E8.0-R1,40,16681,4498,E8,8.0,38.7696647644043
early,qiu2022,devmap,E8,E8.0-R1,41,16681,4498,E8,8.0,38.019073486328125
early,qiu2022,devmap,E8,E8.0-R1,42,16681,4498,E8,8.0,35.184593200683594
early,qiu2022,devmap,E8,E8.0-R1,43,16681,4498,E8,8.0,37.30030822753906
early,qiu2022,devmap,E8,E8.0-R1,44,16681,4498,E8,8.0,34.49974060058594
early,qiu2022,devmap,E8,E8.0-R1,45,16681,4498,E8,8.0,34.64689636230469
early,qiu2022,devmap,E8,E8.0-R1,46,16681,4498,E8,8.0,39.13175964355469
early,qiu2022,devmap,E8,E8.0-R1,47,16681,4498,E8,8.0,35.50779724121094
early,qiu2022,devmap,E8,E8.0-R1,48,16681,4498,E8,8.0,32.35240173339844
early,qiu2022,devmap,E8,E8.0-R1,49,16681,4498,E8,8.0,36.39521026611328
early,qiu2022,devmap,E8,E8.0-R2,0,16681,10681,E8,8.0,38.233985900878906
early,qiu2022,devmap,E8,E8.0-R2,1,16681,10681,E8,8.0,36.75874328613281
early,qiu2022,devmap,E8,E8.0-R2,2,16681,10681,E8,8.0,38.33643341064453
early,qiu2022,devmap,E8,E8.0-R2,3,16681,10681,E8,8.0,36.51005172729492
early,qiu2022,devmap,E8,E8.0-R2,4,16681,10681,E8,8.0,36.849952697753906
early,qiu2022,devmap,E8,E8.0-R2,5,16681,10681,E8,8.0,34.069705963134766
early,qiu2022,devmap,E8,E8.0-R2,6,16681,10681,E8,8.0,39.22532653808594
early,qiu2022,devmap,E8,E8.0-R2,7,16681,10681,E8,8.0,39.475059509277344
early,qiu2022,devmap,E8,E8.0-R2,8,16681,10681,E8,8.0,39.563316345214844
early,qiu2022,devmap,E8,E8.0-R2,9,16681,10681,E8,8.0,36.73210144042969
early,qiu2022,devmap,E8,E8.0-R2,10,16681,10681,E8,8.0,36.83845520019531
early,qiu2022,devmap,E8,E8.0-R2,11,16681,10681,E8,8.0,38.379825592041016
early,qiu2022,devmap,E8,E8.0-R2,12,16681,10681,E8,8.0,36.46919250488281
early,qiu2022,devmap,E8,E8.0-R2,13,16681,10681,E8,8.0,37.765228271484375
early,qiu2022,devmap,E8,E8.0-R2,14,16681,10681,E8,8.0,36.826820373535156
early,qiu2022,devmap,E8,E8.0-R2,15,16681,10681,E8,8.0,37.984466552734375
early,qiu2022,devmap,E8,E8.0-R2,16,16681,10681,E8,8.0,36.366790771484375
early,qiu2022,devmap,E8,E8.0-R2,17,16681,10681,E8,8.0,36.76300048828125
early,qiu2022,devmap,E8,E8.0-R2,18,16681,10681,E8,8.0,37.56211853027344
early,qiu2022,devmap,E8,E8.0-R2,19,16681,10681,E8,8.0,37.922157287597656
early,qiu2022,devmap,E8,E8.0-R2,20,16681,10681,E8,8.0,38.7187385559082
early,qiu2022,devmap,E8,E8.0-R2,21,16681,10681,E8,8.0,38.70490264892578
early,qiu2022,devmap,E8,E8.0-R2,22,16681,10681,E8,8.0,37.656654357910156
early,qiu2022,devmap,E8,E8.0-R2,23,16681,10681,E8,8.0,37.58702850341797
early,qiu2022,devmap,E8,E8.0-R2,24,16681,10681,E8,8.0,36.90940856933594
early,qiu2022,devmap,E8,E8.0-R2,25,16681,10681,E8,8.0,36.67857360839844
early,qiu2022,devmap,E8,E8.0-R2,26,16681,10681,E8,8.0,38.09375
early,qiu2022,devmap,E8,E8.0-R2,27,16681,10681,E8,8.0,36.615577697753906
early,qiu2022,devmap,E8,E8.0-R2,28,16681,10681,E8,8.0,37.818519592285156
early,qiu2022,devmap,E8,E8.0-R2,29,16681,10681,E8,8.0,37.58500671386719
early,qiu2022,devmap,E8,E8.0-R2,30,16681,10681,E8,8.0,37.54911804199219
early,qiu2022,devmap,E8,E8.0-R2,31,16681,10681,E8,8.0,38.57781219482422
early,qiu2022,devmap,E8,E8.0-R2,32,16681,10681,E8,8.0,37.85765075683594
early,qiu2022,devmap,E8,E8.0-R2,33,16681,10681,E8,8.0,39.08857727050781
early,qiu2022,devmap,E8,E8.0-R2,34,16681,10681,E8,8.0,39.0323486328125
early,qiu2022,devmap,E8,E8.0-R2,35,16681,10681,E8,8.0,37.06632995605469
early,qiu2022,devmap,E8,E8.0-R2,36,16681,10681,E8,8.0,37.33192443847656
early,qiu2022,devmap,E8,E8.0-R2,37,16681,10681,E8,8.0,38.063785552978516
early,qiu2022,devmap,E8,E8.0-R2,38,16681,10681,E8,8.0,37.93010711669922
early,qiu2022,devmap,E8,E8.0-R2,39,16681,10681,E8,8.0,37.64771270751953
early,qiu2022,devmap,E8,E8.0-R2,40,16681,10681,E8,8.0,37.13533401489258
early,qiu2022,devmap,E8,E8.0-R2,41,16681,10681,E8,8.0,38.83879089355469
early,qiu2022,devmap,E8,E8.0-R2,42,16681,10681,E8,8.0,36.296268463134766
early,qiu2022,devmap,E8,E8.0-R2,43,16681,10681,E8,8.0,37.999752044677734
early,qiu2022,devmap,E8,E8.0-R2,44,16681,10681,E8,8.0,39.0616569519043
early,qiu2022,devmap,E8,E8.0-R2,45,16681,10681,E8,8.0,37.31816864013672
early,qiu2022,devmap,E8,E8.0-R2,46,16681,10681,E8,8.0,37.950904846191406
early,qiu2022,devmap,E8,E8.0-R2,47,16681,10681,E8,8.0,35.62590789794922
early,qiu2022,devmap,E8,E8.0-R2,48,16681,10681,E8,8.0,38.23539733886719
early,qiu2022,devmap,E8,E8.0-R2,49,16681,10681,E8,8.0,36.55976867675781
early,qiu2022,devmap,E8,E8.0-R3,0,16681,6763,E8,8.0,35.13994598388672
early,qiu2022,devmap,E8,E8.0-R3,1,16681,6763,E8,8.0,38.78567886352539
early,qiu2022,devmap,E8,E8.0-R3,2,16681,6763,E8,8.0,35.031280517578125
early,qiu2022,devmap,E8,E8.0-R3,3,16681,6763,E8,8.0,34.205467224121094
early,qiu2022,devmap,E8,E8.0-R3,4,16681,6763,E8,8.0,34.25373458862305
early,qiu2022,devmap,E8,E8.0-R3,5,16681,6763,E8,8.0,37.91325759887695
early,qiu2022,devmap,E8,E8.0-R3,6,16681,6763,E8,8.0,37.260494232177734
early,qiu2022,devmap,E8,E8.0-R3,7,16681,6763,E8,8.0,36.46099853515625
early,qiu2022,devmap,E8,E8.0-R3,8,16681,6763,E8,8.0,34.09236145019531
early,qiu2022,devmap,E8,E8.0-R3,9,16681,6763,E8,8.0,33.82521057128906
early,qiu2022,devmap,E8,E8.0-R3,10,16681,6763,E8,8.0,36.858543395996094
early,qiu2022,devmap,E8,E8.0-R3,11,16681,6763,E8,8.0,39.02508544921875
early,qiu2022,devmap,E8,E8.0-R3,12,16681,6763,E8,8.0,36.209556579589844
early,qiu2022,devmap,E8,E8.0-R3,13,16681,6763,E8,8.0,38.01936340332031
early,qiu2022,devmap,E8,E8.0-R3,14,16681,6763,E8,8.0,36.35276794433594
early,qiu2022,devmap,E8,E8.0-R3,15,16681,6763,E8,8.0,38.432472229003906
early,qiu2022,devmap,E8,E8.0-R3,16,16681,6763,E8,8.0,40.3148193359375
early,qiu2022,devmap,E8,E8.0-R3,17,16681,6763,E8,8.0,34.04352569580078
early,qiu2022,devmap,E8,E8.0-R3,18,16681,6763,E8,8.0,36.63844299316406
early,qiu2022,devmap,E8,E8.0-R3,19,16681,6763,E8,8.0,34.67231369018555
early,qiu2022,devmap,E8,E8.0-R3,20,16681,6763,E8,8.0,37.18597412109375
early,qiu2022,devmap,E8,E8.0-R3,21,16681,6763,E8,8.0,34.78443908691406
early,qiu2022,devmap,E8,E8.0-R3,22,16681,6763,E8,8.0,36.46796417236328
early,qiu2022,devmap,E8,E8.0-R3,23,16681,6763,E8,8.0,34.844459533691406
early,qiu2022,devmap,E8,E8.0-R3,24,16681,6763,E8,8.0,35.67975616455078
early,qiu2022,devmap,E8,E8.0-R3,25,16681,6763,E8,8.0,36.76374053955078
early,qiu2022,devmap,E8,E8.0-R3,26,16681,6763,E8,8.0,37.11482238769531
early,qiu2022,devmap,E8,E8.0-R3,27,16681,6763,E8,8.0,35.14575958251953
early,qiu2022,devmap,E8,E8.0-R3,28,16681,6763,E8,8.0,36.19316101074219
early,qiu2022,devmap,E8,E8.0-R3,29,16681,6763,E8,8.0,36.4609375
early,qiu2022,devmap,E8,E8.0-R3,30,16681,6763,E8,8.0,36.25063705444336
early,qiu2022,devmap,E8,E8.0-R3,31,16681,6763,E8,8.0,39.95799255371094
early,qiu2022,devmap,E8,E8.0-R3,32,16681,6763,E8,8.0,36.554447174072266
early,qiu2022,devmap,E8,E8.0-R3,33,16681,6763,E8,8.0,38.64986038208008
early,qiu2022,devmap,E8,E8.0-R3,34,16681,6763,E8,8.0,34.89189910888672
early,qiu2022,devmap,E8,E8.0-R3,35,16681,6763,E8,8.0,36.95204162597656
early,qiu2022,devmap,E8,E8.0-R3,36,16681,6763,E8,8.0,36.89548873901367
early,qiu2022,devmap,E8,E8.0-R3,37,16681,6763,E8,8.0,37.75271224975586
early,qiu2022,devmap,E8,E8.0-R3,38,16681,6763,E8,8.0,34.985225677490234
early,qiu2022,devmap,E8,E8.0-R3,39,16681,6763,E8,8.0,35.367706298828125
early,qiu2022,devmap,E8,E8.0-R3,40,16681,6763,E8,8.0,37.18844223022461
early,qiu2022,devmap,E8,E8.0-R3,41,16681,6763,E8,8.0,36.333003997802734
early,qiu2022,devmap,E8,E8.0-R3,42,16681,6763,E8,8.0,36.09806442260742
early,qiu2022,devmap,E8,E8.0-R3,43,16681,6763,E8,8.0,37.06364822387695
early,qiu2022,devmap,E8,E8.0-R3,44,16681,6763,E8,8.0,34.95836639404297
early,qiu2022,devmap,E8,E8.0-R3,45,16681,6763,E8,8.0,36.61084747314453
early,qiu2022,devmap,E8,E8.0-R3,46,16681,6763,E8,8.0,36.18223571777344
early,qiu2022,devmap,E8,E8.0-R3,47,16681,6763,E8,8.0,37.22858428955078
early,qiu2022,devmap,E8,E8.0-R3,48,16681,6763,E8,8.0,39.76812744140625
early,qiu2022,devmap,E8,E8.0-R3,49,16681,6763,E8,8.0,36.32327651977539
early,qiu2022,devmap,E8,E8.5-R1,0,16681,23435,E8,8.5,55.3525390625
early,qiu2022,devmap,E8,E8.5-R1,1,16681,23435,E8,8.5,53.79963684082031
early,qiu2022,devmap,E8,E8.5-R1,2,16681,23435,E8,8.5,52.69481658935547
early,qiu2022,devmap,E8,E8.5-R1,3,16681,23435,E8,8.5,49.60968017578125
early,qiu2022,devmap,E8,E8.5-R1,4,16681,23435,E8,8.5,52.20472717285156
early,qiu2022,devmap,E8,E8.5-R1,5,16681,23435,E8,8.5,54.15998840332031
early,qiu2022,devmap,E8,E8.5-R1,6,16681,23435,E8,8.5,53.689781188964844
early,qiu2022,devmap,E8,E8.5-R1,7,16681,23435,E8,8.5,52.184364318847656
early,qiu2022,devmap,E8,E8.5-R1,8,16681,23435,E8,8.5,53.26197052001953
early,qiu2022,devmap,E8,E8.5-R1,9,16681,23435,E8,8.5,54.38872146606445
early,qiu2022,devmap,E8,E8.5-R1,10,16681,23435,E8,8.5,52.13191604614258
early,qiu2022,devmap,E8,E8.5-R1,11,16681,23435,E8,8.5,53.173851013183594
early,qiu2022,devmap,E8,E8.5-R1,12,16681,23435,E8,8.5,54.225711822509766
early,qiu2022,devmap,E8,E8.5-R1,13,16681,23435,E8,8.5,54.425018310546875
early,qiu2022,devmap,E8,E8.5-R1,14,16681,23435,E8,8.5,49.85254669189453
early,qiu2022,devmap,E8,E8.5-R1,15,16681,23435,E8,8.5,51.352787017822266
early,qiu2022,devmap,E8,E8.5-R1,16,16681,23435,E8,8.5,55.39539337158203
early,qiu2022,devmap,E8,E8.5-R1,17,16681,23435,E8,8.5,52.151405334472656
early,qiu2022,devmap,E8,E8.5-R1,18,16681,23435,E8,8.5,54.790565490722656
early,qiu2022,devmap,E8,E8.5-R1,19,16681,23435,E8,8.5,54.962127685546875
early,qiu2022,devmap,E8,E8.5-R1,20,16681,23435,E8,8.5,51.491905212402344
early,qiu2022,devmap,E8,E8.5-R1,21,16681,23435,E8,8.5,53.233070373535156
early,qiu2022,devmap,E8,E8.5-R1,22,16681,23435,E8,8.5,52.866641998291016
early,qiu2022,devmap,E8,E8.5-R1,23,16681,23435,E8,8.5,53.74000930786133
early,qiu2022,devmap,E8,E8.5-R1,24,16681,23435,E8,8.5,51.31678009033203
early,qiu2022,devmap,E8,E8.5-R1,25,16681,23435,E8,8.5,51.7569580078125
early,qiu2022,devmap,E8,E8.5-R1,26,16681,23435,E8,8.5,53.00584411621094
early,qiu2022,devmap,E8,E8.5-R1,27,16681,23435,E8,8.5,52.096519470214844
early,qiu2022,devmap,E8,E8.5-R1,28,16681,23435,E8,8.5,54.58928680419922
early,qiu2022,devmap,E8,E8.5-R1,29,16681,23435,E8,8.5,53.443031311035156
early,qiu2022,devmap,E8,E8.5-R1,30,16681,23435,E8,8.5,52.591819763183594
early,qiu2022,devmap,E8,E8.5-R1,31,16681,23435,E8,8.5,52.311065673828125
early,qiu2022,devmap,E8,E8.5-R1,32,16681,23435,E8,8.5,51.31095886230469
early,qiu2022,devmap,E8,E8.5-R1,33,16681,23435,E8,8.5,53.39491271972656
early,qiu2022,devmap,E8,E8.5-R1,34,16681,23435,E8,8.5,53.996376037597656
early,qiu2022,devmap,E8,E8.5-R1,35,16681,23435,E8,8.5,52.80498504638672
early,qiu2022,devmap,E8,E8.5-R1,36,16681,23435,E8,8.5,51.44642639160156
early,qiu2022,devmap,E8,E8.5-R1,37,16681,23435,E8,8.5,53.104591369628906
early,qiu2022,devmap,E8,E8.5-R1,38,16681,23435,E8,8.5,53.512657165527344
early,qiu2022,devmap,E8,E8.5-R1,39,16681,23435,E8,8.5,52.85177230834961
early,qiu2022,devmap,E8,E8.5-R1,40,16681,23435,E8,8.5,55.59999084472656
early,qiu2022,devmap,E8,E8.5-R1,41,16681,23435,E8,8.5,54.36736297607422
early,qiu2022,devmap,E8,E8.5-R1,42,16681,23435,E8,8.5,51.744232177734375
early,qiu2022,devmap,E8,E8.5-R1,43,16681,23435,E8,8.5,53.21302032470703
early,qiu2022,devmap,E8,E8.5-R1,44,16681,23435,E8,8.5,52.904579162597656
early,qiu2022,devmap,E8,E8.5-R1,45,16681,23435,E8,8.5,51.37706756591797
early,qiu2022,devmap,E8,E8.5-R1,46,16681,23435,E8,8.5,52.15336608886719
early,qiu2022,devmap,E8,E8.5-R1,47,16681,23435,E8,8.5,53.55774688720703
early,qiu2022,devmap,E8,E8.5-R1,48,16681,23435,E8,8.5,51.683570861816406
early,qiu2022,devmap,E8,E8.5-R1,49,16681,23435,E8,8.5,52.320438385009766
early,qiu2022,devmap,E8,E8.5-R2,0,16681,38216,E8,8.5,53.33924102783203
early,qiu2022,devmap,E8,E8.5-R2,1,16681,38216,E8,8.5,52.600669860839844
early,qiu2022,devmap,E8,E8.5-R2,2,16681,38216,E8,8.5,53.98806381225586
early,qiu2022,devmap,E8,E8.5-R2,3,16681,38216,E8,8.5,52.195980072021484
early,qiu2022,devmap,E8,E8.5-R2,4,16681,38216,E8,8.5,53.600929260253906
early,qiu2022,devmap,E8,E8.5-R2,5,16681,38216,E8,8.5,55.47510528564453
early,qiu2022,devmap,E8,E8.5-R2,6,16681,38216,E8,8.5,54.37721633911133
early,qiu2022,devmap,E8,E8.5-R2,7,16681,38216,E8,8.5,53.61942672729492
early,qiu2022,devmap,E8,E8.5-R2,8,16681,38216,E8,8.5,54.14573287963867
early,qiu2022,devmap,E8,E8.5-R2,9,16681,38216,E8,8.5,53.99779510498047
early,qiu2022,devmap,E8,E8.5-R2,10,16681,38216,E8,8.5,55.84815979003906
early,qiu2022,devmap,E8,E8.5-R2,11,16681,38216,E8,8.5,53.48517608642578
early,qiu2022,devmap,E8,E8.5-R2,12,16681,38216,E8,8.5,53.932220458984375
early,qiu2022,devmap,E8,E8.5-R2,13,16681,38216,E8,8.5,54.597938537597656
early,qiu2022,devmap,E8,E8.5-R2,14,16681,38216,E8,8.5,55.376708984375
early,qiu2022,devmap,E8,E8.5-R2,15,16681,38216,E8,8.5,52.87277603149414
early,qiu2022,devmap,E8,E8.5-R2,16,16681,38216,E8,8.5,55.66865158081055
early,qiu2022,devmap,E8,E8.5-R2,17,16681,38216,E8,8.5,51.94105529785156
early,qiu2022,devmap,E8,E8.5-R2,18,16681,38216,E8,8.5,54.35506820678711
early,qiu2022,devmap,E8,E8.5-R2,19,16681,38216,E8,8.5,53.92346954345703
early,qiu2022,devmap,E8,E8.5-R2,20,16681,38216,E8,8.5,55.986881256103516
early,qiu2022,devmap,E8,E8.5-R2,21,16681,38216,E8,8.5,55.255374908447266
early,qiu2022,devmap,E8,E8.5-R2,22,16681,38216,E8,8.5,55.21742248535156
early,qiu2022,devmap,E8,E8.5-R2,23,16681,38216,E8,8.5,54.611907958984375
early,qiu2022,devmap,E8,E8.5-R2,24,16681,38216,E8,8.5,53.15839767456055
early,qiu2022,devmap,E8,E8.5-R2,25,16681,38216,E8,8.5,53.16493225097656
early,qiu2022,devmap,E8,E8.5-R2,26,16681,38216,E8,8.5,55.884361267089844
early,qiu2022,devmap,E8,E8.5-R2,27,16681,38216,E8,8.5,52.99937438964844
early,qiu2022,devmap,E8,E8.5-R2,28,16681,38216,E8,8.5,53.68849182128906
early,qiu2022,devmap,E8,E8.5-R2,29,16681,38216,E8,8.5,53.700531005859375
early,qiu2022,devmap,E8,E8.5-R2,30,16681,38216,E8,8.5,53.773502349853516
early,qiu2022,devmap,E8,E8.5-R2,31,16681,38216,E8,8.5,53.59796142578125
early,qiu2022,devmap,E8,E8.5-R2,32,16681,38216,E8,8.5,53.07275390625
early,qiu2022,devmap,E8,E8.5-R2,33,16681,38216,E8,8.5,53.41473388671875
early,qiu2022,devmap,E8,E8.5-R2,34,16681,38216,E8,8.5,53.428077697753906
early,qiu2022,devmap,E8,E8.5-R2,35,16681,38216,E8,8.5,54.78450393676758
early,qiu2022,devmap,E8,E8.5-R2,36,16681,38216,E8,8.5,53.46742248535156
early,qiu2022,devmap,E8,E8.5-R2,37,16681,38216,E8,8.5,53.237342834472656
early,qiu2022,devmap,E8,E8.5-R2,38,16681,38216,E8,8.5,57.11383056640625
early,qiu2022,devmap,E8,E8.5-R2,39,16681,38216,E8,8.5,53.227455139160156
early,qiu2022,devmap,E8,E8.5-R2,40,16681,38216,E8,8.5,55.80739974975586
early,qiu2022,devmap,E8,E8.5-R2,41,16681,38216,E8,8.5,54.41474533081055
early,qiu2022,devmap,E8,E8.5-R2,42,16681,38216,E8,8.5,54.081703186035156
early,qiu2022,devmap,E8,E8.5-R2,43,16681,38216,E8,8.5,54.05889892578125
early,qiu2022,devmap,E8,E8.5-R2,44,16681,38216,E8,8.5,54.11309051513672
early,qiu2022,devmap,E8,E8.5-R2,45,16681,38216,E8,8.5,53.16805648803711
early,qiu2022,devmap,E8,E8.5-R2,46,16681,38216,E8,8.5,53.780860900878906
early,qiu2022,devmap,E8,E8.5-R2,47,16681,38216,E8,8.5,53.63645935058594
early,qiu2022,devmap,E8,E8.5-R2,48,16681,38216,E8,8.5,52.63702392578125
early,qiu2022,devmap,E8,E8.5-R2,49,16681,38216,E8,8.5,54.38978576660156
early,qiu2022,devmap,E8,E8.5-R3,0,16681,27743,E8,8.5,51.08892822265625
early,qiu2022,devmap,E8,E8.5-R3,1,16681,27743,E8,8.5,52.35143280029297
early,qiu2022,devmap,E8,E8.5-R3,2,16681,27743,E8,8.5,50.655128479003906
early,qiu2022,devmap,E8,E8.5-R3,3,16681,27743,E8,8.5,51.22751235961914
early,qiu2022,devmap,E8,E8.5-R3,4,16681,27743,E8,8.5,52.097164154052734
early,qiu2022,devmap,E8,E8.5-R3,5,16681,27743,E8,8.5,51.466007232666016
early,qiu2022,devmap,E8,E8.5-R3,6,16681,27743,E8,8.5,51.869483947753906
early,qiu2022,devmap,E8,E8.5-R3,7,16681,27743,E8,8.5,52.047218322753906
early,qiu2022,devmap,E8,E8.5-R3,8,16681,27743,E8,8.5,52.41917419433594
early,qiu2022,devmap,E8,E8.5-R3,9,16681,27743,E8,8.5,52.56810760498047
early,qiu2022,devmap,E8,E8.5-R3,10,16681,27743,E8,8.5,52.103675842285156
early,qiu2022,devmap,E8,E8.5-R3,11,16681,27743,E8,8.5,50.943382263183594
early,qiu2022,devmap,E8,E8.5-R3,12,16681,27743,E8,8.5,51.500274658203125
early,qiu2022,devmap,E8,E8.5-R3,13,16681,27743,E8,8.5,50.21021270751953
early,qiu2022,devmap,E8,E8.5-R3,14,16681,27743,E8,8.5,53.04020690917969
early,qiu2022,devmap,E8,E8.5-R3,15,16681,27743,E8,8.5,51.63652420043945
early,qiu2022,devmap,E8,E8.5-R3,16,16681,27743,E8,8.5,53.285789489746094
early,qiu2022,devmap,E8,E8.5-R3,17,16681,27743,E8,8.5,51.181251525878906
early,qiu2022,devmap,E8,E8.5-R3,18,16681,27743,E8,8.5,51.080650329589844
early,qiu2022,devmap,E8,E8.5-R3,19,16681,27743,E8,8.5,53.37294006347656
early,qiu2022,devmap,E8,E8.5-R3,20,16681,27743,E8,8.5,52.66668701171875
early,qiu2022,devmap,E8,E8.5-R3,21,16681,27743,E8,8.5,50.83678436279297
early,qiu2022,devmap,E8,E8.5-R3,22,16681,27743,E8,8.5,50.97736358642578
early,qiu2022,devmap,E8,E8.5-R3,23,16681,27743,E8,8.5,50.86552429199219
early,qiu2022,devmap,E8,E8.5-R3,24,16681,27743,E8,8.5,50.566837310791016
early,qiu2022,devmap,E8,E8.5-R3,25,16681,27743,E8,8.5,52.55513000488281
early,qiu2022,devmap,E8,E8.5-R3,26,16681,27743,E8,8.5,50.0369873046875
early,qiu2022,devmap,E8,E8.5-R3,27,16681,27743,E8,8.5,53.23360824584961
early,qiu2022,devmap,E8,E8.5-R3,28,16681,27743,E8,8.5,50.68461227416992
early,qiu2022,devmap,E8,E8.5-R3,29,16681,27743,E8,8.5,51.15370178222656
early,qiu2022,devmap,E8,E8.5-R3,30,16681,27743,E8,8.5,52.13024139404297
early,qiu2022,devmap,E8,E8.5-R3,31,16681,27743,E8,8.5,52.136756896972656
early,qiu2022,devmap,E8,E8.5-R3,32,16681,27743,E8,8.5,48.699974060058594
early,qiu2022,devmap,E8,E8.5-R3,33,16681,27743,E8,8.5,54.665321350097656
early,qiu2022,devmap,E8,E8.5-R3,34,16681,27743,E8,8.5,48.48072052001953
early,qiu2022,devmap,E8,E8.5-R3,35,16681,27743,E8,8.5,51.448699951171875
early,qiu2022,devmap,E8,E8.5-R3,36,16681,27743,E8,8.5,51.46989440917969
early,qiu2022,devmap,E8,E8.5-R3,37,16681,27743,E8,8.5,51.069244384765625
early,qiu2022,devmap,E8,E8.5-R3,38,16681,27743,E8,8.5,51.82891845703125
early,qiu2022,devmap,E8,E8.5-R3,39,16681,27743,E8,8.5,51.2309455871582
early,qiu2022,devmap,E8,E8.5-R3,40,16681,27743,E8,8.5,50.99336242675781
early,qiu2022,devmap,E8,E8.5-R3,41,16681,27743,E8,8.5,50.26741027832031
early,qiu2022,devmap,E8,E8.5-R3,42,16681,27743,E8,8.5,51.40808868408203
early,qiu2022,devmap,E8,E8.5-R3,43,16681,27743,E8,8.5,51.587547302246094
early,qiu2022,devmap,E8,E8.5-R3,44,16681,27743,E8,8.5,50.759883880615234
early,qiu2022,devmap,E8,E8.5-R3,45,16681,27743,E8,8.5,53.32038879394531
early,qiu2022,devmap,E8,E8.5-R3,46,16681,27743,E8,8.5,50.66897964477539
early,qiu2022,devmap,E8,E8.5-R3,47,16681,27743,E8,8.5,52.39338684082031
early,qiu2022,devmap,E8,E8.5-R3,48,16681,27743,E8,8.5,52.046897888183594
early,qiu2022,devmap,E8,E8.5-R3,49,16681,27743,E8,8.5,50.24614715576172
early,qiu2022,devmap,E8.25,E7.5-R1,0,15935,1342,E8.25,7.5,69.39913940429688
early,qiu2022,devmap,E8.25,E7.5-R1,1,15935,1342,E8.25,7.5,68.99893951416016
early,qiu2022,devmap,E8.25,E7.5-R1,2,15935,1342,E8.25,7.5,68.44850158691406
early,qiu2022,devmap,E8.25,E7.5-R1,3,15935,1342,E8.25,7.5,69.97006225585938
early,qiu2022,devmap,E8.25,E7.5-R1,4,15935,1342,E8.25,7.5,75.40638732910156
early,qiu2022,devmap,E8.25,E7.5-R1,5,15935,1342,E8.25,7.5,72.15695190429688
early,qiu2022,devmap,E8.25,E7.5-R1,6,15935,1342,E8.25,7.5,68.82449340820312
early,qiu2022,devmap,E8.25,E7.5-R1,7,15935,1342,E8.25,7.5,77.77367401123047
early,qiu2022,devmap,E8.25,E7.5-R1,8,15935,1342,E8.25,7.5,66.57965087890625
early,qiu2022,devmap,E8.25,E7.5-R1,9,15935,1342,E8.25,7.5,70.04390716552734
early,qiu2022,devmap,E8.25,E7.5-R1,10,15935,1342,E8.25,7.5,70.64147186279297
early,qiu2022,devmap,E8.25,E7.5-R1,11,15935,1342,E8.25,7.5,68.83113098144531
early,qiu2022,devmap,E8.25,E7.5-R1,12,15935,1342,E8.25,7.5,71.39633178710938
early,qiu2022,devmap,E8.25,E7.5-R1,13,15935,1342,E8.25,7.5,74.9715576171875
early,qiu2022,devmap,E8.25,E7.5-R1,14,15935,1342,E8.25,7.5,66.33904266357422
early,qiu2022,devmap,E8.25,E7.5-R1,15,15935,1342,E8.25,7.5,68.40571594238281
early,qiu2022,devmap,E8.25,E7.5-R1,16,15935,1342,E8.25,7.5,65.68601989746094
early,qiu2022,devmap,E8.25,E7.5-R1,17,15935,1342,E8.25,7.5,74.45905303955078
early,qiu2022,devmap,E8.25,E7.5-R1,18,15935,1342,E8.25,7.5,69.02437591552734
early,qiu2022,devmap,E8.25,E7.5-R1,19,15935,1342,E8.25,7.5,76.68230438232422
early,qiu2022,devmap,E8.25,E7.5-R1,20,15935,1342,E8.25,7.5,69.19789123535156
early,qiu2022,devmap,E8.25,E7.5-R1,21,15935,1342,E8.25,7.5,70.51870727539062
early,qiu2022,devmap,E8.25,E7.5-R1,22,15935,1342,E8.25,7.5,72.4505386352539
early,qiu2022,devmap,E8.25,E7.5-R1,23,15935,1342,E8.25,7.5,68.17298889160156
early,qiu2022,devmap,E8.25,E7.5-R1,24,15935,1342,E8.25,7.5,75.74400329589844
early,qiu2022,devmap,E8.25,E7.5-R1,25,15935,1342,E8.25,7.5,78.48245239257812
early,qiu2022,devmap,E8.25,E7.5-R1,26,15935,1342,E8.25,7.5,73.51417541503906
early,qiu2022,devmap,E8.25,E7.5-R1,27,15935,1342,E8.25,7.5,70.06731414794922
early,qiu2022,devmap,E8.25,E7.5-R1,28,15935,1342,E8.25,7.5,69.87712860107422
early,qiu2022,devmap,E8.25,E7.5-R1,29,15935,1342,E8.25,7.5,71.80132293701172
early,qiu2022,devmap,E8.25,E7.5-R1,30,15935,1342,E8.25,7.5,63.44197082519531
early,qiu2022,devmap,E8.25,E7.5-R1,31,15935,1342,E8.25,7.5,63.825889587402344
early,qiu2022,devmap,E8.25,E7.5-R1,32,15935,1342,E8.25,7.5,71.25315856933594
early,qiu2022,devmap,E8.25,E7.5-R1,33,15935,1342,E8.25,7.5,71.99087524414062
early,qiu2022,devmap,E8.25,E7.5-R1,34,15935,1342,E8.25,7.5,79.24468994140625
early,qiu2022,devmap,E8.25,E7.5-R1,35,15935,1342,E8.25,7.5,67.02371215820312
early,qiu2022,devmap,E8.25,E7.5-R1,36,15935,1342,E8.25,7.5,69.52885437011719
early,qiu2022,devmap,E8.25,E7.5-R1,37,15935,1342,E8.25,7.5,74.09823608398438
early,qiu2022,devmap,E8.25,E7.5-R1,38,15935,1342,E8.25,7.5,71.72245788574219
early,qiu2022,devmap,E8.25,E7.5-R1,39,15935,1342,E8.25,7.5,65.09033966064453
early,qiu2022,devmap,E8.25,E7.5-R1,40,15935,1342,E8.25,7.5,74.08546447753906
early,qiu2022,devmap,E8.25,E7.5-R1,41,15935,1342,E8.25,7.5,66.02733612060547
early,qiu2022,devmap,E8.25,E7.5-R1,42,15935,1342,E8.25,7.5,72.884521484375
early,qiu2022,devmap,E8.25,E7.5-R1,43,15935,1342,E8.25,7.5,68.94580078125
early,qiu2022,devmap,E8.25,E7.5-R1,44,15935,1342,E8.25,7.5,68.7393569946289
early,qiu2022,devmap,E8.25,E7.5-R1,45,15935,1342,E8.25,7.5,69.48869323730469
early,qiu2022,devmap,E8.25,E7.5-R1,46,15935,1342,E8.25,7.5,70.35392761230469
early,qiu2022,devmap,E8.25,E7.5-R1,47,15935,1342,E8.25,7.5,64.70731353759766
early,qiu2022,devmap,E8.25,E7.5-R1,48,15935,1342,E8.25,7.5,61.66639709472656
early,qiu2022,devmap,E8.25,E7.5-R1,49,15935,1342,E8.25,7.5,68.45648193359375
early,qiu2022,devmap,E8.25,E7.5-R2,0,15935,1838,E8.25,7.5,57.67575454711914
early,qiu2022,devmap,E8.25,E7.5-R2,1,15935,1838,E8.25,7.5,60.52705001831055
early,qiu2022,devmap,E8.25,E7.5-R2,2,15935,1838,E8.25,7.5,57.612327575683594
early,qiu2022,devmap,E8.25,E7.5-R2,3,15935,1838,E8.25,7.5,58.857154846191406
early,qiu2022,devmap,E8.25,E7.5-R2,4,15935,1838,E8.25,7.5,65.23348999023438
early,qiu2022,devmap,E8.25,E7.5-R2,5,15935,1838,E8.25,7.5,54.60514450073242
early,qiu2022,devmap,E8.25,E7.5-R2,6,15935,1838,E8.25,7.5,55.82230758666992
early,qiu2022,devmap,E8.25,E7.5-R2,7,15935,1838,E8.25,7.5,61.45751190185547
early,qiu2022,devmap,E8.25,E7.5-R2,8,15935,1838,E8.25,7.5,59.68765640258789
early,qiu2022,devmap,E8.25,E7.5-R2,9,15935,1838,E8.25,7.5,56.5184326171875
early,qiu2022,devmap,E8.25,E7.5-R2,10,15935,1838,E8.25,7.5,59.95152282714844
early,qiu2022,devmap,E8.25,E7.5-R2,11,15935,1838,E8.25,7.5,62.02952575683594
early,qiu2022,devmap,E8.25,E7.5-R2,12,15935,1838,E8.25,7.5,60.80240249633789
early,qiu2022,devmap,E8.25,E7.5-R2,13,15935,1838,E8.25,7.5,59.4705696105957
early,qiu2022,devmap,E8.25,E7.5-R2,14,15935,1838,E8.25,7.5,63.038116455078125
early,qiu2022,devmap,E8.25,E7.5-R2,15,15935,1838,E8.25,7.5,58.933902740478516
early,qiu2022,devmap,E8.25,E7.5-R2,16,15935,1838,E8.25,7.5,56.928890228271484
early,qiu2022,devmap,E8.25,E7.5-R2,17,15935,1838,E8.25,7.5,59.527061462402344
early,qiu2022,devmap,E8.25,E7.5-R2,18,15935,1838,E8.25,7.5,66.42152404785156
early,qiu2022,devmap,E8.25,E7.5-R2,19,15935,1838,E8.25,7.5,57.097900390625
early,qiu2022,devmap,E8.25,E7.5-R2,20,15935,1838,E8.25,7.5,55.338523864746094
early,qiu2022,devmap,E8.25,E7.5-R2,21,15935,1838,E8.25,7.5,60.29511642456055
early,qiu2022,devmap,E8.25,E7.5-R2,22,15935,1838,E8.25,7.5,65.17886352539062
early,qiu2022,devmap,E8.25,E7.5-R2,23,15935,1838,E8.25,7.5,58.52729034423828
early,qiu2022,devmap,E8.25,E7.5-R2,24,15935,1838,E8.25,7.5,55.46955871582031
early,qiu2022,devmap,E8.25,E7.5-R2,25,15935,1838,E8.25,7.5,57.30843734741211
early,qiu2022,devmap,E8.25,E7.5-R2,26,15935,1838,E8.25,7.5,56.81096649169922
early,qiu2022,devmap,E8.25,E7.5-R2,27,15935,1838,E8.25,7.5,54.57366180419922
early,qiu2022,devmap,E8.25,E7.5-R2,28,15935,1838,E8.25,7.5,61.30896759033203
early,qiu2022,devmap,E8.25,E7.5-R2,29,15935,1838,E8.25,7.5,61.44080352783203
early,qiu2022,devmap,E8.25,E7.5-R2,30,15935,1838,E8.25,7.5,59.09062957763672
early,qiu2022,devmap,E8.25,E7.5-R2,31,15935,1838,E8.25,7.5,57.53422927856445
early,qiu2022,devmap,E8.25,E7.5-R2,32,15935,1838,E8.25,7.5,63.79963684082031
early,qiu2022,devmap,E8.25,E7.5-R2,33,15935,1838,E8.25,7.5,57.69503402709961
early,qiu2022,devmap,E8.25,E7.5-R2,34,15935,1838,E8.25,7.5,55.65569305419922
early,qiu2022,devmap,E8.25,E7.5-R2,35,15935,1838,E8.25,7.5,62.869239807128906
early,qiu2022,devmap,E8.25,E7.5-R2,36,15935,1838,E8.25,7.5,66.74102783203125
early,qiu2022,devmap,E8.25,E7.5-R2,37,15935,1838,E8.25,7.5,56.24968719482422
early,qiu2022,devmap,E8.25,E7.5-R2,38,15935,1838,E8.25,7.5,58.98009490966797
early,qiu2022,devmap,E8.25,E7.5-R2,39,15935,1838,E8.25,7.5,58.61640548706055
early,qiu2022,devmap,E8.25,E7.5-R2,40,15935,1838,E8.25,7.5,57.32964324951172
early,qiu2022,devmap,E8.25,E7.5-R2,41,15935,1838,E8.25,7.5,58.050994873046875
early,qiu2022,devmap,E8.25,E7.5-R2,42,15935,1838,E8.25,7.5,68.25032043457031
early,qiu2022,devmap,E8.25,E7.5-R2,43,15935,1838,E8.25,7.5,57.653541564941406
early,qiu2022,devmap,E8.25,E7.5-R2,44,15935,1838,E8.25,7.5,57.71318054199219
early,qiu2022,devmap,E8.25,E7.5-R2,45,15935,1838,E8.25,7.5,59.33272171020508
early,qiu2022,devmap,E8.25,E7.5-R2,46,15935,1838,E8.25,7.5,60.11592102050781
early,qiu2022,devmap,E8.25,E7.5-R2,47,15935,1838,E8.25,7.5,63.206764221191406
early,qiu2022,devmap,E8.25,E7.5-R2,48,15935,1838,E8.25,7.5,59.527679443359375
early,qiu2022,devmap,E8.25,E7.5-R2,49,15935,1838,E8.25,7.5,59.1328125
early,qiu2022,devmap,E8.25,E7.5-R3,0,15935,1468,E8.25,7.5,57.708492279052734
early,qiu2022,devmap,E8.25,E7.5-R3,1,15935,1468,E8.25,7.5,68.1737289428711
early,qiu2022,devmap,E8.25,E7.5-R3,2,15935,1468,E8.25,7.5,68.27857971191406
early,qiu2022,devmap,E8.25,E7.5-R3,3,15935,1468,E8.25,7.5,63.48709487915039
early,qiu2022,devmap,E8.25,E7.5-R3,4,15935,1468,E8.25,7.5,61.93210983276367
early,qiu2022,devmap,E8.25,E7.5-R3,5,15935,1468,E8.25,7.5,64.55597686767578
early,qiu2022,devmap,E8.25,E7.5-R3,6,15935,1468,E8.25,7.5,63.83388137817383
early,qiu2022,devmap,E8.25,E7.5-R3,7,15935,1468,E8.25,7.5,72.40599060058594
early,qiu2022,devmap,E8.25,E7.5-R3,8,15935,1468,E8.25,7.5,68.78288269042969
early,qiu2022,devmap,E8.25,E7.5-R3,9,15935,1468,E8.25,7.5,64.06156158447266
early,qiu2022,devmap,E8.25,E7.5-R3,10,15935,1468,E8.25,7.5,62.82257080078125
early,qiu2022,devmap,E8.25,E7.5-R3,11,15935,1468,E8.25,7.5,65.49694061279297
early,qiu2022,devmap,E8.25,E7.5-R3,12,15935,1468,E8.25,7.5,71.26490783691406
early,qiu2022,devmap,E8.25,E7.5-R3,13,15935,1468,E8.25,7.5,65.92242431640625
early,qiu2022,devmap,E8.25,E7.5-R3,14,15935,1468,E8.25,7.5,61.5262451171875
early,qiu2022,devmap,E8.25,E7.5-R3,15,15935,1468,E8.25,7.5,67.25811004638672
early,qiu2022,devmap,E8.25,E7.5-R3,16,15935,1468,E8.25,7.5,62.782142639160156
early,qiu2022,devmap,E8.25,E7.5-R3,17,15935,1468,E8.25,7.5,63.93642044067383
early,qiu2022,devmap,E8.25,E7.5-R3,18,15935,1468,E8.25,7.5,65.6368179321289
early,qiu2022,devmap,E8.25,E7.5-R3,19,15935,1468,E8.25,7.5,63.44739532470703
early,qiu2022,devmap,E8.25,E7.5-R3,20,15935,1468,E8.25,7.5,68.01859283447266
early,qiu2022,devmap,E8.25,E7.5-R3,21,15935,1468,E8.25,7.5,66.58271789550781
early,qiu2022,devmap,E8.25,E7.5-R3,22,15935,1468,E8.25,7.5,62.52192687988281
early,qiu2022,devmap,E8.25,E7.5-R3,23,15935,1468,E8.25,7.5,68.51618194580078
early,qiu2022,devmap,E8.25,E7.5-R3,24,15935,1468,E8.25,7.5,65.49639892578125
early,qiu2022,devmap,E8.25,E7.5-R3,25,15935,1468,E8.25,7.5,61.57347106933594
early,qiu2022,devmap,E8.25,E7.5-R3,26,15935,1468,E8.25,7.5,63.33182907104492
early,qiu2022,devmap,E8.25,E7.5-R3,27,15935,1468,E8.25,7.5,64.775634765625
early,qiu2022,devmap,E8.25,E7.5-R3,28,15935,1468,E8.25,7.5,69.7955322265625
early,qiu2022,devmap,E8.25,E7.5-R3,29,15935,1468,E8.25,7.5,67.69992065429688
early,qiu2022,devmap,E8.25,E7.5-R3,30,15935,1468,E8.25,7.5,64.41731262207031
early,qiu2022,devmap,E8.25,E7.5-R3,31,15935,1468,E8.25,7.5,65.14978790283203
early,qiu2022,devmap,E8.25,E7.5-R3,32,15935,1468,E8.25,7.5,73.69917297363281
early,qiu2022,devmap,E8.25,E7.5-R3,33,15935,1468,E8.25,7.5,65.2095718383789
early,qiu2022,devmap,E8.25,E7.5-R3,34,15935,1468,E8.25,7.5,72.14335632324219
early,qiu2022,devmap,E8.25,E7.5-R3,35,15935,1468,E8.25,7.5,63.08885955810547
early,qiu2022,devmap,E8.25,E7.5-R3,36,15935,1468,E8.25,7.5,60.60813903808594
early,qiu2022,devmap,E8.25,E7.5-R3,37,15935,1468,E8.25,7.5,68.41463470458984
early,qiu2022,devmap,E8.25,E7.5-R3,38,15935,1468,E8.25,7.5,67.78936767578125
early,qiu2022,devmap,E8.25,E7.5-R3,39,15935,1468,E8.25,7.5,61.929012298583984
early,qiu2022,devmap,E8.25,E7.5-R3,40,15935,1468,E8.25,7.5,67.70623016357422
early,qiu2022,devmap,E8.25,E7.5-R3,41,15935,1468,E8.25,7.5,65.52619171142578
early,qiu2022,devmap,E8.25,E7.5-R3,42,15935,1468,E8.25,7.5,62.60554122924805
early,qiu2022,devmap,E8.25,E7.5-R3,43,15935,1468,E8.25,7.5,63.09208297729492
early,qiu2022,devmap,E8.25,E7.5-R3,44,15935,1468,E8.25,7.5,63.10881042480469
early,qiu2022,devmap,E8.25,E7.5-R3,45,15935,1468,E8.25,7.5,64.33870697021484
early,qiu2022,devmap,E8.25,E7.5-R3,46,15935,1468,E8.25,7.5,63.959564208984375
early,qiu2022,devmap,E8.25,E7.5-R3,47,15935,1468,E8.25,7.5,61.29377746582031
early,qiu2022,devmap,E8.25,E7.5-R3,48,15935,1468,E8.25,7.5,63.76610565185547
early,qiu2022,devmap,E8.25,E7.5-R3,49,15935,1468,E8.25,7.5,66.79712677001953
early,qiu2022,devmap,E8.25,E8.0-R1,0,15935,4498,E8.25,8.0,42.31202697753906
early,qiu2022,devmap,E8.25,E8.0-R1,1,15935,4498,E8.25,8.0,41.12669372558594
early,qiu2022,devmap,E8.25,E8.0-R1,2,15935,4498,E8.25,8.0,40.90793228149414
early,qiu2022,devmap,E8.25,E8.0-R1,3,15935,4498,E8.25,8.0,39.04114532470703
early,qiu2022,devmap,E8.25,E8.0-R1,4,15935,4498,E8.25,8.0,39.700252532958984
early,qiu2022,devmap,E8.25,E8.0-R1,5,15935,4498,E8.25,8.0,40.468528747558594
early,qiu2022,devmap,E8.25,E8.0-R1,6,15935,4498,E8.25,8.0,38.600704193115234
early,qiu2022,devmap,E8.25,E8.0-R1,7,15935,4498,E8.25,8.0,42.22119140625
early,qiu2022,devmap,E8.25,E8.0-R1,8,15935,4498,E8.25,8.0,41.5169792175293
early,qiu2022,devmap,E8.25,E8.0-R1,9,15935,4498,E8.25,8.0,42.92156219482422
early,qiu2022,devmap,E8.25,E8.0-R1,10,15935,4498,E8.25,8.0,42.70411682128906
early,qiu2022,devmap,E8.25,E8.0-R1,11,15935,4498,E8.25,8.0,40.640625
early,qiu2022,devmap,E8.25,E8.0-R1,12,15935,4498,E8.25,8.0,39.860679626464844
early,qiu2022,devmap,E8.25,E8.0-R1,13,15935,4498,E8.25,8.0,43.20650100708008
early,qiu2022,devmap,E8.25,E8.0-R1,14,15935,4498,E8.25,8.0,44.254730224609375
early,qiu2022,devmap,E8.25,E8.0-R1,15,15935,4498,E8.25,8.0,41.28786849975586
early,qiu2022,devmap,E8.25,E8.0-R1,16,15935,4498,E8.25,8.0,42.73077392578125
early,qiu2022,devmap,E8.25,E8.0-R1,17,15935,4498,E8.25,8.0,41.27246856689453
early,qiu2022,devmap,E8.25,E8.0-R1,18,15935,4498,E8.25,8.0,42.11191940307617
early,qiu2022,devmap,E8.25,E8.0-R1,19,15935,4498,E8.25,8.0,41.16775894165039
early,qiu2022,devmap,E8.25,E8.0-R1,20,15935,4498,E8.25,8.0,40.52876281738281
early,qiu2022,devmap,E8.25,E8.0-R1,21,15935,4498,E8.25,8.0,41.02081298828125
early,qiu2022,devmap,E8.25,E8.0-R1,22,15935,4498,E8.25,8.0,42.84876251220703
early,qiu2022,devmap,E8.25,E8.0-R1,23,15935,4498,E8.25,8.0,42.97620391845703
early,qiu2022,devmap,E8.25,E8.0-R1,24,15935,4498,E8.25,8.0,43.401756286621094
early,qiu2022,devmap,E8.25,E8.0-R1,25,15935,4498,E8.25,8.0,39.75238800048828
early,qiu2022,devmap,E8.25,E8.0-R1,26,15935,4498,E8.25,8.0,42.091819763183594
early,qiu2022,devmap,E8.25,E8.0-R1,27,15935,4498,E8.25,8.0,40.685096740722656
early,qiu2022,devmap,E8.25,E8.0-R1,28,15935,4498,E8.25,8.0,44.31568145751953
early,qiu2022,devmap,E8.25,E8.0-R1,29,15935,4498,E8.25,8.0,40.83073806762695
early,qiu2022,devmap,E8.25,E8.0-R1,30,15935,4498,E8.25,8.0,39.92955780029297
early,qiu2022,devmap,E8.25,E8.0-R1,31,15935,4498,E8.25,8.0,43.30003356933594
early,qiu2022,devmap,E8.25,E8.0-R1,32,15935,4498,E8.25,8.0,40.82008361816406
early,qiu2022,devmap,E8.25,E8.0-R1,33,15935,4498,E8.25,8.0,40.264156341552734
early,qiu2022,devmap,E8.25,E8.0-R1,34,15935,4498,E8.25,8.0,41.45806121826172
early,qiu2022,devmap,E8.25,E8.0-R1,35,15935,4498,E8.25,8.0,40.81538391113281
early,qiu2022,devmap,E8.25,E8.0-R1,36,15935,4498,E8.25,8.0,41.733909606933594
early,qiu2022,devmap,E8.25,E8.0-R1,37,15935,4498,E8.25,8.0,41.20047378540039
early,qiu2022,devmap,E8.25,E8.0-R1,38,15935,4498,E8.25,8.0,41.153907775878906
early,qiu2022,devmap,E8.25,E8.0-R1,39,15935,4498,E8.25,8.0,44.103797912597656
early,qiu2022,devmap,E8.25,E8.0-R1,40,15935,4498,E8.25,8.0,40.31010437011719
early,qiu2022,devmap,E8.25,E8.0-R1,41,15935,4498,E8.25,8.0,40.93698501586914
early,qiu2022,devmap,E8.25,E8.0-R1,42,15935,4498,E8.25,8.0,42.93653869628906
early,qiu2022,devmap,E8.25,E8.0-R1,43,15935,4498,E8.25,8.0,39.65674591064453
early,qiu2022,devmap,E8.25,E8.0-R1,44,15935,4498,E8.25,8.0,37.84312438964844
early,qiu2022,devmap,E8.25,E8.0-R1,45,15935,4498,E8.25,8.0,44.23448181152344
early,qiu2022,devmap,E8.25,E8.0-R1,46,15935,4498,E8.25,8.0,41.09231185913086
early,qiu2022,devmap,E8.25,E8.0-R1,47,15935,4498,E8.25,8.0,42.671142578125
early,qiu2022,devmap,E8.25,E8.0-R1,48,15935,4498,E8.25,8.0,39.61448669433594
early,qiu2022,devmap,E8.25,E8.0-R1,49,15935,4498,E8.25,8.0,41.53791809082031
early,qiu2022,devmap,E8.25,E8.0-R2,0,15935,10681,E8.25,8.0,30.218524932861328
early,qiu2022,devmap,E8.25,E8.0-R2,1,15935,10681,E8.25,8.0,31.833736419677734
early,qiu2022,devmap,E8.25,E8.0-R2,2,15935,10681,E8.25,8.0,30.6938419342041
early,qiu2022,devmap,E8.25,E8.0-R2,3,15935,10681,E8.25,8.0,31.843414306640625
early,qiu2022,devmap,E8.25,E8.0-R2,4,15935,10681,E8.25,8.0,33.698280334472656
early,qiu2022,devmap,E8.25,E8.0-R2,5,15935,10681,E8.25,8.0,32.56420135498047
early,qiu2022,devmap,E8.25,E8.0-R2,6,15935,10681,E8.25,8.0,31.463802337646484
early,qiu2022,devmap,E8.25,E8.0-R2,7,15935,10681,E8.25,8.0,31.499042510986328
early,qiu2022,devmap,E8.25,E8.0-R2,8,15935,10681,E8.25,8.0,31.727521896362305
early,qiu2022,devmap,E8.25,E8.0-R2,9,15935,10681,E8.25,8.0,33.36558532714844
early,qiu2022,devmap,E8.25,E8.0-R2,10,15935,10681,E8.25,8.0,35.27198028564453
early,qiu2022,devmap,E8.25,E8.0-R2,11,15935,10681,E8.25,8.0,31.279556274414062
early,qiu2022,devmap,E8.25,E8.0-R2,12,15935,10681,E8.25,8.0,31.18584442138672
early,qiu2022,devmap,E8.25,E8.0-R2,13,15935,10681,E8.25,8.0,29.742156982421875
early,qiu2022,devmap,E8.25,E8.0-R2,14,15935,10681,E8.25,8.0,30.78133773803711
early,qiu2022,devmap,E8.25,E8.0-R2,15,15935,10681,E8.25,8.0,32.158565521240234
early,qiu2022,devmap,E8.25,E8.0-R2,16,15935,10681,E8.25,8.0,31.734394073486328
early,qiu2022,devmap,E8.25,E8.0-R2,17,15935,10681,E8.25,8.0,30.709144592285156
early,qiu2022,devmap,E8.25,E8.0-R2,18,15935,10681,E8.25,8.0,32.250762939453125
early,qiu2022,devmap,E8.25,E8.0-R2,19,15935,10681,E8.25,8.0,30.44646453857422
early,qiu2022,devmap,E8.25,E8.0-R2,20,15935,10681,E8.25,8.0,30.175085067749023
early,qiu2022,devmap,E8.25,E8.0-R2,21,15935,10681,E8.25,8.0,31.279693603515625
early,qiu2022,devmap,E8.25,E8.0-R2,22,15935,10681,E8.25,8.0,31.000839233398438
early,qiu2022,devmap,E8.25,E8.0-R2,23,15935,10681,E8.25,8.0,31.34138298034668
early,qiu2022,devmap,E8.25,E8.0-R2,24,15935,10681,E8.25,8.0,29.12683868408203
early,qiu2022,devmap,E8.25,E8.0-R2,25,15935,10681,E8.25,8.0,29.37493133544922
early,qiu2022,devmap,E8.25,E8.0-R2,26,15935,10681,E8.25,8.0,30.8792724609375
early,qiu2022,devmap,E8.25,E8.0-R2,27,15935,10681,E8.25,8.0,30.553558349609375
early,qiu2022,devmap,E8.25,E8.0-R2,28,15935,10681,E8.25,8.0,29.903778076171875
early,qiu2022,devmap,E8.25,E8.0-R2,29,15935,10681,E8.25,8.0,31.508533477783203
early,qiu2022,devmap,E8.25,E8.0-R2,30,15935,10681,E8.25,8.0,30.778202056884766
early,qiu2022,devmap,E8.25,E8.0-R2,31,15935,10681,E8.25,8.0,31.231529235839844
early,qiu2022,devmap,E8.25,E8.0-R2,32,15935,10681,E8.25,8.0,31.326515197753906
early,qiu2022,devmap,E8.25,E8.0-R2,33,15935,10681,E8.25,8.0,31.948196411132812
early,qiu2022,devmap,E8.25,E8.0-R2,34,15935,10681,E8.25,8.0,29.170698165893555
early,qiu2022,devmap,E8.25,E8.0-R2,35,15935,10681,E8.25,8.0,30.55974769592285
early,qiu2022,devmap,E8.25,E8.0-R2,36,15935,10681,E8.25,8.0,30.751916885375977
early,qiu2022,devmap,E8.25,E8.0-R2,37,15935,10681,E8.25,8.0,33.63226318359375
early,qiu2022,devmap,E8.25,E8.0-R2,38,15935,10681,E8.25,8.0,30.676227569580078
early,qiu2022,devmap,E8.25,E8.0-R2,39,15935,10681,E8.25,8.0,31.700992584228516
early,qiu2022,devmap,E8.25,E8.0-R2,40,15935,10681,E8.25,8.0,32.3213005065918
early,qiu2022,devmap,E8.25,E8.0-R2,41,15935,10681,E8.25,8.0,29.415721893310547
early,qiu2022,devmap,E8.25,E8.0-R2,42,15935,10681,E8.25,8.0,32.321414947509766
early,qiu2022,devmap,E8.25,E8.0-R2,43,15935,10681,E8.25,8.0,32.37675476074219
early,qiu2022,devmap,E8.25,E8.0-R2,44,15935,10681,E8.25,8.0,31.249374389648438
early,qiu2022,devmap,E8.25,E8.0-R2,45,15935,10681,E8.25,8.0,29.835315704345703
early,qiu2022,devmap,E8.25,E8.0-R2,46,15935,10681,E8.25,8.0,30.598114013671875
early,qiu2022,devmap,E8.25,E8.0-R2,47,15935,10681,E8.25,8.0,31.269550323486328
early,qiu2022,devmap,E8.25,E8.0-R2,48,15935,10681,E8.25,8.0,29.910329818725586
early,qiu2022,devmap,E8.25,E8.0-R2,49,15935,10681,E8.25,8.0,31.923080444335938
early,qiu2022,devmap,E8.25,E8.0-R3,0,15935,6763,E8.25,8.0,34.58795166015625
early,qiu2022,devmap,E8.25,E8.0-R3,1,15935,6763,E8.25,8.0,35.52947235107422
early,qiu2022,devmap,E8.25,E8.0-R3,2,15935,6763,E8.25,8.0,35.05775833129883
early,qiu2022,devmap,E8.25,E8.0-R3,3,15935,6763,E8.25,8.0,35.66719055175781
early,qiu2022,devmap,E8.25,E8.0-R3,4,15935,6763,E8.25,8.0,37.238426208496094
early,qiu2022,devmap,E8.25,E8.0-R3,5,15935,6763,E8.25,8.0,34.6141357421875
early,qiu2022,devmap,E8.25,E8.0-R3,6,15935,6763,E8.25,8.0,35.445350646972656
early,qiu2022,devmap,E8.25,E8.0-R3,7,15935,6763,E8.25,8.0,34.934486389160156
early,qiu2022,devmap,E8.25,E8.0-R3,8,15935,6763,E8.25,8.0,35.94971466064453
early,qiu2022,devmap,E8.25,E8.0-R3,9,15935,6763,E8.25,8.0,37.02070617675781
early,qiu2022,devmap,E8.25,E8.0-R3,10,15935,6763,E8.25,8.0,36.66317367553711
early,qiu2022,devmap,E8.25,E8.0-R3,11,15935,6763,E8.25,8.0,36.24230194091797
early,qiu2022,devmap,E8.25,E8.0-R3,12,15935,6763,E8.25,8.0,35.57679748535156
early,qiu2022,devmap,E8.25,E8.0-R3,13,15935,6763,E8.25,8.0,38.675926208496094
early,qiu2022,devmap,E8.25,E8.0-R3,14,15935,6763,E8.25,8.0,37.9036865234375
early,qiu2022,devmap,E8.25,E8.0-R3,15,15935,6763,E8.25,8.0,35.577457427978516
early,qiu2022,devmap,E8.25,E8.0-R3,16,15935,6763,E8.25,8.0,37.01983642578125
early,qiu2022,devmap,E8.25,E8.0-R3,17,15935,6763,E8.25,8.0,36.93634033203125
early,qiu2022,devmap,E8.25,E8.0-R3,18,15935,6763,E8.25,8.0,34.80294418334961
early,qiu2022,devmap,E8.25,E8.0-R3,19,15935,6763,E8.25,8.0,35.152687072753906
early,qiu2022,devmap,E8.25,E8.0-R3,20,15935,6763,E8.25,8.0,34.83317565917969
early,qiu2022,devmap,E8.25,E8.0-R3,21,15935,6763,E8.25,8.0,34.63279724121094
early,qiu2022,devmap,E8.25,E8.0-R3,22,15935,6763,E8.25,8.0,36.278419494628906
early,qiu2022,devmap,E8.25,E8.0-R3,23,15935,6763,E8.25,8.0,36.72283935546875
early,qiu2022,devmap,E8.25,E8.0-R3,24,15935,6763,E8.25,8.0,35.604698181152344
early,qiu2022,devmap,E8.25,E8.0-R3,25,15935,6763,E8.25,8.0,35.54721450805664
early,qiu2022,devmap,E8.25,E8.0-R3,26,15935,6763,E8.25,8.0,37.528594970703125
early,qiu2022,devmap,E8.25,E8.0-R3,27,15935,6763,E8.25,8.0,34.509002685546875
early,qiu2022,devmap,E8.25,E8.0-R3,28,15935,6763,E8.25,8.0,35.87883758544922
early,qiu2022,devmap,E8.25,E8.0-R3,29,15935,6763,E8.25,8.0,36.022865295410156
early,qiu2022,devmap,E8.25,E8.0-R3,30,15935,6763,E8.25,8.0,34.038841247558594
early,qiu2022,devmap,E8.25,E8.0-R3,31,15935,6763,E8.25,8.0,36.84524154663086
early,qiu2022,devmap,E8.25,E8.0-R3,32,15935,6763,E8.25,8.0,37.15788269042969
early,qiu2022,devmap,E8.25,E8.0-R3,33,15935,6763,E8.25,8.0,34.586429595947266
early,qiu2022,devmap,E8.25,E8.0-R3,34,15935,6763,E8.25,8.0,33.69108581542969
early,qiu2022,devmap,E8.25,E8.0-R3,35,15935,6763,E8.25,8.0,35.14060974121094
early,qiu2022,devmap,E8.25,E8.0-R3,36,15935,6763,E8.25,8.0,33.5472297668457
early,qiu2022,devmap,E8.25,E8.0-R3,37,15935,6763,E8.25,8.0,36.80015563964844
early,qiu2022,devmap,E8.25,E8.0-R3,38,15935,6763,E8.25,8.0,34.68027114868164
early,qiu2022,devmap,E8.25,E8.0-R3,39,15935,6763,E8.25,8.0,34.544437408447266
early,qiu2022,devmap,E8.25,E8.0-R3,40,15935,6763,E8.25,8.0,35.21296691894531
early,qiu2022,devmap,E8.25,E8.0-R3,41,15935,6763,E8.25,8.0,32.03261947631836
early,qiu2022,devmap,E8.25,E8.0-R3,42,15935,6763,E8.25,8.0,35.086605072021484
early,qiu2022,devmap,E8.25,E8.0-R3,43,15935,6763,E8.25,8.0,35.884727478027344
early,qiu2022,devmap,E8.25,E8.0-R3,44,15935,6763,E8.25,8.0,36.908931732177734
early,qiu2022,devmap,E8.25,E8.0-R3,45,15935,6763,E8.25,8.0,34.35319900512695
early,qiu2022,devmap,E8.25,E8.0-R3,46,15935,6763,E8.25,8.0,38.33344268798828
early,qiu2022,devmap,E8.25,E8.0-R3,47,15935,6763,E8.25,8.0,34.83946228027344
early,qiu2022,devmap,E8.25,E8.0-R3,48,15935,6763,E8.25,8.0,35.466758728027344
early,qiu2022,devmap,E8.25,E8.0-R3,49,15935,6763,E8.25,8.0,35.765907287597656
early,qiu2022,devmap,E8.25,E8.5-R1,0,15935,23435,E8.25,8.5,41.86396026611328
early,qiu2022,devmap,E8.25,E8.5-R1,1,15935,23435,E8.25,8.5,44.795066833496094
early,qiu2022,devmap,E8.25,E8.5-R1,2,15935,23435,E8.25,8.5,40.64286804199219
early,qiu2022,devmap,E8.25,E8.5-R1,3,15935,23435,E8.25,8.5,41.57379913330078
early,qiu2022,devmap,E8.25,E8.5-R1,4,15935,23435,E8.25,8.5,43.531856536865234
early,qiu2022,devmap,E8.25,E8.5-R1,5,15935,23435,E8.25,8.5,44.66456985473633
early,qiu2022,devmap,E8.25,E8.5-R1,6,15935,23435,E8.25,8.5,45.202049255371094
early,qiu2022,devmap,E8.25,E8.5-R1,7,15935,23435,E8.25,8.5,42.51417541503906
early,qiu2022,devmap,E8.25,E8.5-R1,8,15935,23435,E8.25,8.5,43.55678939819336
early,qiu2022,devmap,E8.25,E8.5-R1,9,15935,23435,E8.25,8.5,42.15829849243164
early,qiu2022,devmap,E8.25,E8.5-R1,10,15935,23435,E8.25,8.5,42.09650802612305
early,qiu2022,devmap,E8.25,E8.5-R1,11,15935,23435,E8.25,8.5,44.97060775756836
early,qiu2022,devmap,E8.25,E8.5-R1,12,15935,23435,E8.25,8.5,43.282405853271484
early,qiu2022,devmap,E8.25,E8.5-R1,13,15935,23435,E8.25,8.5,43.102176666259766
early,qiu2022,devmap,E8.25,E8.5-R1,14,15935,23435,E8.25,8.5,43.08465576171875
early,qiu2022,devmap,E8.25,E8.5-R1,15,15935,23435,E8.25,8.5,42.71604919433594
early,qiu2022,devmap,E8.25,E8.5-R1,16,15935,23435,E8.25,8.5,42.13584518432617
early,qiu2022,devmap,E8.25,E8.5-R1,17,15935,23435,E8.25,8.5,43.042022705078125
early,qiu2022,devmap,E8.25,E8.5-R1,18,15935,23435,E8.25,8.5,44.04779815673828
early,qiu2022,devmap,E8.25,E8.5-R1,19,15935,23435,E8.25,8.5,44.49815368652344
early,qiu2022,devmap,E8.25,E8.5-R1,20,15935,23435,E8.25,8.5,42.46412658691406
early,qiu2022,devmap,E8.25,E8.5-R1,21,15935,23435,E8.25,8.5,44.29655456542969
early,qiu2022,devmap,E8.25,E8.5-R1,22,15935,23435,E8.25,8.5,41.974998474121094
early,qiu2022,devmap,E8.25,E8.5-R1,23,15935,23435,E8.25,8.5,42.92758560180664
early,qiu2022,devmap,E8.25,E8.5-R1,24,15935,23435,E8.25,8.5,42.03045654296875
early,qiu2022,devmap,E8.25,E8.5-R1,25,15935,23435,E8.25,8.5,44.69164276123047
early,qiu2022,devmap,E8.25,E8.5-R1,26,15935,23435,E8.25,8.5,45.886661529541016
early,qiu2022,devmap,E8.25,E8.5-R1,27,15935,23435,E8.25,8.5,42.219642639160156
early,qiu2022,devmap,E8.25,E8.5-R1,28,15935,23435,E8.25,8.5,44.80889892578125
early,qiu2022,devmap,E8.25,E8.5-R1,29,15935,23435,E8.25,8.5,44.43834686279297
early,qiu2022,devmap,E8.25,E8.5-R1,30,15935,23435,E8.25,8.5,43.07662582397461
early,qiu2022,devmap,E8.25,E8.5-R1,31,15935,23435,E8.25,8.5,41.79855728149414
early,qiu2022,devmap,E8.25,E8.5-R1,32,15935,23435,E8.25,8.5,41.763946533203125
early,qiu2022,devmap,E8.25,E8.5-R1,33,15935,23435,E8.25,8.5,41.187068939208984
early,qiu2022,devmap,E8.25,E8.5-R1,34,15935,23435,E8.25,8.5,44.46548080444336
early,qiu2022,devmap,E8.25,E8.5-R1,35,15935,23435,E8.25,8.5,43.47819519042969
early,qiu2022,devmap,E8.25,E8.5-R1,36,15935,23435,E8.25,8.5,42.126625061035156
early,qiu2022,devmap,E8.25,E8.5-R1,37,15935,23435,E8.25,8.5,44.86409378051758
early,qiu2022,devmap,E8.25,E8.5-R1,38,15935,23435,E8.25,8.5,43.980438232421875
early,qiu2022,devmap,E8.25,E8.5-R1,39,15935,23435,E8.25,8.5,42.783897399902344
early,qiu2022,devmap,E8.25,E8.5-R1,40,15935,23435,E8.25,8.5,44.05464172363281
early,qiu2022,devmap,E8.25,E8.5-R1,41,15935,23435,E8.25,8.5,42.09729766845703
early,qiu2022,devmap,E8.25,E8.5-R1,42,15935,23435,E8.25,8.5,41.66608428955078
early,qiu2022,devmap,E8.25,E8.5-R1,43,15935,23435,E8.25,8.5,45.37504577636719
early,qiu2022,devmap,E8.25,E8.5-R1,44,15935,23435,E8.25,8.5,42.83416748046875
early,qiu2022,devmap,E8.25,E8.5-R1,45,15935,23435,E8.25,8.5,43.084171295166016
early,qiu2022,devmap,E8.25,E8.5-R1,46,15935,23435,E8.25,8.5,40.314414978027344
early,qiu2022,devmap,E8.25,E8.5-R1,47,15935,23435,E8.25,8.5,43.226280212402344
early,qiu2022,devmap,E8.25,E8.5-R1,48,15935,23435,E8.25,8.5,43.99506378173828
early,qiu2022,devmap,E8.25,E8.5-R1,49,15935,23435,E8.25,8.5,43.16472625732422
early,qiu2022,devmap,E8.25,E8.5-R2,0,15935,38216,E8.25,8.5,43.29405212402344
early,qiu2022,devmap,E8.25,E8.5-R2,1,15935,38216,E8.25,8.5,45.264129638671875
early,qiu2022,devmap,E8.25,E8.5-R2,2,15935,38216,E8.25,8.5,42.934814453125
early,qiu2022,devmap,E8.25,E8.5-R2,3,15935,38216,E8.25,8.5,43.923458099365234
early,qiu2022,devmap,E8.25,E8.5-R2,4,15935,38216,E8.25,8.5,42.88800811767578
early,qiu2022,devmap,E8.25,E8.5-R2,5,15935,38216,E8.25,8.5,44.92093276977539
early,qiu2022,devmap,E8.25,E8.5-R2,6,15935,38216,E8.25,8.5,42.46221923828125
early,qiu2022,devmap,E8.25,E8.5-R2,7,15935,38216,E8.25,8.5,43.76726150512695
early,qiu2022,devmap,E8.25,E8.5-R2,8,15935,38216,E8.25,8.5,43.878936767578125
early,qiu2022,devmap,E8.25,E8.5-R2,9,15935,38216,E8.25,8.5,42.553802490234375
early,qiu2022,devmap,E8.25,E8.5-R2,10,15935,38216,E8.25,8.5,42.551734924316406
early,qiu2022,devmap,E8.25,E8.5-R2,11,15935,38216,E8.25,8.5,43.052452087402344
early,qiu2022,devmap,E8.25,E8.5-R2,12,15935,38216,E8.25,8.5,42.755279541015625
early,qiu2022,devmap,E8.25,E8.5-R2,13,15935,38216,E8.25,8.5,43.4216423034668
early,qiu2022,devmap,E8.25,E8.5-R2,14,15935,38216,E8.25,8.5,46.04365539550781
early,qiu2022,devmap,E8.25,E8.5-R2,15,15935,38216,E8.25,8.5,45.02819061279297
early,qiu2022,devmap,E8.25,E8.5-R2,16,15935,38216,E8.25,8.5,42.290950775146484
early,qiu2022,devmap,E8.25,E8.5-R2,17,15935,38216,E8.25,8.5,44.41468048095703
early,qiu2022,devmap,E8.25,E8.5-R2,18,15935,38216,E8.25,8.5,44.046409606933594
early,qiu2022,devmap,E8.25,E8.5-R2,19,15935,38216,E8.25,8.5,45.20656204223633
early,qiu2022,devmap,E8.25,E8.5-R2,20,15935,38216,E8.25,8.5,42.90354537963867
early,qiu2022,devmap,E8.25,E8.5-R2,21,15935,38216,E8.25,8.5,45.3900146484375
early,qiu2022,devmap,E8.25,E8.5-R2,22,15935,38216,E8.25,8.5,42.522193908691406
early,qiu2022,devmap,E8.25,E8.5-R2,23,15935,38216,E8.25,8.5,43.55385971069336
early,qiu2022,devmap,E8.25,E8.5-R2,24,15935,38216,E8.25,8.5,43.542999267578125
early,qiu2022,devmap,E8.25,E8.5-R2,25,15935,38216,E8.25,8.5,42.93019104003906
early,qiu2022,devmap,E8.25,E8.5-R2,26,15935,38216,E8.25,8.5,42.803611755371094
early,qiu2022,devmap,E8.25,E8.5-R2,27,15935,38216,E8.25,8.5,45.08454895019531
early,qiu2022,devmap,E8.25,E8.5-R2,28,15935,38216,E8.25,8.5,42.99403381347656
early,qiu2022,devmap,E8.25,E8.5-R2,29,15935,38216,E8.25,8.5,43.96820068359375
early,qiu2022,devmap,E8.25,E8.5-R2,30,15935,38216,E8.25,8.5,44.00293731689453
early,qiu2022,devmap,E8.25,E8.5-R2,31,15935,38216,E8.25,8.5,43.69289779663086
early,qiu2022,devmap,E8.25,E8.5-R2,32,15935,38216,E8.25,8.5,43.14597702026367
early,qiu2022,devmap,E8.25,E8.5-R2,33,15935,38216,E8.25,8.5,43.699337005615234
early,qiu2022,devmap,E8.25,E8.5-R2,34,15935,38216,E8.25,8.5,46.10997009277344
early,qiu2022,devmap,E8.25,E8.5-R2,35,15935,38216,E8.25,8.5,43.06195831298828
early,qiu2022,devmap,E8.25,E8.5-R2,36,15935,38216,E8.25,8.5,43.376708984375
early,qiu2022,devmap,E8.25,E8.5-R2,37,15935,38216,E8.25,8.5,45.01406478881836
early,qiu2022,devmap,E8.25,E8.5-R2,38,15935,38216,E8.25,8.5,46.4299201965332
early,qiu2022,devmap,E8.25,E8.5-R2,39,15935,38216,E8.25,8.5,44.95029067993164
early,qiu2022,devmap,E8.25,E8.5-R2,40,15935,38216,E8.25,8.5,44.16624450683594
early,qiu2022,devmap,E8.25,E8.5-R2,41,15935,38216,E8.25,8.5,41.097965240478516
early,qiu2022,devmap,E8.25,E8.5-R2,42,15935,38216,E8.25,8.5,44.12432861328125
early,qiu2022,devmap,E8.25,E8.5-R2,43,15935,38216,E8.25,8.5,43.38388442993164
early,qiu2022,devmap,E8.25,E8.5-R2,44,15935,38216,E8.25,8.5,43.224422454833984
early,qiu2022,devmap,E8.25,E8.5-R2,45,15935,38216,E8.25,8.5,43.61347198486328
early,qiu2022,devmap,E8.25,E8.5-R2,46,15935,38216,E8.25,8.5,45.04864501953125
early,qiu2022,devmap,E8.25,E8.5-R2,47,15935,38216,E8.25,8.5,44.986419677734375
early,qiu2022,devmap,E8.25,E8.5-R2,48,15935,38216,E8.25,8.5,45.25206756591797
early,qiu2022,devmap,E8.25,E8.5-R2,49,15935,38216,E8.25,8.5,43.79139709472656
early,qiu2022,devmap,E8.25,E8.5-R3,0,15935,27743,E8.25,8.5,41.13713455200195
early,qiu2022,devmap,E8.25,E8.5-R3,1,15935,27743,E8.25,8.5,41.58721923828125
early,qiu2022,devmap,E8.25,E8.5-R3,2,15935,27743,E8.25,8.5,41.325035095214844
early,qiu2022,devmap,E8.25,E8.5-R3,3,15935,27743,E8.25,8.5,40.56884002685547
early,qiu2022,devmap,E8.25,E8.5-R3,4,15935,27743,E8.25,8.5,39.62218475341797
early,qiu2022,devmap,E8.25,E8.5-R3,5,15935,27743,E8.25,8.5,40.816802978515625
early,qiu2022,devmap,E8.25,E8.5-R3,6,15935,27743,E8.25,8.5,38.5340576171875
early,qiu2022,devmap,E8.25,E8.5-R3,7,15935,27743,E8.25,8.5,39.80632781982422
early,qiu2022,devmap,E8.25,E8.5-R3,8,15935,27743,E8.25,8.5,41.27421569824219
early,qiu2022,devmap,E8.25,E8.5-R3,9,15935,27743,E8.25,8.5,42.419837951660156
early,qiu2022,devmap,E8.25,E8.5-R3,10,15935,27743,E8.25,8.5,41.450435638427734
early,qiu2022,devmap,E8.25,E8.5-R3,11,15935,27743,E8.25,8.5,41.834869384765625
early,qiu2022,devmap,E8.25,E8.5-R3,12,15935,27743,E8.25,8.5,40.67005157470703
early,qiu2022,devmap,E8.25,E8.5-R3,13,15935,27743,E8.25,8.5,43.801856994628906
early,qiu2022,devmap,E8.25,E8.5-R3,14,15935,27743,E8.25,8.5,42.21398162841797
early,qiu2022,devmap,E8.25,E8.5-R3,15,15935,27743,E8.25,8.5,40.12866973876953
early,qiu2022,devmap,E8.25,E8.5-R3,16,15935,27743,E8.25,8.5,41.13134765625
early,qiu2022,devmap,E8.25,E8.5-R3,17,15935,27743,E8.25,8.5,39.34429931640625
early,qiu2022,devmap,E8.25,E8.5-R3,18,15935,27743,E8.25,8.5,43.26813507080078
early,qiu2022,devmap,E8.25,E8.5-R3,19,15935,27743,E8.25,8.5,40.753501892089844
early,qiu2022,devmap,E8.25,E8.5-R3,20,15935,27743,E8.25,8.5,41.53083038330078
early,qiu2022,devmap,E8.25,E8.5-R3,21,15935,27743,E8.25,8.5,41.527488708496094
early,qiu2022,devmap,E8.25,E8.5-R3,22,15935,27743,E8.25,8.5,40.58906555175781
early,qiu2022,devmap,E8.25,E8.5-R3,23,15935,27743,E8.25,8.5,42.2867546081543
early,qiu2022,devmap,E8.25,E8.5-R3,24,15935,27743,E8.25,8.5,39.88689422607422
early,qiu2022,devmap,E8.25,E8.5-R3,25,15935,27743,E8.25,8.5,40.73722839355469
early,qiu2022,devmap,E8.25,E8.5-R3,26,15935,27743,E8.25,8.5,40.68903350830078
early,qiu2022,devmap,E8.25,E8.5-R3,27,15935,27743,E8.25,8.5,42.0349235534668
early,qiu2022,devmap,E8.25,E8.5-R3,28,15935,27743,E8.25,8.5,41.613040924072266
early,qiu2022,devmap,E8.25,E8.5-R3,29,15935,27743,E8.25,8.5,40.54621505737305
early,qiu2022,devmap,E8.25,E8.5-R3,30,15935,27743,E8.25,8.5,42.25746154785156
early,qiu2022,devmap,E8.25,E8.5-R3,31,15935,27743,E8.25,8.5,38.757164001464844
early,qiu2022,devmap,E8.25,E8.5-R3,32,15935,27743,E8.25,8.5,41.15721130371094
early,qiu2022,devmap,E8.25,E8.5-R3,33,15935,27743,E8.25,8.5,41.34869384765625
early,qiu2022,devmap,E8.25,E8.5-R3,34,15935,27743,E8.25,8.5,40.707862854003906
early,qiu2022,devmap,E8.25,E8.5-R3,35,15935,27743,E8.25,8.5,42.13562774658203
early,qiu2022,devmap,E8.25,E8.5-R3,36,15935,27743,E8.25,8.5,40.65740966796875
early,qiu2022,devmap,E8.25,E8.5-R3,37,15935,27743,E8.25,8.5,41.17361831665039
early,qiu2022,devmap,E8.25,E8.5-R3,38,15935,27743,E8.25,8.5,42.220184326171875
early,qiu2022,devmap,E8.25,E8.5-R3,39,15935,27743,E8.25,8.5,40.571022033691406
early,qiu2022,devmap,E8.25,E8.5-R3,40,15935,27743,E8.25,8.5,41.5257568359375
early,qiu2022,devmap,E8.25,E8.5-R3,41,15935,27743,E8.25,8.5,42.38963317871094
early,qiu2022,devmap,E8.25,E8.5-R3,42,15935,27743,E8.25,8.5,41.49431610107422
early,qiu2022,devmap,E8.25,E8.5-R3,43,15935,27743,E8.25,8.5,40.88838195800781
early,qiu2022,devmap,E8.25,E8.5-R3,44,15935,27743,E8.25,8.5,40.53308868408203
early,qiu2022,devmap,E8.25,E8.5-R3,45,15935,27743,E8.25,8.5,41.827537536621094
early,qiu2022,devmap,E8.25,E8.5-R3,46,15935,27743,E8.25,8.5,40.977439880371094
early,qiu2022,devmap,E8.25,E8.5-R3,47,15935,27743,E8.25,8.5,38.84228515625
early,qiu2022,devmap,E8.25,E8.5-R3,48,15935,27743,E8.25,8.5,40.0850830078125
early,qiu2022,devmap,E8.25,E8.5-R3,49,15935,27743,E8.25,8.5,40.743568420410156
early,qiu2022,devmap,E8.5a,E7.5-R1,0,16909,1342,E8.5a,7.5,88.53327178955078
early,qiu2022,devmap,E8.5a,E7.5-R1,1,16909,1342,E8.5a,7.5,85.59033203125
early,qiu2022,devmap,E8.5a,E7.5-R1,2,16909,1342,E8.5a,7.5,86.10076904296875
early,qiu2022,devmap,E8.5a,E7.5-R1,3,16909,1342,E8.5a,7.5,86.2474136352539
early,qiu2022,devmap,E8.5a,E7.5-R1,4,16909,1342,E8.5a,7.5,88.45388793945312
early,qiu2022,devmap,E8.5a,E7.5-R1,5,16909,1342,E8.5a,7.5,88.4176025390625
early,qiu2022,devmap,E8.5a,E7.5-R1,6,16909,1342,E8.5a,7.5,84.1234130859375
early,qiu2022,devmap,E8.5a,E7.5-R1,7,16909,1342,E8.5a,7.5,89.14961242675781
early,qiu2022,devmap,E8.5a,E7.5-R1,8,16909,1342,E8.5a,7.5,88.17880249023438
early,qiu2022,devmap,E8.5a,E7.5-R1,9,16909,1342,E8.5a,7.5,85.78631591796875
early,qiu2022,devmap,E8.5a,E7.5-R1,10,16909,1342,E8.5a,7.5,84.59352111816406
early,qiu2022,devmap,E8.5a,E7.5-R1,11,16909,1342,E8.5a,7.5,83.52449035644531
early,qiu2022,devmap,E8.5a,E7.5-R1,12,16909,1342,E8.5a,7.5,91.9399642944336
early,qiu2022,devmap,E8.5a,E7.5-R1,13,16909,1342,E8.5a,7.5,82.79425048828125
early,qiu2022,devmap,E8.5a,E7.5-R1,14,16909,1342,E8.5a,7.5,89.20307922363281
early,qiu2022,devmap,E8.5a,E7.5-R1,15,16909,1342,E8.5a,7.5,85.97828674316406
early,qiu2022,devmap,E8.5a,E7.5-R1,16,16909,1342,E8.5a,7.5,88.8040771484375
early,qiu2022,devmap,E8.5a,E7.5-R1,17,16909,1342,E8.5a,7.5,85.84968566894531
early,qiu2022,devmap,E8.5a,E7.5-R1,18,16909,1342,E8.5a,7.5,84.62499237060547
early,qiu2022,devmap,E8.5a,E7.5-R1,19,16909,1342,E8.5a,7.5,89.40459442138672
early,qiu2022,devmap,E8.5a,E7.5-R1,20,16909,1342,E8.5a,7.5,90.60568237304688
early,qiu2022,devmap,E8.5a,E7.5-R1,21,16909,1342,E8.5a,7.5,82.70140075683594
early,qiu2022,devmap,E8.5a,E7.5-R1,22,16909,1342,E8.5a,7.5,92.1701889038086
early,qiu2022,devmap,E8.5a,E7.5-R1,23,16909,1342,E8.5a,7.5,92.60137939453125
early,qiu2022,devmap,E8.5a,E7.5-R1,24,16909,1342,E8.5a,7.5,89.91670227050781
early,qiu2022,devmap,E8.5a,E7.5-R1,25,16909,1342,E8.5a,7.5,86.40865325927734
early,qiu2022,devmap,E8.5a,E7.5-R1,26,16909,1342,E8.5a,7.5,91.5911865234375
early,qiu2022,devmap,E8.5a,E7.5-R1,27,16909,1342,E8.5a,7.5,84.79618835449219
early,qiu2022,devmap,E8.5a,E7.5-R1,28,16909,1342,E8.5a,7.5,89.5777587890625
early,qiu2022,devmap,E8.5a,E7.5-R1,29,16909,1342,E8.5a,7.5,86.5872802734375
early,qiu2022,devmap,E8.5a,E7.5-R1,30,16909,1342,E8.5a,7.5,88.09574890136719
early,qiu2022,devmap,E8.5a,E7.5-R1,31,16909,1342,E8.5a,7.5,85.1621322631836
early,qiu2022,devmap,E8.5a,E7.5-R1,32,16909,1342,E8.5a,7.5,86.74617004394531
early,qiu2022,devmap,E8.5a,E7.5-R1,33,16909,1342,E8.5a,7.5,84.85467529296875
early,qiu2022,devmap,E8.5a,E7.5-R1,34,16909,1342,E8.5a,7.5,86.5216293334961
early,qiu2022,devmap,E8.5a,E7.5-R1,35,16909,1342,E8.5a,7.5,90.188720703125
early,qiu2022,devmap,E8.5a,E7.5-R1,36,16909,1342,E8.5a,7.5,85.70303344726562
early,qiu2022,devmap,E8.5a,E7.5-R1,37,16909,1342,E8.5a,7.5,93.59375
early,qiu2022,devmap,E8.5a,E7.5-R1,38,16909,1342,E8.5a,7.5,88.40303802490234
early,qiu2022,devmap,E8.5a,E7.5-R1,39,16909,1342,E8.5a,7.5,87.30258178710938
early,qiu2022,devmap,E8.5a,E7.5-R1,40,16909,1342,E8.5a,7.5,86.62494659423828
early,qiu2022,devmap,E8.5a,E7.5-R1,41,16909,1342,E8.5a,7.5,83.28670501708984
early,qiu2022,devmap,E8.5a,E7.5-R1,42,16909,1342,E8.5a,7.5,98.58570861816406
early,qiu2022,devmap,E8.5a,E7.5-R1,43,16909,1342,E8.5a,7.5,90.1825942993164
early,qiu2022,devmap,E8.5a,E7.5-R1,44,16909,1342,E8.5a,7.5,92.8643569946289
early,qiu2022,devmap,E8.5a,E7.5-R1,45,16909,1342,E8.5a,7.5,89.97572326660156
early,qiu2022,devmap,E8.5a,E7.5-R1,46,16909,1342,E8.5a,7.5,86.53028869628906
early,qiu2022,devmap,E8.5a,E7.5-R1,47,16909,1342,E8.5a,7.5,92.07734680175781
early,qiu2022,devmap,E8.5a,E7.5-R1,48,16909,1342,E8.5a,7.5,84.046630859375
early,qiu2022,devmap,E8.5a,E7.5-R1,49,16909,1342,E8.5a,7.5,89.11842346191406
early,qiu2022,devmap,E8.5a,E7.5-R2,0,16909,1838,E8.5a,7.5,78.77667999267578
early,qiu2022,devmap,E8.5a,E7.5-R2,1,16909,1838,E8.5a,7.5,72.91563415527344
early,qiu2022,devmap,E8.5a,E7.5-R2,2,16909,1838,E8.5a,7.5,74.13941955566406
early,qiu2022,devmap,E8.5a,E7.5-R2,3,16909,1838,E8.5a,7.5,77.22254943847656
early,qiu2022,devmap,E8.5a,E7.5-R2,4,16909,1838,E8.5a,7.5,76.64347839355469
early,qiu2022,devmap,E8.5a,E7.5-R2,5,16909,1838,E8.5a,7.5,77.08737182617188
early,qiu2022,devmap,E8.5a,E7.5-R2,6,16909,1838,E8.5a,7.5,76.40585327148438
early,qiu2022,devmap,E8.5a,E7.5-R2,7,16909,1838,E8.5a,7.5,73.33187866210938
early,qiu2022,devmap,E8.5a,E7.5-R2,8,16909,1838,E8.5a,7.5,79.2056884765625
early,qiu2022,devmap,E8.5a,E7.5-R2,9,16909,1838,E8.5a,7.5,73.36820983886719
early,qiu2022,devmap,E8.5a,E7.5-R2,10,16909,1838,E8.5a,7.5,77.78155517578125
early,qiu2022,devmap,E8.5a,E7.5-R2,11,16909,1838,E8.5a,7.5,77.08821105957031
early,qiu2022,devmap,E8.5a,E7.5-R2,12,16909,1838,E8.5a,7.5,79.75761413574219
early,qiu2022,devmap,E8.5a,E7.5-R2,13,16909,1838,E8.5a,7.5,78.74859619140625
early,qiu2022,devmap,E8.5a,E7.5-R2,14,16909,1838,E8.5a,7.5,78.74517822265625
early,qiu2022,devmap,E8.5a,E7.5-R2,15,16909,1838,E8.5a,7.5,77.41950225830078
early,qiu2022,devmap,E8.5a,E7.5-R2,16,16909,1838,E8.5a,7.5,75.07627868652344
early,qiu2022,devmap,E8.5a,E7.5-R2,17,16909,1838,E8.5a,7.5,77.72550964355469
early,qiu2022,devmap,E8.5a,E7.5-R2,18,16909,1838,E8.5a,7.5,74.74246215820312
early,qiu2022,devmap,E8.5a,E7.5-R2,19,16909,1838,E8.5a,7.5,78.0535888671875
early,qiu2022,devmap,E8.5a,E7.5-R2,20,16909,1838,E8.5a,7.5,76.35893249511719
early,qiu2022,devmap,E8.5a,E7.5-R2,21,16909,1838,E8.5a,7.5,78.8665771484375
early,qiu2022,devmap,E8.5a,E7.5-R2,22,16909,1838,E8.5a,7.5,78.56218719482422
early,qiu2022,devmap,E8.5a,E7.5-R2,23,16909,1838,E8.5a,7.5,86.36070251464844
early,qiu2022,devmap,E8.5a,E7.5-R2,24,16909,1838,E8.5a,7.5,78.00148010253906
early,qiu2022,devmap,E8.5a,E7.5-R2,25,16909,1838,E8.5a,7.5,74.8808822631836
early,qiu2022,devmap,E8.5a,E7.5-R2,26,16909,1838,E8.5a,7.5,76.28453063964844
early,qiu2022,devmap,E8.5a,E7.5-R2,27,16909,1838,E8.5a,7.5,78.15840148925781
early,qiu2022,devmap,E8.5a,E7.5-R2,28,16909,1838,E8.5a,7.5,76.94813537597656
early,qiu2022,devmap,E8.5a,E7.5-R2,29,16909,1838,E8.5a,7.5,75.08999633789062
early,qiu2022,devmap,E8.5a,E7.5-R2,30,16909,1838,E8.5a,7.5,77.97419738769531
early,qiu2022,devmap,E8.5a,E7.5-R2,31,16909,1838,E8.5a,7.5,73.90414428710938
early,qiu2022,devmap,E8.5a,E7.5-R2,32,16909,1838,E8.5a,7.5,74.48208618164062
early,qiu2022,devmap,E8.5a,E7.5-R2,33,16909,1838,E8.5a,7.5,75.94232177734375
early,qiu2022,devmap,E8.5a,E7.5-R2,34,16909,1838,E8.5a,7.5,73.35865020751953
early,qiu2022,devmap,E8.5a,E7.5-R2,35,16909,1838,E8.5a,7.5,76.21284484863281
early,qiu2022,devmap,E8.5a,E7.5-R2,36,16909,1838,E8.5a,7.5,71.87959289550781
early,qiu2022,devmap,E8.5a,E7.5-R2,37,16909,1838,E8.5a,7.5,77.19741821289062
early,qiu2022,devmap,E8.5a,E7.5-R2,38,16909,1838,E8.5a,7.5,81.03781127929688
early,qiu2022,devmap,E8.5a,E7.5-R2,39,16909,1838,E8.5a,7.5,79.67735290527344
early,qiu2022,devmap,E8.5a,E7.5-R2,40,16909,1838,E8.5a,7.5,79.64111328125
early,qiu2022,devmap,E8.5a,E7.5-R2,41,16909,1838,E8.5a,7.5,77.70816040039062
early,qiu2022,devmap,E8.5a,E7.5-R2,42,16909,1838,E8.5a,7.5,77.69732666015625
early,qiu2022,devmap,E8.5a,E7.5-R2,43,16909,1838,E8.5a,7.5,76.3340835571289
early,qiu2022,devmap,E8.5a,E7.5-R2,44,16909,1838,E8.5a,7.5,79.99868774414062
early,qiu2022,devmap,E8.5a,E7.5-R2,45,16909,1838,E8.5a,7.5,80.37686157226562
early,qiu2022,devmap,E8.5a,E7.5-R2,46,16909,1838,E8.5a,7.5,81.61585998535156
early,qiu2022,devmap,E8.5a,E7.5-R2,47,16909,1838,E8.5a,7.5,82.42343139648438
early,qiu2022,devmap,E8.5a,E7.5-R2,48,16909,1838,E8.5a,7.5,81.4964599609375
early,qiu2022,devmap,E8.5a,E7.5-R2,49,16909,1838,E8.5a,7.5,80.75850677490234
early,qiu2022,devmap,E8.5a,E7.5-R3,0,16909,1468,E8.5a,7.5,83.96416473388672
early,qiu2022,devmap,E8.5a,E7.5-R3,1,16909,1468,E8.5a,7.5,91.96258544921875
early,qiu2022,devmap,E8.5a,E7.5-R3,2,16909,1468,E8.5a,7.5,81.04291534423828
early,qiu2022,devmap,E8.5a,E7.5-R3,3,16909,1468,E8.5a,7.5,81.56166076660156
early,qiu2022,devmap,E8.5a,E7.5-R3,4,16909,1468,E8.5a,7.5,81.24076843261719
early,qiu2022,devmap,E8.5a,E7.5-R3,5,16909,1468,E8.5a,7.5,84.62242889404297
early,qiu2022,devmap,E8.5a,E7.5-R3,6,16909,1468,E8.5a,7.5,84.20288848876953
early,qiu2022,devmap,E8.5a,E7.5-R3,7,16909,1468,E8.5a,7.5,84.92253112792969
early,qiu2022,devmap,E8.5a,E7.5-R3,8,16909,1468,E8.5a,7.5,81.02934265136719
early,qiu2022,devmap,E8.5a,E7.5-R3,9,16909,1468,E8.5a,7.5,84.31149291992188
early,qiu2022,devmap,E8.5a,E7.5-R3,10,16909,1468,E8.5a,7.5,78.20723724365234
early,qiu2022,devmap,E8.5a,E7.5-R3,11,16909,1468,E8.5a,7.5,83.66410827636719
early,qiu2022,devmap,E8.5a,E7.5-R3,12,16909,1468,E8.5a,7.5,89.03926086425781
early,qiu2022,devmap,E8.5a,E7.5-R3,13,16909,1468,E8.5a,7.5,86.51097106933594
early,qiu2022,devmap,E8.5a,E7.5-R3,14,16909,1468,E8.5a,7.5,86.51139831542969
early,qiu2022,devmap,E8.5a,E7.5-R3,15,16909,1468,E8.5a,7.5,89.450439453125
early,qiu2022,devmap,E8.5a,E7.5-R3,16,16909,1468,E8.5a,7.5,82.1494140625
early,qiu2022,devmap,E8.5a,E7.5-R3,17,16909,1468,E8.5a,7.5,82.35269165039062
early,qiu2022,devmap,E8.5a,E7.5-R3,18,16909,1468,E8.5a,7.5,83.47130584716797
early,qiu2022,devmap,E8.5a,E7.5-R3,19,16909,1468,E8.5a,7.5,79.73261260986328
early,qiu2022,devmap,E8.5a,E7.5-R3,20,16909,1468,E8.5a,7.5,80.50439453125
early,qiu2022,devmap,E8.5a,E7.5-R3,21,16909,1468,E8.5a,7.5,85.79458618164062
early,qiu2022,devmap,E8.5a,E7.5-R3,22,16909,1468,E8.5a,7.5,80.04866027832031
early,qiu2022,devmap,E8.5a,E7.5-R3,23,16909,1468,E8.5a,7.5,85.15884399414062
early,qiu2022,devmap,E8.5a,E7.5-R3,24,16909,1468,E8.5a,7.5,84.83455657958984
early,qiu2022,devmap,E8.5a,E7.5-R3,25,16909,1468,E8.5a,7.5,79.8927993774414
early,qiu2022,devmap,E8.5a,E7.5-R3,26,16909,1468,E8.5a,7.5,82.46759796142578
early,qiu2022,devmap,E8.5a,E7.5-R3,27,16909,1468,E8.5a,7.5,82.01197814941406
early,qiu2022,devmap,E8.5a,E7.5-R3,28,16909,1468,E8.5a,7.5,82.4234619140625
early,qiu2022,devmap,E8.5a,E7.5-R3,29,16909,1468,E8.5a,7.5,88.20632934570312
early,qiu2022,devmap,E8.5a,E7.5-R3,30,16909,1468,E8.5a,7.5,79.17402648925781
early,qiu2022,devmap,E8.5a,E7.5-R3,31,16909,1468,E8.5a,7.5,86.47935485839844
early,qiu2022,devmap,E8.5a,E7.5-R3,32,16909,1468,E8.5a,7.5,84.93327331542969
early,qiu2022,devmap,E8.5a,E7.5-R3,33,16909,1468,E8.5a,7.5,83.52742004394531
early,qiu2022,devmap,E8.5a,E7.5-R3,34,16909,1468,E8.5a,7.5,80.33782958984375
early,qiu2022,devmap,E8.5a,E7.5-R3,35,16909,1468,E8.5a,7.5,80.27172088623047
early,qiu2022,devmap,E8.5a,E7.5-R3,36,16909,1468,E8.5a,7.5,80.29060363769531
early,qiu2022,devmap,E8.5a,E7.5-R3,37,16909,1468,E8.5a,7.5,83.54254913330078
early,qiu2022,devmap,E8.5a,E7.5-R3,38,16909,1468,E8.5a,7.5,82.46138000488281
early,qiu2022,devmap,E8.5a,E7.5-R3,39,16909,1468,E8.5a,7.5,83.81822204589844
early,qiu2022,devmap,E8.5a,E7.5-R3,40,16909,1468,E8.5a,7.5,87.8214340209961
early,qiu2022,devmap,E8.5a,E7.5-R3,41,16909,1468,E8.5a,7.5,85.71051025390625
early,qiu2022,devmap,E8.5a,E7.5-R3,42,16909,1468,E8.5a,7.5,82.39913177490234
early,qiu2022,devmap,E8.5a,E7.5-R3,43,16909,1468,E8.5a,7.5,86.24845886230469
early,qiu2022,devmap,E8.5a,E7.5-R3,44,16909,1468,E8.5a,7.5,82.42457580566406
early,qiu2022,devmap,E8.5a,E7.5-R3,45,16909,1468,E8.5a,7.5,87.98326110839844
early,qiu2022,devmap,E8.5a,E7.5-R3,46,16909,1468,E8.5a,7.5,85.07461547851562
early,qiu2022,devmap,E8.5a,E7.5-R3,47,16909,1468,E8.5a,7.5,83.80094146728516
early,qiu2022,devmap,E8.5a,E7.5-R3,48,16909,1468,E8.5a,7.5,86.11470031738281
early,qiu2022,devmap,E8.5a,E7.5-R3,49,16909,1468,E8.5a,7.5,86.57536315917969
early,qiu2022,devmap,E8.5a,E8.0-R1,0,16909,4498,E8.5a,8.0,62.04587936401367
early,qiu2022,devmap,E8.5a,E8.0-R1,1,16909,4498,E8.5a,8.0,59.45421600341797
early,qiu2022,devmap,E8.5a,E8.0-R1,2,16909,4498,E8.5a,8.0,63.20726776123047
early,qiu2022,devmap,E8.5a,E8.0-R1,3,16909,4498,E8.5a,8.0,60.436607360839844
early,qiu2022,devmap,E8.5a,E8.0-R1,4,16909,4498,E8.5a,8.0,59.468040466308594
early,qiu2022,devmap,E8.5a,E8.0-R1,5,16909,4498,E8.5a,8.0,63.594276428222656
early,qiu2022,devmap,E8.5a,E8.0-R1,6,16909,4498,E8.5a,8.0,61.318763732910156
early,qiu2022,devmap,E8.5a,E8.0-R1,7,16909,4498,E8.5a,8.0,58.44561004638672
early,qiu2022,devmap,E8.5a,E8.0-R1,8,16909,4498,E8.5a,8.0,60.074012756347656
early,qiu2022,devmap,E8.5a,E8.0-R1,9,16909,4498,E8.5a,8.0,59.679931640625
early,qiu2022,devmap,E8.5a,E8.0-R1,10,16909,4498,E8.5a,8.0,61.255615234375
early,qiu2022,devmap,E8.5a,E8.0-R1,11,16909,4498,E8.5a,8.0,63.05878829956055
early,qiu2022,devmap,E8.5a,E8.0-R1,12,16909,4498,E8.5a,8.0,59.40165710449219
early,qiu2022,devmap,E8.5a,E8.0-R1,13,16909,4498,E8.5a,8.0,60.63890075683594
early,qiu2022,devmap,E8.5a,E8.0-R1,14,16909,4498,E8.5a,8.0,61.482757568359375
early,qiu2022,devmap,E8.5a,E8.0-R1,15,16909,4498,E8.5a,8.0,60.06849670410156
early,qiu2022,devmap,E8.5a,E8.0-R1,16,16909,4498,E8.5a,8.0,61.010902404785156
early,qiu2022,devmap,E8.5a,E8.0-R1,17,16909,4498,E8.5a,8.0,61.860748291015625
early,qiu2022,devmap,E8.5a,E8.0-R1,18,16909,4498,E8.5a,8.0,62.196258544921875
early,qiu2022,devmap,E8.5a,E8.0-R1,19,16909,4498,E8.5a,8.0,63.36817169189453
early,qiu2022,devmap,E8.5a,E8.0-R1,20,16909,4498,E8.5a,8.0,59.22611999511719
early,qiu2022,devmap,E8.5a,E8.0-R1,21,16909,4498,E8.5a,8.0,60.86817169189453
early,qiu2022,devmap,E8.5a,E8.0-R1,22,16909,4498,E8.5a,8.0,62.72336959838867
early,qiu2022,devmap,E8.5a,E8.0-R1,23,16909,4498,E8.5a,8.0,61.379783630371094
early,qiu2022,devmap,E8.5a,E8.0-R1,24,16909,4498,E8.5a,8.0,58.431053161621094
early,qiu2022,devmap,E8.5a,E8.0-R1,25,16909,4498,E8.5a,8.0,61.54862594604492
early,qiu2022,devmap,E8.5a,E8.0-R1,26,16909,4498,E8.5a,8.0,62.55519485473633
early,qiu2022,devmap,E8.5a,E8.0-R1,27,16909,4498,E8.5a,8.0,58.112022399902344
early,qiu2022,devmap,E8.5a,E8.0-R1,28,16909,4498,E8.5a,8.0,63.47401428222656
early,qiu2022,devmap,E8.5a,E8.0-R1,29,16909,4498,E8.5a,8.0,62.874229431152344
early,qiu2022,devmap,E8.5a,E8.0-R1,30,16909,4498,E8.5a,8.0,60.78724670410156
early,qiu2022,devmap,E8.5a,E8.0-R1,31,16909,4498,E8.5a,8.0,59.810237884521484
early,qiu2022,devmap,E8.5a,E8.0-R1,32,16909,4498,E8.5a,8.0,59.00074768066406
early,qiu2022,devmap,E8.5a,E8.0-R1,33,16909,4498,E8.5a,8.0,59.69941711425781
early,qiu2022,devmap,E8.5a,E8.0-R1,34,16909,4498,E8.5a,8.0,62.08256149291992
early,qiu2022,devmap,E8.5a,E8.0-R1,35,16909,4498,E8.5a,8.0,62.78752517700195
early,qiu2022,devmap,E8.5a,E8.0-R1,36,16909,4498,E8.5a,8.0,63.97723388671875
early,qiu2022,devmap,E8.5a,E8.0-R1,37,16909,4498,E8.5a,8.0,64.9898910522461
early,qiu2022,devmap,E8.5a,E8.0-R1,38,16909,4498,E8.5a,8.0,62.66619110107422
early,qiu2022,devmap,E8.5a,E8.0-R1,39,16909,4498,E8.5a,8.0,60.96869659423828
early,qiu2022,devmap,E8.5a,E8.0-R1,40,16909,4498,E8.5a,8.0,61.57631301879883
early,qiu2022,devmap,E8.5a,E8.0-R1,41,16909,4498,E8.5a,8.0,60.39205551147461
early,qiu2022,devmap,E8.5a,E8.0-R1,42,16909,4498,E8.5a,8.0,63.92449951171875
early,qiu2022,devmap,E8.5a,E8.0-R1,43,16909,4498,E8.5a,8.0,59.538780212402344
early,qiu2022,devmap,E8.5a,E8.0-R1,44,16909,4498,E8.5a,8.0,62.55646514892578
early,qiu2022,devmap,E8.5a,E8.0-R1,45,16909,4498,E8.5a,8.0,60.38506317138672
early,qiu2022,devmap,E8.5a,E8.0-R1,46,16909,4498,E8.5a,8.0,61.191383361816406
early,qiu2022,devmap,E8.5a,E8.0-R1,47,16909,4498,E8.5a,8.0,61.428192138671875
early,qiu2022,devmap,E8.5a,E8.0-R1,48,16909,4498,E8.5a,8.0,61.9832878112793
early,qiu2022,devmap,E8.5a,E8.0-R1,49,16909,4498,E8.5a,8.0,61.82196807861328
early,qiu2022,devmap,E8.5a,E8.0-R2,0,16909,10681,E8.5a,8.0,42.3680305480957
early,qiu2022,devmap,E8.5a,E8.0-R2,1,16909,10681,E8.5a,8.0,42.00804138183594
early,qiu2022,devmap,E8.5a,E8.0-R2,2,16909,10681,E8.5a,8.0,42.16395950317383
early,qiu2022,devmap,E8.5a,E8.0-R2,3,16909,10681,E8.5a,8.0,44.855628967285156
early,qiu2022,devmap,E8.5a,E8.0-R2,4,16909,10681,E8.5a,8.0,41.970733642578125
early,qiu2022,devmap,E8.5a,E8.0-R2,5,16909,10681,E8.5a,8.0,42.076080322265625
early,qiu2022,devmap,E8.5a,E8.0-R2,6,16909,10681,E8.5a,8.0,43.4249153137207
early,qiu2022,devmap,E8.5a,E8.0-R2,7,16909,10681,E8.5a,8.0,44.03925323486328
early,qiu2022,devmap,E8.5a,E8.0-R2,8,16909,10681,E8.5a,8.0,39.33600616455078
early,qiu2022,devmap,E8.5a,E8.0-R2,9,16909,10681,E8.5a,8.0,44.160465240478516
early,qiu2022,devmap,E8.5a,E8.0-R2,10,16909,10681,E8.5a,8.0,40.16472625732422
early,qiu2022,devmap,E8.5a,E8.0-R2,11,16909,10681,E8.5a,8.0,42.698646545410156
early,qiu2022,devmap,E8.5a,E8.0-R2,12,16909,10681,E8.5a,8.0,40.782684326171875
early,qiu2022,devmap,E8.5a,E8.0-R2,13,16909,10681,E8.5a,8.0,40.7166748046875
early,qiu2022,devmap,E8.5a,E8.0-R2,14,16909,10681,E8.5a,8.0,41.781654357910156
early,qiu2022,devmap,E8.5a,E8.0-R2,15,16909,10681,E8.5a,8.0,42.96202087402344
early,qiu2022,devmap,E8.5a,E8.0-R2,16,16909,10681,E8.5a,8.0,41.16368103027344
early,qiu2022,devmap,E8.5a,E8.0-R2,17,16909,10681,E8.5a,8.0,42.78310012817383
early,qiu2022,devmap,E8.5a,E8.0-R2,18,16909,10681,E8.5a,8.0,41.674522399902344
early,qiu2022,devmap,E8.5a,E8.0-R2,19,16909,10681,E8.5a,8.0,43.09416198730469
early,qiu2022,devmap,E8.5a,E8.0-R2,20,16909,10681,E8.5a,8.0,43.310237884521484
early,qiu2022,devmap,E8.5a,E8.0-R2,21,16909,10681,E8.5a,8.0,43.72942352294922
early,qiu2022,devmap,E8.5a,E8.0-R2,22,16909,10681,E8.5a,8.0,41.9222412109375
early,qiu2022,devmap,E8.5a,E8.0-R2,23,16909,10681,E8.5a,8.0,41.80476379394531
early,qiu2022,devmap,E8.5a,E8.0-R2,24,16909,10681,E8.5a,8.0,42.22032928466797
early,qiu2022,devmap,E8.5a,E8.0-R2,25,16909,10681,E8.5a,8.0,43.93745803833008
early,qiu2022,devmap,E8.5a,E8.0-R2,26,16909,10681,E8.5a,8.0,42.638671875
early,qiu2022,devmap,E8.5a,E8.0-R2,27,16909,10681,E8.5a,8.0,42.05780029296875
early,qiu2022,devmap,E8.5a,E8.0-R2,28,16909,10681,E8.5a,8.0,40.305999755859375
early,qiu2022,devmap,E8.5a,E8.0-R2,29,16909,10681,E8.5a,8.0,42.93547821044922
early,qiu2022,devmap,E8.5a,E8.0-R2,30,16909,10681,E8.5a,8.0,42.99696731567383
early,qiu2022,devmap,E8.5a,E8.0-R2,31,16909,10681,E8.5a,8.0,42.25798034667969
early,qiu2022,devmap,E8.5a,E8.0-R2,32,16909,10681,E8.5a,8.0,41.15495300292969
early,qiu2022,devmap,E8.5a,E8.0-R2,33,16909,10681,E8.5a,8.0,42.492332458496094
early,qiu2022,devmap,E8.5a,E8.0-R2,34,16909,10681,E8.5a,8.0,43.31808090209961
early,qiu2022,devmap,E8.5a,E8.0-R2,35,16909,10681,E8.5a,8.0,42.14640808105469
early,qiu2022,devmap,E8.5a,E8.0-R2,36,16909,10681,E8.5a,8.0,42.36558532714844
early,qiu2022,devmap,E8.5a,E8.0-R2,37,16909,10681,E8.5a,8.0,42.76887130737305
early,qiu2022,devmap,E8.5a,E8.0-R2,38,16909,10681,E8.5a,8.0,40.831932067871094
early,qiu2022,devmap,E8.5a,E8.0-R2,39,16909,10681,E8.5a,8.0,41.026649475097656
early,qiu2022,devmap,E8.5a,E8.0-R2,40,16909,10681,E8.5a,8.0,43.61643981933594
early,qiu2022,devmap,E8.5a,E8.0-R2,41,16909,10681,E8.5a,8.0,41.725311279296875
early,qiu2022,devmap,E8.5a,E8.0-R2,42,16909,10681,E8.5a,8.0,39.46025085449219
early,qiu2022,devmap,E8.5a,E8.0-R2,43,16909,10681,E8.5a,8.0,41.483482360839844
early,qiu2022,devmap,E8.5a,E8.0-R2,44,16909,10681,E8.5a,8.0,41.946414947509766
early,qiu2022,devmap,E8.5a,E8.0-R2,45,16909,10681,E8.5a,8.0,40.462646484375
early,qiu2022,devmap,E8.5a,E8.0-R2,46,16909,10681,E8.5a,8.0,44.63932800292969
early,qiu2022,devmap,E8.5a,E8.0-R2,47,16909,10681,E8.5a,8.0,43.636295318603516
early,qiu2022,devmap,E8.5a,E8.0-R2,48,16909,10681,E8.5a,8.0,44.02549743652344
early,qiu2022,devmap,E8.5a,E8.0-R2,49,16909,10681,E8.5a,8.0,41.54118347167969
early,qiu2022,devmap,E8.5a,E8.0-R3,0,16909,6763,E8.5a,8.0,53.394935607910156
early,qiu2022,devmap,E8.5a,E8.0-R3,1,16909,6763,E8.5a,8.0,51.2232666015625
early,qiu2022,devmap,E8.5a,E8.0-R3,2,16909,6763,E8.5a,8.0,53.686859130859375
early,qiu2022,devmap,E8.5a,E8.0-R3,3,16909,6763,E8.5a,8.0,53.10802459716797
early,qiu2022,devmap,E8.5a,E8.0-R3,4,16909,6763,E8.5a,8.0,52.49137878417969
early,qiu2022,devmap,E8.5a,E8.0-R3,5,16909,6763,E8.5a,8.0,52.11377716064453
early,qiu2022,devmap,E8.5a,E8.0-R3,6,16909,6763,E8.5a,8.0,50.722782135009766
early,qiu2022,devmap,E8.5a,E8.0-R3,7,16909,6763,E8.5a,8.0,52.10099792480469
early,qiu2022,devmap,E8.5a,E8.0-R3,8,16909,6763,E8.5a,8.0,51.83823013305664
early,qiu2022,devmap,E8.5a,E8.0-R3,9,16909,6763,E8.5a,8.0,52.60330581665039
early,qiu2022,devmap,E8.5a,E8.0-R3,10,16909,6763,E8.5a,8.0,53.45112609863281
early,qiu2022,devmap,E8.5a,E8.0-R3,11,16909,6763,E8.5a,8.0,52.7188720703125
early,qiu2022,devmap,E8.5a,E8.0-R3,12,16909,6763,E8.5a,8.0,51.23736572265625
early,qiu2022,devmap,E8.5a,E8.0-R3,13,16909,6763,E8.5a,8.0,51.34465789794922
early,qiu2022,devmap,E8.5a,E8.0-R3,14,16909,6763,E8.5a,8.0,53.12123107910156
early,qiu2022,devmap,E8.5a,E8.0-R3,15,16909,6763,E8.5a,8.0,52.73461151123047
early,qiu2022,devmap,E8.5a,E8.0-R3,16,16909,6763,E8.5a,8.0,52.37599182128906
early,qiu2022,devmap,E8.5a,E8.0-R3,17,16909,6763,E8.5a,8.0,51.186885833740234
early,qiu2022,devmap,E8.5a,E8.0-R3,18,16909,6763,E8.5a,8.0,49.90850067138672
early,qiu2022,devmap,E8.5a,E8.0-R3,19,16909,6763,E8.5a,8.0,50.169166564941406
early,qiu2022,devmap,E8.5a,E8.0-R3,20,16909,6763,E8.5a,8.0,53.590763092041016
early,qiu2022,devmap,E8.5a,E8.0-R3,21,16909,6763,E8.5a,8.0,51.768070220947266
early,qiu2022,devmap,E8.5a,E8.0-R3,22,16909,6763,E8.5a,8.0,53.16087341308594
early,qiu2022,devmap,E8.5a,E8.0-R3,23,16909,6763,E8.5a,8.0,51.385475158691406
early,qiu2022,devmap,E8.5a,E8.0-R3,24,16909,6763,E8.5a,8.0,52.36897277832031
early,qiu2022,devmap,E8.5a,E8.0-R3,25,16909,6763,E8.5a,8.0,52.94428253173828
early,qiu2022,devmap,E8.5a,E8.0-R3,26,16909,6763,E8.5a,8.0,51.12161636352539
early,qiu2022,devmap,E8.5a,E8.0-R3,27,16909,6763,E8.5a,8.0,50.35700988769531
early,qiu2022,devmap,E8.5a,E8.0-R3,28,16909,6763,E8.5a,8.0,52.75616455078125
early,qiu2022,devmap,E8.5a,E8.0-R3,29,16909,6763,E8.5a,8.0,51.674278259277344
early,qiu2022,devmap,E8.5a,E8.0-R3,30,16909,6763,E8.5a,8.0,53.63499450683594
early,qiu2022,devmap,E8.5a,E8.0-R3,31,16909,6763,E8.5a,8.0,52.14179229736328
early,qiu2022,devmap,E8.5a,E8.0-R3,32,16909,6763,E8.5a,8.0,51.26367950439453
early,qiu2022,devmap,E8.5a,E8.0-R3,33,16909,6763,E8.5a,8.0,52.02510070800781
early,qiu2022,devmap,E8.5a,E8.0-R3,34,16909,6763,E8.5a,8.0,52.867061614990234
early,qiu2022,devmap,E8.5a,E8.0-R3,35,16909,6763,E8.5a,8.0,52.204917907714844
early,qiu2022,devmap,E8.5a,E8.0-R3,36,16909,6763,E8.5a,8.0,53.14443588256836
early,qiu2022,devmap,E8.5a,E8.0-R3,37,16909,6763,E8.5a,8.0,52.19532775878906
early,qiu2022,devmap,E8.5a,E8.0-R3,38,16909,6763,E8.5a,8.0,51.42373275756836
early,qiu2022,devmap,E8.5a,E8.0-R3,39,16909,6763,E8.5a,8.0,51.85112762451172
early,qiu2022,devmap,E8.5a,E8.0-R3,40,16909,6763,E8.5a,8.0,53.20892333984375
early,qiu2022,devmap,E8.5a,E8.0-R3,41,16909,6763,E8.5a,8.0,51.37675094604492
early,qiu2022,devmap,E8.5a,E8.0-R3,42,16909,6763,E8.5a,8.0,51.55952835083008
early,qiu2022,devmap,E8.5a,E8.0-R3,43,16909,6763,E8.5a,8.0,56.228118896484375
early,qiu2022,devmap,E8.5a,E8.0-R3,44,16909,6763,E8.5a,8.0,52.659934997558594
early,qiu2022,devmap,E8.5a,E8.0-R3,45,16909,6763,E8.5a,8.0,54.46906280517578
early,qiu2022,devmap,E8.5a,E8.0-R3,46,16909,6763,E8.5a,8.0,51.425331115722656
early,qiu2022,devmap,E8.5a,E8.0-R3,47,16909,6763,E8.5a,8.0,49.95771789550781
early,qiu2022,devmap,E8.5a,E8.0-R3,48,16909,6763,E8.5a,8.0,52.03028869628906
early,qiu2022,devmap,E8.5a,E8.0-R3,49,16909,6763,E8.5a,8.0,54.976348876953125
early,qiu2022,devmap,E8.5a,E8.5-R1,0,16909,23435,E8.5a,8.5,42.56072998046875
early,qiu2022,devmap,E8.5a,E8.5-R1,1,16909,23435,E8.5a,8.5,42.63426971435547
early,qiu2022,devmap,E8.5a,E8.5-R1,2,16909,23435,E8.5a,8.5,43.93915939331055
early,qiu2022,devmap,E8.5a,E8.5-R1,3,16909,23435,E8.5a,8.5,43.654685974121094
early,qiu2022,devmap,E8.5a,E8.5-R1,4,16909,23435,E8.5a,8.5,41.86731719970703
early,qiu2022,devmap,E8.5a,E8.5-R1,5,16909,23435,E8.5a,8.5,41.553585052490234
early,qiu2022,devmap,E8.5a,E8.5-R1,6,16909,23435,E8.5a,8.5,41.96461486816406
early,qiu2022,devmap,E8.5a,E8.5-R1,7,16909,23435,E8.5a,8.5,40.481468200683594
early,qiu2022,devmap,E8.5a,E8.5-R1,8,16909,23435,E8.5a,8.5,43.466182708740234
early,qiu2022,devmap,E8.5a,E8.5-R1,9,16909,23435,E8.5a,8.5,41.830413818359375
early,qiu2022,devmap,E8.5a,E8.5-R1,10,16909,23435,E8.5a,8.5,42.15125274658203
early,qiu2022,devmap,E8.5a,E8.5-R1,11,16909,23435,E8.5a,8.5,39.85978698730469
early,qiu2022,devmap,E8.5a,E8.5-R1,12,16909,23435,E8.5a,8.5,41.99473571777344
early,qiu2022,devmap,E8.5a,E8.5-R1,13,16909,23435,E8.5a,8.5,39.571937561035156
early,qiu2022,devmap,E8.5a,E8.5-R1,14,16909,23435,E8.5a,8.5,39.336883544921875
early,qiu2022,devmap,E8.5a,E8.5-R1,15,16909,23435,E8.5a,8.5,45.460716247558594
early,qiu2022,devmap,E8.5a,E8.5-R1,16,16909,23435,E8.5a,8.5,40.174530029296875
early,qiu2022,devmap,E8.5a,E8.5-R1,17,16909,23435,E8.5a,8.5,44.62269973754883
early,qiu2022,devmap,E8.5a,E8.5-R1,18,16909,23435,E8.5a,8.5,44.193931579589844
early,qiu2022,devmap,E8.5a,E8.5-R1,19,16909,23435,E8.5a,8.5,41.65521240234375
early,qiu2022,devmap,E8.5a,E8.5-R1,20,16909,23435,E8.5a,8.5,44.1031608581543
early,qiu2022,devmap,E8.5a,E8.5-R1,21,16909,23435,E8.5a,8.5,40.265140533447266
early,qiu2022,devmap,E8.5a,E8.5-R1,22,16909,23435,E8.5a,8.5,42.981834411621094
early,qiu2022,devmap,E8.5a,E8.5-R1,23,16909,23435,E8.5a,8.5,41.87312316894531
early,qiu2022,devmap,E8.5a,E8.5-R1,24,16909,23435,E8.5a,8.5,41.778167724609375
early,qiu2022,devmap,E8.5a,E8.5-R1,25,16909,23435,E8.5a,8.5,39.22285079956055
early,qiu2022,devmap,E8.5a,E8.5-R1,26,16909,23435,E8.5a,8.5,43.413856506347656
early,qiu2022,devmap,E8.5a,E8.5-R1,27,16909,23435,E8.5a,8.5,41.27999496459961
early,qiu2022,devmap,E8.5a,E8.5-R1,28,16909,23435,E8.5a,8.5,42.765464782714844
early,qiu2022,devmap,E8.5a,E8.5-R1,29,16909,23435,E8.5a,8.5,43.491737365722656
early,qiu2022,devmap,E8.5a,E8.5-R1,30,16909,23435,E8.5a,8.5,39.661582946777344
early,qiu2022,devmap,E8.5a,E8.5-R1,31,16909,23435,E8.5a,8.5,40.909423828125
early,qiu2022,devmap,E8.5a,E8.5-R1,32,16909,23435,E8.5a,8.5,41.623291015625
early,qiu2022,devmap,E8.5a,E8.5-R1,33,16909,23435,E8.5a,8.5,40.642005920410156
early,qiu2022,devmap,E8.5a,E8.5-R1,34,16909,23435,E8.5a,8.5,44.62208938598633
early,qiu2022,devmap,E8.5a,E8.5-R1,35,16909,23435,E8.5a,8.5,43.29917907714844
early,qiu2022,devmap,E8.5a,E8.5-R1,36,16909,23435,E8.5a,8.5,40.9007568359375
early,qiu2022,devmap,E8.5a,E8.5-R1,37,16909,23435,E8.5a,8.5,42.68518829345703
early,qiu2022,devmap,E8.5a,E8.5-R1,38,16909,23435,E8.5a,8.5,40.34386444091797
early,qiu2022,devmap,E8.5a,E8.5-R1,39,16909,23435,E8.5a,8.5,41.0068359375
early,qiu2022,devmap,E8.5a,E8.5-R1,40,16909,23435,E8.5a,8.5,42.36065673828125
early,qiu2022,devmap,E8.5a,E8.5-R1,41,16909,23435,E8.5a,8.5,43.29180908203125
early,qiu2022,devmap,E8.5a,E8.5-R1,42,16909,23435,E8.5a,8.5,45.65382766723633
early,qiu2022,devmap,E8.5a,E8.5-R1,43,16909,23435,E8.5a,8.5,42.87416076660156
early,qiu2022,devmap,E8.5a,E8.5-R1,44,16909,23435,E8.5a,8.5,42.91652297973633
early,qiu2022,devmap,E8.5a,E8.5-R1,45,16909,23435,E8.5a,8.5,42.86922836303711
early,qiu2022,devmap,E8.5a,E8.5-R1,46,16909,23435,E8.5a,8.5,42.555171966552734
early,qiu2022,devmap,E8.5a,E8.5-R1,47,16909,23435,E8.5a,8.5,43.26123809814453
early,qiu2022,devmap,E8.5a,E8.5-R1,48,16909,23435,E8.5a,8.5,41.45603942871094
early,qiu2022,devmap,E8.5a,E8.5-R1,49,16909,23435,E8.5a,8.5,43.168609619140625
early,qiu2022,devmap,E8.5a,E8.5-R2,0,16909,38216,E8.5a,8.5,41.343692779541016
early,qiu2022,devmap,E8.5a,E8.5-R2,1,16909,38216,E8.5a,8.5,41.539306640625
early,qiu2022,devmap,E8.5a,E8.5-R2,2,16909,38216,E8.5a,8.5,40.69709777832031
early,qiu2022,devmap,E8.5a,E8.5-R2,3,16909,38216,E8.5a,8.5,42.05280303955078
early,qiu2022,devmap,E8.5a,E8.5-R2,4,16909,38216,E8.5a,8.5,40.10011291503906
early,qiu2022,devmap,E8.5a,E8.5-R2,5,16909,38216,E8.5a,8.5,43.82158660888672
early,qiu2022,devmap,E8.5a,E8.5-R2,6,16909,38216,E8.5a,8.5,40.751380920410156
early,qiu2022,devmap,E8.5a,E8.5-R2,7,16909,38216,E8.5a,8.5,41.82075500488281
early,qiu2022,devmap,E8.5a,E8.5-R2,8,16909,38216,E8.5a,8.5,39.64707565307617
early,qiu2022,devmap,E8.5a,E8.5-R2,9,16909,38216,E8.5a,8.5,40.720542907714844
early,qiu2022,devmap,E8.5a,E8.5-R2,10,16909,38216,E8.5a,8.5,44.12201690673828
early,qiu2022,devmap,E8.5a,E8.5-R2,11,16909,38216,E8.5a,8.5,39.81890106201172
early,qiu2022,devmap,E8.5a,E8.5-R2,12,16909,38216,E8.5a,8.5,41.012046813964844
early,qiu2022,devmap,E8.5a,E8.5-R2,13,16909,38216,E8.5a,8.5,41.95415496826172
early,qiu2022,devmap,E8.5a,E8.5-R2,14,16909,38216,E8.5a,8.5,45.23588562011719
early,qiu2022,devmap,E8.5a,E8.5-R2,15,16909,38216,E8.5a,8.5,42.31474304199219
early,qiu2022,devmap,E8.5a,E8.5-R2,16,16909,38216,E8.5a,8.5,42.24180603027344
early,qiu2022,devmap,E8.5a,E8.5-R2,17,16909,38216,E8.5a,8.5,40.9697265625
early,qiu2022,devmap,E8.5a,E8.5-R2,18,16909,38216,E8.5a,8.5,40.1191520690918
early,qiu2022,devmap,E8.5a,E8.5-R2,19,16909,38216,E8.5a,8.5,43.677459716796875
early,qiu2022,devmap,E8.5a,E8.5-R2,20,16909,38216,E8.5a,8.5,41.69232177734375
early,qiu2022,devmap,E8.5a,E8.5-R2,21,16909,38216,E8.5a,8.5,40.87277603149414
early,qiu2022,devmap,E8.5a,E8.5-R2,22,16909,38216,E8.5a,8.5,38.576629638671875
early,qiu2022,devmap,E8.5a,E8.5-R2,23,16909,38216,E8.5a,8.5,39.94898223876953
early,qiu2022,devmap,E8.5a,E8.5-R2,24,16909,38216,E8.5a,8.5,39.75787353515625
early,qiu2022,devmap,E8.5a,E8.5-R2,25,16909,38216,E8.5a,8.5,42.97518539428711
early,qiu2022,devmap,E8.5a,E8.5-R2,26,16909,38216,E8.5a,8.5,42.47581100463867
early,qiu2022,devmap,E8.5a,E8.5-R2,27,16909,38216,E8.5a,8.5,39.18901062011719
early,qiu2022,devmap,E8.5a,E8.5-R2,28,16909,38216,E8.5a,8.5,41.0769157409668
early,qiu2022,devmap,E8.5a,E8.5-R2,29,16909,38216,E8.5a,8.5,40.41410827636719
early,qiu2022,devmap,E8.5a,E8.5-R2,30,16909,38216,E8.5a,8.5,38.737754821777344
early,qiu2022,devmap,E8.5a,E8.5-R2,31,16909,38216,E8.5a,8.5,41.312278747558594
early,qiu2022,devmap,E8.5a,E8.5-R2,32,16909,38216,E8.5a,8.5,41.57411193847656
early,qiu2022,devmap,E8.5a,E8.5-R2,33,16909,38216,E8.5a,8.5,41.55175018310547
early,qiu2022,devmap,E8.5a,E8.5-R2,34,16909,38216,E8.5a,8.5,40.73727798461914
early,qiu2022,devmap,E8.5a,E8.5-R2,35,16909,38216,E8.5a,8.5,39.08921813964844
early,qiu2022,devmap,E8.5a,E8.5-R2,36,16909,38216,E8.5a,8.5,41.13216781616211
early,qiu2022,devmap,E8.5a,E8.5-R2,37,16909,38216,E8.5a,8.5,40.07059097290039
early,qiu2022,devmap,E8.5a,E8.5-R2,38,16909,38216,E8.5a,8.5,39.763267517089844
early,qiu2022,devmap,E8.5a,E8.5-R2,39,16909,38216,E8.5a,8.5,40.02446746826172
early,qiu2022,devmap,E8.5a,E8.5-R2,40,16909,38216,E8.5a,8.5,41.353702545166016
early,qiu2022,devmap,E8.5a,E8.5-R2,41,16909,38216,E8.5a,8.5,41.34465026855469
early,qiu2022,devmap,E8.5a,E8.5-R2,42,16909,38216,E8.5a,8.5,42.766929626464844
early,qiu2022,devmap,E8.5a,E8.5-R2,43,16909,38216,E8.5a,8.5,43.40925979614258
early,qiu2022,devmap,E8.5a,E8.5-R2,44,16909,38216,E8.5a,8.5,40.338294982910156
early,qiu2022,devmap,E8.5a,E8.5-R2,45,16909,38216,E8.5a,8.5,40.29581832885742
early,qiu2022,devmap,E8.5a,E8.5-R2,46,16909,38216,E8.5a,8.5,40.20304870605469
early,qiu2022,devmap,E8.5a,E8.5-R2,47,16909,38216,E8.5a,8.5,40.4080696105957
early,qiu2022,devmap,E8.5a,E8.5-R2,48,16909,38216,E8.5a,8.5,43.82818603515625
early,qiu2022,devmap,E8.5a,E8.5-R2,49,16909,38216,E8.5a,8.5,43.32085418701172
early,qiu2022,devmap,E8.5a,E8.5-R3,0,16909,27743,E8.5a,8.5,39.750343322753906
early,qiu2022,devmap,E8.5a,E8.5-R3,1,16909,27743,E8.5a,8.5,42.35517883300781
early,qiu2022,devmap,E8.5a,E8.5-R3,2,16909,27743,E8.5a,8.5,39.69312286376953
early,qiu2022,devmap,E8.5a,E8.5-R3,3,16909,27743,E8.5a,8.5,39.683082580566406
early,qiu2022,devmap,E8.5a,E8.5-R3,4,16909,27743,E8.5a,8.5,42.66005325317383
early,qiu2022,devmap,E8.5a,E8.5-R3,5,16909,27743,E8.5a,8.5,39.22610092163086
early,qiu2022,devmap,E8.5a,E8.5-R3,6,16909,27743,E8.5a,8.5,38.44476318359375
early,qiu2022,devmap,E8.5a,E8.5-R3,7,16909,27743,E8.5a,8.5,39.290279388427734
early,qiu2022,devmap,E8.5a,E8.5-R3,8,16909,27743,E8.5a,8.5,40.81346130371094
early,qiu2022,devmap,E8.5a,E8.5-R3,9,16909,27743,E8.5a,8.5,39.47385787963867
early,qiu2022,devmap,E8.5a,E8.5-R3,10,16909,27743,E8.5a,8.5,42.59197998046875
early,qiu2022,devmap,E8.5a,E8.5-R3,11,16909,27743,E8.5a,8.5,39.613677978515625
early,qiu2022,devmap,E8.5a,E8.5-R3,12,16909,27743,E8.5a,8.5,40.150753021240234
early,qiu2022,devmap,E8.5a,E8.5-R3,13,16909,27743,E8.5a,8.5,40.423057556152344
early,qiu2022,devmap,E8.5a,E8.5-R3,14,16909,27743,E8.5a,8.5,39.70093536376953
early,qiu2022,devmap,E8.5a,E8.5-R3,15,16909,27743,E8.5a,8.5,40.25367736816406
early,qiu2022,devmap,E8.5a,E8.5-R3,16,16909,27743,E8.5a,8.5,39.91542053222656
early,qiu2022,devmap,E8.5a,E8.5-R3,17,16909,27743,E8.5a,8.5,41.725135803222656
early,qiu2022,devmap,E8.5a,E8.5-R3,18,16909,27743,E8.5a,8.5,40.25611114501953
early,qiu2022,devmap,E8.5a,E8.5-R3,19,16909,27743,E8.5a,8.5,40.798919677734375
early,qiu2022,devmap,E8.5a,E8.5-R3,20,16909,27743,E8.5a,8.5,40.55427551269531
early,qiu2022,devmap,E8.5a,E8.5-R3,21,16909,27743,E8.5a,8.5,36.72636413574219
early,qiu2022,devmap,E8.5a,E8.5-R3,22,16909,27743,E8.5a,8.5,40.63170623779297
early,qiu2022,devmap,E8.5a,E8.5-R3,23,16909,27743,E8.5a,8.5,38.855133056640625
early,qiu2022,devmap,E8.5a,E8.5-R3,24,16909,27743,E8.5a,8.5,38.664520263671875
early,qiu2022,devmap,E8.5a,E8.5-R3,25,16909,27743,E8.5a,8.5,38.22611999511719
early,qiu2022,devmap,E8.5a,E8.5-R3,26,16909,27743,E8.5a,8.5,38.930564880371094
early,qiu2022,devmap,E8.5a,E8.5-R3,27,16909,27743,E8.5a,8.5,39.16191482543945
early,qiu2022,devmap,E8.5a,E8.5-R3,28,16909,27743,E8.5a,8.5,38.72377014160156
early,qiu2022,devmap,E8.5a,E8.5-R3,29,16909,27743,E8.5a,8.5,39.68083190917969
early,qiu2022,devmap,E8.5a,E8.5-R3,30,16909,27743,E8.5a,8.5,39.66380310058594
early,qiu2022,devmap,E8.5a,E8.5-R3,31,16909,27743,E8.5a,8.5,41.189659118652344
early,qiu2022,devmap,E8.5a,E8.5-R3,32,16909,27743,E8.5a,8.5,39.683197021484375
early,qiu2022,devmap,E8.5a,E8.5-R3,33,16909,27743,E8.5a,8.5,38.381919860839844
early,qiu2022,devmap,E8.5a,E8.5-R3,34,16909,27743,E8.5a,8.5,39.4217643737793
early,qiu2022,devmap,E8.5a,E8.5-R3,35,16909,27743,E8.5a,8.5,41.486087799072266
early,qiu2022,devmap,E8.5a,E8.5-R3,36,16909,27743,E8.5a,8.5,40.94874572753906
early,qiu2022,devmap,E8.5a,E8.5-R3,37,16909,27743,E8.5a,8.5,40.2722282409668
early,qiu2022,devmap,E8.5a,E8.5-R3,38,16909,27743,E8.5a,8.5,38.69342803955078
early,qiu2022,devmap,E8.5a,E8.5-R3,39,16909,27743,E8.5a,8.5,42.04557800292969
early,qiu2022,devmap,E8.5a,E8.5-R3,40,16909,27743,E8.5a,8.5,41.05824279785156
early,qiu2022,devmap,E8.5a,E8.5-R3,41,16909,27743,E8.5a,8.5,40.050437927246094
early,qiu2022,devmap,E8.5a,E8.5-R3,42,16909,27743,E8.5a,8.5,42.321449279785156
early,qiu2022,devmap,E8.5a,E8.5-R3,43,16909,27743,E8.5a,8.5,37.82473373413086
early,qiu2022,devmap,E8.5a,E8.5-R3,44,16909,27743,E8.5a,8.5,44.10047149658203
early,qiu2022,devmap,E8.5a,E8.5-R3,45,16909,27743,E8.5a,8.5,40.24626922607422
early,qiu2022,devmap,E8.5a,E8.5-R3,46,16909,27743,E8.5a,8.5,41.32167053222656
early,qiu2022,devmap,E8.5a,E8.5-R3,47,16909,27743,E8.5a,8.5,38.80138397216797
early,qiu2022,devmap,E8.5a,E8.5-R3,48,16909,27743,E8.5a,8.5,39.991241455078125
early,qiu2022,devmap,E8.5a,E8.5-R3,49,16909,27743,E8.5a,8.5,39.22339630126953
late,qiu2024,devmap,E10.0,E8.5-R1,0,489516,23435,E10.0,8.5,37.76036071777344
late,qiu2024,devmap,E10.0,E8.5-R1,1,489516,23435,E10.0,8.5,37.26948928833008
late,qiu2024,devmap,E10.0,E8.5-R1,2,489516,23435,E10.0,8.5,36.778778076171875
late,qiu2024,devmap,E10.0,E8.5-R1,3,489516,23435,E10.0,8.5,36.460357666015625
late,qiu2024,devmap,E10.0,E8.5-R1,4,489516,23435,E10.0,8.5,37.88622283935547
late,qiu2024,devmap,E10.0,E8.5-R1,5,489516,23435,E10.0,8.5,37.862735748291016
late,qiu2024,devmap,E10.0,E8.5-R1,6,489516,23435,E10.0,8.5,37.132118225097656
late,qiu2024,devmap,E10.0,E8.5-R1,7,489516,23435,E10.0,8.5,36.93442153930664
late,qiu2024,devmap,E10.0,E8.5-R1,8,489516,23435,E10.0,8.5,37.26049041748047
late,qiu2024,devmap,E10.0,E8.5-R1,9,489516,23435,E10.0,8.5,38.33790588378906
late,qiu2024,devmap,E10.0,E8.5-R1,10,489516,23435,E10.0,8.5,38.798492431640625
late,qiu2024,devmap,E10.0,E8.5-R1,11,489516,23435,E10.0,8.5,37.68351745605469
late,qiu2024,devmap,E10.0,E8.5-R1,12,489516,23435,E10.0,8.5,37.54278564453125
late,qiu2024,devmap,E10.0,E8.5-R1,13,489516,23435,E10.0,8.5,38.59767150878906
late,qiu2024,devmap,E10.0,E8.5-R1,14,489516,23435,E10.0,8.5,38.10652160644531
late,qiu2024,devmap,E10.0,E8.5-R1,15,489516,23435,E10.0,8.5,37.12543869018555
late,qiu2024,devmap,E10.0,E8.5-R1,16,489516,23435,E10.0,8.5,38.47730255126953
late,qiu2024,devmap,E10.0,E8.5-R1,17,489516,23435,E10.0,8.5,38.396759033203125
late,qiu2024,devmap,E10.0,E8.5-R1,18,489516,23435,E10.0,8.5,37.53474044799805
late,qiu2024,devmap,E10.0,E8.5-R1,19,489516,23435,E10.0,8.5,37.16763687133789
late,qiu2024,devmap,E10.0,E8.5-R1,20,489516,23435,E10.0,8.5,37.78376007080078
late,qiu2024,devmap,E10.0,E8.5-R1,21,489516,23435,E10.0,8.5,37.9952278137207
late,qiu2024,devmap,E10.0,E8.5-R1,22,489516,23435,E10.0,8.5,37.84523010253906
late,qiu2024,devmap,E10.0,E8.5-R1,23,489516,23435,E10.0,8.5,37.35231018066406
late,qiu2024,devmap,E10.0,E8.5-R1,24,489516,23435,E10.0,8.5,37.75761795043945
late,qiu2024,devmap,E10.0,E8.5-R1,25,489516,23435,E10.0,8.5,37.314029693603516
late,qiu2024,devmap,E10.0,E8.5-R1,26,489516,23435,E10.0,8.5,37.898529052734375
late,qiu2024,devmap,E10.0,E8.5-R1,27,489516,23435,E10.0,8.5,38.00177764892578
late,qiu2024,devmap,E10.0,E8.5-R1,28,489516,23435,E10.0,8.5,38.48876190185547
late,qiu2024,devmap,E10.0,E8.5-R1,29,489516,23435,E10.0,8.5,38.273773193359375
late,qiu2024,devmap,E10.0,E8.5-R1,30,489516,23435,E10.0,8.5,37.36174774169922
late,qiu2024,devmap,E10.0,E8.5-R1,31,489516,23435,E10.0,8.5,38.48548126220703
late,qiu2024,devmap,E10.0,E8.5-R1,32,489516,23435,E10.0,8.5,37.07896041870117
late,qiu2024,devmap,E10.0,E8.5-R1,33,489516,23435,E10.0,8.5,37.48286437988281
late,qiu2024,devmap,E10.0,E8.5-R1,34,489516,23435,E10.0,8.5,37.654788970947266
late,qiu2024,devmap,E10.0,E8.5-R1,35,489516,23435,E10.0,8.5,37.876747131347656
late,qiu2024,devmap,E10.0,E8.5-R1,36,489516,23435,E10.0,8.5,38.20832824707031
late,qiu2024,devmap,E10.0,E8.5-R1,37,489516,23435,E10.0,8.5,37.5180549621582
late,qiu2024,devmap,E10.0,E8.5-R1,38,489516,23435,E10.0,8.5,37.47181701660156
late,qiu2024,devmap,E10.0,E8.5-R1,39,489516,23435,E10.0,8.5,37.48232650756836
late,qiu2024,devmap,E10.0,E8.5-R1,40,489516,23435,E10.0,8.5,37.9180908203125
late,qiu2024,devmap,E10.0,E8.5-R1,41,489516,23435,E10.0,8.5,37.8819465637207
late,qiu2024,devmap,E10.0,E8.5-R1,42,489516,23435,E10.0,8.5,38.79936218261719
late,qiu2024,devmap,E10.0,E8.5-R1,43,489516,23435,E10.0,8.5,36.68265151977539
late,qiu2024,devmap,E10.0,E8.5-R1,44,489516,23435,E10.0,8.5,38.28990173339844
late,qiu2024,devmap,E10.0,E8.5-R1,45,489516,23435,E10.0,8.5,37.55552673339844
late,qiu2024,devmap,E10.0,E8.5-R1,46,489516,23435,E10.0,8.5,38.428253173828125
late,qiu2024,devmap,E10.0,E8.5-R1,47,489516,23435,E10.0,8.5,37.40857696533203
late,qiu2024,devmap,E10.0,E8.5-R1,48,489516,23435,E10.0,8.5,37.89747619628906
late,qiu2024,devmap,E10.0,E8.5-R1,49,489516,23435,E10.0,8.5,37.853981018066406
late,qiu2024,devmap,E10.0,E8.5-R2,0,489516,38216,E10.0,8.5,35.951690673828125
late,qiu2024,devmap,E10.0,E8.5-R2,1,489516,38216,E10.0,8.5,36.25951385498047
late,qiu2024,devmap,E10.0,E8.5-R2,2,489516,38216,E10.0,8.5,35.682071685791016
late,qiu2024,devmap,E10.0,E8.5-R2,3,489516,38216,E10.0,8.5,35.90415954589844
late,qiu2024,devmap,E10.0,E8.5-R2,4,489516,38216,E10.0,8.5,36.45587921142578
late,qiu2024,devmap,E10.0,E8.5-R2,5,489516,38216,E10.0,8.5,35.503475189208984
late,qiu2024,devmap,E10.0,E8.5-R2,6,489516,38216,E10.0,8.5,36.773048400878906
late,qiu2024,devmap,E10.0,E8.5-R2,7,489516,38216,E10.0,8.5,36.04395294189453
late,qiu2024,devmap,E10.0,E8.5-R2,8,489516,38216,E10.0,8.5,35.857032775878906
late,qiu2024,devmap,E10.0,E8.5-R2,9,489516,38216,E10.0,8.5,36.34621810913086
late,qiu2024,devmap,E10.0,E8.5-R2,10,489516,38216,E10.0,8.5,36.314414978027344
late,qiu2024,devmap,E10.0,E8.5-R2,11,489516,38216,E10.0,8.5,36.0937385559082
late,qiu2024,devmap,E10.0,E8.5-R2,12,489516,38216,E10.0,8.5,36.60997772216797
late,qiu2024,devmap,E10.0,E8.5-R2,13,489516,38216,E10.0,8.5,36.625240325927734
late,qiu2024,devmap,E10.0,E8.5-R2,14,489516,38216,E10.0,8.5,36.26075744628906
late,qiu2024,devmap,E10.0,E8.5-R2,15,489516,38216,E10.0,8.5,35.193634033203125
late,qiu2024,devmap,E10.0,E8.5-R2,16,489516,38216,E10.0,8.5,35.444705963134766
late,qiu2024,devmap,E10.0,E8.5-R2,17,489516,38216,E10.0,8.5,36.81024932861328
late,qiu2024,devmap,E10.0,E8.5-R2,18,489516,38216,E10.0,8.5,35.12041091918945
late,qiu2024,devmap,E10.0,E8.5-R2,19,489516,38216,E10.0,8.5,36.127288818359375
late,qiu2024,devmap,E10.0,E8.5-R2,20,489516,38216,E10.0,8.5,35.69859313964844
late,qiu2024,devmap,E10.0,E8.5-R2,21,489516,38216,E10.0,8.5,36.256568908691406
late,qiu2024,devmap,E10.0,E8.5-R2,22,489516,38216,E10.0,8.5,35.93169403076172
late,qiu2024,devmap,E10.0,E8.5-R2,23,489516,38216,E10.0,8.5,35.95785903930664
late,qiu2024,devmap,E10.0,E8.5-R2,24,489516,38216,E10.0,8.5,36.895164489746094
late,qiu2024,devmap,E10.0,E8.5-R2,25,489516,38216,E10.0,8.5,35.922874450683594
late,qiu2024,devmap,E10.0,E8.5-R2,26,489516,38216,E10.0,8.5,36.544273376464844
late,qiu2024,devmap,E10.0,E8.5-R2,27,489516,38216,E10.0,8.5,35.822120666503906
late,qiu2024,devmap,E10.0,E8.5-R2,28,489516,38216,E10.0,8.5,35.884033203125
late,qiu2024,devmap,E10.0,E8.5-R2,29,489516,38216,E10.0,8.5,35.707664489746094
late,qiu2024,devmap,E10.0,E8.5-R2,30,489516,38216,E10.0,8.5,36.16530227661133
late,qiu2024,devmap,E10.0,E8.5-R2,31,489516,38216,E10.0,8.5,36.57530212402344
late,qiu2024,devmap,E10.0,E8.5-R2,32,489516,38216,E10.0,8.5,35.819091796875
late,qiu2024,devmap,E10.0,E8.5-R2,33,489516,38216,E10.0,8.5,36.16788864135742
late,qiu2024,devmap,E10.0,E8.5-R2,34,489516,38216,E10.0,8.5,36.37403106689453
late,qiu2024,devmap,E10.0,E8.5-R2,35,489516,38216,E10.0,8.5,36.293556213378906
late,qiu2024,devmap,E10.0,E8.5-R2,36,489516,38216,E10.0,8.5,35.65602111816406
late,qiu2024,devmap,E10.0,E8.5-R2,37,489516,38216,E10.0,8.5,35.68769073486328
late,qiu2024,devmap,E10.0,E8.5-R2,38,489516,38216,E10.0,8.5,36.429176330566406
late,qiu2024,devmap,E10.0,E8.5-R2,39,489516,38216,E10.0,8.5,36.431785583496094
late,qiu2024,devmap,E10.0,E8.5-R2,40,489516,38216,E10.0,8.5,36.817779541015625
late,qiu2024,devmap,E10.0,E8.5-R2,41,489516,38216,E10.0,8.5,36.29599380493164
late,qiu2024,devmap,E10.0,E8.5-R2,42,489516,38216,E10.0,8.5,35.860511779785156
late,qiu2024,devmap,E10.0,E8.5-R2,43,489516,38216,E10.0,8.5,35.684959411621094
late,qiu2024,devmap,E10.0,E8.5-R2,44,489516,38216,E10.0,8.5,36.144126892089844
late,qiu2024,devmap,E10.0,E8.5-R2,45,489516,38216,E10.0,8.5,35.148372650146484
late,qiu2024,devmap,E10.0,E8.5-R2,46,489516,38216,E10.0,8.5,36.077842712402344
late,qiu2024,devmap,E10.0,E8.5-R2,47,489516,38216,E10.0,8.5,36.12560272216797
late,qiu2024,devmap,E10.0,E8.5-R2,48,489516,38216,E10.0,8.5,35.99586868286133
late,qiu2024,devmap,E10.0,E8.5-R2,49,489516,38216,E10.0,8.5,36.90791320800781
late,qiu2024,devmap,E10.0,E8.5-R3,0,489516,27743,E10.0,8.5,36.93817138671875
late,qiu2024,devmap,E10.0,E8.5-R3,1,489516,27743,E10.0,8.5,37.127586364746094
late,qiu2024,devmap,E10.0,E8.5-R3,2,489516,27743,E10.0,8.5,36.05252456665039
late,qiu2024,devmap,E10.0,E8.5-R3,3,489516,27743,E10.0,8.5,36.473670959472656
late,qiu2024,devmap,E10.0,E8.5-R3,4,489516,27743,E10.0,8.5,37.05353546142578
late,qiu2024,devmap,E10.0,E8.5-R3,5,489516,27743,E10.0,8.5,37.768157958984375
late,qiu2024,devmap,E10.0,E8.5-R3,6,489516,27743,E10.0,8.5,38.125911712646484
late,qiu2024,devmap,E10.0,E8.5-R3,7,489516,27743,E10.0,8.5,36.70293426513672
late,qiu2024,devmap,E10.0,E8.5-R3,8,489516,27743,E10.0,8.5,36.274864196777344
late,qiu2024,devmap,E10.0,E8.5-R3,9,489516,27743,E10.0,8.5,36.24897766113281
late,qiu2024,devmap,E10.0,E8.5-R3,10,489516,27743,E10.0,8.5,37.02631378173828
late,qiu2024,devmap,E10.0,E8.5-R3,11,489516,27743,E10.0,8.5,37.65867233276367
late,qiu2024,devmap,E10.0,E8.5-R3,12,489516,27743,E10.0,8.5,37.47076416015625
late,qiu2024,devmap,E10.0,E8.5-R3,13,489516,27743,E10.0,8.5,36.581336975097656
late,qiu2024,devmap,E10.0,E8.5-R3,14,489516,27743,E10.0,8.5,36.592552185058594
late,qiu2024,devmap,E10.0,E8.5-R3,15,489516,27743,E10.0,8.5,36.492919921875
late,qiu2024,devmap,E10.0,E8.5-R3,16,489516,27743,E10.0,8.5,36.66609191894531
late,qiu2024,devmap,E10.0,E8.5-R3,17,489516,27743,E10.0,8.5,35.97654342651367
late,qiu2024,devmap,E10.0,E8.5-R3,18,489516,27743,E10.0,8.5,36.86571502685547
late,qiu2024,devmap,E10.0,E8.5-R3,19,489516,27743,E10.0,8.5,37.4428825378418
late,qiu2024,devmap,E10.0,E8.5-R3,20,489516,27743,E10.0,8.5,36.133052825927734
late,qiu2024,devmap,E10.0,E8.5-R3,21,489516,27743,E10.0,8.5,36.55828094482422
late,qiu2024,devmap,E10.0,E8.5-R3,22,489516,27743,E10.0,8.5,36.63111877441406
late,qiu2024,devmap,E10.0,E8.5-R3,23,489516,27743,E10.0,8.5,36.62890625
late,qiu2024,devmap,E10.0,E8.5-R3,24,489516,27743,E10.0,8.5,36.081905364990234
late,qiu2024,devmap,E10.0,E8.5-R3,25,489516,27743,E10.0,8.5,37.780426025390625
late,qiu2024,devmap,E10.0,E8.5-R3,26,489516,27743,E10.0,8.5,36.302120208740234
late,qiu2024,devmap,E10.0,E8.5-R3,27,489516,27743,E10.0,8.5,36.66100311279297
late,qiu2024,devmap,E10.0,E8.5-R3,28,489516,27743,E10.0,8.5,36.896575927734375
late,qiu2024,devmap,E10.0,E8.5-R3,29,489516,27743,E10.0,8.5,37.05245590209961
late,qiu2024,devmap,E10.0,E8.5-R3,30,489516,27743,E10.0,8.5,36.052860260009766
late,qiu2024,devmap,E10.0,E8.5-R3,31,489516,27743,E10.0,8.5,37.757450103759766
late,qiu2024,devmap,E10.0,E8.5-R3,32,489516,27743,E10.0,8.5,37.656089782714844
late,qiu2024,devmap,E10.0,E8.5-R3,33,489516,27743,E10.0,8.5,36.918601989746094
late,qiu2024,devmap,E10.0,E8.5-R3,34,489516,27743,E10.0,8.5,37.103370666503906
late,qiu2024,devmap,E10.0,E8.5-R3,35,489516,27743,E10.0,8.5,37.452816009521484
late,qiu2024,devmap,E10.0,E8.5-R3,36,489516,27743,E10.0,8.5,36.14021301269531
late,qiu2024,devmap,E10.0,E8.5-R3,37,489516,27743,E10.0,8.5,36.17709732055664
late,qiu2024,devmap,E10.0,E8.5-R3,38,489516,27743,E10.0,8.5,37.715675354003906
late,qiu2024,devmap,E10.0,E8.5-R3,39,489516,27743,E10.0,8.5,36.51079559326172
late,qiu2024,devmap,E10.0,E8.5-R3,40,489516,27743,E10.0,8.5,35.93342971801758
late,qiu2024,devmap,E10.0,E8.5-R3,41,489516,27743,E10.0,8.5,37.705387115478516
late,qiu2024,devmap,E10.0,E8.5-R3,42,489516,27743,E10.0,8.5,37.241249084472656
late,qiu2024,devmap,E10.0,E8.5-R3,43,489516,27743,E10.0,8.5,36.793479919433594
late,qiu2024,devmap,E10.0,E8.5-R3,44,489516,27743,E10.0,8.5,37.71514129638672
late,qiu2024,devmap,E10.0,E8.5-R3,45,489516,27743,E10.0,8.5,36.66838073730469
late,qiu2024,devmap,E10.0,E8.5-R3,46,489516,27743,E10.0,8.5,36.17639923095703
late,qiu2024,devmap,E10.0,E8.5-R3,47,489516,27743,E10.0,8.5,37.71574401855469
late,qiu2024,devmap,E10.0,E8.5-R3,48,489516,27743,E10.0,8.5,37.982749938964844
late,qiu2024,devmap,E10.0,E8.5-R3,49,489516,27743,E10.0,8.5,37.135284423828125
late,qiu2024,devmap,E10.0,E9.0-R1,0,489516,92063,E10.0,9.0,29.48259735107422
late,qiu2024,devmap,E10.0,E9.0-R1,1,489516,92063,E10.0,9.0,29.636999130249023
late,qiu2024,devmap,E10.0,E9.0-R1,2,489516,92063,E10.0,9.0,29.179492950439453
late,qiu2024,devmap,E10.0,E9.0-R1,3,489516,92063,E10.0,9.0,28.75315284729004
late,qiu2024,devmap,E10.0,E9.0-R1,4,489516,92063,E10.0,9.0,29.968982696533203
late,qiu2024,devmap,E10.0,E9.0-R1,5,489516,92063,E10.0,9.0,28.90945053100586
late,qiu2024,devmap,E10.0,E9.0-R1,6,489516,92063,E10.0,9.0,28.217586517333984
late,qiu2024,devmap,E10.0,E9.0-R1,7,489516,92063,E10.0,9.0,29.972896575927734
late,qiu2024,devmap,E10.0,E9.0-R1,8,489516,92063,E10.0,9.0,29.064624786376953
late,qiu2024,devmap,E10.0,E9.0-R1,9,489516,92063,E10.0,9.0,29.477083206176758
late,qiu2024,devmap,E10.0,E9.0-R1,10,489516,92063,E10.0,9.0,28.038679122924805
late,qiu2024,devmap,E10.0,E9.0-R1,11,489516,92063,E10.0,9.0,28.3714599609375
late,qiu2024,devmap,E10.0,E9.0-R1,12,489516,92063,E10.0,9.0,28.32958221435547
late,qiu2024,devmap,E10.0,E9.0-R1,13,489516,92063,E10.0,9.0,28.267711639404297
late,qiu2024,devmap,E10.0,E9.0-R1,14,489516,92063,E10.0,9.0,29.54985809326172
late,qiu2024,devmap,E10.0,E9.0-R1,15,489516,92063,E10.0,9.0,29.38008689880371
late,qiu2024,devmap,E10.0,E9.0-R1,16,489516,92063,E10.0,9.0,27.887577056884766
late,qiu2024,devmap,E10.0,E9.0-R1,17,489516,92063,E10.0,9.0,28.557682037353516
late,qiu2024,devmap,E10.0,E9.0-R1,18,489516,92063,E10.0,9.0,29.24957847595215
late,qiu2024,devmap,E10.0,E9.0-R1,19,489516,92063,E10.0,9.0,29.50291633605957
late,qiu2024,devmap,E10.0,E9.0-R1,20,489516,92063,E10.0,9.0,28.885475158691406
late,qiu2024,devmap,E10.0,E9.0-R1,21,489516,92063,E10.0,9.0,28.90555191040039
late,qiu2024,devmap,E10.0,E9.0-R1,22,489516,92063,E10.0,9.0,29.779979705810547
late,qiu2024,devmap,E10.0,E9.0-R1,23,489516,92063,E10.0,9.0,29.12752914428711
late,qiu2024,devmap,E10.0,E9.0-R1,24,489516,92063,E10.0,9.0,29.89512062072754
late,qiu2024,devmap,E10.0,E9.0-R1,25,489516,92063,E10.0,9.0,30.36971664428711
late,qiu2024,devmap,E10.0,E9.0-R1,26,489516,92063,E10.0,9.0,29.33279800415039
late,qiu2024,devmap,E10.0,E9.0-R1,27,489516,92063,E10.0,9.0,29.416200637817383
late,qiu2024,devmap,E10.0,E9.0-R1,28,489516,92063,E10.0,9.0,28.703350067138672
late,qiu2024,devmap,E10.0,E9.0-R1,29,489516,92063,E10.0,9.0,29.568897247314453
late,qiu2024,devmap,E10.0,E9.0-R1,30,489516,92063,E10.0,9.0,28.679664611816406
late,qiu2024,devmap,E10.0,E9.0-R1,31,489516,92063,E10.0,9.0,29.751264572143555
late,qiu2024,devmap,E10.0,E9.0-R1,32,489516,92063,E10.0,9.0,29.055213928222656
late,qiu2024,devmap,E10.0,E9.0-R1,33,489516,92063,E10.0,9.0,28.886276245117188
late,qiu2024,devmap,E10.0,E9.0-R1,34,489516,92063,E10.0,9.0,28.476268768310547
late,qiu2024,devmap,E10.0,E9.0-R1,35,489516,92063,E10.0,9.0,28.478328704833984
late,qiu2024,devmap,E10.0,E9.0-R1,36,489516,92063,E10.0,9.0,29.086299896240234
late,qiu2024,devmap,E10.0,E9.0-R1,37,489516,92063,E10.0,9.0,29.21160125732422
late,qiu2024,devmap,E10.0,E9.0-R1,38,489516,92063,E10.0,9.0,28.643516540527344
late,qiu2024,devmap,E10.0,E9.0-R1,39,489516,92063,E10.0,9.0,29.015003204345703
late,qiu2024,devmap,E10.0,E9.0-R1,40,489516,92063,E10.0,9.0,29.06360626220703
late,qiu2024,devmap,E10.0,E9.0-R1,41,489516,92063,E10.0,9.0,28.607547760009766
late,qiu2024,devmap,E10.0,E9.0-R1,42,489516,92063,E10.0,9.0,29.04709243774414
late,qiu2024,devmap,E10.0,E9.0-R1,43,489516,92063,E10.0,9.0,29.60329818725586
late,qiu2024,devmap,E10.0,E9.0-R1,44,489516,92063,E10.0,9.0,28.886157989501953
late,qiu2024,devmap,E10.0,E9.0-R1,45,489516,92063,E10.0,9.0,28.439777374267578
late,qiu2024,devmap,E10.0,E9.0-R1,46,489516,92063,E10.0,9.0,29.237075805664062
late,qiu2024,devmap,E10.0,E9.0-R1,47,489516,92063,E10.0,9.0,29.245269775390625
late,qiu2024,devmap,E10.0,E9.0-R1,48,489516,92063,E10.0,9.0,28.848819732666016
late,qiu2024,devmap,E10.0,E9.0-R1,49,489516,92063,E10.0,9.0,30.161300659179688
late,qiu2024,devmap,E10.0,E9.0-R2,0,489516,99878,E10.0,9.0,25.914356231689453
late,qiu2024,devmap,E10.0,E9.0-R2,1,489516,99878,E10.0,9.0,26.1309814453125
late,qiu2024,devmap,E10.0,E9.0-R2,2,489516,99878,E10.0,9.0,25.60470199584961
late,qiu2024,devmap,E10.0,E9.0-R2,3,489516,99878,E10.0,9.0,25.843673706054688
late,qiu2024,devmap,E10.0,E9.0-R2,4,489516,99878,E10.0,9.0,26.26806640625
late,qiu2024,devmap,E10.0,E9.0-R2,5,489516,99878,E10.0,9.0,26.503557205200195
late,qiu2024,devmap,E10.0,E9.0-R2,6,489516,99878,E10.0,9.0,25.969100952148438
late,qiu2024,devmap,E10.0,E9.0-R2,7,489516,99878,E10.0,9.0,26.076522827148438
late,qiu2024,devmap,E10.0,E9.0-R2,8,489516,99878,E10.0,9.0,26.336196899414062
late,qiu2024,devmap,E10.0,E9.0-R2,9,489516,99878,E10.0,9.0,26.690654754638672
late,qiu2024,devmap,E10.0,E9.0-R2,10,489516,99878,E10.0,9.0,26.0353946685791
late,qiu2024,devmap,E10.0,E9.0-R2,11,489516,99878,E10.0,9.0,25.200634002685547
late,qiu2024,devmap,E10.0,E9.0-R2,12,489516,99878,E10.0,9.0,25.510883331298828
late,qiu2024,devmap,E10.0,E9.0-R2,13,489516,99878,E10.0,9.0,25.898609161376953
late,qiu2024,devmap,E10.0,E9.0-R2,14,489516,99878,E10.0,9.0,26.164575576782227
late,qiu2024,devmap,E10.0,E9.0-R2,15,489516,99878,E10.0,9.0,25.96263313293457
late,qiu2024,devmap,E10.0,E9.0-R2,16,489516,99878,E10.0,9.0,26.025985717773438
late,qiu2024,devmap,E10.0,E9.0-R2,17,489516,99878,E10.0,9.0,26.0163516998291
late,qiu2024,devmap,E10.0,E9.0-R2,18,489516,99878,E10.0,9.0,26.92328453063965
late,qiu2024,devmap,E10.0,E9.0-R2,19,489516,99878,E10.0,9.0,26.481868743896484
late,qiu2024,devmap,E10.0,E9.0-R2,20,489516,99878,E10.0,9.0,25.071123123168945
late,qiu2024,devmap,E10.0,E9.0-R2,21,489516,99878,E10.0,9.0,26.279064178466797
late,qiu2024,devmap,E10.0,E9.0-R2,22,489516,99878,E10.0,9.0,25.64524269104004
late,qiu2024,devmap,E10.0,E9.0-R2,23,489516,99878,E10.0,9.0,25.80983543395996
late,qiu2024,devmap,E10.0,E9.0-R2,24,489516,99878,E10.0,9.0,25.637012481689453
late,qiu2024,devmap,E10.0,E9.0-R2,25,489516,99878,E10.0,9.0,26.548625946044922
late,qiu2024,devmap,E10.0,E9.0-R2,26,489516,99878,E10.0,9.0,26.54465103149414
late,qiu2024,devmap,E10.0,E9.0-R2,27,489516,99878,E10.0,9.0,26.48518180847168
late,qiu2024,devmap,E10.0,E9.0-R2,28,489516,99878,E10.0,9.0,25.72588539123535
late,qiu2024,devmap,E10.0,E9.0-R2,29,489516,99878,E10.0,9.0,26.595684051513672
late,qiu2024,devmap,E10.0,E9.0-R2,30,489516,99878,E10.0,9.0,25.96124267578125
late,qiu2024,devmap,E10.0,E9.0-R2,31,489516,99878,E10.0,9.0,26.25298500061035
late,qiu2024,devmap,E10.0,E9.0-R2,32,489516,99878,E10.0,9.0,26.26304817199707
late,qiu2024,devmap,E10.0,E9.0-R2,33,489516,99878,E10.0,9.0,26.366764068603516
late,qiu2024,devmap,E10.0,E9.0-R2,34,489516,99878,E10.0,9.0,26.27106475830078
late,qiu2024,devmap,E10.0,E9.0-R2,35,489516,99878,E10.0,9.0,25.58204460144043
late,qiu2024,devmap,E10.0,E9.0-R2,36,489516,99878,E10.0,9.0,26.387401580810547
late,qiu2024,devmap,E10.0,E9.0-R2,37,489516,99878,E10.0,9.0,26.485746383666992
late,qiu2024,devmap,E10.0,E9.0-R2,38,489516,99878,E10.0,9.0,25.822681427001953
late,qiu2024,devmap,E10.0,E9.0-R2,39,489516,99878,E10.0,9.0,25.523103713989258
late,qiu2024,devmap,E10.0,E9.0-R2,40,489516,99878,E10.0,9.0,26.03091049194336
late,qiu2024,devmap,E10.0,E9.0-R2,41,489516,99878,E10.0,9.0,25.586036682128906
late,qiu2024,devmap,E10.0,E9.0-R2,42,489516,99878,E10.0,9.0,25.619197845458984
late,qiu2024,devmap,E10.0,E9.0-R2,43,489516,99878,E10.0,9.0,27.283397674560547
late,qiu2024,devmap,E10.0,E9.0-R2,44,489516,99878,E10.0,9.0,26.579051971435547
late,qiu2024,devmap,E10.0,E9.0-R2,45,489516,99878,E10.0,9.0,26.06784439086914
late,qiu2024,devmap,E10.0,E9.0-R2,46,489516,99878,E10.0,9.0,25.661800384521484
late,qiu2024,devmap,E10.0,E9.0-R2,47,489516,99878,E10.0,9.0,25.36789321899414
late,qiu2024,devmap,E10.0,E9.0-R2,48,489516,99878,E10.0,9.0,26.646142959594727
late,qiu2024,devmap,E10.0,E9.0-R2,49,489516,99878,E10.0,9.0,26.104488372802734
late,qiu2024,devmap,E10.0,E9.0-R3,0,489516,62867,E10.0,9.0,33.04872131347656
late,qiu2024,devmap,E10.0,E9.0-R3,1,489516,62867,E10.0,9.0,31.142385482788086
late,qiu2024,devmap,E10.0,E9.0-R3,2,489516,62867,E10.0,9.0,32.385536193847656
late,qiu2024,devmap,E10.0,E9.0-R3,3,489516,62867,E10.0,9.0,32.26335144042969
late,qiu2024,devmap,E10.0,E9.0-R3,4,489516,62867,E10.0,9.0,32.36722183227539
late,qiu2024,devmap,E10.0,E9.0-R3,5,489516,62867,E10.0,9.0,32.57878112792969
late,qiu2024,devmap,E10.0,E9.0-R3,6,489516,62867,E10.0,9.0,31.915874481201172
late,qiu2024,devmap,E10.0,E9.0-R3,7,489516,62867,E10.0,9.0,32.87877655029297
late,qiu2024,devmap,E10.0,E9.0-R3,8,489516,62867,E10.0,9.0,32.22428894042969
late,qiu2024,devmap,E10.0,E9.0-R3,9,489516,62867,E10.0,9.0,32.23139572143555
late,qiu2024,devmap,E10.0,E9.0-R3,10,489516,62867,E10.0,9.0,31.95465850830078
late,qiu2024,devmap,E10.0,E9.0-R3,11,489516,62867,E10.0,9.0,33.53999710083008
late,qiu2024,devmap,E10.0,E9.0-R3,12,489516,62867,E10.0,9.0,33.58451843261719
late,qiu2024,devmap,E10.0,E9.0-R3,13,489516,62867,E10.0,9.0,31.782609939575195
late,qiu2024,devmap,E10.0,E9.0-R3,14,489516,62867,E10.0,9.0,32.32439422607422
late,qiu2024,devmap,E10.0,E9.0-R3,15,489516,62867,E10.0,9.0,32.53618621826172
late,qiu2024,devmap,E10.0,E9.0-R3,16,489516,62867,E10.0,9.0,30.810747146606445
late,qiu2024,devmap,E10.0,E9.0-R3,17,489516,62867,E10.0,9.0,33.190650939941406
late,qiu2024,devmap,E10.0,E9.0-R3,18,489516,62867,E10.0,9.0,33.65251541137695
late,qiu2024,devmap,E10.0,E9.0-R3,19,489516,62867,E10.0,9.0,32.163291931152344
late,qiu2024,devmap,E10.0,E9.0-R3,20,489516,62867,E10.0,9.0,32.33840560913086
late,qiu2024,devmap,E10.0,E9.0-R3,21,489516,62867,E10.0,9.0,33.29070281982422
late,qiu2024,devmap,E10.0,E9.0-R3,22,489516,62867,E10.0,9.0,32.36857223510742
late,qiu2024,devmap,E10.0,E9.0-R3,23,489516,62867,E10.0,9.0,32.92926025390625
late,qiu2024,devmap,E10.0,E9.0-R3,24,489516,62867,E10.0,9.0,32.57647705078125
late,qiu2024,devmap,E10.0,E9.0-R3,25,489516,62867,E10.0,9.0,32.29096984863281
late,qiu2024,devmap,E10.0,E9.0-R3,26,489516,62867,E10.0,9.0,32.72426986694336
late,qiu2024,devmap,E10.0,E9.0-R3,27,489516,62867,E10.0,9.0,31.260957717895508
late,qiu2024,devmap,E10.0,E9.0-R3,28,489516,62867,E10.0,9.0,32.91853713989258
late,qiu2024,devmap,E10.0,E9.0-R3,29,489516,62867,E10.0,9.0,32.23143768310547
late,qiu2024,devmap,E10.0,E9.0-R3,30,489516,62867,E10.0,9.0,31.786367416381836
late,qiu2024,devmap,E10.0,E9.0-R3,31,489516,62867,E10.0,9.0,33.101924896240234
late,qiu2024,devmap,E10.0,E9.0-R3,32,489516,62867,E10.0,9.0,32.756195068359375
late,qiu2024,devmap,E10.0,E9.0-R3,33,489516,62867,E10.0,9.0,32.82611846923828
late,qiu2024,devmap,E10.0,E9.0-R3,34,489516,62867,E10.0,9.0,31.815153121948242
late,qiu2024,devmap,E10.0,E9.0-R3,35,489516,62867,E10.0,9.0,32.95555114746094
late,qiu2024,devmap,E10.0,E9.0-R3,36,489516,62867,E10.0,9.0,32.59056854248047
late,qiu2024,devmap,E10.0,E9.0-R3,37,489516,62867,E10.0,9.0,32.6346321105957
late,qiu2024,devmap,E10.0,E9.0-R3,38,489516,62867,E10.0,9.0,33.32236099243164
late,qiu2024,devmap,E10.0,E9.0-R3,39,489516,62867,E10.0,9.0,31.90039825439453
late,qiu2024,devmap,E10.0,E9.0-R3,40,489516,62867,E10.0,9.0,33.0043830871582
late,qiu2024,devmap,E10.0,E9.0-R3,41,489516,62867,E10.0,9.0,31.910778045654297
late,qiu2024,devmap,E10.0,E9.0-R3,42,489516,62867,E10.0,9.0,32.94138717651367
late,qiu2024,devmap,E10.0,E9.0-R3,43,489516,62867,E10.0,9.0,32.99118423461914
late,qiu2024,devmap,E10.0,E9.0-R3,44,489516,62867,E10.0,9.0,31.93404197692871
late,qiu2024,devmap,E10.0,E9.0-R3,45,489516,62867,E10.0,9.0,31.915328979492188
late,qiu2024,devmap,E10.0,E9.0-R3,46,489516,62867,E10.0,9.0,32.59648895263672
late,qiu2024,devmap,E10.0,E9.0-R3,47,489516,62867,E10.0,9.0,32.32524108886719
late,qiu2024,devmap,E10.0,E9.0-R3,48,489516,62867,E10.0,9.0,32.42436599731445
late,qiu2024,devmap,E10.0,E9.0-R3,49,489516,62867,E10.0,9.0,32.06158447265625
late,qiu2024,devmap,E10.0,E9.5-R1,0,489516,383453,E10.0,9.5,21.462549209594727
late,qiu2024,devmap,E10.0,E9.5-R1,1,489516,383453,E10.0,9.5,20.94512176513672
late,qiu2024,devmap,E10.0,E9.5-R1,2,489516,383453,E10.0,9.5,22.084320068359375
late,qiu2024,devmap,E10.0,E9.5-R1,3,489516,383453,E10.0,9.5,21.56828498840332
late,qiu2024,devmap,E10.0,E9.5-R1,4,489516,383453,E10.0,9.5,21.641761779785156
late,qiu2024,devmap,E10.0,E9.5-R1,5,489516,383453,E10.0,9.5,20.97512435913086
late,qiu2024,devmap,E10.0,E9.5-R1,6,489516,383453,E10.0,9.5,21.699413299560547
late,qiu2024,devmap,E10.0,E9.5-R1,7,489516,383453,E10.0,9.5,20.9652099609375
late,qiu2024,devmap,E10.0,E9.5-R1,8,489516,383453,E10.0,9.5,21.429141998291016
late,qiu2024,devmap,E10.0,E9.5-R1,9,489516,383453,E10.0,9.5,20.855213165283203
late,qiu2024,devmap,E10.0,E9.5-R1,10,489516,383453,E10.0,9.5,20.883302688598633
late,qiu2024,devmap,E10.0,E9.5-R1,11,489516,383453,E10.0,9.5,21.063091278076172
late,qiu2024,devmap,E10.0,E9.5-R1,12,489516,383453,E10.0,9.5,20.931488037109375
late,qiu2024,devmap,E10.0,E9.5-R1,13,489516,383453,E10.0,9.5,21.09648895263672
late,qiu2024,devmap,E10.0,E9.5-R1,14,489516,383453,E10.0,9.5,20.944965362548828
late,qiu2024,devmap,E10.0,E9.5-R1,15,489516,383453,E10.0,9.5,21.324968338012695
late,qiu2024,devmap,E10.0,E9.5-R1,16,489516,383453,E10.0,9.5,21.15533447265625
late,qiu2024,devmap,E10.0,E9.5-R1,17,489516,383453,E10.0,9.5,21.079999923706055
late,qiu2024,devmap,E10.0,E9.5-R1,18,489516,383453,E10.0,9.5,21.045032501220703
late,qiu2024,devmap,E10.0,E9.5-R1,19,489516,383453,E10.0,9.5,21.220251083374023
late,qiu2024,devmap,E10.0,E9.5-R1,20,489516,383453,E10.0,9.5,21.170330047607422
late,qiu2024,devmap,E10.0,E9.5-R1,21,489516,383453,E10.0,9.5,21.003662109375
late,qiu2024,devmap,E10.0,E9.5-R1,22,489516,383453,E10.0,9.5,21.327999114990234
late,qiu2024,devmap,E10.0,E9.5-R1,23,489516,383453,E10.0,9.5,21.360342025756836
late,qiu2024,devmap,E10.0,E9.5-R1,24,489516,383453,E10.0,9.5,21.056550979614258
late,qiu2024,devmap,E10.0,E9.5-R1,25,489516,383453,E10.0,9.5,21.276668548583984
late,qiu2024,devmap,E10.0,E9.5-R1,26,489516,383453,E10.0,9.5,21.122074127197266
late,qiu2024,devmap,E10.0,E9.5-R1,27,489516,383453,E10.0,9.5,21.55875015258789
late,qiu2024,devmap,E10.0,E9.5-R1,28,489516,383453,E10.0,9.5,21.852577209472656
late,qiu2024,devmap,E10.0,E9.5-R1,29,489516,383453,E10.0,9.5,22.199077606201172
late,qiu2024,devmap,E10.0,E9.5-R1,30,489516,383453,E10.0,9.5,20.931018829345703
late,qiu2024,devmap,E10.0,E9.5-R1,31,489516,383453,E10.0,9.5,20.96200180053711
late,qiu2024,devmap,E10.0,E9.5-R1,32,489516,383453,E10.0,9.5,20.54888153076172
late,qiu2024,devmap,E10.0,E9.5-R1,33,489516,383453,E10.0,9.5,21.373035430908203
late,qiu2024,devmap,E10.0,E9.5-R1,34,489516,383453,E10.0,9.5,21.277130126953125
late,qiu2024,devmap,E10.0,E9.5-R1,35,489516,383453,E10.0,9.5,21.229951858520508
late,qiu2024,devmap,E10.0,E9.5-R1,36,489516,383453,E10.0,9.5,21.2437686920166
late,qiu2024,devmap,E10.0,E9.5-R1,37,489516,383453,E10.0,9.5,21.350128173828125
late,qiu2024,devmap,E10.0,E9.5-R1,38,489516,383453,E10.0,9.5,21.237850189208984
late,qiu2024,devmap,E10.0,E9.5-R1,39,489516,383453,E10.0,9.5,21.23977279663086
late,qiu2024,devmap,E10.0,E9.5-R1,40,489516,383453,E10.0,9.5,21.512039184570312
late,qiu2024,devmap,E10.0,E9.5-R1,41,489516,383453,E10.0,9.5,20.786251068115234
late,qiu2024,devmap,E10.0,E9.5-R1,42,489516,383453,E10.0,9.5,21.396270751953125
late,qiu2024,devmap,E10.0,E9.5-R1,43,489516,383453,E10.0,9.5,21.277637481689453
late,qiu2024,devmap,E10.0,E9.5-R1,44,489516,383453,E10.0,9.5,20.499988555908203
late,qiu2024,devmap,E10.0,E9.5-R1,45,489516,383453,E10.0,9.5,21.645992279052734
late,qiu2024,devmap,E10.0,E9.5-R1,46,489516,383453,E10.0,9.5,21.671384811401367
late,qiu2024,devmap,E10.0,E9.5-R1,47,489516,383453,E10.0,9.5,21.281599044799805
late,qiu2024,devmap,E10.0,E9.5-R1,48,489516,383453,E10.0,9.5,20.998851776123047
late,qiu2024,devmap,E10.0,E9.5-R1,49,489516,383453,E10.0,9.5,21.561843872070312
late,qiu2024,devmap,E10.0,E9.5-R2,0,489516,350716,E10.0,9.5,21.01151466369629
late,qiu2024,devmap,E10.0,E9.5-R2,1,489516,350716,E10.0,9.5,20.709218978881836
late,qiu2024,devmap,E10.0,E9.5-R2,2,489516,350716,E10.0,9.5,20.534687042236328
late,qiu2024,devmap,E10.0,E9.5-R2,3,489516,350716,E10.0,9.5,21.14386749267578
late,qiu2024,devmap,E10.0,E9.5-R2,4,489516,350716,E10.0,9.5,21.307266235351562
late,qiu2024,devmap,E10.0,E9.5-R2,5,489516,350716,E10.0,9.5,21.433048248291016
late,qiu2024,devmap,E10.0,E9.5-R2,6,489516,350716,E10.0,9.5,21.400814056396484
late,qiu2024,devmap,E10.0,E9.5-R2,7,489516,350716,E10.0,9.5,20.92469024658203
late,qiu2024,devmap,E10.0,E9.5-R2,8,489516,350716,E10.0,9.5,21.322999954223633
late,qiu2024,devmap,E10.0,E9.5-R2,9,489516,350716,E10.0,9.5,21.42708396911621
late,qiu2024,devmap,E10.0,E9.5-R2,10,489516,350716,E10.0,9.5,21.084884643554688
late,qiu2024,devmap,E10.0,E9.5-R2,11,489516,350716,E10.0,9.5,21.740814208984375
late,qiu2024,devmap,E10.0,E9.5-R2,12,489516,350716,E10.0,9.5,20.670272827148438
late,qiu2024,devmap,E10.0,E9.5-R2,13,489516,350716,E10.0,9.5,20.887962341308594
late,qiu2024,devmap,E10.0,E9.5-R2,14,489516,350716,E10.0,9.5,21.51880645751953
late,qiu2024,devmap,E10.0,E9.5-R2,15,489516,350716,E10.0,9.5,21.119064331054688
late,qiu2024,devmap,E10.0,E9.5-R2,16,489516,350716,E10.0,9.5,20.378700256347656
late,qiu2024,devmap,E10.0,E9.5-R2,17,489516,350716,E10.0,9.5,21.291669845581055
late,qiu2024,devmap,E10.0,E9.5-R2,18,489516,350716,E10.0,9.5,21.17174530029297
late,qiu2024,devmap,E10.0,E9.5-R2,19,489516,350716,E10.0,9.5,21.24687957763672
late,qiu2024,devmap,E10.0,E9.5-R2,20,489516,350716,E10.0,9.5,21.202049255371094
late,qiu2024,devmap,E10.0,E9.5-R2,21,489516,350716,E10.0,9.5,20.881513595581055
late,qiu2024,devmap,E10.0,E9.5-R2,22,489516,350716,E10.0,9.5,21.15863037109375
late,qiu2024,devmap,E10.0,E9.5-R2,23,489516,350716,E10.0,9.5,20.813940048217773
late,qiu2024,devmap,E10.0,E9.5-R2,24,489516,350716,E10.0,9.5,20.96245002746582
late,qiu2024,devmap,E10.0,E9.5-R2,25,489516,350716,E10.0,9.5,21.278772354125977
late,qiu2024,devmap,E10.0,E9.5-R2,26,489516,350716,E10.0,9.5,21.091115951538086
late,qiu2024,devmap,E10.0,E9.5-R2,27,489516,350716,E10.0,9.5,21.089040756225586
late,qiu2024,devmap,E10.0,E9.5-R2,28,489516,350716,E10.0,9.5,21.058761596679688
late,qiu2024,devmap,E10.0,E9.5-R2,29,489516,350716,E10.0,9.5,21.55974769592285
late,qiu2024,devmap,E10.0,E9.5-R2,30,489516,350716,E10.0,9.5,21.015331268310547
late,qiu2024,devmap,E10.0,E9.5-R2,31,489516,350716,E10.0,9.5,20.63673973083496
late,qiu2024,devmap,E10.0,E9.5-R2,32,489516,350716,E10.0,9.5,21.003585815429688
late,qiu2024,devmap,E10.0,E9.5-R2,33,489516,350716,E10.0,9.5,21.379974365234375
late,qiu2024,devmap,E10.0,E9.5-R2,34,489516,350716,E10.0,9.5,21.15951156616211
late,qiu2024,devmap,E10.0,E9.5-R2,35,489516,350716,E10.0,9.5,21.53628921508789
late,qiu2024,devmap,E10.0,E9.5-R2,36,489516,350716,E10.0,9.5,21.298633575439453
late,qiu2024,devmap,E10.0,E9.5-R2,37,489516,350716,E10.0,9.5,21.317787170410156
late,qiu2024,devmap,E10.0,E9.5-R2,38,489516,350716,E10.0,9.5,21.176239013671875
late,qiu2024,devmap,E10.0,E9.5-R2,39,489516,350716,E10.0,9.5,21.624113082885742
late,qiu2024,devmap,E10.0,E9.5-R2,40,489516,350716,E10.0,9.5,21.136524200439453
late,qiu2024,devmap,E10.0,E9.5-R2,41,489516,350716,E10.0,9.5,21.060007095336914
late,qiu2024,devmap,E10.0,E9.5-R2,42,489516,350716,E10.0,9.5,21.290637969970703
late,qiu2024,devmap,E10.0,E9.5-R2,43,489516,350716,E10.0,9.5,20.86593246459961
late,qiu2024,devmap,E10.0,E9.5-R2,44,489516,350716,E10.0,9.5,21.422435760498047
late,qiu2024,devmap,E10.0,E9.5-R2,45,489516,350716,E10.0,9.5,20.9530029296875
late,qiu2024,devmap,E10.0,E9.5-R2,46,489516,350716,E10.0,9.5,21.01724624633789
late,qiu2024,devmap,E10.0,E9.5-R2,47,489516,350716,E10.0,9.5,21.384624481201172
late,qiu2024,devmap,E10.0,E9.5-R2,48,489516,350716,E10.0,9.5,21.379093170166016
late,qiu2024,devmap,E10.0,E9.5-R2,49,489516,350716,E10.0,9.5,21.116331100463867
late,qiu2024,devmap,E10.0,E9.5-R3,0,489516,342873,E10.0,9.5,20.936851501464844
late,qiu2024,devmap,E10.0,E9.5-R3,1,489516,342873,E10.0,9.5,20.84123992919922
late,qiu2024,devmap,E10.0,E9.5-R3,2,489516,342873,E10.0,9.5,20.309982299804688
late,qiu2024,devmap,E10.0,E9.5-R3,3,489516,342873,E10.0,9.5,19.97393798828125
late,qiu2024,devmap,E10.0,E9.5-R3,4,489516,342873,E10.0,9.5,20.35386848449707
late,qiu2024,devmap,E10.0,E9.5-R3,5,489516,342873,E10.0,9.5,20.489776611328125
late,qiu2024,devmap,E10.0,E9.5-R3,6,489516,342873,E10.0,9.5,21.110313415527344
late,qiu2024,devmap,E10.0,E9.5-R3,7,489516,342873,E10.0,9.5,20.344375610351562
late,qiu2024,devmap,E10.0,E9.5-R3,8,489516,342873,E10.0,9.5,20.296646118164062
late,qiu2024,devmap,E10.0,E9.5-R3,9,489516,342873,E10.0,9.5,20.126239776611328
late,qiu2024,devmap,E10.0,E9.5-R3,10,489516,342873,E10.0,9.5,20.293533325195312
late,qiu2024,devmap,E10.0,E9.5-R3,11,489516,342873,E10.0,9.5,20.753154754638672
late,qiu2024,devmap,E10.0,E9.5-R3,12,489516,342873,E10.0,9.5,20.949508666992188
late,qiu2024,devmap,E10.0,E9.5-R3,13,489516,342873,E10.0,9.5,19.977493286132812
late,qiu2024,devmap,E10.0,E9.5-R3,14,489516,342873,E10.0,9.5,20.4950008392334
late,qiu2024,devmap,E10.0,E9.5-R3,15,489516,342873,E10.0,9.5,20.367563247680664
late,qiu2024,devmap,E10.0,E9.5-R3,16,489516,342873,E10.0,9.5,20.678014755249023
late,qiu2024,devmap,E10.0,E9.5-R3,17,489516,342873,E10.0,9.5,20.77294921875
late,qiu2024,devmap,E10.0,E9.5-R3,18,489516,342873,E10.0,9.5,20.117828369140625
late,qiu2024,devmap,E10.0,E9.5-R3,19,489516,342873,E10.0,9.5,20.221515655517578
late,qiu2024,devmap,E10.0,E9.5-R3,20,489516,342873,E10.0,9.5,20.417675018310547
late,qiu2024,devmap,E10.0,E9.5-R3,21,489516,342873,E10.0,9.5,20.873273849487305
late,qiu2024,devmap,E10.0,E9.5-R3,22,489516,342873,E10.0,9.5,19.925870895385742
late,qiu2024,devmap,E10.0,E9.5-R3,23,489516,342873,E10.0,9.5,20.41527557373047
late,qiu2024,devmap,E10.0,E9.5-R3,24,489516,342873,E10.0,9.5,20.669700622558594
late,qiu2024,devmap,E10.0,E9.5-R3,25,489516,342873,E10.0,9.5,20.226001739501953
late,qiu2024,devmap,E10.0,E9.5-R3,26,489516,342873,E10.0,9.5,20.613574981689453
late,qiu2024,devmap,E10.0,E9.5-R3,27,489516,342873,E10.0,9.5,20.53158950805664
late,qiu2024,devmap,E10.0,E9.5-R3,28,489516,342873,E10.0,9.5,21.49650001525879
late,qiu2024,devmap,E10.0,E9.5-R3,29,489516,342873,E10.0,9.5,21.484943389892578
late,qiu2024,devmap,E10.0,E9.5-R3,30,489516,342873,E10.0,9.5,19.711814880371094
late,qiu2024,devmap,E10.0,E9.5-R3,31,489516,342873,E10.0,9.5,20.493101119995117
late,qiu2024,devmap,E10.0,E9.5-R3,32,489516,342873,E10.0,9.5,20.803142547607422
late,qiu2024,devmap,E10.0,E9.5-R3,33,489516,342873,E10.0,9.5,20.215009689331055
late,qiu2024,devmap,E10.0,E9.5-R3,34,489516,342873,E10.0,9.5,19.957040786743164
late,qiu2024,devmap,E10.0,E9.5-R3,35,489516,342873,E10.0,9.5,20.391023635864258
late,qiu2024,devmap,E10.0,E9.5-R3,36,489516,342873,E10.0,9.5,20.212646484375
late,qiu2024,devmap,E10.0,E9.5-R3,37,489516,342873,E10.0,9.5,20.487483978271484
late,qiu2024,devmap,E10.0,E9.5-R3,38,489516,342873,E10.0,9.5,20.787044525146484
late,qiu2024,devmap,E10.0,E9.5-R3,39,489516,342873,E10.0,9.5,20.474769592285156
late,qiu2024,devmap,E10.0,E9.5-R3,40,489516,342873,E10.0,9.5,20.983144760131836
late,qiu2024,devmap,E10.0,E9.5-R3,41,489516,342873,E10.0,9.5,20.390472412109375
late,qiu2024,devmap,E10.0,E9.5-R3,42,489516,342873,E10.0,9.5,20.694602966308594
late,qiu2024,devmap,E10.0,E9.5-R3,43,489516,342873,E10.0,9.5,20.691692352294922
late,qiu2024,devmap,E10.0,E9.5-R3,44,489516,342873,E10.0,9.5,20.584774017333984
late,qiu2024,devmap,E10.0,E9.5-R3,45,489516,342873,E10.0,9.5,20.630718231201172
late,qiu2024,devmap,E10.0,E9.5-R3,46,489516,342873,E10.0,9.5,20.127140045166016
late,qiu2024,devmap,E10.0,E9.5-R3,47,489516,342873,E10.0,9.5,20.963504791259766
late,qiu2024,devmap,E10.0,E9.5-R3,48,489516,342873,E10.0,9.5,20.679645538330078
late,qiu2024,devmap,E10.0,E9.5-R3,49,489516,342873,E10.0,9.5,20.475374221801758
late,qiu2024,devmap,E10.0,E10.0-R1,0,489516,347550,E10.0,10.0,20.355735778808594
late,qiu2024,devmap,E10.0,E10.0-R1,1,489516,347550,E10.0,10.0,19.776874542236328
late,qiu2024,devmap,E10.0,E10.0-R1,2,489516,347550,E10.0,10.0,21.126358032226562
late,qiu2024,devmap,E10.0,E10.0-R1,3,489516,347550,E10.0,10.0,20.784767150878906
late,qiu2024,devmap,E10.0,E10.0-R1,4,489516,347550,E10.0,10.0,20.97724151611328
late,qiu2024,devmap,E10.0,E10.0-R1,5,489516,347550,E10.0,10.0,20.278507232666016
late,qiu2024,devmap,E10.0,E10.0-R1,6,489516,347550,E10.0,10.0,20.98110580444336
late,qiu2024,devmap,E10.0,E10.0-R1,7,489516,347550,E10.0,10.0,20.066116333007812
late,qiu2024,devmap,E10.0,E10.0-R1,8,489516,347550,E10.0,10.0,20.432636260986328
late,qiu2024,devmap,E10.0,E10.0-R1,9,489516,347550,E10.0,10.0,21.064071655273438
late,qiu2024,devmap,E10.0,E10.0-R1,10,489516,347550,E10.0,10.0,19.87160873413086
late,qiu2024,devmap,E10.0,E10.0-R1,11,489516,347550,E10.0,10.0,19.96310043334961
late,qiu2024,devmap,E10.0,E10.0-R1,12,489516,347550,E10.0,10.0,20.95923614501953
late,qiu2024,devmap,E10.0,E10.0-R1,13,489516,347550,E10.0,10.0,20.395549774169922
late,qiu2024,devmap,E10.0,E10.0-R1,14,489516,347550,E10.0,10.0,20.437047958374023
late,qiu2024,devmap,E10.0,E10.0-R1,15,489516,347550,E10.0,10.0,20.70388412475586
late,qiu2024,devmap,E10.0,E10.0-R1,16,489516,347550,E10.0,10.0,20.574874877929688
late,qiu2024,devmap,E10.0,E10.0-R1,17,489516,347550,E10.0,10.0,20.287456512451172
late,qiu2024,devmap,E10.0,E10.0-R1,18,489516,347550,E10.0,10.0,20.13698959350586
late,qiu2024,devmap,E10.0,E10.0-R1,19,489516,347550,E10.0,10.0,20.358333587646484
late,qiu2024,devmap,E10.0,E10.0-R1,20,489516,347550,E10.0,10.0,20.28512954711914
late,qiu2024,devmap,E10.0,E10.0-R1,21,489516,347550,E10.0,10.0,20.49123764038086
late,qiu2024,devmap,E10.0,E10.0-R1,22,489516,347550,E10.0,10.0,20.146873474121094
late,qiu2024,devmap,E10.0,E10.0-R1,23,489516,347550,E10.0,10.0,20.101667404174805
late,qiu2024,devmap,E10.0,E10.0-R1,24,489516,347550,E10.0,10.0,20.6204833984375
late,qiu2024,devmap,E10.0,E10.0-R1,25,489516,347550,E10.0,10.0,20.650808334350586
late,qiu2024,devmap,E10.0,E10.0-R1,26,489516,347550,E10.0,10.0,20.060150146484375
late,qiu2024,devmap,E10.0,E10.0-R1,27,489516,347550,E10.0,10.0,20.17505645751953
late,qiu2024,devmap,E10.0,E10.0-R1,28,489516,347550,E10.0,10.0,20.360084533691406
late,qiu2024,devmap,E10.0,E10.0-R1,29,489516,347550,E10.0,10.0,20.84133529663086
late,qiu2024,devmap,E10.0,E10.0-R1,30,489516,347550,E10.0,10.0,20.706876754760742
late,qiu2024,devmap,E10.0,E10.0-R1,31,489516,347550,E10.0,10.0,20.303451538085938
late,qiu2024,devmap,E10.0,E10.0-R1,32,489516,347550,E10.0,10.0,20.33000946044922
late,qiu2024,devmap,E10.0,E10.0-R1,33,489516,347550,E10.0,10.0,20.584243774414062
late,qiu2024,devmap,E10.0,E10.0-R1,34,489516,347550,E10.0,10.0,21.050579071044922
late,qiu2024,devmap,E10.0,E10.0-R1,35,489516,347550,E10.0,10.0,20.596696853637695
late,qiu2024,devmap,E10.0,E10.0-R1,36,489516,347550,E10.0,10.0,20.466182708740234
late,qiu2024,devmap,E10.0,E10.0-R1,37,489516,347550,E10.0,10.0,20.0784912109375
late,qiu2024,devmap,E10.0,E10.0-R1,38,489516,347550,E10.0,10.0,20.421123504638672
late,qiu2024,devmap,E10.0,E10.0-R1,39,489516,347550,E10.0,10.0,20.144145965576172
late,qiu2024,devmap,E10.0,E10.0-R1,40,489516,347550,E10.0,10.0,20.05107307434082
late,qiu2024,devmap,E10.0,E10.0-R1,41,489516,347550,E10.0,10.0,20.188322067260742
late,qiu2024,devmap,E10.0,E10.0-R1,42,489516,347550,E10.0,10.0,20.520517349243164
late,qiu2024,devmap,E10.0,E10.0-R1,43,489516,347550,E10.0,10.0,20.924888610839844
late,qiu2024,devmap,E10.0,E10.0-R1,44,489516,347550,E10.0,10.0,20.162080764770508
late,qiu2024,devmap,E10.0,E10.0-R1,45,489516,347550,E10.0,10.0,20.976041793823242
late,qiu2024,devmap,E10.0,E10.0-R1,46,489516,347550,E10.0,10.0,20.5390625
late,qiu2024,devmap,E10.0,E10.0-R1,47,489516,347550,E10.0,10.0,20.574974060058594
late,qiu2024,devmap,E10.0,E10.0-R1,48,489516,347550,E10.0,10.0,20.34783172607422
late,qiu2024,devmap,E10.0,E10.0-R1,49,489516,347550,E10.0,10.0,20.31650161743164
late,qiu2024,devmap,E8.5,E8.5-R1,0,153597,23435,E8.5,8.5,19.14885711669922
late,qiu2024,devmap,E8.5,E8.5-R1,1,153597,23435,E8.5,8.5,19.68246841430664
late,qiu2024,devmap,E8.5,E8.5-R1,2,153597,23435,E8.5,8.5,20.482383728027344
late,qiu2024,devmap,E8.5,E8.5-R1,3,153597,23435,E8.5,8.5,20.339378356933594
late,qiu2024,devmap,E8.5,E8.5-R1,4,153597,23435,E8.5,8.5,19.970510482788086
late,qiu2024,devmap,E8.5,E8.5-R1,5,153597,23435,E8.5,8.5,19.365489959716797
late,qiu2024,devmap,E8.5,E8.5-R1,6,153597,23435,E8.5,8.5,19.372230529785156
late,qiu2024,devmap,E8.5,E8.5-R1,7,153597,23435,E8.5,8.5,20.523632049560547
late,qiu2024,devmap,E8.5,E8.5-R1,8,153597,23435,E8.5,8.5,19.793935775756836
late,qiu2024,devmap,E8.5,E8.5-R1,9,153597,23435,E8.5,8.5,20.183815002441406
late,qiu2024,devmap,E8.5,E8.5-R1,10,153597,23435,E8.5,8.5,20.520751953125
late,qiu2024,devmap,E8.5,E8.5-R1,11,153597,23435,E8.5,8.5,20.236665725708008
late,qiu2024,devmap,E8.5,E8.5-R1,12,153597,23435,E8.5,8.5,19.899904251098633
late,qiu2024,devmap,E8.5,E8.5-R1,13,153597,23435,E8.5,8.5,20.41086196899414
late,qiu2024,devmap,E8.5,E8.5-R1,14,153597,23435,E8.5,8.5,20.35773277282715
late,qiu2024,devmap,E8.5,E8.5-R1,15,153597,23435,E8.5,8.5,19.738414764404297
late,qiu2024,devmap,E8.5,E8.5-R1,16,153597,23435,E8.5,8.5,19.556316375732422
late,qiu2024,devmap,E8.5,E8.5-R1,17,153597,23435,E8.5,8.5,20.092288970947266
late,qiu2024,devmap,E8.5,E8.5-R1,18,153597,23435,E8.5,8.5,19.946788787841797
late,qiu2024,devmap,E8.5,E8.5-R1,19,153597,23435,E8.5,8.5,19.522626876831055
late,qiu2024,devmap,E8.5,E8.5-R1,20,153597,23435,E8.5,8.5,19.804061889648438
late,qiu2024,devmap,E8.5,E8.5-R1,21,153597,23435,E8.5,8.5,19.402790069580078
late,qiu2024,devmap,E8.5,E8.5-R1,22,153597,23435,E8.5,8.5,19.835773468017578
late,qiu2024,devmap,E8.5,E8.5-R1,23,153597,23435,E8.5,8.5,19.274921417236328
late,qiu2024,devmap,E8.5,E8.5-R1,24,153597,23435,E8.5,8.5,21.000221252441406
late,qiu2024,devmap,E8.5,E8.5-R1,25,153597,23435,E8.5,8.5,20.55602264404297
late,qiu2024,devmap,E8.5,E8.5-R1,26,153597,23435,E8.5,8.5,21.449892044067383
late,qiu2024,devmap,E8.5,E8.5-R1,27,153597,23435,E8.5,8.5,19.43996810913086
late,qiu2024,devmap,E8.5,E8.5-R1,28,153597,23435,E8.5,8.5,19.545032501220703
late,qiu2024,devmap,E8.5,E8.5-R1,29,153597,23435,E8.5,8.5,19.80438232421875
late,qiu2024,devmap,E8.5,E8.5-R1,30,153597,23435,E8.5,8.5,19.110809326171875
late,qiu2024,devmap,E8.5,E8.5-R1,31,153597,23435,E8.5,8.5,20.03708839416504
late,qiu2024,devmap,E8.5,E8.5-R1,32,153597,23435,E8.5,8.5,19.996604919433594
late,qiu2024,devmap,E8.5,E8.5-R1,33,153597,23435,E8.5,8.5,19.62002944946289
late,qiu2024,devmap,E8.5,E8.5-R1,34,153597,23435,E8.5,8.5,19.251426696777344
late,qiu2024,devmap,E8.5,E8.5-R1,35,153597,23435,E8.5,8.5,19.614952087402344
late,qiu2024,devmap,E8.5,E8.5-R1,36,153597,23435,E8.5,8.5,19.327842712402344
late,qiu2024,devmap,E8.5,E8.5-R1,37,153597,23435,E8.5,8.5,19.330787658691406
late,qiu2024,devmap,E8.5,E8.5-R1,38,153597,23435,E8.5,8.5,19.857833862304688
late,qiu2024,devmap,E8.5,E8.5-R1,39,153597,23435,E8.5,8.5,19.62738800048828
late,qiu2024,devmap,E8.5,E8.5-R1,40,153597,23435,E8.5,8.5,20.423513412475586
late,qiu2024,devmap,E8.5,E8.5-R1,41,153597,23435,E8.5,8.5,19.73824691772461
late,qiu2024,devmap,E8.5,E8.5-R1,42,153597,23435,E8.5,8.5,20.024917602539062
late,qiu2024,devmap,E8.5,E8.5-R1,43,153597,23435,E8.5,8.5,19.465457916259766
late,qiu2024,devmap,E8.5,E8.5-R1,44,153597,23435,E8.5,8.5,19.204286575317383
late,qiu2024,devmap,E8.5,E8.5-R1,45,153597,23435,E8.5,8.5,20.149282455444336
late,qiu2024,devmap,E8.5,E8.5-R1,46,153597,23435,E8.5,8.5,19.02499771118164
late,qiu2024,devmap,E8.5,E8.5-R1,47,153597,23435,E8.5,8.5,19.073129653930664
late,qiu2024,devmap,E8.5,E8.5-R1,48,153597,23435,E8.5,8.5,21.277202606201172
late,qiu2024,devmap,E8.5,E8.5-R1,49,153597,23435,E8.5,8.5,19.763866424560547
late,qiu2024,devmap,E8.5,E8.5-R2,0,153597,38216,E8.5,8.5,18.91623306274414
late,qiu2024,devmap,E8.5,E8.5-R2,1,153597,38216,E8.5,8.5,19.969558715820312
late,qiu2024,devmap,E8.5,E8.5-R2,2,153597,38216,E8.5,8.5,19.202838897705078
late,qiu2024,devmap,E8.5,E8.5-R2,3,153597,38216,E8.5,8.5,18.32189178466797
late,qiu2024,devmap,E8.5,E8.5-R2,4,153597,38216,E8.5,8.5,18.791763305664062
late,qiu2024,devmap,E8.5,E8.5-R2,5,153597,38216,E8.5,8.5,18.93333625793457
late,qiu2024,devmap,E8.5,E8.5-R2,6,153597,38216,E8.5,8.5,19.141937255859375
late,qiu2024,devmap,E8.5,E8.5-R2,7,153597,38216,E8.5,8.5,19.485082626342773
late,qiu2024,devmap,E8.5,E8.5-R2,8,153597,38216,E8.5,8.5,20.195714950561523
late,qiu2024,devmap,E8.5,E8.5-R2,9,153597,38216,E8.5,8.5,19.608091354370117
late,qiu2024,devmap,E8.5,E8.5-R2,10,153597,38216,E8.5,8.5,19.09511375427246
late,qiu2024,devmap,E8.5,E8.5-R2,11,153597,38216,E8.5,8.5,19.33730697631836
late,qiu2024,devmap,E8.5,E8.5-R2,12,153597,38216,E8.5,8.5,19.851226806640625
late,qiu2024,devmap,E8.5,E8.5-R2,13,153597,38216,E8.5,8.5,19.104232788085938
late,qiu2024,devmap,E8.5,E8.5-R2,14,153597,38216,E8.5,8.5,18.92148780822754
late,qiu2024,devmap,E8.5,E8.5-R2,15,153597,38216,E8.5,8.5,19.32721710205078
late,qiu2024,devmap,E8.5,E8.5-R2,16,153597,38216,E8.5,8.5,19.33234405517578
late,qiu2024,devmap,E8.5,E8.5-R2,17,153597,38216,E8.5,8.5,18.486282348632812
late,qiu2024,devmap,E8.5,E8.5-R2,18,153597,38216,E8.5,8.5,19.281272888183594
late,qiu2024,devmap,E8.5,E8.5-R2,19,153597,38216,E8.5,8.5,19.50204849243164
late,qiu2024,devmap,E8.5,E8.5-R2,20,153597,38216,E8.5,8.5,19.468334197998047
late,qiu2024,devmap,E8.5,E8.5-R2,21,153597,38216,E8.5,8.5,19.430932998657227
late,qiu2024,devmap,E8.5,E8.5-R2,22,153597,38216,E8.5,8.5,19.20316505432129
late,qiu2024,devmap,E8.5,E8.5-R2,23,153597,38216,E8.5,8.5,18.42982292175293
late,qiu2024,devmap,E8.5,E8.5-R2,24,153597,38216,E8.5,8.5,19.611827850341797
late,qiu2024,devmap,E8.5,E8.5-R2,25,153597,38216,E8.5,8.5,18.98211669921875
late,qiu2024,devmap,E8.5,E8.5-R2,26,153597,38216,E8.5,8.5,18.714088439941406
late,qiu2024,devmap,E8.5,E8.5-R2,27,153597,38216,E8.5,8.5,19.98278045654297
late,qiu2024,devmap,E8.5,E8.5-R2,28,153597,38216,E8.5,8.5,18.606727600097656
late,qiu2024,devmap,E8.5,E8.5-R2,29,153597,38216,E8.5,8.5,18.987756729125977
late,qiu2024,devmap,E8.5,E8.5-R2,30,153597,38216,E8.5,8.5,18.826770782470703
late,qiu2024,devmap,E8.5,E8.5-R2,31,153597,38216,E8.5,8.5,18.674129486083984
late,qiu2024,devmap,E8.5,E8.5-R2,32,153597,38216,E8.5,8.5,19.030263900756836
late,qiu2024,devmap,E8.5,E8.5-R2,33,153597,38216,E8.5,8.5,19.445098876953125
late,qiu2024,devmap,E8.5,E8.5-R2,34,153597,38216,E8.5,8.5,19.368072509765625
late,qiu2024,devmap,E8.5,E8.5-R2,35,153597,38216,E8.5,8.5,18.839420318603516
late,qiu2024,devmap,E8.5,E8.5-R2,36,153597,38216,E8.5,8.5,18.791065216064453
late,qiu2024,devmap,E8.5,E8.5-R2,37,153597,38216,E8.5,8.5,19.675148010253906
late,qiu2024,devmap,E8.5,E8.5-R2,38,153597,38216,E8.5,8.5,19.363454818725586
late,qiu2024,devmap,E8.5,E8.5-R2,39,153597,38216,E8.5,8.5,19.587650299072266
late,qiu2024,devmap,E8.5,E8.5-R2,40,153597,38216,E8.5,8.5,20.305557250976562
late,qiu2024,devmap,E8.5,E8.5-R2,41,153597,38216,E8.5,8.5,18.463529586791992
late,qiu2024,devmap,E8.5,E8.5-R2,42,153597,38216,E8.5,8.5,19.157386779785156
late,qiu2024,devmap,E8.5,E8.5-R2,43,153597,38216,E8.5,8.5,18.666183471679688
late,qiu2024,devmap,E8.5,E8.5-R2,44,153597,38216,E8.5,8.5,19.33318519592285
late,qiu2024,devmap,E8.5,E8.5-R2,45,153597,38216,E8.5,8.5,19.308246612548828
late,qiu2024,devmap,E8.5,E8.5-R2,46,153597,38216,E8.5,8.5,19.42964744567871
late,qiu2024,devmap,E8.5,E8.5-R2,47,153597,38216,E8.5,8.5,19.179948806762695
late,qiu2024,devmap,E8.5,E8.5-R2,48,153597,38216,E8.5,8.5,18.65692138671875
late,qiu2024,devmap,E8.5,E8.5-R2,49,153597,38216,E8.5,8.5,19.241336822509766
late,qiu2024,devmap,E8.5,E8.5-R3,0,153597,27743,E8.5,8.5,20.311908721923828
late,qiu2024,devmap,E8.5,E8.5-R3,1,153597,27743,E8.5,8.5,19.942413330078125
late,qiu2024,devmap,E8.5,E8.5-R3,2,153597,27743,E8.5,8.5,18.384384155273438
late,qiu2024,devmap,E8.5,E8.5-R3,3,153597,27743,E8.5,8.5,19.07488250732422
late,qiu2024,devmap,E8.5,E8.5-R3,4,153597,27743,E8.5,8.5,18.76864242553711
late,qiu2024,devmap,E8.5,E8.5-R3,5,153597,27743,E8.5,8.5,18.629413604736328
late,qiu2024,devmap,E8.5,E8.5-R3,6,153597,27743,E8.5,8.5,19.26970672607422
late,qiu2024,devmap,E8.5,E8.5-R3,7,153597,27743,E8.5,8.5,19.591339111328125
late,qiu2024,devmap,E8.5,E8.5-R3,8,153597,27743,E8.5,8.5,18.114269256591797
late,qiu2024,devmap,E8.5,E8.5-R3,9,153597,27743,E8.5,8.5,18.746339797973633
late,qiu2024,devmap,E8.5,E8.5-R3,10,153597,27743,E8.5,8.5,18.841064453125
late,qiu2024,devmap,E8.5,E8.5-R3,11,153597,27743,E8.5,8.5,18.069684982299805
late,qiu2024,devmap,E8.5,E8.5-R3,12,153597,27743,E8.5,8.5,19.060543060302734
late,qiu2024,devmap,E8.5,E8.5-R3,13,153597,27743,E8.5,8.5,18.479026794433594
late,qiu2024,devmap,E8.5,E8.5-R3,14,153597,27743,E8.5,8.5,18.565799713134766
late,qiu2024,devmap,E8.5,E8.5-R3,15,153597,27743,E8.5,8.5,17.866178512573242
late,qiu2024,devmap,E8.5,E8.5-R3,16,153597,27743,E8.5,8.5,18.616130828857422
late,qiu2024,devmap,E8.5,E8.5-R3,17,153597,27743,E8.5,8.5,19.663467407226562
late,qiu2024,devmap,E8.5,E8.5-R3,18,153597,27743,E8.5,8.5,18.593666076660156
late,qiu2024,devmap,E8.5,E8.5-R3,19,153597,27743,E8.5,8.5,18.600418090820312
late,qiu2024,devmap,E8.5,E8.5-R3,20,153597,27743,E8.5,8.5,17.630859375
late,qiu2024,devmap,E8.5,E8.5-R3,21,153597,27743,E8.5,8.5,18.3237247467041
late,qiu2024,devmap,E8.5,E8.5-R3,22,153597,27743,E8.5,8.5,18.9277400970459
late,qiu2024,devmap,E8.5,E8.5-R3,23,153597,27743,E8.5,8.5,18.918922424316406
late,qiu2024,devmap,E8.5,E8.5-R3,24,153597,27743,E8.5,8.5,18.218982696533203
late,qiu2024,devmap,E8.5,E8.5-R3,25,153597,27743,E8.5,8.5,19.0915470123291
late,qiu2024,devmap,E8.5,E8.5-R3,26,153597,27743,E8.5,8.5,17.862815856933594
late,qiu2024,devmap,E8.5,E8.5-R3,27,153597,27743,E8.5,8.5,17.584564208984375
late,qiu2024,devmap,E8.5,E8.5-R3,28,153597,27743,E8.5,8.5,18.522714614868164
late,qiu2024,devmap,E8.5,E8.5-R3,29,153597,27743,E8.5,8.5,18.469234466552734
late,qiu2024,devmap,E8.5,E8.5-R3,30,153597,27743,E8.5,8.5,18.596080780029297
late,qiu2024,devmap,E8.5,E8.5-R3,31,153597,27743,E8.5,8.5,19.336498260498047
late,qiu2024,devmap,E8.5,E8.5-R3,32,153597,27743,E8.5,8.5,18.884098052978516
late,qiu2024,devmap,E8.5,E8.5-R3,33,153597,27743,E8.5,8.5,18.444412231445312
late,qiu2024,devmap,E8.5,E8.5-R3,34,153597,27743,E8.5,8.5,18.901174545288086
late,qiu2024,devmap,E8.5,E8.5-R3,35,153597,27743,E8.5,8.5,19.244977951049805
late,qiu2024,devmap,E8.5,E8.5-R3,36,153597,27743,E8.5,8.5,18.49445343017578
late,qiu2024,devmap,E8.5,E8.5-R3,37,153597,27743,E8.5,8.5,19.14436149597168
late,qiu2024,devmap,E8.5,E8.5-R3,38,153597,27743,E8.5,8.5,19.16173553466797
late,qiu2024,devmap,E8.5,E8.5-R3,39,153597,27743,E8.5,8.5,19.087568283081055
late,qiu2024,devmap,E8.5,E8.5-R3,40,153597,27743,E8.5,8.5,19.898334503173828
late,qiu2024,devmap,E8.5,E8.5-R3,41,153597,27743,E8.5,8.5,18.294572830200195
late,qiu2024,devmap,E8.5,E8.5-R3,42,153597,27743,E8.5,8.5,18.5658016204834
late,qiu2024,devmap,E8.5,E8.5-R3,43,153597,27743,E8.5,8.5,19.11404800415039
late,qiu2024,devmap,E8.5,E8.5-R3,44,153597,27743,E8.5,8.5,18.081226348876953
late,qiu2024,devmap,E8.5,E8.5-R3,45,153597,27743,E8.5,8.5,19.22821807861328
late,qiu2024,devmap,E8.5,E8.5-R3,46,153597,27743,E8.5,8.5,17.94906234741211
late,qiu2024,devmap,E8.5,E8.5-R3,47,153597,27743,E8.5,8.5,18.050682067871094
late,qiu2024,devmap,E8.5,E8.5-R3,48,153597,27743,E8.5,8.5,19.222137451171875
late,qiu2024,devmap,E8.5,E8.5-R3,49,153597,27743,E8.5,8.5,18.7508602142334
late,qiu2024,devmap,E8.5,E9.0-R1,0,153597,92063,E8.5,9.0,21.564006805419922
late,qiu2024,devmap,E8.5,E9.0-R1,1,153597,92063,E8.5,9.0,22.85997772216797
late,qiu2024,devmap,E8.5,E9.0-R1,2,153597,92063,E8.5,9.0,23.39188003540039
late,qiu2024,devmap,E8.5,E9.0-R1,3,153597,92063,E8.5,9.0,22.840980529785156
late,qiu2024,devmap,E8.5,E9.0-R1,4,153597,92063,E8.5,9.0,23.727481842041016
late,qiu2024,devmap,E8.5,E9.0-R1,5,153597,92063,E8.5,9.0,24.21065902709961
late,qiu2024,devmap,E8.5,E9.0-R1,6,153597,92063,E8.5,9.0,22.61823272705078
late,qiu2024,devmap,E8.5,E9.0-R1,7,153597,92063,E8.5,9.0,23.510692596435547
late,qiu2024,devmap,E8.5,E9.0-R1,8,153597,92063,E8.5,9.0,22.44127655029297
late,qiu2024,devmap,E8.5,E9.0-R1,9,153597,92063,E8.5,9.0,22.871076583862305
late,qiu2024,devmap,E8.5,E9.0-R1,10,153597,92063,E8.5,9.0,23.291379928588867
late,qiu2024,devmap,E8.5,E9.0-R1,11,153597,92063,E8.5,9.0,22.786909103393555
late,qiu2024,devmap,E8.5,E9.0-R1,12,153597,92063,E8.5,9.0,22.536823272705078
late,qiu2024,devmap,E8.5,E9.0-R1,13,153597,92063,E8.5,9.0,22.832778930664062
late,qiu2024,devmap,E8.5,E9.0-R1,14,153597,92063,E8.5,9.0,22.414554595947266
late,qiu2024,devmap,E8.5,E9.0-R1,15,153597,92063,E8.5,9.0,22.589439392089844
late,qiu2024,devmap,E8.5,E9.0-R1,16,153597,92063,E8.5,9.0,22.808822631835938
late,qiu2024,devmap,E8.5,E9.0-R1,17,153597,92063,E8.5,9.0,22.649658203125
late,qiu2024,devmap,E8.5,E9.0-R1,18,153597,92063,E8.5,9.0,22.684898376464844
late,qiu2024,devmap,E8.5,E9.0-R1,19,153597,92063,E8.5,9.0,23.213943481445312
late,qiu2024,devmap,E8.5,E9.0-R1,20,153597,92063,E8.5,9.0,23.14822769165039
late,qiu2024,devmap,E8.5,E9.0-R1,21,153597,92063,E8.5,9.0,22.639427185058594
late,qiu2024,devmap,E8.5,E9.0-R1,22,153597,92063,E8.5,9.0,23.582225799560547
late,qiu2024,devmap,E8.5,E9.0-R1,23,153597,92063,E8.5,9.0,23.229185104370117
late,qiu2024,devmap,E8.5,E9.0-R1,24,153597,92063,E8.5,9.0,23.263948440551758
late,qiu2024,devmap,E8.5,E9.0-R1,25,153597,92063,E8.5,9.0,22.957494735717773
late,qiu2024,devmap,E8.5,E9.0-R1,26,153597,92063,E8.5,9.0,22.34762191772461
late,qiu2024,devmap,E8.5,E9.0-R1,27,153597,92063,E8.5,9.0,23.45380401611328
late,qiu2024,devmap,E8.5,E9.0-R1,28,153597,92063,E8.5,9.0,22.544422149658203
late,qiu2024,devmap,E8.5,E9.0-R1,29,153597,92063,E8.5,9.0,22.488508224487305
late,qiu2024,devmap,E8.5,E9.0-R1,30,153597,92063,E8.5,9.0,22.130512237548828
late,qiu2024,devmap,E8.5,E9.0-R1,31,153597,92063,E8.5,9.0,22.564228057861328
late,qiu2024,devmap,E8.5,E9.0-R1,32,153597,92063,E8.5,9.0,23.10292625427246
late,qiu2024,devmap,E8.5,E9.0-R1,33,153597,92063,E8.5,9.0,22.693872451782227
late,qiu2024,devmap,E8.5,E9.0-R1,34,153597,92063,E8.5,9.0,22.442806243896484
late,qiu2024,devmap,E8.5,E9.0-R1,35,153597,92063,E8.5,9.0,21.955699920654297
late,qiu2024,devmap,E8.5,E9.0-R1,36,153597,92063,E8.5,9.0,22.57176971435547
late,qiu2024,devmap,E8.5,E9.0-R1,37,153597,92063,E8.5,9.0,22.412612915039062
late,qiu2024,devmap,E8.5,E9.0-R1,38,153597,92063,E8.5,9.0,22.755823135375977
late,qiu2024,devmap,E8.5,E9.0-R1,39,153597,92063,E8.5,9.0,22.14790153503418
late,qiu2024,devmap,E8.5,E9.0-R1,40,153597,92063,E8.5,9.0,21.913097381591797
late,qiu2024,devmap,E8.5,E9.0-R1,41,153597,92063,E8.5,9.0,22.28650665283203
late,qiu2024,devmap,E8.5,E9.0-R1,42,153597,92063,E8.5,9.0,22.83374786376953
late,qiu2024,devmap,E8.5,E9.0-R1,43,153597,92063,E8.5,9.0,22.581615447998047
late,qiu2024,devmap,E8.5,E9.0-R1,44,153597,92063,E8.5,9.0,22.6468505859375
late,qiu2024,devmap,E8.5,E9.0-R1,45,153597,92063,E8.5,9.0,21.836854934692383
late,qiu2024,devmap,E8.5,E9.0-R1,46,153597,92063,E8.5,9.0,23.367509841918945
late,qiu2024,devmap,E8.5,E9.0-R1,47,153597,92063,E8.5,9.0,22.20398712158203
late,qiu2024,devmap,E8.5,E9.0-R1,48,153597,92063,E8.5,9.0,22.50729751586914
late,qiu2024,devmap,E8.5,E9.0-R1,49,153597,92063,E8.5,9.0,23.11478042602539
late,qiu2024,devmap,E8.5,E9.0-R2,0,153597,99878,E8.5,9.0,20.235042572021484
late,qiu2024,devmap,E8.5,E9.0-R2,1,153597,99878,E8.5,9.0,20.485654830932617
late,qiu2024,devmap,E8.5,E9.0-R2,2,153597,99878,E8.5,9.0,20.87872314453125
late,qiu2024,devmap,E8.5,E9.0-R2,3,153597,99878,E8.5,9.0,20.30527114868164
late,qiu2024,devmap,E8.5,E9.0-R2,4,153597,99878,E8.5,9.0,19.790773391723633
late,qiu2024,devmap,E8.5,E9.0-R2,5,153597,99878,E8.5,9.0,21.53060531616211
late,qiu2024,devmap,E8.5,E9.0-R2,6,153597,99878,E8.5,9.0,20.72173309326172
late,qiu2024,devmap,E8.5,E9.0-R2,7,153597,99878,E8.5,9.0,20.670881271362305
late,qiu2024,devmap,E8.5,E9.0-R2,8,153597,99878,E8.5,9.0,20.516643524169922
late,qiu2024,devmap,E8.5,E9.0-R2,9,153597,99878,E8.5,9.0,20.507667541503906
late,qiu2024,devmap,E8.5,E9.0-R2,10,153597,99878,E8.5,9.0,20.404277801513672
late,qiu2024,devmap,E8.5,E9.0-R2,11,153597,99878,E8.5,9.0,20.308313369750977
late,qiu2024,devmap,E8.5,E9.0-R2,12,153597,99878,E8.5,9.0,20.712722778320312
late,qiu2024,devmap,E8.5,E9.0-R2,13,153597,99878,E8.5,9.0,20.97937774658203
late,qiu2024,devmap,E8.5,E9.0-R2,14,153597,99878,E8.5,9.0,21.054763793945312
late,qiu2024,devmap,E8.5,E9.0-R2,15,153597,99878,E8.5,9.0,20.633548736572266
late,qiu2024,devmap,E8.5,E9.0-R2,16,153597,99878,E8.5,9.0,19.92076301574707
late,qiu2024,devmap,E8.5,E9.0-R2,17,153597,99878,E8.5,9.0,20.289661407470703
late,qiu2024,devmap,E8.5,E9.0-R2,18,153597,99878,E8.5,9.0,20.761951446533203
late,qiu2024,devmap,E8.5,E9.0-R2,19,153597,99878,E8.5,9.0,20.721698760986328
late,qiu2024,devmap,E8.5,E9.0-R2,20,153597,99878,E8.5,9.0,20.717191696166992
late,qiu2024,devmap,E8.5,E9.0-R2,21,153597,99878,E8.5,9.0,20.319259643554688
late,qiu2024,devmap,E8.5,E9.0-R2,22,153597,99878,E8.5,9.0,20.54169464111328
late,qiu2024,devmap,E8.5,E9.0-R2,23,153597,99878,E8.5,9.0,20.444114685058594
late,qiu2024,devmap,E8.5,E9.0-R2,24,153597,99878,E8.5,9.0,21.0692138671875
late,qiu2024,devmap,E8.5,E9.0-R2,25,153597,99878,E8.5,9.0,20.725128173828125
late,qiu2024,devmap,E8.5,E9.0-R2,26,153597,99878,E8.5,9.0,20.62774658203125
late,qiu2024,devmap,E8.5,E9.0-R2,27,153597,99878,E8.5,9.0,20.80305290222168
late,qiu2024,devmap,E8.5,E9.0-R2,28,153597,99878,E8.5,9.0,19.997047424316406
late,qiu2024,devmap,E8.5,E9.0-R2,29,153597,99878,E8.5,9.0,20.641956329345703
late,qiu2024,devmap,E8.5,E9.0-R2,30,153597,99878,E8.5,9.0,20.323665618896484
late,qiu2024,devmap,E8.5,E9.0-R2,31,153597,99878,E8.5,9.0,20.655359268188477
late,qiu2024,devmap,E8.5,E9.0-R2,32,153597,99878,E8.5,9.0,20.39284896850586
late,qiu2024,devmap,E8.5,E9.0-R2,33,153597,99878,E8.5,9.0,20.945667266845703
late,qiu2024,devmap,E8.5,E9.0-R2,34,153597,99878,E8.5,9.0,20.420101165771484
late,qiu2024,devmap,E8.5,E9.0-R2,35,153597,99878,E8.5,9.0,20.942760467529297
late,qiu2024,devmap,E8.5,E9.0-R2,36,153597,99878,E8.5,9.0,20.837177276611328
late,qiu2024,devmap,E8.5,E9.0-R2,37,153597,99878,E8.5,9.0,19.39297866821289
late,qiu2024,devmap,E8.5,E9.0-R2,38,153597,99878,E8.5,9.0,20.440956115722656
late,qiu2024,devmap,E8.5,E9.0-R2,39,153597,99878,E8.5,9.0,20.856882095336914
late,qiu2024,devmap,E8.5,E9.0-R2,40,153597,99878,E8.5,9.0,20.15360450744629
late,qiu2024,devmap,E8.5,E9.0-R2,41,153597,99878,E8.5,9.0,20.459440231323242
late,qiu2024,devmap,E8.5,E9.0-R2,42,153597,99878,E8.5,9.0,20.324478149414062
late,qiu2024,devmap,E8.5,E9.0-R2,43,153597,99878,E8.5,9.0,21.489654541015625
late,qiu2024,devmap,E8.5,E9.0-R2,44,153597,99878,E8.5,9.0,20.817218780517578
late,qiu2024,devmap,E8.5,E9.0-R2,45,153597,99878,E8.5,9.0,20.650115966796875
late,qiu2024,devmap,E8.5,E9.0-R2,46,153597,99878,E8.5,9.0,21.320568084716797
late,qiu2024,devmap,E8.5,E9.0-R2,47,153597,99878,E8.5,9.0,19.662891387939453
late,qiu2024,devmap,E8.5,E9.0-R2,48,153597,99878,E8.5,9.0,20.515857696533203
late,qiu2024,devmap,E8.5,E9.0-R2,49,153597,99878,E8.5,9.0,20.48271369934082
late,qiu2024,devmap,E8.5,E9.0-R3,0,153597,62867,E8.5,9.0,19.854490280151367
late,qiu2024,devmap,E8.5,E9.0-R3,1,153597,62867,E8.5,9.0,20.131725311279297
late,qiu2024,devmap,E8.5,E9.0-R3,2,153597,62867,E8.5,9.0,20.847087860107422
late,qiu2024,devmap,E8.5,E9.0-R3,3,153597,62867,E8.5,9.0,19.731475830078125
late,qiu2024,devmap,E8.5,E9.0-R3,4,153597,62867,E8.5,9.0,20.321388244628906
late,qiu2024,devmap,E8.5,E9.0-R3,5,153597,62867,E8.5,9.0,19.857128143310547
late,qiu2024,devmap,E8.5,E9.0-R3,6,153597,62867,E8.5,9.0,19.347476959228516
late,qiu2024,devmap,E8.5,E9.0-R3,7,153597,62867,E8.5,9.0,19.84136199951172
late,qiu2024,devmap,E8.5,E9.0-R3,8,153597,62867,E8.5,9.0,19.36634635925293
late,qiu2024,devmap,E8.5,E9.0-R3,9,153597,62867,E8.5,9.0,19.9990234375
late,qiu2024,devmap,E8.5,E9.0-R3,10,153597,62867,E8.5,9.0,19.51076889038086
late,qiu2024,devmap,E8.5,E9.0-R3,11,153597,62867,E8.5,9.0,19.786102294921875
late,qiu2024,devmap,E8.5,E9.0-R3,12,153597,62867,E8.5,9.0,20.14596176147461
late,qiu2024,devmap,E8.5,E9.0-R3,13,153597,62867,E8.5,9.0,20.509288787841797
late,qiu2024,devmap,E8.5,E9.0-R3,14,153597,62867,E8.5,9.0,19.901626586914062
late,qiu2024,devmap,E8.5,E9.0-R3,15,153597,62867,E8.5,9.0,19.691368103027344
late,qiu2024,devmap,E8.5,E9.0-R3,16,153597,62867,E8.5,9.0,19.76195526123047
late,qiu2024,devmap,E8.5,E9.0-R3,17,153597,62867,E8.5,9.0,20.333209991455078
late,qiu2024,devmap,E8.5,E9.0-R3,18,153597,62867,E8.5,9.0,19.816661834716797
late,qiu2024,devmap,E8.5,E9.0-R3,19,153597,62867,E8.5,9.0,20.248489379882812
late,qiu2024,devmap,E8.5,E9.0-R3,20,153597,62867,E8.5,9.0,20.16375732421875
late,qiu2024,devmap,E8.5,E9.0-R3,21,153597,62867,E8.5,9.0,19.660484313964844
late,qiu2024,devmap,E8.5,E9.0-R3,22,153597,62867,E8.5,9.0,20.36927032470703
late,qiu2024,devmap,E8.5,E9.0-R3,23,153597,62867,E8.5,9.0,19.86829376220703
late,qiu2024,devmap,E8.5,E9.0-R3,24,153597,62867,E8.5,9.0,18.75740623474121
late,qiu2024,devmap,E8.5,E9.0-R3,25,153597,62867,E8.5,9.0,19.29344940185547
late,qiu2024,devmap,E8.5,E9.0-R3,26,153597,62867,E8.5,9.0,20.178266525268555
late,qiu2024,devmap,E8.5,E9.0-R3,27,153597,62867,E8.5,9.0,19.74757194519043
late,qiu2024,devmap,E8.5,E9.0-R3,28,153597,62867,E8.5,9.0,19.4860897064209
late,qiu2024,devmap,E8.5,E9.0-R3,29,153597,62867,E8.5,9.0,19.636760711669922
late,qiu2024,devmap,E8.5,E9.0-R3,30,153597,62867,E8.5,9.0,20.417104721069336
late,qiu2024,devmap,E8.5,E9.0-R3,31,153597,62867,E8.5,9.0,19.290325164794922
late,qiu2024,devmap,E8.5,E9.0-R3,32,153597,62867,E8.5,9.0,19.387393951416016
late,qiu2024,devmap,E8.5,E9.0-R3,33,153597,62867,E8.5,9.0,19.85405731201172
late,qiu2024,devmap,E8.5,E9.0-R3,34,153597,62867,E8.5,9.0,20.27025604248047
late,qiu2024,devmap,E8.5,E9.0-R3,35,153597,62867,E8.5,9.0,19.7823486328125
late,qiu2024,devmap,E8.5,E9.0-R3,36,153597,62867,E8.5,9.0,20.046871185302734
late,qiu2024,devmap,E8.5,E9.0-R3,37,153597,62867,E8.5,9.0,19.3536434173584
late,qiu2024,devmap,E8.5,E9.0-R3,38,153597,62867,E8.5,9.0,19.441368103027344
late,qiu2024,devmap,E8.5,E9.0-R3,39,153597,62867,E8.5,9.0,20.020889282226562
late,qiu2024,devmap,E8.5,E9.0-R3,40,153597,62867,E8.5,9.0,20.619251251220703
late,qiu2024,devmap,E8.5,E9.0-R3,41,153597,62867,E8.5,9.0,19.854564666748047
late,qiu2024,devmap,E8.5,E9.0-R3,42,153597,62867,E8.5,9.0,19.37963104248047
late,qiu2024,devmap,E8.5,E9.0-R3,43,153597,62867,E8.5,9.0,20.076602935791016
late,qiu2024,devmap,E8.5,E9.0-R3,44,153597,62867,E8.5,9.0,19.776384353637695
late,qiu2024,devmap,E8.5,E9.0-R3,45,153597,62867,E8.5,9.0,19.428003311157227
late,qiu2024,devmap,E8.5,E9.0-R3,46,153597,62867,E8.5,9.0,20.400955200195312
late,qiu2024,devmap,E8.5,E9.0-R3,47,153597,62867,E8.5,9.0,20.290647506713867
late,qiu2024,devmap,E8.5,E9.0-R3,48,153597,62867,E8.5,9.0,19.88656997680664
late,qiu2024,devmap,E8.5,E9.0-R3,49,153597,62867,E8.5,9.0,20.714031219482422
late,qiu2024,devmap,E8.5,E9.5-R1,0,153597,383453,E8.5,9.5,30.570480346679688
late,qiu2024,devmap,E8.5,E9.5-R1,1,153597,383453,E8.5,9.5,31.181747436523438
late,qiu2024,devmap,E8.5,E9.5-R1,2,153597,383453,E8.5,9.5,30.989845275878906
late,qiu2024,devmap,E8.5,E9.5-R1,3,153597,383453,E8.5,9.5,30.890583038330078
late,qiu2024,devmap,E8.5,E9.5-R1,4,153597,383453,E8.5,9.5,30.726654052734375
late,qiu2024,devmap,E8.5,E9.5-R1,5,153597,383453,E8.5,9.5,31.988065719604492
late,qiu2024,devmap,E8.5,E9.5-R1,6,153597,383453,E8.5,9.5,30.69839096069336
late,qiu2024,devmap,E8.5,E9.5-R1,7,153597,383453,E8.5,9.5,30.57869529724121
late,qiu2024,devmap,E8.5,E9.5-R1,8,153597,383453,E8.5,9.5,30.738842010498047
late,qiu2024,devmap,E8.5,E9.5-R1,9,153597,383453,E8.5,9.5,30.566741943359375
late,qiu2024,devmap,E8.5,E9.5-R1,10,153597,383453,E8.5,9.5,31.257020950317383
late,qiu2024,devmap,E8.5,E9.5-R1,11,153597,383453,E8.5,9.5,31.36763572692871
late,qiu2024,devmap,E8.5,E9.5-R1,12,153597,383453,E8.5,9.5,30.566864013671875
late,qiu2024,devmap,E8.5,E9.5-R1,13,153597,383453,E8.5,9.5,30.441347122192383
late,qiu2024,devmap,E8.5,E9.5-R1,14,153597,383453,E8.5,9.5,30.766727447509766
late,qiu2024,devmap,E8.5,E9.5-R1,15,153597,383453,E8.5,9.5,31.309356689453125
late,qiu2024,devmap,E8.5,E9.5-R1,16,153597,383453,E8.5,9.5,30.30669403076172
late,qiu2024,devmap,E8.5,E9.5-R1,17,153597,383453,E8.5,9.5,30.9628963470459
late,qiu2024,devmap,E8.5,E9.5-R1,18,153597,383453,E8.5,9.5,31.63727569580078
late,qiu2024,devmap,E8.5,E9.5-R1,19,153597,383453,E8.5,9.5,30.018936157226562
late,qiu2024,devmap,E8.5,E9.5-R1,20,153597,383453,E8.5,9.5,29.653484344482422
late,qiu2024,devmap,E8.5,E9.5-R1,21,153597,383453,E8.5,9.5,31.278419494628906
late,qiu2024,devmap,E8.5,E9.5-R1,22,153597,383453,E8.5,9.5,30.40265655517578
late,qiu2024,devmap,E8.5,E9.5-R1,23,153597,383453,E8.5,9.5,30.797256469726562
late,qiu2024,devmap,E8.5,E9.5-R1,24,153597,383453,E8.5,9.5,31.387393951416016
late,qiu2024,devmap,E8.5,E9.5-R1,25,153597,383453,E8.5,9.5,31.48316192626953
late,qiu2024,devmap,E8.5,E9.5-R1,26,153597,383453,E8.5,9.5,30.416547775268555
late,qiu2024,devmap,E8.5,E9.5-R1,27,153597,383453,E8.5,9.5,30.169279098510742
late,qiu2024,devmap,E8.5,E9.5-R1,28,153597,383453,E8.5,9.5,31.035146713256836
late,qiu2024,devmap,E8.5,E9.5-R1,29,153597,383453,E8.5,9.5,31.020671844482422
late,qiu2024,devmap,E8.5,E9.5-R1,30,153597,383453,E8.5,9.5,30.574825286865234
late,qiu2024,devmap,E8.5,E9.5-R1,31,153597,383453,E8.5,9.5,30.947219848632812
late,qiu2024,devmap,E8.5,E9.5-R1,32,153597,383453,E8.5,9.5,30.350391387939453
late,qiu2024,devmap,E8.5,E9.5-R1,33,153597,383453,E8.5,9.5,31.691551208496094
late,qiu2024,devmap,E8.5,E9.5-R1,34,153597,383453,E8.5,9.5,31.119903564453125
late,qiu2024,devmap,E8.5,E9.5-R1,35,153597,383453,E8.5,9.5,31.441043853759766
late,qiu2024,devmap,E8.5,E9.5-R1,36,153597,383453,E8.5,9.5,30.716999053955078
late,qiu2024,devmap,E8.5,E9.5-R1,37,153597,383453,E8.5,9.5,30.45181655883789
late,qiu2024,devmap,E8.5,E9.5-R1,38,153597,383453,E8.5,9.5,31.497364044189453
late,qiu2024,devmap,E8.5,E9.5-R1,39,153597,383453,E8.5,9.5,30.29615592956543
late,qiu2024,devmap,E8.5,E9.5-R1,40,153597,383453,E8.5,9.5,30.860706329345703
late,qiu2024,devmap,E8.5,E9.5-R1,41,153597,383453,E8.5,9.5,30.164310455322266
late,qiu2024,devmap,E8.5,E9.5-R1,42,153597,383453,E8.5,9.5,30.648983001708984
late,qiu2024,devmap,E8.5,E9.5-R1,43,153597,383453,E8.5,9.5,30.26497459411621
late,qiu2024,devmap,E8.5,E9.5-R1,44,153597,383453,E8.5,9.5,31.18148422241211
late,qiu2024,devmap,E8.5,E9.5-R1,45,153597,383453,E8.5,9.5,30.577543258666992
late,qiu2024,devmap,E8.5,E9.5-R1,46,153597,383453,E8.5,9.5,31.045042037963867
late,qiu2024,devmap,E8.5,E9.5-R1,47,153597,383453,E8.5,9.5,31.034664154052734
late,qiu2024,devmap,E8.5,E9.5-R1,48,153597,383453,E8.5,9.5,30.713909149169922
late,qiu2024,devmap,E8.5,E9.5-R1,49,153597,383453,E8.5,9.5,31.60062599182129
late,qiu2024,devmap,E8.5,E9.5-R2,0,153597,350716,E8.5,9.5,31.856369018554688
late,qiu2024,devmap,E8.5,E9.5-R2,1,153597,350716,E8.5,9.5,33.35960006713867
late,qiu2024,devmap,E8.5,E9.5-R2,2,153597,350716,E8.5,9.5,33.1014404296875
late,qiu2024,devmap,E8.5,E9.5-R2,3,153597,350716,E8.5,9.5,32.66212463378906
late,qiu2024,devmap,E8.5,E9.5-R2,4,153597,350716,E8.5,9.5,32.735355377197266
late,qiu2024,devmap,E8.5,E9.5-R2,5,153597,350716,E8.5,9.5,33.06781005859375
late,qiu2024,devmap,E8.5,E9.5-R2,6,153597,350716,E8.5,9.5,32.67747116088867
late,qiu2024,devmap,E8.5,E9.5-R2,7,153597,350716,E8.5,9.5,31.548377990722656
late,qiu2024,devmap,E8.5,E9.5-R2,8,153597,350716,E8.5,9.5,31.706844329833984
late,qiu2024,devmap,E8.5,E9.5-R2,9,153597,350716,E8.5,9.5,32.157989501953125
late,qiu2024,devmap,E8.5,E9.5-R2,10,153597,350716,E8.5,9.5,31.954973220825195
late,qiu2024,devmap,E8.5,E9.5-R2,11,153597,350716,E8.5,9.5,32.29010009765625
late,qiu2024,devmap,E8.5,E9.5-R2,12,153597,350716,E8.5,9.5,33.02338790893555
late,qiu2024,devmap,E8.5,E9.5-R2,13,153597,350716,E8.5,9.5,33.31620788574219
late,qiu2024,devmap,E8.5,E9.5-R2,14,153597,350716,E8.5,9.5,32.694480895996094
late,qiu2024,devmap,E8.5,E9.5-R2,15,153597,350716,E8.5,9.5,32.27128601074219
late,qiu2024,devmap,E8.5,E9.5-R2,16,153597,350716,E8.5,9.5,31.742008209228516
late,qiu2024,devmap,E8.5,E9.5-R2,17,153597,350716,E8.5,9.5,33.1933708190918
late,qiu2024,devmap,E8.5,E9.5-R2,18,153597,350716,E8.5,9.5,32.494781494140625
late,qiu2024,devmap,E8.5,E9.5-R2,19,153597,350716,E8.5,9.5,33.678077697753906
late,qiu2024,devmap,E8.5,E9.5-R2,20,153597,350716,E8.5,9.5,32.448394775390625
late,qiu2024,devmap,E8.5,E9.5-R2,21,153597,350716,E8.5,9.5,32.67198944091797
late,qiu2024,devmap,E8.5,E9.5-R2,22,153597,350716,E8.5,9.5,33.21845245361328
late,qiu2024,devmap,E8.5,E9.5-R2,23,153597,350716,E8.5,9.5,32.37078857421875
late,qiu2024,devmap,E8.5,E9.5-R2,24,153597,350716,E8.5,9.5,31.88105010986328
late,qiu2024,devmap,E8.5,E9.5-R2,25,153597,350716,E8.5,9.5,32.860107421875
late,qiu2024,devmap,E8.5,E9.5-R2,26,153597,350716,E8.5,9.5,32.79375457763672
late,qiu2024,devmap,E8.5,E9.5-R2,27,153597,350716,E8.5,9.5,32.571571350097656
late,qiu2024,devmap,E8.5,E9.5-R2,28,153597,350716,E8.5,9.5,31.836727142333984
late,qiu2024,devmap,E8.5,E9.5-R2,29,153597,350716,E8.5,9.5,32.98523712158203
late,qiu2024,devmap,E8.5,E9.5-R2,30,153597,350716,E8.5,9.5,32.33042907714844
late,qiu2024,devmap,E8.5,E9.5-R2,31,153597,350716,E8.5,9.5,31.966602325439453
late,qiu2024,devmap,E8.5,E9.5-R2,32,153597,350716,E8.5,9.5,32.21558380126953
late,qiu2024,devmap,E8.5,E9.5-R2,33,153597,350716,E8.5,9.5,32.84801483154297
late,qiu2024,devmap,E8.5,E9.5-R2,34,153597,350716,E8.5,9.5,31.701770782470703
late,qiu2024,devmap,E8.5,E9.5-R2,35,153597,350716,E8.5,9.5,32.127471923828125
late,qiu2024,devmap,E8.5,E9.5-R2,36,153597,350716,E8.5,9.5,32.0540771484375
late,qiu2024,devmap,E8.5,E9.5-R2,37,153597,350716,E8.5,9.5,32.92088317871094
late,qiu2024,devmap,E8.5,E9.5-R2,38,153597,350716,E8.5,9.5,32.43445587158203
late,qiu2024,devmap,E8.5,E9.5-R2,39,153597,350716,E8.5,9.5,31.877185821533203
late,qiu2024,devmap,E8.5,E9.5-R2,40,153597,350716,E8.5,9.5,32.442195892333984
late,qiu2024,devmap,E8.5,E9.5-R2,41,153597,350716,E8.5,9.5,32.516422271728516
late,qiu2024,devmap,E8.5,E9.5-R2,42,153597,350716,E8.5,9.5,31.80966567993164
late,qiu2024,devmap,E8.5,E9.5-R2,43,153597,350716,E8.5,9.5,32.061248779296875
late,qiu2024,devmap,E8.5,E9.5-R2,44,153597,350716,E8.5,9.5,31.75970458984375
late,qiu2024,devmap,E8.5,E9.5-R2,45,153597,350716,E8.5,9.5,32.86640930175781
late,qiu2024,devmap,E8.5,E9.5-R2,46,153597,350716,E8.5,9.5,32.128414154052734
late,qiu2024,devmap,E8.5,E9.5-R2,47,153597,350716,E8.5,9.5,31.830615997314453
late,qiu2024,devmap,E8.5,E9.5-R2,48,153597,350716,E8.5,9.5,32.2701301574707
late,qiu2024,devmap,E8.5,E9.5-R2,49,153597,350716,E8.5,9.5,33.10082244873047
late,qiu2024,devmap,E8.5,E9.5-R3,0,153597,342873,E8.5,9.5,30.873031616210938
late,qiu2024,devmap,E8.5,E9.5-R3,1,153597,342873,E8.5,9.5,30.827594757080078
late,qiu2024,devmap,E8.5,E9.5-R3,2,153597,342873,E8.5,9.5,30.190162658691406
late,qiu2024,devmap,E8.5,E9.5-R3,3,153597,342873,E8.5,9.5,30.846988677978516
late,qiu2024,devmap,E8.5,E9.5-R3,4,153597,342873,E8.5,9.5,30.638629913330078
late,qiu2024,devmap,E8.5,E9.5-R3,5,153597,342873,E8.5,9.5,30.42521858215332
late,qiu2024,devmap,E8.5,E9.5-R3,6,153597,342873,E8.5,9.5,31.3204402923584
late,qiu2024,devmap,E8.5,E9.5-R3,7,153597,342873,E8.5,9.5,29.717485427856445
late,qiu2024,devmap,E8.5,E9.5-R3,8,153597,342873,E8.5,9.5,30.914657592773438
late,qiu2024,devmap,E8.5,E9.5-R3,9,153597,342873,E8.5,9.5,30.539112091064453
late,qiu2024,devmap,E8.5,E9.5-R3,10,153597,342873,E8.5,9.5,30.765792846679688
late,qiu2024,devmap,E8.5,E9.5-R3,11,153597,342873,E8.5,9.5,31.341228485107422
late,qiu2024,devmap,E8.5,E9.5-R3,12,153597,342873,E8.5,9.5,30.545330047607422
late,qiu2024,devmap,E8.5,E9.5-R3,13,153597,342873,E8.5,9.5,30.825159072875977
late,qiu2024,devmap,E8.5,E9.5-R3,14,153597,342873,E8.5,9.5,30.089488983154297
late,qiu2024,devmap,E8.5,E9.5-R3,15,153597,342873,E8.5,9.5,31.30902862548828
late,qiu2024,devmap,E8.5,E9.5-R3,16,153597,342873,E8.5,9.5,30.138221740722656
late,qiu2024,devmap,E8.5,E9.5-R3,17,153597,342873,E8.5,9.5,30.96445655822754
late,qiu2024,devmap,E8.5,E9.5-R3,18,153597,342873,E8.5,9.5,30.709556579589844
late,qiu2024,devmap,E8.5,E9.5-R3,19,153597,342873,E8.5,9.5,30.85992431640625
late,qiu2024,devmap,E8.5,E9.5-R3,20,153597,342873,E8.5,9.5,30.692359924316406
late,qiu2024,devmap,E8.5,E9.5-R3,21,153597,342873,E8.5,9.5,30.736446380615234
late,qiu2024,devmap,E8.5,E9.5-R3,22,153597,342873,E8.5,9.5,30.289825439453125
late,qiu2024,devmap,E8.5,E9.5-R3,23,153597,342873,E8.5,9.5,31.33011245727539
late,qiu2024,devmap,E8.5,E9.5-R3,24,153597,342873,E8.5,9.5,30.159954071044922
late,qiu2024,devmap,E8.5,E9.5-R3,25,153597,342873,E8.5,9.5,31.011037826538086
late,qiu2024,devmap,E8.5,E9.5-R3,26,153597,342873,E8.5,9.5,30.78177261352539
late,qiu2024,devmap,E8.5,E9.5-R3,27,153597,342873,E8.5,9.5,31.603727340698242
late,qiu2024,devmap,E8.5,E9.5-R3,28,153597,342873,E8.5,9.5,30.39380645751953
late,qiu2024,devmap,E8.5,E9.5-R3,29,153597,342873,E8.5,9.5,31.55409049987793
late,qiu2024,devmap,E8.5,E9.5-R3,30,153597,342873,E8.5,9.5,30.725793838500977
late,qiu2024,devmap,E8.5,E9.5-R3,31,153597,342873,E8.5,9.5,30.62282943725586
late,qiu2024,devmap,E8.5,E9.5-R3,32,153597,342873,E8.5,9.5,30.457582473754883
late,qiu2024,devmap,E8.5,E9.5-R3,33,153597,342873,E8.5,9.5,31.444812774658203
late,qiu2024,devmap,E8.5,E9.5-R3,34,153597,342873,E8.5,9.5,31.108890533447266
late,qiu2024,devmap,E8.5,E9.5-R3,35,153597,342873,E8.5,9.5,31.029708862304688
late,qiu2024,devmap,E8.5,E9.5-R3,36,153597,342873,E8.5,9.5,31.788211822509766
late,qiu2024,devmap,E8.5,E9.5-R3,37,153597,342873,E8.5,9.5,31.115345001220703
late,qiu2024,devmap,E8.5,E9.5-R3,38,153597,342873,E8.5,9.5,30.73679542541504
late,qiu2024,devmap,E8.5,E9.5-R3,39,153597,342873,E8.5,9.5,30.816810607910156
late,qiu2024,devmap,E8.5,E9.5-R3,40,153597,342873,E8.5,9.5,31.530263900756836
late,qiu2024,devmap,E8.5,E9.5-R3,41,153597,342873,E8.5,9.5,31.349821090698242
late,qiu2024,devmap,E8.5,E9.5-R3,42,153597,342873,E8.5,9.5,30.887523651123047
late,qiu2024,devmap,E8.5,E9.5-R3,43,153597,342873,E8.5,9.5,30.854515075683594
late,qiu2024,devmap,E8.5,E9.5-R3,44,153597,342873,E8.5,9.5,31.285287857055664
late,qiu2024,devmap,E8.5,E9.5-R3,45,153597,342873,E8.5,9.5,30.83392333984375
late,qiu2024,devmap,E8.5,E9.5-R3,46,153597,342873,E8.5,9.5,30.785686492919922
late,qiu2024,devmap,E8.5,E9.5-R3,47,153597,342873,E8.5,9.5,31.131820678710938
late,qiu2024,devmap,E8.5,E9.5-R3,48,153597,342873,E8.5,9.5,30.24663543701172
late,qiu2024,devmap,E8.5,E9.5-R3,49,153597,342873,E8.5,9.5,29.63430404663086
late,qiu2024,devmap,E8.5,E10.0-R1,0,153597,347550,E8.5,10.0,34.440467834472656
late,qiu2024,devmap,E8.5,E10.0-R1,1,153597,347550,E8.5,10.0,35.358802795410156
late,qiu2024,devmap,E8.5,E10.0-R1,2,153597,347550,E8.5,10.0,34.831687927246094
late,qiu2024,devmap,E8.5,E10.0-R1,3,153597,347550,E8.5,10.0,34.425811767578125
late,qiu2024,devmap,E8.5,E10.0-R1,4,153597,347550,E8.5,10.0,33.976749420166016
late,qiu2024,devmap,E8.5,E10.0-R1,5,153597,347550,E8.5,10.0,34.27195739746094
late,qiu2024,devmap,E8.5,E10.0-R1,6,153597,347550,E8.5,10.0,35.363121032714844
late,qiu2024,devmap,E8.5,E10.0-R1,7,153597,347550,E8.5,10.0,35.478271484375
late,qiu2024,devmap,E8.5,E10.0-R1,8,153597,347550,E8.5,10.0,34.039512634277344
late,qiu2024,devmap,E8.5,E10.0-R1,9,153597,347550,E8.5,10.0,33.72648239135742
late,qiu2024,devmap,E8.5,E10.0-R1,10,153597,347550,E8.5,10.0,34.75816345214844
late,qiu2024,devmap,E8.5,E10.0-R1,11,153597,347550,E8.5,10.0,34.428863525390625
late,qiu2024,devmap,E8.5,E10.0-R1,12,153597,347550,E8.5,10.0,33.858917236328125
late,qiu2024,devmap,E8.5,E10.0-R1,13,153597,347550,E8.5,10.0,34.63417053222656
late,qiu2024,devmap,E8.5,E10.0-R1,14,153597,347550,E8.5,10.0,33.58518600463867
late,qiu2024,devmap,E8.5,E10.0-R1,15,153597,347550,E8.5,10.0,35.10582733154297
late,qiu2024,devmap,E8.5,E10.0-R1,16,153597,347550,E8.5,10.0,34.66370391845703
late,qiu2024,devmap,E8.5,E10.0-R1,17,153597,347550,E8.5,10.0,35.07246017456055
late,qiu2024,devmap,E8.5,E10.0-R1,18,153597,347550,E8.5,10.0,34.41672897338867
late,qiu2024,devmap,E8.5,E10.0-R1,19,153597,347550,E8.5,10.0,35.11345672607422
late,qiu2024,devmap,E8.5,E10.0-R1,20,153597,347550,E8.5,10.0,34.95474624633789
late,qiu2024,devmap,E8.5,E10.0-R1,21,153597,347550,E8.5,10.0,34.61090850830078
late,qiu2024,devmap,E8.5,E10.0-R1,22,153597,347550,E8.5,10.0,35.94450378417969
late,qiu2024,devmap,E8.5,E10.0-R1,23,153597,347550,E8.5,10.0,35.376930236816406
late,qiu2024,devmap,E8.5,E10.0-R1,24,153597,347550,E8.5,10.0,34.658531188964844
late,qiu2024,devmap,E8.5,E10.0-R1,25,153597,347550,E8.5,10.0,35.327239990234375
late,qiu2024,devmap,E8.5,E10.0-R1,26,153597,347550,E8.5,10.0,35.04961395263672
late,qiu2024,devmap,E8.5,E10.0-R1,27,153597,347550,E8.5,10.0,33.861793518066406
late,qiu2024,devmap,E8.5,E10.0-R1,28,153597,347550,E8.5,10.0,34.69047164916992
late,qiu2024,devmap,E8.5,E10.0-R1,29,153597,347550,E8.5,10.0,34.7658805847168
late,qiu2024,devmap,E8.5,E10.0-R1,30,153597,347550,E8.5,10.0,35.49565505981445
late,qiu2024,devmap,E8.5,E10.0-R1,31,153597,347550,E8.5,10.0,34.2021484375
late,qiu2024,devmap,E8.5,E10.0-R1,32,153597,347550,E8.5,10.0,34.942359924316406
late,qiu2024,devmap,E8.5,E10.0-R1,33,153597,347550,E8.5,10.0,34.54829788208008
late,qiu2024,devmap,E8.5,E10.0-R1,34,153597,347550,E8.5,10.0,33.97311782836914
late,qiu2024,devmap,E8.5,E10.0-R1,35,153597,347550,E8.5,10.0,34.18484115600586
late,qiu2024,devmap,E8.5,E10.0-R1,36,153597,347550,E8.5,10.0,34.83037567138672
late,qiu2024,devmap,E8.5,E10.0-R1,37,153597,347550,E8.5,10.0,33.95748519897461
late,qiu2024,devmap,E8.5,E10.0-R1,38,153597,347550,E8.5,10.0,35.19209289550781
late,qiu2024,devmap,E8.5,E10.0-R1,39,153597,347550,E8.5,10.0,34.772762298583984
late,qiu2024,devmap,E8.5,E10.0-R1,40,153597,347550,E8.5,10.0,35.25139617919922
late,qiu2024,devmap,E8.5,E10.0-R1,41,153597,347550,E8.5,10.0,34.361907958984375
late,qiu2024,devmap,E8.5,E10.0-R1,42,153597,347550,E8.5,10.0,34.29534149169922
late,qiu2024,devmap,E8.5,E10.0-R1,43,153597,347550,E8.5,10.0,34.22852325439453
late,qiu2024,devmap,E8.5,E10.0-R1,44,153597,347550,E8.5,10.0,35.16931915283203
late,qiu2024,devmap,E8.5,E10.0-R1,45,153597,347550,E8.5,10.0,34.370121002197266
late,qiu2024,devmap,E8.5,E10.0-R1,46,153597,347550,E8.5,10.0,34.34748077392578
late,qiu2024,devmap,E8.5,E10.0-R1,47,153597,347550,E8.5,10.0,34.94934844970703
late,qiu2024,devmap,E8.5,E10.0-R1,48,153597,347550,E8.5,10.0,34.24244689941406
late,qiu2024,devmap,E8.5,E10.0-R1,49,153597,347550,E8.5,10.0,35.00322723388672
late,qiu2024,devmap,E8.75,E8.5-R1,0,46253,23435,E8.75,8.5,21.92586898803711
late,qiu2024,devmap,E8.75,E8.5-R1,1,46253,23435,E8.75,8.5,24.60588264465332
late,qiu2024,devmap,E8.75,E8.5-R1,2,46253,23435,E8.75,8.5,21.967185974121094
late,qiu2024,devmap,E8.75,E8.5-R1,3,46253,23435,E8.75,8.5,22.07986068725586
late,qiu2024,devmap,E8.75,E8.5-R1,4,46253,23435,E8.75,8.5,23.635482788085938
late,qiu2024,devmap,E8.75,E8.5-R1,5,46253,23435,E8.75,8.5,24.060577392578125
late,qiu2024,devmap,E8.75,E8.5-R1,6,46253,23435,E8.75,8.5,23.714405059814453
late,qiu2024,devmap,E8.75,E8.5-R1,7,46253,23435,E8.75,8.5,23.06098175048828
late,qiu2024,devmap,E8.75,E8.5-R1,8,46253,23435,E8.75,8.5,23.455677032470703
late,qiu2024,devmap,E8.75,E8.5-R1,9,46253,23435,E8.75,8.5,22.96478843688965
late,qiu2024,devmap,E8.75,E8.5-R1,10,46253,23435,E8.75,8.5,22.387130737304688
late,qiu2024,devmap,E8.75,E8.5-R1,11,46253,23435,E8.75,8.5,24.219791412353516
late,qiu2024,devmap,E8.75,E8.5-R1,12,46253,23435,E8.75,8.5,22.779624938964844
late,qiu2024,devmap,E8.75,E8.5-R1,13,46253,23435,E8.75,8.5,22.794063568115234
late,qiu2024,devmap,E8.75,E8.5-R1,14,46253,23435,E8.75,8.5,22.28363037109375
late,qiu2024,devmap,E8.75,E8.5-R1,15,46253,23435,E8.75,8.5,23.801956176757812
late,qiu2024,devmap,E8.75,E8.5-R1,16,46253,23435,E8.75,8.5,23.121044158935547
late,qiu2024,devmap,E8.75,E8.5-R1,17,46253,23435,E8.75,8.5,22.858922958374023
late,qiu2024,devmap,E8.75,E8.5-R1,18,46253,23435,E8.75,8.5,22.9311466217041
late,qiu2024,devmap,E8.75,E8.5-R1,19,46253,23435,E8.75,8.5,23.470867156982422
late,qiu2024,devmap,E8.75,E8.5-R1,20,46253,23435,E8.75,8.5,22.975475311279297
late,qiu2024,devmap,E8.75,E8.5-R1,21,46253,23435,E8.75,8.5,23.251285552978516
late,qiu2024,devmap,E8.75,E8.5-R1,22,46253,23435,E8.75,8.5,22.52370834350586
late,qiu2024,devmap,E8.75,E8.5-R1,23,46253,23435,E8.75,8.5,22.73686981201172
late,qiu2024,devmap,E8.75,E8.5-R1,24,46253,23435,E8.75,8.5,23.697742462158203
late,qiu2024,devmap,E8.75,E8.5-R1,25,46253,23435,E8.75,8.5,22.397613525390625
late,qiu2024,devmap,E8.75,E8.5-R1,26,46253,23435,E8.75,8.5,22.95404052734375
late,qiu2024,devmap,E8.75,E8.5-R1,27,46253,23435,E8.75,8.5,22.54120445251465
late,qiu2024,devmap,E8.75,E8.5-R1,28,46253,23435,E8.75,8.5,23.19588851928711
late,qiu2024,devmap,E8.75,E8.5-R1,29,46253,23435,E8.75,8.5,22.906051635742188
late,qiu2024,devmap,E8.75,E8.5-R1,30,46253,23435,E8.75,8.5,23.479724884033203
late,qiu2024,devmap,E8.75,E8.5-R1,31,46253,23435,E8.75,8.5,23.046833038330078
late,qiu2024,devmap,E8.75,E8.5-R1,32,46253,23435,E8.75,8.5,22.958398818969727
late,qiu2024,devmap,E8.75,E8.5-R1,33,46253,23435,E8.75,8.5,22.720470428466797
late,qiu2024,devmap,E8.75,E8.5-R1,34,46253,23435,E8.75,8.5,22.654329299926758
late,qiu2024,devmap,E8.75,E8.5-R1,35,46253,23435,E8.75,8.5,23.9409122467041
late,qiu2024,devmap,E8.75,E8.5-R1,36,46253,23435,E8.75,8.5,23.662487030029297
late,qiu2024,devmap,E8.75,E8.5-R1,37,46253,23435,E8.75,8.5,23.550357818603516
late,qiu2024,devmap,E8.75,E8.5-R1,38,46253,23435,E8.75,8.5,22.81601333618164
late,qiu2024,devmap,E8.75,E8.5-R1,39,46253,23435,E8.75,8.5,23.30416488647461
late,qiu2024,devmap,E8.75,E8.5-R1,40,46253,23435,E8.75,8.5,23.344776153564453
late,qiu2024,devmap,E8.75,E8.5-R1,41,46253,23435,E8.75,8.5,23.129837036132812
late,qiu2024,devmap,E8.75,E8.5-R1,42,46253,23435,E8.75,8.5,23.557640075683594
late,qiu2024,devmap,E8.75,E8.5-R1,43,46253,23435,E8.75,8.5,23.777748107910156
late,qiu2024,devmap,E8.75,E8.5-R1,44,46253,23435,E8.75,8.5,22.608455657958984
late,qiu2024,devmap,E8.75,E8.5-R1,45,46253,23435,E8.75,8.5,21.94923210144043
late,qiu2024,devmap,E8.75,E8.5-R1,46,46253,23435,E8.75,8.5,22.112834930419922
late,qiu2024,devmap,E8.75,E8.5-R1,47,46253,23435,E8.75,8.5,23.461172103881836
late,qiu2024,devmap,E8.75,E8.5-R1,48,46253,23435,E8.75,8.5,23.672706604003906
late,qiu2024,devmap,E8.75,E8.5-R1,49,46253,23435,E8.75,8.5,24.090011596679688
late,qiu2024,devmap,E8.75,E8.5-R2,0,46253,38216,E8.75,8.5,22.47770881652832
late,qiu2024,devmap,E8.75,E8.5-R2,1,46253,38216,E8.75,8.5,21.86945343017578
late,qiu2024,devmap,E8.75,E8.5-R2,2,46253,38216,E8.75,8.5,21.798669815063477
late,qiu2024,devmap,E8.75,E8.5-R2,3,46253,38216,E8.75,8.5,22.213729858398438
late,qiu2024,devmap,E8.75,E8.5-R2,4,46253,38216,E8.75,8.5,22.097042083740234
late,qiu2024,devmap,E8.75,E8.5-R2,5,46253,38216,E8.75,8.5,21.670326232910156
late,qiu2024,devmap,E8.75,E8.5-R2,6,46253,38216,E8.75,8.5,21.284931182861328
late,qiu2024,devmap,E8.75,E8.5-R2,7,46253,38216,E8.75,8.5,21.551511764526367
late,qiu2024,devmap,E8.75,E8.5-R2,8,46253,38216,E8.75,8.5,22.487085342407227
late,qiu2024,devmap,E8.75,E8.5-R2,9,46253,38216,E8.75,8.5,22.114072799682617
late,qiu2024,devmap,E8.75,E8.5-R2,10,46253,38216,E8.75,8.5,21.810832977294922
late,qiu2024,devmap,E8.75,E8.5-R2,11,46253,38216,E8.75,8.5,21.858171463012695
late,qiu2024,devmap,E8.75,E8.5-R2,12,46253,38216,E8.75,8.5,21.63577651977539
late,qiu2024,devmap,E8.75,E8.5-R2,13,46253,38216,E8.75,8.5,21.611125946044922
late,qiu2024,devmap,E8.75,E8.5-R2,14,46253,38216,E8.75,8.5,22.29067611694336
late,qiu2024,devmap,E8.75,E8.5-R2,15,46253,38216,E8.75,8.5,22.42150115966797
late,qiu2024,devmap,E8.75,E8.5-R2,16,46253,38216,E8.75,8.5,21.15826988220215
late,qiu2024,devmap,E8.75,E8.5-R2,17,46253,38216,E8.75,8.5,21.501079559326172
late,qiu2024,devmap,E8.75,E8.5-R2,18,46253,38216,E8.75,8.5,21.633007049560547
late,qiu2024,devmap,E8.75,E8.5-R2,19,46253,38216,E8.75,8.5,22.492294311523438
late,qiu2024,devmap,E8.75,E8.5-R2,20,46253,38216,E8.75,8.5,21.823715209960938
late,qiu2024,devmap,E8.75,E8.5-R2,21,46253,38216,E8.75,8.5,21.40664291381836
late,qiu2024,devmap,E8.75,E8.5-R2,22,46253,38216,E8.75,8.5,22.828577041625977
late,qiu2024,devmap,E8.75,E8.5-R2,23,46253,38216,E8.75,8.5,21.757564544677734
late,qiu2024,devmap,E8.75,E8.5-R2,24,46253,38216,E8.75,8.5,22.440685272216797
late,qiu2024,devmap,E8.75,E8.5-R2,25,46253,38216,E8.75,8.5,21.76382827758789
late,qiu2024,devmap,E8.75,E8.5-R2,26,46253,38216,E8.75,8.5,21.792747497558594
late,qiu2024,devmap,E8.75,E8.5-R2,27,46253,38216,E8.75,8.5,22.37004852294922
late,qiu2024,devmap,E8.75,E8.5-R2,28,46253,38216,E8.75,8.5,22.182510375976562
late,qiu2024,devmap,E8.75,E8.5-R2,29,46253,38216,E8.75,8.5,21.533218383789062
late,qiu2024,devmap,E8.75,E8.5-R2,30,46253,38216,E8.75,8.5,21.6134033203125
late,qiu2024,devmap,E8.75,E8.5-R2,31,46253,38216,E8.75,8.5,22.200817108154297
late,qiu2024,devmap,E8.75,E8.5-R2,32,46253,38216,E8.75,8.5,21.625595092773438
late,qiu2024,devmap,E8.75,E8.5-R2,33,46253,38216,E8.75,8.5,21.67418670654297
late,qiu2024,devmap,E8.75,E8.5-R2,34,46253,38216,E8.75,8.5,21.779481887817383
late,qiu2024,devmap,E8.75,E8.5-R2,35,46253,38216,E8.75,8.5,22.04793930053711
late,qiu2024,devmap,E8.75,E8.5-R2,36,46253,38216,E8.75,8.5,21.700382232666016
late,qiu2024,devmap,E8.75,E8.5-R2,37,46253,38216,E8.75,8.5,22.258304595947266
late,qiu2024,devmap,E8.75,E8.5-R2,38,46253,38216,E8.75,8.5,22.236652374267578
late,qiu2024,devmap,E8.75,E8.5-R2,39,46253,38216,E8.75,8.5,21.526451110839844
late,qiu2024,devmap,E8.75,E8.5-R2,40,46253,38216,E8.75,8.5,21.70928955078125
late,qiu2024,devmap,E8.75,E8.5-R2,41,46253,38216,E8.75,8.5,21.652751922607422
late,qiu2024,devmap,E8.75,E8.5-R2,42,46253,38216,E8.75,8.5,22.23845672607422
late,qiu2024,devmap,E8.75,E8.5-R2,43,46253,38216,E8.75,8.5,21.992446899414062
late,qiu2024,devmap,E8.75,E8.5-R2,44,46253,38216,E8.75,8.5,21.67340087890625
late,qiu2024,devmap,E8.75,E8.5-R2,45,46253,38216,E8.75,8.5,21.584022521972656
late,qiu2024,devmap,E8.75,E8.5-R2,46,46253,38216,E8.75,8.5,21.8444881439209
late,qiu2024,devmap,E8.75,E8.5-R2,47,46253,38216,E8.75,8.5,21.26047134399414
late,qiu2024,devmap,E8.75,E8.5-R2,48,46253,38216,E8.75,8.5,21.760726928710938
late,qiu2024,devmap,E8.75,E8.5-R2,49,46253,38216,E8.75,8.5,21.823820114135742
late,qiu2024,devmap,E8.75,E8.5-R3,0,46253,27743,E8.75,8.5,23.435884475708008
late,qiu2024,devmap,E8.75,E8.5-R3,1,46253,27743,E8.75,8.5,22.80142593383789
late,qiu2024,devmap,E8.75,E8.5-R3,2,46253,27743,E8.75,8.5,21.676305770874023
late,qiu2024,devmap,E8.75,E8.5-R3,3,46253,27743,E8.75,8.5,23.589401245117188
late,qiu2024,devmap,E8.75,E8.5-R3,4,46253,27743,E8.75,8.5,22.519073486328125
late,qiu2024,devmap,E8.75,E8.5-R3,5,46253,27743,E8.75,8.5,22.205280303955078
late,qiu2024,devmap,E8.75,E8.5-R3,6,46253,27743,E8.75,8.5,22.105724334716797
late,qiu2024,devmap,E8.75,E8.5-R3,7,46253,27743,E8.75,8.5,22.818660736083984
late,qiu2024,devmap,E8.75,E8.5-R3,8,46253,27743,E8.75,8.5,22.144161224365234
late,qiu2024,devmap,E8.75,E8.5-R3,9,46253,27743,E8.75,8.5,23.21274185180664
late,qiu2024,devmap,E8.75,E8.5-R3,10,46253,27743,E8.75,8.5,22.647254943847656
late,qiu2024,devmap,E8.75,E8.5-R3,11,46253,27743,E8.75,8.5,23.183124542236328
late,qiu2024,devmap,E8.75,E8.5-R3,12,46253,27743,E8.75,8.5,21.79529571533203
late,qiu2024,devmap,E8.75,E8.5-R3,13,46253,27743,E8.75,8.5,22.380971908569336
late,qiu2024,devmap,E8.75,E8.5-R3,14,46253,27743,E8.75,8.5,23.294540405273438
late,qiu2024,devmap,E8.75,E8.5-R3,15,46253,27743,E8.75,8.5,23.037654876708984
late,qiu2024,devmap,E8.75,E8.5-R3,16,46253,27743,E8.75,8.5,22.22475814819336
late,qiu2024,devmap,E8.75,E8.5-R3,17,46253,27743,E8.75,8.5,22.78066635131836
late,qiu2024,devmap,E8.75,E8.5-R3,18,46253,27743,E8.75,8.5,22.439559936523438
late,qiu2024,devmap,E8.75,E8.5-R3,19,46253,27743,E8.75,8.5,21.63397979736328
late,qiu2024,devmap,E8.75,E8.5-R3,20,46253,27743,E8.75,8.5,22.73124122619629
late,qiu2024,devmap,E8.75,E8.5-R3,21,46253,27743,E8.75,8.5,22.259979248046875
late,qiu2024,devmap,E8.75,E8.5-R3,22,46253,27743,E8.75,8.5,22.817659378051758
late,qiu2024,devmap,E8.75,E8.5-R3,23,46253,27743,E8.75,8.5,21.890979766845703
late,qiu2024,devmap,E8.75,E8.5-R3,24,46253,27743,E8.75,8.5,22.692651748657227
late,qiu2024,devmap,E8.75,E8.5-R3,25,46253,27743,E8.75,8.5,22.153507232666016
late,qiu2024,devmap,E8.75,E8.5-R3,26,46253,27743,E8.75,8.5,22.44711685180664
late,qiu2024,devmap,E8.75,E8.5-R3,27,46253,27743,E8.75,8.5,22.630390167236328
late,qiu2024,devmap,E8.75,E8.5-R3,28,46253,27743,E8.75,8.5,22.044172286987305
late,qiu2024,devmap,E8.75,E8.5-R3,29,46253,27743,E8.75,8.5,22.120403289794922
late,qiu2024,devmap,E8.75,E8.5-R3,30,46253,27743,E8.75,8.5,22.408802032470703
late,qiu2024,devmap,E8.75,E8.5-R3,31,46253,27743,E8.75,8.5,23.065698623657227
late,qiu2024,devmap,E8.75,E8.5-R3,32,46253,27743,E8.75,8.5,21.989049911499023
late,qiu2024,devmap,E8.75,E8.5-R3,33,46253,27743,E8.75,8.5,22.472869873046875
late,qiu2024,devmap,E8.75,E8.5-R3,34,46253,27743,E8.75,8.5,22.811140060424805
late,qiu2024,devmap,E8.75,E8.5-R3,35,46253,27743,E8.75,8.5,22.84272003173828
late,qiu2024,devmap,E8.75,E8.5-R3,36,46253,27743,E8.75,8.5,21.821308135986328
late,qiu2024,devmap,E8.75,E8.5-R3,37,46253,27743,E8.75,8.5,23.10425567626953
late,qiu2024,devmap,E8.75,E8.5-R3,38,46253,27743,E8.75,8.5,22.381196975708008
late,qiu2024,devmap,E8.75,E8.5-R3,39,46253,27743,E8.75,8.5,22.638988494873047
late,qiu2024,devmap,E8.75,E8.5-R3,40,46253,27743,E8.75,8.5,22.0331974029541
late,qiu2024,devmap,E8.75,E8.5-R3,41,46253,27743,E8.75,8.5,22.929115295410156
late,qiu2024,devmap,E8.75,E8.5-R3,42,46253,27743,E8.75,8.5,22.33066749572754
late,qiu2024,devmap,E8.75,E8.5-R3,43,46253,27743,E8.75,8.5,22.666311264038086
late,qiu2024,devmap,E8.75,E8.5-R3,44,46253,27743,E8.75,8.5,22.427499771118164
late,qiu2024,devmap,E8.75,E8.5-R3,45,46253,27743,E8.75,8.5,23.208545684814453
late,qiu2024,devmap,E8.75,E8.5-R3,46,46253,27743,E8.75,8.5,21.489818572998047
late,qiu2024,devmap,E8.75,E8.5-R3,47,46253,27743,E8.75,8.5,22.578292846679688
late,qiu2024,devmap,E8.75,E8.5-R3,48,46253,27743,E8.75,8.5,22.194610595703125
late,qiu2024,devmap,E8.75,E8.5-R3,49,46253,27743,E8.75,8.5,22.644969940185547
late,qiu2024,devmap,E8.75,E9.0-R1,0,46253,92063,E8.75,9.0,19.33736801147461
late,qiu2024,devmap,E8.75,E9.0-R1,1,46253,92063,E8.75,9.0,19.696786880493164
late,qiu2024,devmap,E8.75,E9.0-R1,2,46253,92063,E8.75,9.0,20.546995162963867
late,qiu2024,devmap,E8.75,E9.0-R1,3,46253,92063,E8.75,9.0,20.698719024658203
late,qiu2024,devmap,E8.75,E9.0-R1,4,46253,92063,E8.75,9.0,20.2601318359375
late,qiu2024,devmap,E8.75,E9.0-R1,5,46253,92063,E8.75,9.0,19.05987548828125
late,qiu2024,devmap,E8.75,E9.0-R1,6,46253,92063,E8.75,9.0,20.10621452331543
late,qiu2024,devmap,E8.75,E9.0-R1,7,46253,92063,E8.75,9.0,19.75420570373535
late,qiu2024,devmap,E8.75,E9.0-R1,8,46253,92063,E8.75,9.0,20.704288482666016
late,qiu2024,devmap,E8.75,E9.0-R1,9,46253,92063,E8.75,9.0,19.461402893066406
late,qiu2024,devmap,E8.75,E9.0-R1,10,46253,92063,E8.75,9.0,19.874282836914062
late,qiu2024,devmap,E8.75,E9.0-R1,11,46253,92063,E8.75,9.0,19.90947723388672
late,qiu2024,devmap,E8.75,E9.0-R1,12,46253,92063,E8.75,9.0,19.69176483154297
late,qiu2024,devmap,E8.75,E9.0-R1,13,46253,92063,E8.75,9.0,20.214740753173828
late,qiu2024,devmap,E8.75,E9.0-R1,14,46253,92063,E8.75,9.0,20.953773498535156
late,qiu2024,devmap,E8.75,E9.0-R1,15,46253,92063,E8.75,9.0,19.374011993408203
late,qiu2024,devmap,E8.75,E9.0-R1,16,46253,92063,E8.75,9.0,19.693859100341797
late,qiu2024,devmap,E8.75,E9.0-R1,17,46253,92063,E8.75,9.0,19.818288803100586
late,qiu2024,devmap,E8.75,E9.0-R1,18,46253,92063,E8.75,9.0,19.934226989746094
late,qiu2024,devmap,E8.75,E9.0-R1,19,46253,92063,E8.75,9.0,19.936532974243164
late,qiu2024,devmap,E8.75,E9.0-R1,20,46253,92063,E8.75,9.0,19.198177337646484
late,qiu2024,devmap,E8.75,E9.0-R1,21,46253,92063,E8.75,9.0,19.814041137695312
late,qiu2024,devmap,E8.75,E9.0-R1,22,46253,92063,E8.75,9.0,20.22718048095703
late,qiu2024,devmap,E8.75,E9.0-R1,23,46253,92063,E8.75,9.0,19.449020385742188
late,qiu2024,devmap,E8.75,E9.0-R1,24,46253,92063,E8.75,9.0,19.90047836303711
late,qiu2024,devmap,E8.75,E9.0-R1,25,46253,92063,E8.75,9.0,19.615577697753906
late,qiu2024,devmap,E8.75,E9.0-R1,26,46253,92063,E8.75,9.0,20.403718948364258
late,qiu2024,devmap,E8.75,E9.0-R1,27,46253,92063,E8.75,9.0,20.05677032470703
late,qiu2024,devmap,E8.75,E9.0-R1,28,46253,92063,E8.75,9.0,20.19049072265625
late,qiu2024,devmap,E8.75,E9.0-R1,29,46253,92063,E8.75,9.0,19.59017562866211
late,qiu2024,devmap,E8.75,E9.0-R1,30,46253,92063,E8.75,9.0,21.22787094116211
late,qiu2024,devmap,E8.75,E9.0-R1,31,46253,92063,E8.75,9.0,19.78621482849121
late,qiu2024,devmap,E8.75,E9.0-R1,32,46253,92063,E8.75,9.0,19.820451736450195
late,qiu2024,devmap,E8.75,E9.0-R1,33,46253,92063,E8.75,9.0,19.590187072753906
late,qiu2024,devmap,E8.75,E9.0-R1,34,46253,92063,E8.75,9.0,20.70656394958496
late,qiu2024,devmap,E8.75,E9.0-R1,35,46253,92063,E8.75,9.0,19.580326080322266
late,qiu2024,devmap,E8.75,E9.0-R1,36,46253,92063,E8.75,9.0,19.6322021484375
late,qiu2024,devmap,E8.75,E9.0-R1,37,46253,92063,E8.75,9.0,20.165571212768555
late,qiu2024,devmap,E8.75,E9.0-R1,38,46253,92063,E8.75,9.0,20.402860641479492
late,qiu2024,devmap,E8.75,E9.0-R1,39,46253,92063,E8.75,9.0,19.756614685058594
late,qiu2024,devmap,E8.75,E9.0-R1,40,46253,92063,E8.75,9.0,19.772357940673828
late,qiu2024,devmap,E8.75,E9.0-R1,41,46253,92063,E8.75,9.0,20.263778686523438
late,qiu2024,devmap,E8.75,E9.0-R1,42,46253,92063,E8.75,9.0,19.96593475341797
late,qiu2024,devmap,E8.75,E9.0-R1,43,46253,92063,E8.75,9.0,19.638139724731445
late,qiu2024,devmap,E8.75,E9.0-R1,44,46253,92063,E8.75,9.0,20.007158279418945
late,qiu2024,devmap,E8.75,E9.0-R1,45,46253,92063,E8.75,9.0,19.295612335205078
late,qiu2024,devmap,E8.75,E9.0-R1,46,46253,92063,E8.75,9.0,20.581199645996094
late,qiu2024,devmap,E8.75,E9.0-R1,47,46253,92063,E8.75,9.0,19.549407958984375
late,qiu2024,devmap,E8.75,E9.0-R1,48,46253,92063,E8.75,9.0,19.696359634399414
late,qiu2024,devmap,E8.75,E9.0-R1,49,46253,92063,E8.75,9.0,20.25788116455078
late,qiu2024,devmap,E8.75,E9.0-R2,0,46253,99878,E8.75,9.0,19.40591812133789
late,qiu2024,devmap,E8.75,E9.0-R2,1,46253,99878,E8.75,9.0,19.42314910888672
late,qiu2024,devmap,E8.75,E9.0-R2,2,46253,99878,E8.75,9.0,18.813434600830078
late,qiu2024,devmap,E8.75,E9.0-R2,3,46253,99878,E8.75,9.0,18.16912841796875
late,qiu2024,devmap,E8.75,E9.0-R2,4,46253,99878,E8.75,9.0,18.947010040283203
late,qiu2024,devmap,E8.75,E9.0-R2,5,46253,99878,E8.75,9.0,19.551862716674805
late,qiu2024,devmap,E8.75,E9.0-R2,6,46253,99878,E8.75,9.0,19.38626480102539
late,qiu2024,devmap,E8.75,E9.0-R2,7,46253,99878,E8.75,9.0,18.255321502685547
late,qiu2024,devmap,E8.75,E9.0-R2,8,46253,99878,E8.75,9.0,19.264400482177734
late,qiu2024,devmap,E8.75,E9.0-R2,9,46253,99878,E8.75,9.0,18.969186782836914
late,qiu2024,devmap,E8.75,E9.0-R2,10,46253,99878,E8.75,9.0,19.031587600708008
late,qiu2024,devmap,E8.75,E9.0-R2,11,46253,99878,E8.75,9.0,18.549713134765625
late,qiu2024,devmap,E8.75,E9.0-R2,12,46253,99878,E8.75,9.0,18.152530670166016
late,qiu2024,devmap,E8.75,E9.0-R2,13,46253,99878,E8.75,9.0,18.73418426513672
late,qiu2024,devmap,E8.75,E9.0-R2,14,46253,99878,E8.75,9.0,18.94754981994629
late,qiu2024,devmap,E8.75,E9.0-R2,15,46253,99878,E8.75,9.0,19.088558197021484
late,qiu2024,devmap,E8.75,E9.0-R2,16,46253,99878,E8.75,9.0,19.105270385742188
late,qiu2024,devmap,E8.75,E9.0-R2,17,46253,99878,E8.75,9.0,19.30319595336914
late,qiu2024,devmap,E8.75,E9.0-R2,18,46253,99878,E8.75,9.0,19.034008026123047
late,qiu2024,devmap,E8.75,E9.0-R2,19,46253,99878,E8.75,9.0,19.01746368408203
late,qiu2024,devmap,E8.75,E9.0-R2,20,46253,99878,E8.75,9.0,18.23183822631836
late,qiu2024,devmap,E8.75,E9.0-R2,21,46253,99878,E8.75,9.0,18.864437103271484
late,qiu2024,devmap,E8.75,E9.0-R2,22,46253,99878,E8.75,9.0,18.683277130126953
late,qiu2024,devmap,E8.75,E9.0-R2,23,46253,99878,E8.75,9.0,18.508197784423828
late,qiu2024,devmap,E8.75,E9.0-R2,24,46253,99878,E8.75,9.0,17.92193031311035
late,qiu2024,devmap,E8.75,E9.0-R2,25,46253,99878,E8.75,9.0,18.44301986694336
late,qiu2024,devmap,E8.75,E9.0-R2,26,46253,99878,E8.75,9.0,19.334718704223633
late,qiu2024,devmap,E8.75,E9.0-R2,27,46253,99878,E8.75,9.0,18.86676025390625
late,qiu2024,devmap,E8.75,E9.0-R2,28,46253,99878,E8.75,9.0,18.894466400146484
late,qiu2024,devmap,E8.75,E9.0-R2,29,46253,99878,E8.75,9.0,18.675827026367188
late,qiu2024,devmap,E8.75,E9.0-R2,30,46253,99878,E8.75,9.0,19.017295837402344
late,qiu2024,devmap,E8.75,E9.0-R2,31,46253,99878,E8.75,9.0,18.323408126831055
late,qiu2024,devmap,E8.75,E9.0-R2,32,46253,99878,E8.75,9.0,18.726638793945312
late,qiu2024,devmap,E8.75,E9.0-R2,33,46253,99878,E8.75,9.0,18.55875015258789
late,qiu2024,devmap,E8.75,E9.0-R2,34,46253,99878,E8.75,9.0,18.414352416992188
late,qiu2024,devmap,E8.75,E9.0-R2,35,46253,99878,E8.75,9.0,19.255294799804688
late,qiu2024,devmap,E8.75,E9.0-R2,36,46253,99878,E8.75,9.0,18.676349639892578
late,qiu2024,devmap,E8.75,E9.0-R2,37,46253,99878,E8.75,9.0,18.380516052246094
late,qiu2024,devmap,E8.75,E9.0-R2,38,46253,99878,E8.75,9.0,19.675500869750977
late,qiu2024,devmap,E8.75,E9.0-R2,39,46253,99878,E8.75,9.0,19.066722869873047
late,qiu2024,devmap,E8.75,E9.0-R2,40,46253,99878,E8.75,9.0,18.968414306640625
late,qiu2024,devmap,E8.75,E9.0-R2,41,46253,99878,E8.75,9.0,18.6431884765625
late,qiu2024,devmap,E8.75,E9.0-R2,42,46253,99878,E8.75,9.0,19.229707717895508
late,qiu2024,devmap,E8.75,E9.0-R2,43,46253,99878,E8.75,9.0,19.13275909423828
late,qiu2024,devmap,E8.75,E9.0-R2,44,46253,99878,E8.75,9.0,18.111244201660156
late,qiu2024,devmap,E8.75,E9.0-R2,45,46253,99878,E8.75,9.0,19.443038940429688
late,qiu2024,devmap,E8.75,E9.0-R2,46,46253,99878,E8.75,9.0,19.059263229370117
late,qiu2024,devmap,E8.75,E9.0-R2,47,46253,99878,E8.75,9.0,19.358013153076172
late,qiu2024,devmap,E8.75,E9.0-R2,48,46253,99878,E8.75,9.0,18.588191986083984
late,qiu2024,devmap,E8.75,E9.0-R2,49,46253,99878,E8.75,9.0,19.128116607666016
late,qiu2024,devmap,E8.75,E9.0-R3,0,46253,62867,E8.75,9.0,19.751041412353516
late,qiu2024,devmap,E8.75,E9.0-R3,1,46253,62867,E8.75,9.0,20.85745620727539
late,qiu2024,devmap,E8.75,E9.0-R3,2,46253,62867,E8.75,9.0,19.444000244140625
late,qiu2024,devmap,E8.75,E9.0-R3,3,46253,62867,E8.75,9.0,18.865055084228516
late,qiu2024,devmap,E8.75,E9.0-R3,4,46253,62867,E8.75,9.0,19.9478759765625
late,qiu2024,devmap,E8.75,E9.0-R3,5,46253,62867,E8.75,9.0,20.279529571533203
late,qiu2024,devmap,E8.75,E9.0-R3,6,46253,62867,E8.75,9.0,20.65184211730957
late,qiu2024,devmap,E8.75,E9.0-R3,7,46253,62867,E8.75,9.0,19.517406463623047
late,qiu2024,devmap,E8.75,E9.0-R3,8,46253,62867,E8.75,9.0,19.282325744628906
late,qiu2024,devmap,E8.75,E9.0-R3,9,46253,62867,E8.75,9.0,20.63778305053711
late,qiu2024,devmap,E8.75,E9.0-R3,10,46253,62867,E8.75,9.0,20.023853302001953
late,qiu2024,devmap,E8.75,E9.0-R3,11,46253,62867,E8.75,9.0,19.926307678222656
late,qiu2024,devmap,E8.75,E9.0-R3,12,46253,62867,E8.75,9.0,19.270244598388672
late,qiu2024,devmap,E8.75,E9.0-R3,13,46253,62867,E8.75,9.0,19.88082504272461
late,qiu2024,devmap,E8.75,E9.0-R3,14,46253,62867,E8.75,9.0,19.63292121887207
late,qiu2024,devmap,E8.75,E9.0-R3,15,46253,62867,E8.75,9.0,19.512847900390625
late,qiu2024,devmap,E8.75,E9.0-R3,16,46253,62867,E8.75,9.0,19.705318450927734
late,qiu2024,devmap,E8.75,E9.0-R3,17,46253,62867,E8.75,9.0,20.33354377746582
late,qiu2024,devmap,E8.75,E9.0-R3,18,46253,62867,E8.75,9.0,20.315820693969727
late,qiu2024,devmap,E8.75,E9.0-R3,19,46253,62867,E8.75,9.0,19.237449645996094
late,qiu2024,devmap,E8.75,E9.0-R3,20,46253,62867,E8.75,9.0,20.039520263671875
late,qiu2024,devmap,E8.75,E9.0-R3,21,46253,62867,E8.75,9.0,20.754425048828125
late,qiu2024,devmap,E8.75,E9.0-R3,22,46253,62867,E8.75,9.0,20.649818420410156
late,qiu2024,devmap,E8.75,E9.0-R3,23,46253,62867,E8.75,9.0,20.207263946533203
late,qiu2024,devmap,E8.75,E9.0-R3,24,46253,62867,E8.75,9.0,21.113977432250977
late,qiu2024,devmap,E8.75,E9.0-R3,25,46253,62867,E8.75,9.0,20.749019622802734
late,qiu2024,devmap,E8.75,E9.0-R3,26,46253,62867,E8.75,9.0,20.27920150756836
late,qiu2024,devmap,E8.75,E9.0-R3,27,46253,62867,E8.75,9.0,20.466903686523438
late,qiu2024,devmap,E8.75,E9.0-R3,28,46253,62867,E8.75,9.0,20.223979949951172
late,qiu2024,devmap,E8.75,E9.0-R3,29,46253,62867,E8.75,9.0,20.10589599609375
late,qiu2024,devmap,E8.75,E9.0-R3,30,46253,62867,E8.75,9.0,20.098892211914062
late,qiu2024,devmap,E8.75,E9.0-R3,31,46253,62867,E8.75,9.0,19.60772132873535
late,qiu2024,devmap,E8.75,E9.0-R3,32,46253,62867,E8.75,9.0,20.22811508178711
late,qiu2024,devmap,E8.75,E9.0-R3,33,46253,62867,E8.75,9.0,19.86209487915039
late,qiu2024,devmap,E8.75,E9.0-R3,34,46253,62867,E8.75,9.0,19.933889389038086
late,qiu2024,devmap,E8.75,E9.0-R3,35,46253,62867,E8.75,9.0,20.420063018798828
late,qiu2024,devmap,E8.75,E9.0-R3,36,46253,62867,E8.75,9.0,20.198699951171875
late,qiu2024,devmap,E8.75,E9.0-R3,37,46253,62867,E8.75,9.0,19.98621940612793
late,qiu2024,devmap,E8.75,E9.0-R3,38,46253,62867,E8.75,9.0,18.931379318237305
late,qiu2024,devmap,E8.75,E9.0-R3,39,46253,62867,E8.75,9.0,19.747844696044922
late,qiu2024,devmap,E8.75,E9.0-R3,40,46253,62867,E8.75,9.0,20.558916091918945
late,qiu2024,devmap,E8.75,E9.0-R3,41,46253,62867,E8.75,9.0,19.77170181274414
late,qiu2024,devmap,E8.75,E9.0-R3,42,46253,62867,E8.75,9.0,20.172515869140625
late,qiu2024,devmap,E8.75,E9.0-R3,43,46253,62867,E8.75,9.0,20.896934509277344
late,qiu2024,devmap,E8.75,E9.0-R3,44,46253,62867,E8.75,9.0,20.53827667236328
late,qiu2024,devmap,E8.75,E9.0-R3,45,46253,62867,E8.75,9.0,18.91503143310547
late,qiu2024,devmap,E8.75,E9.0-R3,46,46253,62867,E8.75,9.0,19.32689666748047
late,qiu2024,devmap,E8.75,E9.0-R3,47,46253,62867,E8.75,9.0,20.47715950012207
late,qiu2024,devmap,E8.75,E9.0-R3,48,46253,62867,E8.75,9.0,20.323204040527344
late,qiu2024,devmap,E8.75,E9.0-R3,49,46253,62867,E8.75,9.0,19.483064651489258
late,qiu2024,devmap,E8.75,E9.5-R1,0,46253,383453,E8.75,9.5,25.092666625976562
late,qiu2024,devmap,E8.75,E9.5-R1,1,46253,383453,E8.75,9.5,25.92603302001953
late,qiu2024,devmap,E8.75,E9.5-R1,2,46253,383453,E8.75,9.5,25.27170753479004
late,qiu2024,devmap,E8.75,E9.5-R1,3,46253,383453,E8.75,9.5,25.331016540527344
late,qiu2024,devmap,E8.75,E9.5-R1,4,46253,383453,E8.75,9.5,25.36235237121582
late,qiu2024,devmap,E8.75,E9.5-R1,5,46253,383453,E8.75,9.5,25.091232299804688
late,qiu2024,devmap,E8.75,E9.5-R1,6,46253,383453,E8.75,9.5,24.899600982666016
late,qiu2024,devmap,E8.75,E9.5-R1,7,46253,383453,E8.75,9.5,25.1352596282959
late,qiu2024,devmap,E8.75,E9.5-R1,8,46253,383453,E8.75,9.5,26.158872604370117
late,qiu2024,devmap,E8.75,E9.5-R1,9,46253,383453,E8.75,9.5,24.571163177490234
late,qiu2024,devmap,E8.75,E9.5-R1,10,46253,383453,E8.75,9.5,25.29376220703125
late,qiu2024,devmap,E8.75,E9.5-R1,11,46253,383453,E8.75,9.5,24.943279266357422
late,qiu2024,devmap,E8.75,E9.5-R1,12,46253,383453,E8.75,9.5,24.948627471923828
late,qiu2024,devmap,E8.75,E9.5-R1,13,46253,383453,E8.75,9.5,25.175567626953125
late,qiu2024,devmap,E8.75,E9.5-R1,14,46253,383453,E8.75,9.5,25.55141258239746
late,qiu2024,devmap,E8.75,E9.5-R1,15,46253,383453,E8.75,9.5,25.67166519165039
late,qiu2024,devmap,E8.75,E9.5-R1,16,46253,383453,E8.75,9.5,25.09527587890625
late,qiu2024,devmap,E8.75,E9.5-R1,17,46253,383453,E8.75,9.5,25.334545135498047
late,qiu2024,devmap,E8.75,E9.5-R1,18,46253,383453,E8.75,9.5,24.47323989868164
late,qiu2024,devmap,E8.75,E9.5-R1,19,46253,383453,E8.75,9.5,24.637638092041016
late,qiu2024,devmap,E8.75,E9.5-R1,20,46253,383453,E8.75,9.5,25.44955062866211
late,qiu2024,devmap,E8.75,E9.5-R1,21,46253,383453,E8.75,9.5,25.34414291381836
late,qiu2024,devmap,E8.75,E9.5-R1,22,46253,383453,E8.75,9.5,26.225317001342773
late,qiu2024,devmap,E8.75,E9.5-R1,23,46253,383453,E8.75,9.5,24.52982521057129
late,qiu2024,devmap,E8.75,E9.5-R1,24,46253,383453,E8.75,9.5,25.250761032104492
late,qiu2024,devmap,E8.75,E9.5-R1,25,46253,383453,E8.75,9.5,25.187530517578125
late,qiu2024,devmap,E8.75,E9.5-R1,26,46253,383453,E8.75,9.5,25.35056495666504
late,qiu2024,devmap,E8.75,E9.5-R1,27,46253,383453,E8.75,9.5,24.77271270751953
late,qiu2024,devmap,E8.75,E9.5-R1,28,46253,383453,E8.75,9.5,24.455509185791016
late,qiu2024,devmap,E8.75,E9.5-R1,29,46253,383453,E8.75,9.5,25.58755111694336
late,qiu2024,devmap,E8.75,E9.5-R1,30,46253,383453,E8.75,9.5,25.348743438720703
late,qiu2024,devmap,E8.75,E9.5-R1,31,46253,383453,E8.75,9.5,25.312313079833984
late,qiu2024,devmap,E8.75,E9.5-R1,32,46253,383453,E8.75,9.5,25.079914093017578
late,qiu2024,devmap,E8.75,E9.5-R1,33,46253,383453,E8.75,9.5,24.894397735595703
late,qiu2024,devmap,E8.75,E9.5-R1,34,46253,383453,E8.75,9.5,25.037860870361328
late,qiu2024,devmap,E8.75,E9.5-R1,35,46253,383453,E8.75,9.5,25.001148223876953
late,qiu2024,devmap,E8.75,E9.5-R1,36,46253,383453,E8.75,9.5,24.563884735107422
late,qiu2024,devmap,E8.75,E9.5-R1,37,46253,383453,E8.75,9.5,25.38275909423828
late,qiu2024,devmap,E8.75,E9.5-R1,38,46253,383453,E8.75,9.5,25.2020263671875
late,qiu2024,devmap,E8.75,E9.5-R1,39,46253,383453,E8.75,9.5,25.48783302307129
late,qiu2024,devmap,E8.75,E9.5-R1,40,46253,383453,E8.75,9.5,24.831302642822266
late,qiu2024,devmap,E8.75,E9.5-R1,41,46253,383453,E8.75,9.5,25.715843200683594
late,qiu2024,devmap,E8.75,E9.5-R1,42,46253,383453,E8.75,9.5,25.101425170898438
late,qiu2024,devmap,E8.75,E9.5-R1,43,46253,383453,E8.75,9.5,24.58283233642578
late,qiu2024,devmap,E8.75,E9.5-R1,44,46253,383453,E8.75,9.5,24.96424102783203
late,qiu2024,devmap,E8.75,E9.5-R1,45,46253,383453,E8.75,9.5,25.248798370361328
late,qiu2024,devmap,E8.75,E9.5-R1,46,46253,383453,E8.75,9.5,25.182912826538086
late,qiu2024,devmap,E8.75,E9.5-R1,47,46253,383453,E8.75,9.5,25.202943801879883
late,qiu2024,devmap,E8.75,E9.5-R1,48,46253,383453,E8.75,9.5,25.946239471435547
late,qiu2024,devmap,E8.75,E9.5-R1,49,46253,383453,E8.75,9.5,25.394607543945312
late,qiu2024,devmap,E8.75,E9.5-R2,0,46253,350716,E8.75,9.5,26.795379638671875
late,qiu2024,devmap,E8.75,E9.5-R2,1,46253,350716,E8.75,9.5,26.76181411743164
late,qiu2024,devmap,E8.75,E9.5-R2,2,46253,350716,E8.75,9.5,27.209957122802734
late,qiu2024,devmap,E8.75,E9.5-R2,3,46253,350716,E8.75,9.5,26.35540008544922
late,qiu2024,devmap,E8.75,E9.5-R2,4,46253,350716,E8.75,9.5,26.873226165771484
late,qiu2024,devmap,E8.75,E9.5-R2,5,46253,350716,E8.75,9.5,26.57400131225586
late,qiu2024,devmap,E8.75,E9.5-R2,6,46253,350716,E8.75,9.5,26.54656219482422
late,qiu2024,devmap,E8.75,E9.5-R2,7,46253,350716,E8.75,9.5,27.26730728149414
late,qiu2024,devmap,E8.75,E9.5-R2,8,46253,350716,E8.75,9.5,26.674667358398438
late,qiu2024,devmap,E8.75,E9.5-R2,9,46253,350716,E8.75,9.5,26.90326690673828
late,qiu2024,devmap,E8.75,E9.5-R2,10,46253,350716,E8.75,9.5,26.812637329101562
late,qiu2024,devmap,E8.75,E9.5-R2,11,46253,350716,E8.75,9.5,26.09432029724121
late,qiu2024,devmap,E8.75,E9.5-R2,12,46253,350716,E8.75,9.5,26.88973617553711
late,qiu2024,devmap,E8.75,E9.5-R2,13,46253,350716,E8.75,9.5,26.06710433959961
late,qiu2024,devmap,E8.75,E9.5-R2,14,46253,350716,E8.75,9.5,25.84739112854004
late,qiu2024,devmap,E8.75,E9.5-R2,15,46253,350716,E8.75,9.5,26.859451293945312
late,qiu2024,devmap,E8.75,E9.5-R2,16,46253,350716,E8.75,9.5,26.37303924560547
late,qiu2024,devmap,E8.75,E9.5-R2,17,46253,350716,E8.75,9.5,27.068147659301758
late,qiu2024,devmap,E8.75,E9.5-R2,18,46253,350716,E8.75,9.5,25.73233413696289
late,qiu2024,devmap,E8.75,E9.5-R2,19,46253,350716,E8.75,9.5,26.889846801757812
late,qiu2024,devmap,E8.75,E9.5-R2,20,46253,350716,E8.75,9.5,27.47968101501465
late,qiu2024,devmap,E8.75,E9.5-R2,21,46253,350716,E8.75,9.5,26.795061111450195
late,qiu2024,devmap,E8.75,E9.5-R2,22,46253,350716,E8.75,9.5,26.244335174560547
late,qiu2024,devmap,E8.75,E9.5-R2,23,46253,350716,E8.75,9.5,27.083080291748047
late,qiu2024,devmap,E8.75,E9.5-R2,24,46253,350716,E8.75,9.5,26.44110107421875
late,qiu2024,devmap,E8.75,E9.5-R2,25,46253,350716,E8.75,9.5,26.923118591308594
late,qiu2024,devmap,E8.75,E9.5-R2,26,46253,350716,E8.75,9.5,26.61028289794922
late,qiu2024,devmap,E8.75,E9.5-R2,27,46253,350716,E8.75,9.5,27.039627075195312
late,qiu2024,devmap,E8.75,E9.5-R2,28,46253,350716,E8.75,9.5,26.44093132019043
late,qiu2024,devmap,E8.75,E9.5-R2,29,46253,350716,E8.75,9.5,26.349735260009766
late,qiu2024,devmap,E8.75,E9.5-R2,30,46253,350716,E8.75,9.5,26.237140655517578
late,qiu2024,devmap,E8.75,E9.5-R2,31,46253,350716,E8.75,9.5,27.18939208984375
late,qiu2024,devmap,E8.75,E9.5-R2,32,46253,350716,E8.75,9.5,26.443925857543945
late,qiu2024,devmap,E8.75,E9.5-R2,33,46253,350716,E8.75,9.5,26.571746826171875
late,qiu2024,devmap,E8.75,E9.5-R2,34,46253,350716,E8.75,9.5,26.202880859375
late,qiu2024,devmap,E8.75,E9.5-R2,35,46253,350716,E8.75,9.5,27.06138801574707
late,qiu2024,devmap,E8.75,E9.5-R2,36,46253,350716,E8.75,9.5,25.855148315429688
late,qiu2024,devmap,E8.75,E9.5-R2,37,46253,350716,E8.75,9.5,26.48882293701172
late,qiu2024,devmap,E8.75,E9.5-R2,38,46253,350716,E8.75,9.5,26.960216522216797
late,qiu2024,devmap,E8.75,E9.5-R2,39,46253,350716,E8.75,9.5,26.77224349975586
late,qiu2024,devmap,E8.75,E9.5-R2,40,46253,350716,E8.75,9.5,26.80757713317871
late,qiu2024,devmap,E8.75,E9.5-R2,41,46253,350716,E8.75,9.5,26.556921005249023
late,qiu2024,devmap,E8.75,E9.5-R2,42,46253,350716,E8.75,9.5,26.524688720703125
late,qiu2024,devmap,E8.75,E9.5-R2,43,46253,350716,E8.75,9.5,26.483156204223633
late,qiu2024,devmap,E8.75,E9.5-R2,44,46253,350716,E8.75,9.5,26.270526885986328
late,qiu2024,devmap,E8.75,E9.5-R2,45,46253,350716,E8.75,9.5,26.648746490478516
late,qiu2024,devmap,E8.75,E9.5-R2,46,46253,350716,E8.75,9.5,26.893539428710938
late,qiu2024,devmap,E8.75,E9.5-R2,47,46253,350716,E8.75,9.5,26.40341567993164
late,qiu2024,devmap,E8.75,E9.5-R2,48,46253,350716,E8.75,9.5,26.823030471801758
late,qiu2024,devmap,E8.75,E9.5-R2,49,46253,350716,E8.75,9.5,26.84886360168457
late,qiu2024,devmap,E8.75,E9.5-R3,0,46253,342873,E8.75,9.5,24.77327537536621
late,qiu2024,devmap,E8.75,E9.5-R3,1,46253,342873,E8.75,9.5,24.601848602294922
late,qiu2024,devmap,E8.75,E9.5-R3,2,46253,342873,E8.75,9.5,24.877120971679688
late,qiu2024,devmap,E8.75,E9.5-R3,3,46253,342873,E8.75,9.5,24.38535499572754
late,qiu2024,devmap,E8.75,E9.5-R3,4,46253,342873,E8.75,9.5,25.511611938476562
late,qiu2024,devmap,E8.75,E9.5-R3,5,46253,342873,E8.75,9.5,24.69865608215332
late,qiu2024,devmap,E8.75,E9.5-R3,6,46253,342873,E8.75,9.5,24.691944122314453
late,qiu2024,devmap,E8.75,E9.5-R3,7,46253,342873,E8.75,9.5,25.73245620727539
late,qiu2024,devmap,E8.75,E9.5-R3,8,46253,342873,E8.75,9.5,24.33474349975586
late,qiu2024,devmap,E8.75,E9.5-R3,9,46253,342873,E8.75,9.5,25.087617874145508
late,qiu2024,devmap,E8.75,E9.5-R3,10,46253,342873,E8.75,9.5,25.06207847595215
late,qiu2024,devmap,E8.75,E9.5-R3,11,46253,342873,E8.75,9.5,24.878280639648438
late,qiu2024,devmap,E8.75,E9.5-R3,12,46253,342873,E8.75,9.5,24.392358779907227
late,qiu2024,devmap,E8.75,E9.5-R3,13,46253,342873,E8.75,9.5,25.032615661621094
late,qiu2024,devmap,E8.75,E9.5-R3,14,46253,342873,E8.75,9.5,25.69024658203125
late,qiu2024,devmap,E8.75,E9.5-R3,15,46253,342873,E8.75,9.5,25.056297302246094
late,qiu2024,devmap,E8.75,E9.5-R3,16,46253,342873,E8.75,9.5,25.538585662841797
late,qiu2024,devmap,E8.75,E9.5-R3,17,46253,342873,E8.75,9.5,24.988431930541992
late,qiu2024,devmap,E8.75,E9.5-R3,18,46253,342873,E8.75,9.5,25.0660343170166
late,qiu2024,devmap,E8.75,E9.5-R3,19,46253,342873,E8.75,9.5,25.700328826904297
late,qiu2024,devmap,E8.75,E9.5-R3,20,46253,342873,E8.75,9.5,25.234840393066406
late,qiu2024,devmap,E8.75,E9.5-R3,21,46253,342873,E8.75,9.5,24.46123695373535
late,qiu2024,devmap,E8.75,E9.5-R3,22,46253,342873,E8.75,9.5,25.077865600585938
late,qiu2024,devmap,E8.75,E9.5-R3,23,46253,342873,E8.75,9.5,25.315828323364258
late,qiu2024,devmap,E8.75,E9.5-R3,24,46253,342873,E8.75,9.5,25.340837478637695
late,qiu2024,devmap,E8.75,E9.5-R3,25,46253,342873,E8.75,9.5,25.563640594482422
late,qiu2024,devmap,E8.75,E9.5-R3,26,46253,342873,E8.75,9.5,24.26348876953125
late,qiu2024,devmap,E8.75,E9.5-R3,27,46253,342873,E8.75,9.5,24.791690826416016
late,qiu2024,devmap,E8.75,E9.5-R3,28,46253,342873,E8.75,9.5,25.305316925048828
late,qiu2024,devmap,E8.75,E9.5-R3,29,46253,342873,E8.75,9.5,24.553388595581055
late,qiu2024,devmap,E8.75,E9.5-R3,30,46253,342873,E8.75,9.5,25.40538787841797
late,qiu2024,devmap,E8.75,E9.5-R3,31,46253,342873,E8.75,9.5,25.558517456054688
late,qiu2024,devmap,E8.75,E9.5-R3,32,46253,342873,E8.75,9.5,24.970489501953125
late,qiu2024,devmap,E8.75,E9.5-R3,33,46253,342873,E8.75,9.5,25.064838409423828
late,qiu2024,devmap,E8.75,E9.5-R3,34,46253,342873,E8.75,9.5,25.079341888427734
late,qiu2024,devmap,E8.75,E9.5-R3,35,46253,342873,E8.75,9.5,25.04743194580078
late,qiu2024,devmap,E8.75,E9.5-R3,36,46253,342873,E8.75,9.5,24.83966064453125
late,qiu2024,devmap,E8.75,E9.5-R3,37,46253,342873,E8.75,9.5,25.132585525512695
late,qiu2024,devmap,E8.75,E9.5-R3,38,46253,342873,E8.75,9.5,25.12527084350586
late,qiu2024,devmap,E8.75,E9.5-R3,39,46253,342873,E8.75,9.5,25.23648452758789
late,qiu2024,devmap,E8.75,E9.5-R3,40,46253,342873,E8.75,9.5,25.659563064575195
late,qiu2024,devmap,E8.75,E9.5-R3,41,46253,342873,E8.75,9.5,25.15205192565918
late,qiu2024,devmap,E8.75,E9.5-R3,42,46253,342873,E8.75,9.5,24.949039459228516
late,qiu2024,devmap,E8.75,E9.5-R3,43,46253,342873,E8.75,9.5,24.365575790405273
late,qiu2024,devmap,E8.75,E9.5-R3,44,46253,342873,E8.75,9.5,25.29852867126465
late,qiu2024,devmap,E8.75,E9.5-R3,45,46253,342873,E8.75,9.5,25.694286346435547
late,qiu2024,devmap,E8.75,E9.5-R3,46,46253,342873,E8.75,9.5,25.392047882080078
late,qiu2024,devmap,E8.75,E9.5-R3,47,46253,342873,E8.75,9.5,25.241722106933594
late,qiu2024,devmap,E8.75,E9.5-R3,48,46253,342873,E8.75,9.5,25.35674476623535
late,qiu2024,devmap,E8.75,E9.5-R3,49,46253,342873,E8.75,9.5,25.02216339111328
late,qiu2024,devmap,E8.75,E10.0-R1,0,46253,347550,E8.75,10.0,29.32822036743164
late,qiu2024,devmap,E8.75,E10.0-R1,1,46253,347550,E8.75,10.0,28.863117218017578
late,qiu2024,devmap,E8.75,E10.0-R1,2,46253,347550,E8.75,10.0,28.425060272216797
late,qiu2024,devmap,E8.75,E10.0-R1,3,46253,347550,E8.75,10.0,28.797189712524414
late,qiu2024,devmap,E8.75,E10.0-R1,4,46253,347550,E8.75,10.0,27.817466735839844
late,qiu2024,devmap,E8.75,E10.0-R1,5,46253,347550,E8.75,10.0,28.82929801940918
late,qiu2024,devmap,E8.75,E10.0-R1,6,46253,347550,E8.75,10.0,28.94815444946289
late,qiu2024,devmap,E8.75,E10.0-R1,7,46253,347550,E8.75,10.0,29.505863189697266
late,qiu2024,devmap,E8.75,E10.0-R1,8,46253,347550,E8.75,10.0,28.813777923583984
late,qiu2024,devmap,E8.75,E10.0-R1,9,46253,347550,E8.75,10.0,28.38456153869629
late,qiu2024,devmap,E8.75,E10.0-R1,10,46253,347550,E8.75,10.0,29.185020446777344
late,qiu2024,devmap,E8.75,E10.0-R1,11,46253,347550,E8.75,10.0,27.98485565185547
late,qiu2024,devmap,E8.75,E10.0-R1,12,46253,347550,E8.75,10.0,29.058162689208984
late,qiu2024,devmap,E8.75,E10.0-R1,13,46253,347550,E8.75,10.0,28.564517974853516
late,qiu2024,devmap,E8.75,E10.0-R1,14,46253,347550,E8.75,10.0,28.834030151367188
late,qiu2024,devmap,E8.75,E10.0-R1,15,46253,347550,E8.75,10.0,29.671367645263672
late,qiu2024,devmap,E8.75,E10.0-R1,16,46253,347550,E8.75,10.0,28.25884246826172
late,qiu2024,devmap,E8.75,E10.0-R1,17,46253,347550,E8.75,10.0,28.837379455566406
late,qiu2024,devmap,E8.75,E10.0-R1,18,46253,347550,E8.75,10.0,28.678821563720703
late,qiu2024,devmap,E8.75,E10.0-R1,19,46253,347550,E8.75,10.0,28.80078887939453
late,qiu2024,devmap,E8.75,E10.0-R1,20,46253,347550,E8.75,10.0,28.357967376708984
late,qiu2024,devmap,E8.75,E10.0-R1,21,46253,347550,E8.75,10.0,29.076148986816406
late,qiu2024,devmap,E8.75,E10.0-R1,22,46253,347550,E8.75,10.0,27.997323989868164
late,qiu2024,devmap,E8.75,E10.0-R1,23,46253,347550,E8.75,10.0,29.319042205810547
late,qiu2024,devmap,E8.75,E10.0-R1,24,46253,347550,E8.75,10.0,29.81903076171875
late,qiu2024,devmap,E8.75,E10.0-R1,25,46253,347550,E8.75,10.0,28.275070190429688
late,qiu2024,devmap,E8.75,E10.0-R1,26,46253,347550,E8.75,10.0,27.961990356445312
late,qiu2024,devmap,E8.75,E10.0-R1,27,46253,347550,E8.75,10.0,28.570781707763672
late,qiu2024,devmap,E8.75,E10.0-R1,28,46253,347550,E8.75,10.0,29.322540283203125
late,qiu2024,devmap,E8.75,E10.0-R1,29,46253,347550,E8.75,10.0,27.466644287109375
late,qiu2024,devmap,E8.75,E10.0-R1,30,46253,347550,E8.75,10.0,28.956768035888672
late,qiu2024,devmap,E8.75,E10.0-R1,31,46253,347550,E8.75,10.0,28.30455207824707
late,qiu2024,devmap,E8.75,E10.0-R1,32,46253,347550,E8.75,10.0,28.48800277709961
late,qiu2024,devmap,E8.75,E10.0-R1,33,46253,347550,E8.75,10.0,28.91657257080078
late,qiu2024,devmap,E8.75,E10.0-R1,34,46253,347550,E8.75,10.0,28.58657455444336
late,qiu2024,devmap,E8.75,E10.0-R1,35,46253,347550,E8.75,10.0,29.153657913208008
late,qiu2024,devmap,E8.75,E10.0-R1,36,46253,347550,E8.75,10.0,28.341087341308594
late,qiu2024,devmap,E8.75,E10.0-R1,37,46253,347550,E8.75,10.0,29.112714767456055
late,qiu2024,devmap,E8.75,E10.0-R1,38,46253,347550,E8.75,10.0,28.270055770874023
late,qiu2024,devmap,E8.75,E10.0-R1,39,46253,347550,E8.75,10.0,28.94841194152832
late,qiu2024,devmap,E8.75,E10.0-R1,40,46253,347550,E8.75,10.0,28.5982666015625
late,qiu2024,devmap,E8.75,E10.0-R1,41,46253,347550,E8.75,10.0,27.950654983520508
late,qiu2024,devmap,E8.75,E10.0-R1,42,46253,347550,E8.75,10.0,28.360748291015625
late,qiu2024,devmap,E8.75,E10.0-R1,43,46253,347550,E8.75,10.0,28.74224090576172
late,qiu2024,devmap,E8.75,E10.0-R1,44,46253,347550,E8.75,10.0,29.028011322021484
late,qiu2024,devmap,E8.75,E10.0-R1,45,46253,347550,E8.75,10.0,28.274547576904297
late,qiu2024,devmap,E8.75,E10.0-R1,46,46253,347550,E8.75,10.0,28.90884017944336
late,qiu2024,devmap,E8.75,E10.0-R1,47,46253,347550,E8.75,10.0,29.299928665161133
late,qiu2024,devmap,E8.75,E10.0-R1,48,46253,347550,E8.75,10.0,28.698974609375
late,qiu2024,devmap,E8.75,E10.0-R1,49,46253,347550,E8.75,10.0,28.51104164123535
late,qiu2024,devmap,E9.0,E8.5-R1,0,118049,23435,E9.0,8.5,24.869747161865234
late,qiu2024,devmap,E9.0,E8.5-R1,1,118049,23435,E9.0,8.5,25.062658309936523
late,qiu2024,devmap,E9.0,E8.5-R1,2,118049,23435,E9.0,8.5,25.80988311767578
late,qiu2024,devmap,E9.0,E8.5-R1,3,118049,23435,E9.0,8.5,25.15645980834961
late,qiu2024,devmap,E9.0,E8.5-R1,4,118049,23435,E9.0,8.5,25.297195434570312
late,qiu2024,devmap,E9.0,E8.5-R1,5,118049,23435,E9.0,8.5,24.926565170288086
late,qiu2024,devmap,E9.0,E8.5-R1,6,118049,23435,E9.0,8.5,24.674663543701172
late,qiu2024,devmap,E9.0,E8.5-R1,7,118049,23435,E9.0,8.5,24.46632194519043
late,qiu2024,devmap,E9.0,E8.5-R1,8,118049,23435,E9.0,8.5,25.189002990722656
late,qiu2024,devmap,E9.0,E8.5-R1,9,118049,23435,E9.0,8.5,24.904645919799805
late,qiu2024,devmap,E9.0,E8.5-R1,10,118049,23435,E9.0,8.5,25.387920379638672
late,qiu2024,devmap,E9.0,E8.5-R1,11,118049,23435,E9.0,8.5,24.150726318359375
late,qiu2024,devmap,E9.0,E8.5-R1,12,118049,23435,E9.0,8.5,24.47303009033203
late,qiu2024,devmap,E9.0,E8.5-R1,13,118049,23435,E9.0,8.5,25.217437744140625
late,qiu2024,devmap,E9.0,E8.5-R1,14,118049,23435,E9.0,8.5,24.745704650878906
late,qiu2024,devmap,E9.0,E8.5-R1,15,118049,23435,E9.0,8.5,25.375802993774414
late,qiu2024,devmap,E9.0,E8.5-R1,16,118049,23435,E9.0,8.5,26.01486587524414
late,qiu2024,devmap,E9.0,E8.5-R1,17,118049,23435,E9.0,8.5,26.127197265625
late,qiu2024,devmap,E9.0,E8.5-R1,18,118049,23435,E9.0,8.5,24.619789123535156
late,qiu2024,devmap,E9.0,E8.5-R1,19,118049,23435,E9.0,8.5,24.623991012573242
late,qiu2024,devmap,E9.0,E8.5-R1,20,118049,23435,E9.0,8.5,24.83224105834961
late,qiu2024,devmap,E9.0,E8.5-R1,21,118049,23435,E9.0,8.5,26.27524757385254
late,qiu2024,devmap,E9.0,E8.5-R1,22,118049,23435,E9.0,8.5,24.251665115356445
late,qiu2024,devmap,E9.0,E8.5-R1,23,118049,23435,E9.0,8.5,24.894222259521484
late,qiu2024,devmap,E9.0,E8.5-R1,24,118049,23435,E9.0,8.5,26.041358947753906
late,qiu2024,devmap,E9.0,E8.5-R1,25,118049,23435,E9.0,8.5,25.95171546936035
late,qiu2024,devmap,E9.0,E8.5-R1,26,118049,23435,E9.0,8.5,26.613739013671875
late,qiu2024,devmap,E9.0,E8.5-R1,27,118049,23435,E9.0,8.5,23.60312843322754
late,qiu2024,devmap,E9.0,E8.5-R1,28,118049,23435,E9.0,8.5,24.959075927734375
late,qiu2024,devmap,E9.0,E8.5-R1,29,118049,23435,E9.0,8.5,25.136079788208008
late,qiu2024,devmap,E9.0,E8.5-R1,30,118049,23435,E9.0,8.5,23.67635726928711
late,qiu2024,devmap,E9.0,E8.5-R1,31,118049,23435,E9.0,8.5,24.65157699584961
late,qiu2024,devmap,E9.0,E8.5-R1,32,118049,23435,E9.0,8.5,25.558547973632812
late,qiu2024,devmap,E9.0,E8.5-R1,33,118049,23435,E9.0,8.5,24.381752014160156
late,qiu2024,devmap,E9.0,E8.5-R1,34,118049,23435,E9.0,8.5,25.042766571044922
late,qiu2024,devmap,E9.0,E8.5-R1,35,118049,23435,E9.0,8.5,25.245882034301758
late,qiu2024,devmap,E9.0,E8.5-R1,36,118049,23435,E9.0,8.5,25.386751174926758
late,qiu2024,devmap,E9.0,E8.5-R1,37,118049,23435,E9.0,8.5,25.05386734008789
late,qiu2024,devmap,E9.0,E8.5-R1,38,118049,23435,E9.0,8.5,25.507591247558594
late,qiu2024,devmap,E9.0,E8.5-R1,39,118049,23435,E9.0,8.5,25.25107765197754
late,qiu2024,devmap,E9.0,E8.5-R1,40,118049,23435,E9.0,8.5,24.40260887145996
late,qiu2024,devmap,E9.0,E8.5-R1,41,118049,23435,E9.0,8.5,25.860076904296875
late,qiu2024,devmap,E9.0,E8.5-R1,42,118049,23435,E9.0,8.5,25.380096435546875
late,qiu2024,devmap,E9.0,E8.5-R1,43,118049,23435,E9.0,8.5,25.31039047241211
late,qiu2024,devmap,E9.0,E8.5-R1,44,118049,23435,E9.0,8.5,24.69511604309082
late,qiu2024,devmap,E9.0,E8.5-R1,45,118049,23435,E9.0,8.5,24.679489135742188
late,qiu2024,devmap,E9.0,E8.5-R1,46,118049,23435,E9.0,8.5,24.712379455566406
late,qiu2024,devmap,E9.0,E8.5-R1,47,118049,23435,E9.0,8.5,25.325239181518555
late,qiu2024,devmap,E9.0,E8.5-R1,48,118049,23435,E9.0,8.5,25.495014190673828
late,qiu2024,devmap,E9.0,E8.5-R1,49,118049,23435,E9.0,8.5,25.02488899230957
late,qiu2024,devmap,E9.0,E8.5-R2,0,118049,38216,E9.0,8.5,23.92870330810547
late,qiu2024,devmap,E9.0,E8.5-R2,1,118049,38216,E9.0,8.5,23.98927879333496
late,qiu2024,devmap,E9.0,E8.5-R2,2,118049,38216,E9.0,8.5,23.824298858642578
late,qiu2024,devmap,E9.0,E8.5-R2,3,118049,38216,E9.0,8.5,23.243633270263672
late,qiu2024,devmap,E9.0,E8.5-R2,4,118049,38216,E9.0,8.5,22.91435432434082
late,qiu2024,devmap,E9.0,E8.5-R2,5,118049,38216,E9.0,8.5,24.281414031982422
late,qiu2024,devmap,E9.0,E8.5-R2,6,118049,38216,E9.0,8.5,24.221458435058594
late,qiu2024,devmap,E9.0,E8.5-R2,7,118049,38216,E9.0,8.5,24.041881561279297
late,qiu2024,devmap,E9.0,E8.5-R2,8,118049,38216,E9.0,8.5,23.618568420410156
late,qiu2024,devmap,E9.0,E8.5-R2,9,118049,38216,E9.0,8.5,23.82487678527832
late,qiu2024,devmap,E9.0,E8.5-R2,10,118049,38216,E9.0,8.5,23.96601104736328
late,qiu2024,devmap,E9.0,E8.5-R2,11,118049,38216,E9.0,8.5,24.307132720947266
late,qiu2024,devmap,E9.0,E8.5-R2,12,118049,38216,E9.0,8.5,23.336158752441406
late,qiu2024,devmap,E9.0,E8.5-R2,13,118049,38216,E9.0,8.5,23.760498046875
late,qiu2024,devmap,E9.0,E8.5-R2,14,118049,38216,E9.0,8.5,23.936973571777344
late,qiu2024,devmap,E9.0,E8.5-R2,15,118049,38216,E9.0,8.5,23.475791931152344
late,qiu2024,devmap,E9.0,E8.5-R2,16,118049,38216,E9.0,8.5,23.680999755859375
late,qiu2024,devmap,E9.0,E8.5-R2,17,118049,38216,E9.0,8.5,24.28435516357422
late,qiu2024,devmap,E9.0,E8.5-R2,18,118049,38216,E9.0,8.5,23.86783218383789
late,qiu2024,devmap,E9.0,E8.5-R2,19,118049,38216,E9.0,8.5,23.92926025390625
late,qiu2024,devmap,E9.0,E8.5-R2,20,118049,38216,E9.0,8.5,23.59390640258789
late,qiu2024,devmap,E9.0,E8.5-R2,21,118049,38216,E9.0,8.5,23.741374969482422
late,qiu2024,devmap,E9.0,E8.5-R2,22,118049,38216,E9.0,8.5,23.704801559448242
late,qiu2024,devmap,E9.0,E8.5-R2,23,118049,38216,E9.0,8.5,22.958982467651367
late,qiu2024,devmap,E9.0,E8.5-R2,24,118049,38216,E9.0,8.5,23.68178939819336
late,qiu2024,devmap,E9.0,E8.5-R2,25,118049,38216,E9.0,8.5,23.777877807617188
late,qiu2024,devmap,E9.0,E8.5-R2,26,118049,38216,E9.0,8.5,23.78432846069336
late,qiu2024,devmap,E9.0,E8.5-R2,27,118049,38216,E9.0,8.5,23.258567810058594
late,qiu2024,devmap,E9.0,E8.5-R2,28,118049,38216,E9.0,8.5,23.371227264404297
late,qiu2024,devmap,E9.0,E8.5-R2,29,118049,38216,E9.0,8.5,23.845722198486328
late,qiu2024,devmap,E9.0,E8.5-R2,30,118049,38216,E9.0,8.5,23.2138614654541
late,qiu2024,devmap,E9.0,E8.5-R2,31,118049,38216,E9.0,8.5,23.145156860351562
late,qiu2024,devmap,E9.0,E8.5-R2,32,118049,38216,E9.0,8.5,23.554401397705078
late,qiu2024,devmap,E9.0,E8.5-R2,33,118049,38216,E9.0,8.5,23.85260009765625
late,qiu2024,devmap,E9.0,E8.5-R2,34,118049,38216,E9.0,8.5,23.38936996459961
late,qiu2024,devmap,E9.0,E8.5-R2,35,118049,38216,E9.0,8.5,23.202438354492188
late,qiu2024,devmap,E9.0,E8.5-R2,36,118049,38216,E9.0,8.5,23.434280395507812
late,qiu2024,devmap,E9.0,E8.5-R2,37,118049,38216,E9.0,8.5,23.41326141357422
late,qiu2024,devmap,E9.0,E8.5-R2,38,118049,38216,E9.0,8.5,23.406108856201172
late,qiu2024,devmap,E9.0,E8.5-R2,39,118049,38216,E9.0,8.5,23.568260192871094
late,qiu2024,devmap,E9.0,E8.5-R2,40,118049,38216,E9.0,8.5,23.511075973510742
late,qiu2024,devmap,E9.0,E8.5-R2,41,118049,38216,E9.0,8.5,23.387741088867188
late,qiu2024,devmap,E9.0,E8.5-R2,42,118049,38216,E9.0,8.5,24.104454040527344
late,qiu2024,devmap,E9.0,E8.5-R2,43,118049,38216,E9.0,8.5,23.2152099609375
late,qiu2024,devmap,E9.0,E8.5-R2,44,118049,38216,E9.0,8.5,23.87014389038086
late,qiu2024,devmap,E9.0,E8.5-R2,45,118049,38216,E9.0,8.5,23.376981735229492
late,qiu2024,devmap,E9.0,E8.5-R2,46,118049,38216,E9.0,8.5,24.932863235473633
late,qiu2024,devmap,E9.0,E8.5-R2,47,118049,38216,E9.0,8.5,22.823835372924805
late,qiu2024,devmap,E9.0,E8.5-R2,48,118049,38216,E9.0,8.5,23.215065002441406
late,qiu2024,devmap,E9.0,E8.5-R2,49,118049,38216,E9.0,8.5,24.045551300048828
late,qiu2024,devmap,E9.0,E8.5-R3,0,118049,27743,E9.0,8.5,23.96304702758789
late,qiu2024,devmap,E9.0,E8.5-R3,1,118049,27743,E9.0,8.5,25.394935607910156
late,qiu2024,devmap,E9.0,E8.5-R3,2,118049,27743,E9.0,8.5,24.75374984741211
late,qiu2024,devmap,E9.0,E8.5-R3,3,118049,27743,E9.0,8.5,23.70465660095215
late,qiu2024,devmap,E9.0,E8.5-R3,4,118049,27743,E9.0,8.5,24.69208335876465
late,qiu2024,devmap,E9.0,E8.5-R3,5,118049,27743,E9.0,8.5,23.619693756103516
late,qiu2024,devmap,E9.0,E8.5-R3,6,118049,27743,E9.0,8.5,25.01472282409668
late,qiu2024,devmap,E9.0,E8.5-R3,7,118049,27743,E9.0,8.5,24.002737045288086
late,qiu2024,devmap,E9.0,E8.5-R3,8,118049,27743,E9.0,8.5,23.669679641723633
late,qiu2024,devmap,E9.0,E8.5-R3,9,118049,27743,E9.0,8.5,24.295089721679688
late,qiu2024,devmap,E9.0,E8.5-R3,10,118049,27743,E9.0,8.5,24.471141815185547
late,qiu2024,devmap,E9.0,E8.5-R3,11,118049,27743,E9.0,8.5,25.7557315826416
late,qiu2024,devmap,E9.0,E8.5-R3,12,118049,27743,E9.0,8.5,23.822425842285156
late,qiu2024,devmap,E9.0,E8.5-R3,13,118049,27743,E9.0,8.5,24.576873779296875
late,qiu2024,devmap,E9.0,E8.5-R3,14,118049,27743,E9.0,8.5,24.549137115478516
late,qiu2024,devmap,E9.0,E8.5-R3,15,118049,27743,E9.0,8.5,23.973060607910156
late,qiu2024,devmap,E9.0,E8.5-R3,16,118049,27743,E9.0,8.5,23.883018493652344
late,qiu2024,devmap,E9.0,E8.5-R3,17,118049,27743,E9.0,8.5,25.57931900024414
late,qiu2024,devmap,E9.0,E8.5-R3,18,118049,27743,E9.0,8.5,23.414138793945312
late,qiu2024,devmap,E9.0,E8.5-R3,19,118049,27743,E9.0,8.5,24.364910125732422
late,qiu2024,devmap,E9.0,E8.5-R3,20,118049,27743,E9.0,8.5,23.856956481933594
late,qiu2024,devmap,E9.0,E8.5-R3,21,118049,27743,E9.0,8.5,26.005340576171875
late,qiu2024,devmap,E9.0,E8.5-R3,22,118049,27743,E9.0,8.5,23.88088035583496
late,qiu2024,devmap,E9.0,E8.5-R3,23,118049,27743,E9.0,8.5,24.613082885742188
late,qiu2024,devmap,E9.0,E8.5-R3,24,118049,27743,E9.0,8.5,23.365877151489258
late,qiu2024,devmap,E9.0,E8.5-R3,25,118049,27743,E9.0,8.5,24.947765350341797
late,qiu2024,devmap,E9.0,E8.5-R3,26,118049,27743,E9.0,8.5,24.05545997619629
late,qiu2024,devmap,E9.0,E8.5-R3,27,118049,27743,E9.0,8.5,24.77050018310547
late,qiu2024,devmap,E9.0,E8.5-R3,28,118049,27743,E9.0,8.5,23.985183715820312
late,qiu2024,devmap,E9.0,E8.5-R3,29,118049,27743,E9.0,8.5,24.882705688476562
late,qiu2024,devmap,E9.0,E8.5-R3,30,118049,27743,E9.0,8.5,24.914684295654297
late,qiu2024,devmap,E9.0,E8.5-R3,31,118049,27743,E9.0,8.5,24.374549865722656
late,qiu2024,devmap,E9.0,E8.5-R3,32,118049,27743,E9.0,8.5,23.691551208496094
late,qiu2024,devmap,E9.0,E8.5-R3,33,118049,27743,E9.0,8.5,24.146379470825195
late,qiu2024,devmap,E9.0,E8.5-R3,34,118049,27743,E9.0,8.5,24.039283752441406
late,qiu2024,devmap,E9.0,E8.5-R3,35,118049,27743,E9.0,8.5,25.062210083007812
late,qiu2024,devmap,E9.0,E8.5-R3,36,118049,27743,E9.0,8.5,24.36313247680664
late,qiu2024,devmap,E9.0,E8.5-R3,37,118049,27743,E9.0,8.5,24.654335021972656
late,qiu2024,devmap,E9.0,E8.5-R3,38,118049,27743,E9.0,8.5,24.068918228149414
late,qiu2024,devmap,E9.0,E8.5-R3,39,118049,27743,E9.0,8.5,24.722061157226562
late,qiu2024,devmap,E9.0,E8.5-R3,40,118049,27743,E9.0,8.5,23.965999603271484
late,qiu2024,devmap,E9.0,E8.5-R3,41,118049,27743,E9.0,8.5,24.726261138916016
late,qiu2024,devmap,E9.0,E8.5-R3,42,118049,27743,E9.0,8.5,24.456480026245117
late,qiu2024,devmap,E9.0,E8.5-R3,43,118049,27743,E9.0,8.5,24.773303985595703
late,qiu2024,devmap,E9.0,E8.5-R3,44,118049,27743,E9.0,8.5,24.31047821044922
late,qiu2024,devmap,E9.0,E8.5-R3,45,118049,27743,E9.0,8.5,23.687786102294922
late,qiu2024,devmap,E9.0,E8.5-R3,46,118049,27743,E9.0,8.5,24.55852508544922
late,qiu2024,devmap,E9.0,E8.5-R3,47,118049,27743,E9.0,8.5,24.115081787109375
late,qiu2024,devmap,E9.0,E8.5-R3,48,118049,27743,E9.0,8.5,24.161638259887695
late,qiu2024,devmap,E9.0,E8.5-R3,49,118049,27743,E9.0,8.5,24.41388511657715
late,qiu2024,devmap,E9.0,E9.0-R1,0,118049,92063,E9.0,9.0,19.37194061279297
late,qiu2024,devmap,E9.0,E9.0-R1,1,118049,92063,E9.0,9.0,18.891578674316406
late,qiu2024,devmap,E9.0,E9.0-R1,2,118049,92063,E9.0,9.0,19.143321990966797
late,qiu2024,devmap,E9.0,E9.0-R1,3,118049,92063,E9.0,9.0,20.25194549560547
late,qiu2024,devmap,E9.0,E9.0-R1,4,118049,92063,E9.0,9.0,19.680679321289062
late,qiu2024,devmap,E9.0,E9.0-R1,5,118049,92063,E9.0,9.0,19.73685646057129
late,qiu2024,devmap,E9.0,E9.0-R1,6,118049,92063,E9.0,9.0,19.529430389404297
late,qiu2024,devmap,E9.0,E9.0-R1,7,118049,92063,E9.0,9.0,19.813705444335938
late,qiu2024,devmap,E9.0,E9.0-R1,8,118049,92063,E9.0,9.0,19.849315643310547
late,qiu2024,devmap,E9.0,E9.0-R1,9,118049,92063,E9.0,9.0,19.31390953063965
late,qiu2024,devmap,E9.0,E9.0-R1,10,118049,92063,E9.0,9.0,20.258438110351562
late,qiu2024,devmap,E9.0,E9.0-R1,11,118049,92063,E9.0,9.0,20.206764221191406
late,qiu2024,devmap,E9.0,E9.0-R1,12,118049,92063,E9.0,9.0,19.309106826782227
late,qiu2024,devmap,E9.0,E9.0-R1,13,118049,92063,E9.0,9.0,19.607948303222656
late,qiu2024,devmap,E9.0,E9.0-R1,14,118049,92063,E9.0,9.0,19.6983642578125
late,qiu2024,devmap,E9.0,E9.0-R1,15,118049,92063,E9.0,9.0,19.152631759643555
late,qiu2024,devmap,E9.0,E9.0-R1,16,118049,92063,E9.0,9.0,19.668182373046875
late,qiu2024,devmap,E9.0,E9.0-R1,17,118049,92063,E9.0,9.0,20.052152633666992
late,qiu2024,devmap,E9.0,E9.0-R1,18,118049,92063,E9.0,9.0,19.500553131103516
late,qiu2024,devmap,E9.0,E9.0-R1,19,118049,92063,E9.0,9.0,19.12015151977539
late,qiu2024,devmap,E9.0,E9.0-R1,20,118049,92063,E9.0,9.0,19.862430572509766
late,qiu2024,devmap,E9.0,E9.0-R1,21,118049,92063,E9.0,9.0,19.917179107666016
late,qiu2024,devmap,E9.0,E9.0-R1,22,118049,92063,E9.0,9.0,19.78343963623047
late,qiu2024,devmap,E9.0,E9.0-R1,23,118049,92063,E9.0,9.0,19.45445442199707
late,qiu2024,devmap,E9.0,E9.0-R1,24,118049,92063,E9.0,9.0,20.09123992919922
late,qiu2024,devmap,E9.0,E9.0-R1,25,118049,92063,E9.0,9.0,19.441476821899414
late,qiu2024,devmap,E9.0,E9.0-R1,26,118049,92063,E9.0,9.0,19.283103942871094
late,qiu2024,devmap,E9.0,E9.0-R1,27,118049,92063,E9.0,9.0,19.11687469482422
late,qiu2024,devmap,E9.0,E9.0-R1,28,118049,92063,E9.0,9.0,20.279312133789062
late,qiu2024,devmap,E9.0,E9.0-R1,29,118049,92063,E9.0,9.0,19.995407104492188
late,qiu2024,devmap,E9.0,E9.0-R1,30,118049,92063,E9.0,9.0,19.705060958862305
late,qiu2024,devmap,E9.0,E9.0-R1,31,118049,92063,E9.0,9.0,18.835105895996094
late,qiu2024,devmap,E9.0,E9.0-R1,32,118049,92063,E9.0,9.0,19.1175479888916
late,qiu2024,devmap,E9.0,E9.0-R1,33,118049,92063,E9.0,9.0,19.796287536621094
late,qiu2024,devmap,E9.0,E9.0-R1,34,118049,92063,E9.0,9.0,19.61133575439453
late,qiu2024,devmap,E9.0,E9.0-R1,35,118049,92063,E9.0,9.0,19.40753936767578
late,qiu2024,devmap,E9.0,E9.0-R1,36,118049,92063,E9.0,9.0,19.09239387512207
late,qiu2024,devmap,E9.0,E9.0-R1,37,118049,92063,E9.0,9.0,18.971515655517578
late,qiu2024,devmap,E9.0,E9.0-R1,38,118049,92063,E9.0,9.0,19.361900329589844
late,qiu2024,devmap,E9.0,E9.0-R1,39,118049,92063,E9.0,9.0,19.89670753479004
late,qiu2024,devmap,E9.0,E9.0-R1,40,118049,92063,E9.0,9.0,19.547016143798828
late,qiu2024,devmap,E9.0,E9.0-R1,41,118049,92063,E9.0,9.0,19.48263931274414
late,qiu2024,devmap,E9.0,E9.0-R1,42,118049,92063,E9.0,9.0,19.594192504882812
late,qiu2024,devmap,E9.0,E9.0-R1,43,118049,92063,E9.0,9.0,19.08871841430664
late,qiu2024,devmap,E9.0,E9.0-R1,44,118049,92063,E9.0,9.0,19.576387405395508
late,qiu2024,devmap,E9.0,E9.0-R1,45,118049,92063,E9.0,9.0,19.349903106689453
late,qiu2024,devmap,E9.0,E9.0-R1,46,118049,92063,E9.0,9.0,20.099441528320312
late,qiu2024,devmap,E9.0,E9.0-R1,47,118049,92063,E9.0,9.0,19.73816680908203
late,qiu2024,devmap,E9.0,E9.0-R1,48,118049,92063,E9.0,9.0,19.678176879882812
late,qiu2024,devmap,E9.0,E9.0-R1,49,118049,92063,E9.0,9.0,19.657543182373047
late,qiu2024,devmap,E9.0,E9.0-R2,0,118049,99878,E9.0,9.0,18.767547607421875
late,qiu2024,devmap,E9.0,E9.0-R2,1,118049,99878,E9.0,9.0,18.08282470703125
late,qiu2024,devmap,E9.0,E9.0-R2,2,118049,99878,E9.0,9.0,17.81255340576172
late,qiu2024,devmap,E9.0,E9.0-R2,3,118049,99878,E9.0,9.0,17.86068344116211
late,qiu2024,devmap,E9.0,E9.0-R2,4,118049,99878,E9.0,9.0,18.166885375976562
late,qiu2024,devmap,E9.0,E9.0-R2,5,118049,99878,E9.0,9.0,18.842044830322266
late,qiu2024,devmap,E9.0,E9.0-R2,6,118049,99878,E9.0,9.0,18.45897102355957
late,qiu2024,devmap,E9.0,E9.0-R2,7,118049,99878,E9.0,9.0,17.784366607666016
late,qiu2024,devmap,E9.0,E9.0-R2,8,118049,99878,E9.0,9.0,17.6610164642334
late,qiu2024,devmap,E9.0,E9.0-R2,9,118049,99878,E9.0,9.0,18.463401794433594
late,qiu2024,devmap,E9.0,E9.0-R2,10,118049,99878,E9.0,9.0,18.39423179626465
late,qiu2024,devmap,E9.0,E9.0-R2,11,118049,99878,E9.0,9.0,18.43563461303711
late,qiu2024,devmap,E9.0,E9.0-R2,12,118049,99878,E9.0,9.0,17.897396087646484
late,qiu2024,devmap,E9.0,E9.0-R2,13,118049,99878,E9.0,9.0,18.445960998535156
late,qiu2024,devmap,E9.0,E9.0-R2,14,118049,99878,E9.0,9.0,18.355594635009766
late,qiu2024,devmap,E9.0,E9.0-R2,15,118049,99878,E9.0,9.0,17.612407684326172
late,qiu2024,devmap,E9.0,E9.0-R2,16,118049,99878,E9.0,9.0,18.805828094482422
late,qiu2024,devmap,E9.0,E9.0-R2,17,118049,99878,E9.0,9.0,18.521738052368164
late,qiu2024,devmap,E9.0,E9.0-R2,18,118049,99878,E9.0,9.0,18.658893585205078
late,qiu2024,devmap,E9.0,E9.0-R2,19,118049,99878,E9.0,9.0,18.676151275634766
late,qiu2024,devmap,E9.0,E9.0-R2,20,118049,99878,E9.0,9.0,18.377592086791992
late,qiu2024,devmap,E9.0,E9.0-R2,21,118049,99878,E9.0,9.0,18.648578643798828
late,qiu2024,devmap,E9.0,E9.0-R2,22,118049,99878,E9.0,9.0,18.001407623291016
late,qiu2024,devmap,E9.0,E9.0-R2,23,118049,99878,E9.0,9.0,18.33829116821289
late,qiu2024,devmap,E9.0,E9.0-R2,24,118049,99878,E9.0,9.0,18.55607795715332
late,qiu2024,devmap,E9.0,E9.0-R2,25,118049,99878,E9.0,9.0,18.17154884338379
late,qiu2024,devmap,E9.0,E9.0-R2,26,118049,99878,E9.0,9.0,18.309673309326172
late,qiu2024,devmap,E9.0,E9.0-R2,27,118049,99878,E9.0,9.0,17.987430572509766
late,qiu2024,devmap,E9.0,E9.0-R2,28,118049,99878,E9.0,9.0,19.114795684814453
late,qiu2024,devmap,E9.0,E9.0-R2,29,118049,99878,E9.0,9.0,18.315221786499023
late,qiu2024,devmap,E9.0,E9.0-R2,30,118049,99878,E9.0,9.0,18.100605010986328
late,qiu2024,devmap,E9.0,E9.0-R2,31,118049,99878,E9.0,9.0,17.981674194335938
late,qiu2024,devmap,E9.0,E9.0-R2,32,118049,99878,E9.0,9.0,18.539417266845703
late,qiu2024,devmap,E9.0,E9.0-R2,33,118049,99878,E9.0,9.0,18.63297462463379
late,qiu2024,devmap,E9.0,E9.0-R2,34,118049,99878,E9.0,9.0,18.276060104370117
late,qiu2024,devmap,E9.0,E9.0-R2,35,118049,99878,E9.0,9.0,18.11151695251465
late,qiu2024,devmap,E9.0,E9.0-R2,36,118049,99878,E9.0,9.0,18.03224754333496
late,qiu2024,devmap,E9.0,E9.0-R2,37,118049,99878,E9.0,9.0,18.15011978149414
late,qiu2024,devmap,E9.0,E9.0-R2,38,118049,99878,E9.0,9.0,18.02361297607422
late,qiu2024,devmap,E9.0,E9.0-R2,39,118049,99878,E9.0,9.0,17.667579650878906
late,qiu2024,devmap,E9.0,E9.0-R2,40,118049,99878,E9.0,9.0,17.61056900024414
late,qiu2024,devmap,E9.0,E9.0-R2,41,118049,99878,E9.0,9.0,17.916610717773438
late,qiu2024,devmap,E9.0,E9.0-R2,42,118049,99878,E9.0,9.0,17.750680923461914
late,qiu2024,devmap,E9.0,E9.0-R2,43,118049,99878,E9.0,9.0,18.01312255859375
late,qiu2024,devmap,E9.0,E9.0-R2,44,118049,99878,E9.0,9.0,17.79274559020996
late,qiu2024,devmap,E9.0,E9.0-R2,45,118049,99878,E9.0,9.0,17.65072250366211
late,qiu2024,devmap,E9.0,E9.0-R2,46,118049,99878,E9.0,9.0,17.84721565246582
late,qiu2024,devmap,E9.0,E9.0-R2,47,118049,99878,E9.0,9.0,17.86795425415039
late,qiu2024,devmap,E9.0,E9.0-R2,48,118049,99878,E9.0,9.0,18.119041442871094
late,qiu2024,devmap,E9.0,E9.0-R2,49,118049,99878,E9.0,9.0,18.324195861816406
late,qiu2024,devmap,E9.0,E9.0-R3,0,118049,62867,E9.0,9.0,21.406105041503906
late,qiu2024,devmap,E9.0,E9.0-R3,1,118049,62867,E9.0,9.0,21.636138916015625
late,qiu2024,devmap,E9.0,E9.0-R3,2,118049,62867,E9.0,9.0,20.98210906982422
late,qiu2024,devmap,E9.0,E9.0-R3,3,118049,62867,E9.0,9.0,20.7589111328125
late,qiu2024,devmap,E9.0,E9.0-R3,4,118049,62867,E9.0,9.0,20.87076759338379
late,qiu2024,devmap,E9.0,E9.0-R3,5,118049,62867,E9.0,9.0,21.644058227539062
late,qiu2024,devmap,E9.0,E9.0-R3,6,118049,62867,E9.0,9.0,20.594118118286133
late,qiu2024,devmap,E9.0,E9.0-R3,7,118049,62867,E9.0,9.0,21.603069305419922
late,qiu2024,devmap,E9.0,E9.0-R3,8,118049,62867,E9.0,9.0,21.231605529785156
late,qiu2024,devmap,E9.0,E9.0-R3,9,118049,62867,E9.0,9.0,21.241308212280273
late,qiu2024,devmap,E9.0,E9.0-R3,10,118049,62867,E9.0,9.0,21.392555236816406
late,qiu2024,devmap,E9.0,E9.0-R3,11,118049,62867,E9.0,9.0,21.340085983276367
late,qiu2024,devmap,E9.0,E9.0-R3,12,118049,62867,E9.0,9.0,21.77642059326172
late,qiu2024,devmap,E9.0,E9.0-R3,13,118049,62867,E9.0,9.0,21.283111572265625
late,qiu2024,devmap,E9.0,E9.0-R3,14,118049,62867,E9.0,9.0,21.09588050842285
late,qiu2024,devmap,E9.0,E9.0-R3,15,118049,62867,E9.0,9.0,21.728050231933594
late,qiu2024,devmap,E9.0,E9.0-R3,16,118049,62867,E9.0,9.0,21.425981521606445
late,qiu2024,devmap,E9.0,E9.0-R3,17,118049,62867,E9.0,9.0,21.02886962890625
late,qiu2024,devmap,E9.0,E9.0-R3,18,118049,62867,E9.0,9.0,21.70587921142578
late,qiu2024,devmap,E9.0,E9.0-R3,19,118049,62867,E9.0,9.0,21.047897338867188
late,qiu2024,devmap,E9.0,E9.0-R3,20,118049,62867,E9.0,9.0,20.6933536529541
late,qiu2024,devmap,E9.0,E9.0-R3,21,118049,62867,E9.0,9.0,21.337871551513672
late,qiu2024,devmap,E9.0,E9.0-R3,22,118049,62867,E9.0,9.0,20.680870056152344
late,qiu2024,devmap,E9.0,E9.0-R3,23,118049,62867,E9.0,9.0,20.26331329345703
late,qiu2024,devmap,E9.0,E9.0-R3,24,118049,62867,E9.0,9.0,21.330490112304688
late,qiu2024,devmap,E9.0,E9.0-R3,25,118049,62867,E9.0,9.0,21.300525665283203
late,qiu2024,devmap,E9.0,E9.0-R3,26,118049,62867,E9.0,9.0,21.440692901611328
late,qiu2024,devmap,E9.0,E9.0-R3,27,118049,62867,E9.0,9.0,20.13296127319336
late,qiu2024,devmap,E9.0,E9.0-R3,28,118049,62867,E9.0,9.0,21.07176399230957
late,qiu2024,devmap,E9.0,E9.0-R3,29,118049,62867,E9.0,9.0,20.96944808959961
late,qiu2024,devmap,E9.0,E9.0-R3,30,118049,62867,E9.0,9.0,21.216678619384766
late,qiu2024,devmap,E9.0,E9.0-R3,31,118049,62867,E9.0,9.0,21.12759780883789
late,qiu2024,devmap,E9.0,E9.0-R3,32,118049,62867,E9.0,9.0,20.89385223388672
late,qiu2024,devmap,E9.0,E9.0-R3,33,118049,62867,E9.0,9.0,20.872142791748047
late,qiu2024,devmap,E9.0,E9.0-R3,34,118049,62867,E9.0,9.0,21.042171478271484
late,qiu2024,devmap,E9.0,E9.0-R3,35,118049,62867,E9.0,9.0,20.799821853637695
late,qiu2024,devmap,E9.0,E9.0-R3,36,118049,62867,E9.0,9.0,21.814258575439453
late,qiu2024,devmap,E9.0,E9.0-R3,37,118049,62867,E9.0,9.0,20.914592742919922
late,qiu2024,devmap,E9.0,E9.0-R3,38,118049,62867,E9.0,9.0,21.746994018554688
late,qiu2024,devmap,E9.0,E9.0-R3,39,118049,62867,E9.0,9.0,21.151824951171875
late,qiu2024,devmap,E9.0,E9.0-R3,40,118049,62867,E9.0,9.0,21.019100189208984
late,qiu2024,devmap,E9.0,E9.0-R3,41,118049,62867,E9.0,9.0,21.05255126953125
late,qiu2024,devmap,E9.0,E9.0-R3,42,118049,62867,E9.0,9.0,21.02729034423828
late,qiu2024,devmap,E9.0,E9.0-R3,43,118049,62867,E9.0,9.0,20.778379440307617
late,qiu2024,devmap,E9.0,E9.0-R3,44,118049,62867,E9.0,9.0,20.912471771240234
late,qiu2024,devmap,E9.0,E9.0-R3,45,118049,62867,E9.0,9.0,20.641586303710938
late,qiu2024,devmap,E9.0,E9.0-R3,46,118049,62867,E9.0,9.0,21.518077850341797
late,qiu2024,devmap,E9.0,E9.0-R3,47,118049,62867,E9.0,9.0,21.51970672607422
late,qiu2024,devmap,E9.0,E9.0-R3,48,118049,62867,E9.0,9.0,22.03683853149414
late,qiu2024,devmap,E9.0,E9.0-R3,49,118049,62867,E9.0,9.0,21.580829620361328
late,qiu2024,devmap,E9.0,E9.5-R1,0,118049,383453,E9.0,9.5,23.075973510742188
late,qiu2024,devmap,E9.0,E9.5-R1,1,118049,383453,E9.0,9.5,22.164329528808594
late,qiu2024,devmap,E9.0,E9.5-R1,2,118049,383453,E9.0,9.5,22.606544494628906
late,qiu2024,devmap,E9.0,E9.5-R1,3,118049,383453,E9.0,9.5,22.536453247070312
late,qiu2024,devmap,E9.0,E9.5-R1,4,118049,383453,E9.0,9.5,22.296504974365234
late,qiu2024,devmap,E9.0,E9.5-R1,5,118049,383453,E9.0,9.5,22.54458999633789
late,qiu2024,devmap,E9.0,E9.5-R1,6,118049,383453,E9.0,9.5,22.230472564697266
late,qiu2024,devmap,E9.0,E9.5-R1,7,118049,383453,E9.0,9.5,22.62803077697754
late,qiu2024,devmap,E9.0,E9.5-R1,8,118049,383453,E9.0,9.5,22.82789421081543
late,qiu2024,devmap,E9.0,E9.5-R1,9,118049,383453,E9.0,9.5,22.52176284790039
late,qiu2024,devmap,E9.0,E9.5-R1,10,118049,383453,E9.0,9.5,22.024999618530273
late,qiu2024,devmap,E9.0,E9.5-R1,11,118049,383453,E9.0,9.5,22.365644454956055
late,qiu2024,devmap,E9.0,E9.5-R1,12,118049,383453,E9.0,9.5,22.30862808227539
late,qiu2024,devmap,E9.0,E9.5-R1,13,118049,383453,E9.0,9.5,22.892635345458984
late,qiu2024,devmap,E9.0,E9.5-R1,14,118049,383453,E9.0,9.5,22.87677001953125
late,qiu2024,devmap,E9.0,E9.5-R1,15,118049,383453,E9.0,9.5,22.50020980834961
late,qiu2024,devmap,E9.0,E9.5-R1,16,118049,383453,E9.0,9.5,22.86231231689453
late,qiu2024,devmap,E9.0,E9.5-R1,17,118049,383453,E9.0,9.5,22.598865509033203
late,qiu2024,devmap,E9.0,E9.5-R1,18,118049,383453,E9.0,9.5,22.96146011352539
late,qiu2024,devmap,E9.0,E9.5-R1,19,118049,383453,E9.0,9.5,22.622161865234375
late,qiu2024,devmap,E9.0,E9.5-R1,20,118049,383453,E9.0,9.5,22.647918701171875
late,qiu2024,devmap,E9.0,E9.5-R1,21,118049,383453,E9.0,9.5,21.761451721191406
late,qiu2024,devmap,E9.0,E9.5-R1,22,118049,383453,E9.0,9.5,22.308635711669922
late,qiu2024,devmap,E9.0,E9.5-R1,23,118049,383453,E9.0,9.5,22.52722930908203
late,qiu2024,devmap,E9.0,E9.5-R1,24,118049,383453,E9.0,9.5,22.553585052490234
late,qiu2024,devmap,E9.0,E9.5-R1,25,118049,383453,E9.0,9.5,22.927217483520508
late,qiu2024,devmap,E9.0,E9.5-R1,26,118049,383453,E9.0,9.5,22.268619537353516
late,qiu2024,devmap,E9.0,E9.5-R1,27,118049,383453,E9.0,9.5,22.92015838623047
late,qiu2024,devmap,E9.0,E9.5-R1,28,118049,383453,E9.0,9.5,21.757614135742188
late,qiu2024,devmap,E9.0,E9.5-R1,29,118049,383453,E9.0,9.5,22.37982940673828
late,qiu2024,devmap,E9.0,E9.5-R1,30,118049,383453,E9.0,9.5,23.172985076904297
late,qiu2024,devmap,E9.0,E9.5-R1,31,118049,383453,E9.0,9.5,22.410892486572266
late,qiu2024,devmap,E9.0,E9.5-R1,32,118049,383453,E9.0,9.5,22.911170959472656
late,qiu2024,devmap,E9.0,E9.5-R1,33,118049,383453,E9.0,9.5,22.822418212890625
late,qiu2024,devmap,E9.0,E9.5-R1,34,118049,383453,E9.0,9.5,22.352920532226562
late,qiu2024,devmap,E9.0,E9.5-R1,35,118049,383453,E9.0,9.5,22.37138557434082
late,qiu2024,devmap,E9.0,E9.5-R1,36,118049,383453,E9.0,9.5,22.27492332458496
late,qiu2024,devmap,E9.0,E9.5-R1,37,118049,383453,E9.0,9.5,22.461156845092773
late,qiu2024,devmap,E9.0,E9.5-R1,38,118049,383453,E9.0,9.5,23.095550537109375
late,qiu2024,devmap,E9.0,E9.5-R1,39,118049,383453,E9.0,9.5,22.542320251464844
late,qiu2024,devmap,E9.0,E9.5-R1,40,118049,383453,E9.0,9.5,22.496192932128906
late,qiu2024,devmap,E9.0,E9.5-R1,41,118049,383453,E9.0,9.5,23.308765411376953
late,qiu2024,devmap,E9.0,E9.5-R1,42,118049,383453,E9.0,9.5,22.450763702392578
late,qiu2024,devmap,E9.0,E9.5-R1,43,118049,383453,E9.0,9.5,22.740137100219727
late,qiu2024,devmap,E9.0,E9.5-R1,44,118049,383453,E9.0,9.5,22.96282958984375
late,qiu2024,devmap,E9.0,E9.5-R1,45,118049,383453,E9.0,9.5,22.154659271240234
late,qiu2024,devmap,E9.0,E9.5-R1,46,118049,383453,E9.0,9.5,23.034801483154297
late,qiu2024,devmap,E9.0,E9.5-R1,47,118049,383453,E9.0,9.5,21.99858856201172
late,qiu2024,devmap,E9.0,E9.5-R1,48,118049,383453,E9.0,9.5,22.568470001220703
late,qiu2024,devmap,E9.0,E9.5-R1,49,118049,383453,E9.0,9.5,23.031639099121094
late,qiu2024,devmap,E9.0,E9.5-R2,0,118049,350716,E9.0,9.5,24.505529403686523
late,qiu2024,devmap,E9.0,E9.5-R2,1,118049,350716,E9.0,9.5,24.41648292541504
late,qiu2024,devmap,E9.0,E9.5-R2,2,118049,350716,E9.0,9.5,24.72637176513672
late,qiu2024,devmap,E9.0,E9.5-R2,3,118049,350716,E9.0,9.5,24.384937286376953
late,qiu2024,devmap,E9.0,E9.5-R2,4,118049,350716,E9.0,9.5,24.37611961364746
late,qiu2024,devmap,E9.0,E9.5-R2,5,118049,350716,E9.0,9.5,23.91744041442871
late,qiu2024,devmap,E9.0,E9.5-R2,6,118049,350716,E9.0,9.5,23.7750244140625
late,qiu2024,devmap,E9.0,E9.5-R2,7,118049,350716,E9.0,9.5,23.889225006103516
late,qiu2024,devmap,E9.0,E9.5-R2,8,118049,350716,E9.0,9.5,24.0041446685791
late,qiu2024,devmap,E9.0,E9.5-R2,9,118049,350716,E9.0,9.5,25.041465759277344
late,qiu2024,devmap,E9.0,E9.5-R2,10,118049,350716,E9.0,9.5,24.374465942382812
late,qiu2024,devmap,E9.0,E9.5-R2,11,118049,350716,E9.0,9.5,23.504966735839844
late,qiu2024,devmap,E9.0,E9.5-R2,12,118049,350716,E9.0,9.5,23.164066314697266
late,qiu2024,devmap,E9.0,E9.5-R2,13,118049,350716,E9.0,9.5,23.752668380737305
late,qiu2024,devmap,E9.0,E9.5-R2,14,118049,350716,E9.0,9.5,24.073814392089844
late,qiu2024,devmap,E9.0,E9.5-R2,15,118049,350716,E9.0,9.5,24.35148811340332
late,qiu2024,devmap,E9.0,E9.5-R2,16,118049,350716,E9.0,9.5,23.875850677490234
late,qiu2024,devmap,E9.0,E9.5-R2,17,118049,350716,E9.0,9.5,24.226085662841797
late,qiu2024,devmap,E9.0,E9.5-R2,18,118049,350716,E9.0,9.5,24.094043731689453
late,qiu2024,devmap,E9.0,E9.5-R2,19,118049,350716,E9.0,9.5,23.47408103942871
late,qiu2024,devmap,E9.0,E9.5-R2,20,118049,350716,E9.0,9.5,24.202030181884766
late,qiu2024,devmap,E9.0,E9.5-R2,21,118049,350716,E9.0,9.5,23.619831085205078
late,qiu2024,devmap,E9.0,E9.5-R2,22,118049,350716,E9.0,9.5,24.60889434814453
late,qiu2024,devmap,E9.0,E9.5-R2,23,118049,350716,E9.0,9.5,23.574932098388672
late,qiu2024,devmap,E9.0,E9.5-R2,24,118049,350716,E9.0,9.5,23.844295501708984
late,qiu2024,devmap,E9.0,E9.5-R2,25,118049,350716,E9.0,9.5,23.800168991088867
late,qiu2024,devmap,E9.0,E9.5-R2,26,118049,350716,E9.0,9.5,23.79991912841797
late,qiu2024,devmap,E9.0,E9.5-R2,27,118049,350716,E9.0,9.5,24.53653335571289
late,qiu2024,devmap,E9.0,E9.5-R2,28,118049,350716,E9.0,9.5,24.125701904296875
late,qiu2024,devmap,E9.0,E9.5-R2,29,118049,350716,E9.0,9.5,24.450807571411133
late,qiu2024,devmap,E9.0,E9.5-R2,30,118049,350716,E9.0,9.5,24.05759048461914
late,qiu2024,devmap,E9.0,E9.5-R2,31,118049,350716,E9.0,9.5,24.22372817993164
late,qiu2024,devmap,E9.0,E9.5-R2,32,118049,350716,E9.0,9.5,24.382566452026367
late,qiu2024,devmap,E9.0,E9.5-R2,33,118049,350716,E9.0,9.5,24.556751251220703
late,qiu2024,devmap,E9.0,E9.5-R2,34,118049,350716,E9.0,9.5,23.966053009033203
late,qiu2024,devmap,E9.0,E9.5-R2,35,118049,350716,E9.0,9.5,24.592931747436523
late,qiu2024,devmap,E9.0,E9.5-R2,36,118049,350716,E9.0,9.5,23.82876968383789
late,qiu2024,devmap,E9.0,E9.5-R2,37,118049,350716,E9.0,9.5,24.526275634765625
late,qiu2024,devmap,E9.0,E9.5-R2,38,118049,350716,E9.0,9.5,24.169954299926758
late,qiu2024,devmap,E9.0,E9.5-R2,39,118049,350716,E9.0,9.5,24.19123649597168
late,qiu2024,devmap,E9.0,E9.5-R2,40,118049,350716,E9.0,9.5,24.094282150268555
late,qiu2024,devmap,E9.0,E9.5-R2,41,118049,350716,E9.0,9.5,24.285781860351562
late,qiu2024,devmap,E9.0,E9.5-R2,42,118049,350716,E9.0,9.5,24.58267593383789
late,qiu2024,devmap,E9.0,E9.5-R2,43,118049,350716,E9.0,9.5,24.139755249023438
late,qiu2024,devmap,E9.0,E9.5-R2,44,118049,350716,E9.0,9.5,24.452754974365234
late,qiu2024,devmap,E9.0,E9.5-R2,45,118049,350716,E9.0,9.5,24.270261764526367
late,qiu2024,devmap,E9.0,E9.5-R2,46,118049,350716,E9.0,9.5,23.707380294799805
late,qiu2024,devmap,E9.0,E9.5-R2,47,118049,350716,E9.0,9.5,23.939796447753906
late,qiu2024,devmap,E9.0,E9.5-R2,48,118049,350716,E9.0,9.5,23.47557830810547
late,qiu2024,devmap,E9.0,E9.5-R2,49,118049,350716,E9.0,9.5,24.574947357177734
late,qiu2024,devmap,E9.0,E9.5-R3,0,118049,342873,E9.0,9.5,23.045883178710938
late,qiu2024,devmap,E9.0,E9.5-R3,1,118049,342873,E9.0,9.5,22.12091636657715
late,qiu2024,devmap,E9.0,E9.5-R3,2,118049,342873,E9.0,9.5,22.116668701171875
late,qiu2024,devmap,E9.0,E9.5-R3,3,118049,342873,E9.0,9.5,22.512115478515625
late,qiu2024,devmap,E9.0,E9.5-R3,4,118049,342873,E9.0,9.5,22.87438201904297
late,qiu2024,devmap,E9.0,E9.5-R3,5,118049,342873,E9.0,9.5,22.79663848876953
late,qiu2024,devmap,E9.0,E9.5-R3,6,118049,342873,E9.0,9.5,22.737079620361328
late,qiu2024,devmap,E9.0,E9.5-R3,7,118049,342873,E9.0,9.5,22.63918685913086
late,qiu2024,devmap,E9.0,E9.5-R3,8,118049,342873,E9.0,9.5,22.670984268188477
late,qiu2024,devmap,E9.0,E9.5-R3,9,118049,342873,E9.0,9.5,22.540433883666992
late,qiu2024,devmap,E9.0,E9.5-R3,10,118049,342873,E9.0,9.5,22.847431182861328
late,qiu2024,devmap,E9.0,E9.5-R3,11,118049,342873,E9.0,9.5,22.66531753540039
late,qiu2024,devmap,E9.0,E9.5-R3,12,118049,342873,E9.0,9.5,23.0693416595459
late,qiu2024,devmap,E9.0,E9.5-R3,13,118049,342873,E9.0,9.5,22.95619773864746
late,qiu2024,devmap,E9.0,E9.5-R3,14,118049,342873,E9.0,9.5,23.048818588256836
late,qiu2024,devmap,E9.0,E9.5-R3,15,118049,342873,E9.0,9.5,23.409923553466797
late,qiu2024,devmap,E9.0,E9.5-R3,16,118049,342873,E9.0,9.5,23.014564514160156
late,qiu2024,devmap,E9.0,E9.5-R3,17,118049,342873,E9.0,9.5,22.587759017944336
late,qiu2024,devmap,E9.0,E9.5-R3,18,118049,342873,E9.0,9.5,22.121315002441406
late,qiu2024,devmap,E9.0,E9.5-R3,19,118049,342873,E9.0,9.5,22.417125701904297
late,qiu2024,devmap,E9.0,E9.5-R3,20,118049,342873,E9.0,9.5,22.869487762451172
late,qiu2024,devmap,E9.0,E9.5-R3,21,118049,342873,E9.0,9.5,23.019962310791016
late,qiu2024,devmap,E9.0,E9.5-R3,22,118049,342873,E9.0,9.5,22.132158279418945
late,qiu2024,devmap,E9.0,E9.5-R3,23,118049,342873,E9.0,9.5,22.494937896728516
late,qiu2024,devmap,E9.0,E9.5-R3,24,118049,342873,E9.0,9.5,22.455814361572266
late,qiu2024,devmap,E9.0,E9.5-R3,25,118049,342873,E9.0,9.5,22.527626037597656
late,qiu2024,devmap,E9.0,E9.5-R3,26,118049,342873,E9.0,9.5,22.97283935546875
late,qiu2024,devmap,E9.0,E9.5-R3,27,118049,342873,E9.0,9.5,22.597896575927734
late,qiu2024,devmap,E9.0,E9.5-R3,28,118049,342873,E9.0,9.5,22.814861297607422
late,qiu2024,devmap,E9.0,E9.5-R3,29,118049,342873,E9.0,9.5,22.6805419921875
late,qiu2024,devmap,E9.0,E9.5-R3,30,118049,342873,E9.0,9.5,22.46190643310547
late,qiu2024,devmap,E9.0,E9.5-R3,31,118049,342873,E9.0,9.5,23.58362579345703
late,qiu2024,devmap,E9.0,E9.5-R3,32,118049,342873,E9.0,9.5,22.751272201538086
late,qiu2024,devmap,E9.0,E9.5-R3,33,118049,342873,E9.0,9.5,22.865612030029297
late,qiu2024,devmap,E9.0,E9.5-R3,34,118049,342873,E9.0,9.5,23.697147369384766
late,qiu2024,devmap,E9.0,E9.5-R3,35,118049,342873,E9.0,9.5,22.267309188842773
late,qiu2024,devmap,E9.0,E9.5-R3,36,118049,342873,E9.0,9.5,22.35753631591797
late,qiu2024,devmap,E9.0,E9.5-R3,37,118049,342873,E9.0,9.5,22.387195587158203
late,qiu2024,devmap,E9.0,E9.5-R3,38,118049,342873,E9.0,9.5,22.690410614013672
late,qiu2024,devmap,E9.0,E9.5-R3,39,118049,342873,E9.0,9.5,23.38762092590332
late,qiu2024,devmap,E9.0,E9.5-R3,40,118049,342873,E9.0,9.5,22.805370330810547
late,qiu2024,devmap,E9.0,E9.5-R3,41,118049,342873,E9.0,9.5,23.220840454101562
late,qiu2024,devmap,E9.0,E9.5-R3,42,118049,342873,E9.0,9.5,22.994022369384766
late,qiu2024,devmap,E9.0,E9.5-R3,43,118049,342873,E9.0,9.5,22.39551544189453
late,qiu2024,devmap,E9.0,E9.5-R3,44,118049,342873,E9.0,9.5,22.75125503540039
late,qiu2024,devmap,E9.0,E9.5-R3,45,118049,342873,E9.0,9.5,22.657766342163086
late,qiu2024,devmap,E9.0,E9.5-R3,46,118049,342873,E9.0,9.5,22.79830551147461
late,qiu2024,devmap,E9.0,E9.5-R3,47,118049,342873,E9.0,9.5,22.33165168762207
late,qiu2024,devmap,E9.0,E9.5-R3,48,118049,342873,E9.0,9.5,22.674219131469727
late,qiu2024,devmap,E9.0,E9.5-R3,49,118049,342873,E9.0,9.5,22.690643310546875
late,qiu2024,devmap,E9.0,E10.0-R1,0,118049,347550,E9.0,10.0,25.879619598388672
late,qiu2024,devmap,E9.0,E10.0-R1,1,118049,347550,E9.0,10.0,25.64441680908203
late,qiu2024,devmap,E9.0,E10.0-R1,2,118049,347550,E9.0,10.0,25.979692459106445
late,qiu2024,devmap,E9.0,E10.0-R1,3,118049,347550,E9.0,10.0,26.371192932128906
late,qiu2024,devmap,E9.0,E10.0-R1,4,118049,347550,E9.0,10.0,26.197235107421875
late,qiu2024,devmap,E9.0,E10.0-R1,5,118049,347550,E9.0,10.0,26.643373489379883
late,qiu2024,devmap,E9.0,E10.0-R1,6,118049,347550,E9.0,10.0,25.861347198486328
late,qiu2024,devmap,E9.0,E10.0-R1,7,118049,347550,E9.0,10.0,25.63875961303711
late,qiu2024,devmap,E9.0,E10.0-R1,8,118049,347550,E9.0,10.0,26.987606048583984
late,qiu2024,devmap,E9.0,E10.0-R1,9,118049,347550,E9.0,10.0,25.93470573425293
late,qiu2024,devmap,E9.0,E10.0-R1,10,118049,347550,E9.0,10.0,26.251989364624023
late,qiu2024,devmap,E9.0,E10.0-R1,11,118049,347550,E9.0,10.0,26.11492919921875
late,qiu2024,devmap,E9.0,E10.0-R1,12,118049,347550,E9.0,10.0,25.67172622680664
late,qiu2024,devmap,E9.0,E10.0-R1,13,118049,347550,E9.0,10.0,26.898788452148438
late,qiu2024,devmap,E9.0,E10.0-R1,14,118049,347550,E9.0,10.0,25.709102630615234
late,qiu2024,devmap,E9.0,E10.0-R1,15,118049,347550,E9.0,10.0,26.222084045410156
late,qiu2024,devmap,E9.0,E10.0-R1,16,118049,347550,E9.0,10.0,26.332752227783203
late,qiu2024,devmap,E9.0,E10.0-R1,17,118049,347550,E9.0,10.0,25.981067657470703
late,qiu2024,devmap,E9.0,E10.0-R1,18,118049,347550,E9.0,10.0,25.70040512084961
late,qiu2024,devmap,E9.0,E10.0-R1,19,118049,347550,E9.0,10.0,25.916738510131836
late,qiu2024,devmap,E9.0,E10.0-R1,20,118049,347550,E9.0,10.0,25.962200164794922
late,qiu2024,devmap,E9.0,E10.0-R1,21,118049,347550,E9.0,10.0,24.976503372192383
late,qiu2024,devmap,E9.0,E10.0-R1,22,118049,347550,E9.0,10.0,26.242212295532227
late,qiu2024,devmap,E9.0,E10.0-R1,23,118049,347550,E9.0,10.0,26.543682098388672
late,qiu2024,devmap,E9.0,E10.0-R1,24,118049,347550,E9.0,10.0,26.053007125854492
late,qiu2024,devmap,E9.0,E10.0-R1,25,118049,347550,E9.0,10.0,26.015533447265625
late,qiu2024,devmap,E9.0,E10.0-R1,26,118049,347550,E9.0,10.0,26.285980224609375
late,qiu2024,devmap,E9.0,E10.0-R1,27,118049,347550,E9.0,10.0,26.53053092956543
late,qiu2024,devmap,E9.0,E10.0-R1,28,118049,347550,E9.0,10.0,26.251747131347656
late,qiu2024,devmap,E9.0,E10.0-R1,29,118049,347550,E9.0,10.0,25.811080932617188
late,qiu2024,devmap,E9.0,E10.0-R1,30,118049,347550,E9.0,10.0,26.639015197753906
late,qiu2024,devmap,E9.0,E10.0-R1,31,118049,347550,E9.0,10.0,26.104141235351562
late,qiu2024,devmap,E9.0,E10.0-R1,32,118049,347550,E9.0,10.0,25.88518524169922
late,qiu2024,devmap,E9.0,E10.0-R1,33,118049,347550,E9.0,10.0,25.413246154785156
late,qiu2024,devmap,E9.0,E10.0-R1,34,118049,347550,E9.0,10.0,26.169288635253906
late,qiu2024,devmap,E9.0,E10.0-R1,35,118049,347550,E9.0,10.0,26.09695053100586
late,qiu2024,devmap,E9.0,E10.0-R1,36,118049,347550,E9.0,10.0,25.716033935546875
late,qiu2024,devmap,E9.0,E10.0-R1,37,118049,347550,E9.0,10.0,25.995830535888672
late,qiu2024,devmap,E9.0,E10.0-R1,38,118049,347550,E9.0,10.0,25.711322784423828
late,qiu2024,devmap,E9.0,E10.0-R1,39,118049,347550,E9.0,10.0,25.965496063232422
late,qiu2024,devmap,E9.0,E10.0-R1,40,118049,347550,E9.0,10.0,26.275753021240234
late,qiu2024,devmap,E9.0,E10.0-R1,41,118049,347550,E9.0,10.0,26.561656951904297
late,qiu2024,devmap,E9.0,E10.0-R1,42,118049,347550,E9.0,10.0,25.879024505615234
late,qiu2024,devmap,E9.0,E10.0-R1,43,118049,347550,E9.0,10.0,25.92063331604004
late,qiu2024,devmap,E9.0,E10.0-R1,44,118049,347550,E9.0,10.0,26.473358154296875
late,qiu2024,devmap,E9.0,E10.0-R1,45,118049,347550,E9.0,10.0,26.127105712890625
late,qiu2024,devmap,E9.0,E10.0-R1,46,118049,347550,E9.0,10.0,26.43255615234375
late,qiu2024,devmap,E9.0,E10.0-R1,47,118049,347550,E9.0,10.0,26.875446319580078
late,qiu2024,devmap,E9.0,E10.0-R1,48,118049,347550,E9.0,10.0,26.55374526977539
late,qiu2024,devmap,E9.0,E10.0-R1,49,118049,347550,E9.0,10.0,25.814102172851562
late,qiu2024,devmap,E9.25,E8.5-R1,0,276424,23435,E9.25,8.5,29.567609786987305
late,qiu2024,devmap,E9.25,E8.5-R1,1,276424,23435,E9.25,8.5,29.975215911865234
late,qiu2024,devmap,E9.25,E8.5-R1,2,276424,23435,E9.25,8.5,29.086076736450195
late,qiu2024,devmap,E9.25,E8.5-R1,3,276424,23435,E9.25,8.5,28.220863342285156
late,qiu2024,devmap,E9.25,E8.5-R1,4,276424,23435,E9.25,8.5,30.707292556762695
late,qiu2024,devmap,E9.25,E8.5-R1,5,276424,23435,E9.25,8.5,30.09832763671875
late,qiu2024,devmap,E9.25,E8.5-R1,6,276424,23435,E9.25,8.5,30.414152145385742
late,qiu2024,devmap,E9.25,E8.5-R1,7,276424,23435,E9.25,8.5,29.674514770507812
late,qiu2024,devmap,E9.25,E8.5-R1,8,276424,23435,E9.25,8.5,28.865142822265625
late,qiu2024,devmap,E9.25,E8.5-R1,9,276424,23435,E9.25,8.5,30.179964065551758
late,qiu2024,devmap,E9.25,E8.5-R1,10,276424,23435,E9.25,8.5,29.07167625427246
late,qiu2024,devmap,E9.25,E8.5-R1,11,276424,23435,E9.25,8.5,29.802005767822266
late,qiu2024,devmap,E9.25,E8.5-R1,12,276424,23435,E9.25,8.5,28.713287353515625
late,qiu2024,devmap,E9.25,E8.5-R1,13,276424,23435,E9.25,8.5,29.452850341796875
late,qiu2024,devmap,E9.25,E8.5-R1,14,276424,23435,E9.25,8.5,30.254566192626953
late,qiu2024,devmap,E9.25,E8.5-R1,15,276424,23435,E9.25,8.5,30.676685333251953
late,qiu2024,devmap,E9.25,E8.5-R1,16,276424,23435,E9.25,8.5,29.873287200927734
late,qiu2024,devmap,E9.25,E8.5-R1,17,276424,23435,E9.25,8.5,30.373626708984375
late,qiu2024,devmap,E9.25,E8.5-R1,18,276424,23435,E9.25,8.5,29.44550323486328
late,qiu2024,devmap,E9.25,E8.5-R1,19,276424,23435,E9.25,8.5,29.776153564453125
late,qiu2024,devmap,E9.25,E8.5-R1,20,276424,23435,E9.25,8.5,28.787273406982422
late,qiu2024,devmap,E9.25,E8.5-R1,21,276424,23435,E9.25,8.5,29.070171356201172
late,qiu2024,devmap,E9.25,E8.5-R1,22,276424,23435,E9.25,8.5,29.817707061767578
late,qiu2024,devmap,E9.25,E8.5-R1,23,276424,23435,E9.25,8.5,29.2386474609375
late,qiu2024,devmap,E9.25,E8.5-R1,24,276424,23435,E9.25,8.5,29.427019119262695
late,qiu2024,devmap,E9.25,E8.5-R1,25,276424,23435,E9.25,8.5,29.9677677154541
late,qiu2024,devmap,E9.25,E8.5-R1,26,276424,23435,E9.25,8.5,29.344051361083984
late,qiu2024,devmap,E9.25,E8.5-R1,27,276424,23435,E9.25,8.5,28.743701934814453
late,qiu2024,devmap,E9.25,E8.5-R1,28,276424,23435,E9.25,8.5,29.636945724487305
late,qiu2024,devmap,E9.25,E8.5-R1,29,276424,23435,E9.25,8.5,28.359935760498047
late,qiu2024,devmap,E9.25,E8.5-R1,30,276424,23435,E9.25,8.5,29.31317710876465
late,qiu2024,devmap,E9.25,E8.5-R1,31,276424,23435,E9.25,8.5,29.96164321899414
late,qiu2024,devmap,E9.25,E8.5-R1,32,276424,23435,E9.25,8.5,29.453907012939453
late,qiu2024,devmap,E9.25,E8.5-R1,33,276424,23435,E9.25,8.5,29.867116928100586
late,qiu2024,devmap,E9.25,E8.5-R1,34,276424,23435,E9.25,8.5,29.41935157775879
late,qiu2024,devmap,E9.25,E8.5-R1,35,276424,23435,E9.25,8.5,30.021352767944336
late,qiu2024,devmap,E9.25,E8.5-R1,36,276424,23435,E9.25,8.5,28.650653839111328
late,qiu2024,devmap,E9.25,E8.5-R1,37,276424,23435,E9.25,8.5,29.57823944091797
late,qiu2024,devmap,E9.25,E8.5-R1,38,276424,23435,E9.25,8.5,29.087684631347656
late,qiu2024,devmap,E9.25,E8.5-R1,39,276424,23435,E9.25,8.5,28.724716186523438
late,qiu2024,devmap,E9.25,E8.5-R1,40,276424,23435,E9.25,8.5,29.486488342285156
late,qiu2024,devmap,E9.25,E8.5-R1,41,276424,23435,E9.25,8.5,29.445362091064453
late,qiu2024,devmap,E9.25,E8.5-R1,42,276424,23435,E9.25,8.5,29.42636489868164
late,qiu2024,devmap,E9.25,E8.5-R1,43,276424,23435,E9.25,8.5,29.370203018188477
late,qiu2024,devmap,E9.25,E8.5-R1,44,276424,23435,E9.25,8.5,28.837268829345703
late,qiu2024,devmap,E9.25,E8.5-R1,45,276424,23435,E9.25,8.5,29.709943771362305
late,qiu2024,devmap,E9.25,E8.5-R1,46,276424,23435,E9.25,8.5,29.904998779296875
late,qiu2024,devmap,E9.25,E8.5-R1,47,276424,23435,E9.25,8.5,30.7647705078125
late,qiu2024,devmap,E9.25,E8.5-R1,48,276424,23435,E9.25,8.5,29.480812072753906
late,qiu2024,devmap,E9.25,E8.5-R1,49,276424,23435,E9.25,8.5,28.441829681396484
late,qiu2024,devmap,E9.25,E8.5-R2,0,276424,38216,E9.25,8.5,28.605243682861328
late,qiu2024,devmap,E9.25,E8.5-R2,1,276424,38216,E9.25,8.5,28.95594024658203
late,qiu2024,devmap,E9.25,E8.5-R2,2,276424,38216,E9.25,8.5,27.935489654541016
late,qiu2024,devmap,E9.25,E8.5-R2,3,276424,38216,E9.25,8.5,27.854528427124023
late,qiu2024,devmap,E9.25,E8.5-R2,4,276424,38216,E9.25,8.5,27.970977783203125
late,qiu2024,devmap,E9.25,E8.5-R2,5,276424,38216,E9.25,8.5,27.563762664794922
late,qiu2024,devmap,E9.25,E8.5-R2,6,276424,38216,E9.25,8.5,27.74880599975586
late,qiu2024,devmap,E9.25,E8.5-R2,7,276424,38216,E9.25,8.5,27.667770385742188
late,qiu2024,devmap,E9.25,E8.5-R2,8,276424,38216,E9.25,8.5,27.785797119140625
late,qiu2024,devmap,E9.25,E8.5-R2,9,276424,38216,E9.25,8.5,27.915241241455078
late,qiu2024,devmap,E9.25,E8.5-R2,10,276424,38216,E9.25,8.5,27.63043785095215
late,qiu2024,devmap,E9.25,E8.5-R2,11,276424,38216,E9.25,8.5,28.20077133178711
late,qiu2024,devmap,E9.25,E8.5-R2,12,276424,38216,E9.25,8.5,28.60483741760254
late,qiu2024,devmap,E9.25,E8.5-R2,13,276424,38216,E9.25,8.5,27.564931869506836
late,qiu2024,devmap,E9.25,E8.5-R2,14,276424,38216,E9.25,8.5,27.707660675048828
late,qiu2024,devmap,E9.25,E8.5-R2,15,276424,38216,E9.25,8.5,27.907913208007812
late,qiu2024,devmap,E9.25,E8.5-R2,16,276424,38216,E9.25,8.5,27.4506778717041
late,qiu2024,devmap,E9.25,E8.5-R2,17,276424,38216,E9.25,8.5,28.291324615478516
late,qiu2024,devmap,E9.25,E8.5-R2,18,276424,38216,E9.25,8.5,27.845457077026367
late,qiu2024,devmap,E9.25,E8.5-R2,19,276424,38216,E9.25,8.5,28.729110717773438
late,qiu2024,devmap,E9.25,E8.5-R2,20,276424,38216,E9.25,8.5,28.6782283782959
late,qiu2024,devmap,E9.25,E8.5-R2,21,276424,38216,E9.25,8.5,27.762109756469727
late,qiu2024,devmap,E9.25,E8.5-R2,22,276424,38216,E9.25,8.5,27.9323673248291
late,qiu2024,devmap,E9.25,E8.5-R2,23,276424,38216,E9.25,8.5,27.869014739990234
late,qiu2024,devmap,E9.25,E8.5-R2,24,276424,38216,E9.25,8.5,27.578144073486328
late,qiu2024,devmap,E9.25,E8.5-R2,25,276424,38216,E9.25,8.5,27.872825622558594
late,qiu2024,devmap,E9.25,E8.5-R2,26,276424,38216,E9.25,8.5,28.22454833984375
late,qiu2024,devmap,E9.25,E8.5-R2,27,276424,38216,E9.25,8.5,27.378841400146484
late,qiu2024,devmap,E9.25,E8.5-R2,28,276424,38216,E9.25,8.5,28.29226303100586
late,qiu2024,devmap,E9.25,E8.5-R2,29,276424,38216,E9.25,8.5,27.274208068847656
late,qiu2024,devmap,E9.25,E8.5-R2,30,276424,38216,E9.25,8.5,28.135822296142578
late,qiu2024,devmap,E9.25,E8.5-R2,31,276424,38216,E9.25,8.5,28.734838485717773
late,qiu2024,devmap,E9.25,E8.5-R2,32,276424,38216,E9.25,8.5,28.373815536499023
late,qiu2024,devmap,E9.25,E8.5-R2,33,276424,38216,E9.25,8.5,27.992727279663086
late,qiu2024,devmap,E9.25,E8.5-R2,34,276424,38216,E9.25,8.5,27.405466079711914
late,qiu2024,devmap,E9.25,E8.5-R2,35,276424,38216,E9.25,8.5,27.25375747680664
late,qiu2024,devmap,E9.25,E8.5-R2,36,276424,38216,E9.25,8.5,27.675329208374023
late,qiu2024,devmap,E9.25,E8.5-R2,37,276424,38216,E9.25,8.5,27.105850219726562
late,qiu2024,devmap,E9.25,E8.5-R2,38,276424,38216,E9.25,8.5,27.640972137451172
late,qiu2024,devmap,E9.25,E8.5-R2,39,276424,38216,E9.25,8.5,27.97346305847168
late,qiu2024,devmap,E9.25,E8.5-R2,40,276424,38216,E9.25,8.5,27.470924377441406
late,qiu2024,devmap,E9.25,E8.5-R2,41,276424,38216,E9.25,8.5,27.747289657592773
late,qiu2024,devmap,E9.25,E8.5-R2,42,276424,38216,E9.25,8.5,27.014549255371094
late,qiu2024,devmap,E9.25,E8.5-R2,43,276424,38216,E9.25,8.5,27.894187927246094
late,qiu2024,devmap,E9.25,E8.5-R2,44,276424,38216,E9.25,8.5,27.98920440673828
late,qiu2024,devmap,E9.25,E8.5-R2,45,276424,38216,E9.25,8.5,28.060699462890625
late,qiu2024,devmap,E9.25,E8.5-R2,46,276424,38216,E9.25,8.5,28.411226272583008
late,qiu2024,devmap,E9.25,E8.5-R2,47,276424,38216,E9.25,8.5,28.091402053833008
late,qiu2024,devmap,E9.25,E8.5-R2,48,276424,38216,E9.25,8.5,28.403335571289062
late,qiu2024,devmap,E9.25,E8.5-R2,49,276424,38216,E9.25,8.5,27.499391555786133
late,qiu2024,devmap,E9.25,E8.5-R3,0,276424,27743,E9.25,8.5,28.232967376708984
late,qiu2024,devmap,E9.25,E8.5-R3,1,276424,27743,E9.25,8.5,27.980180740356445
late,qiu2024,devmap,E9.25,E8.5-R3,2,276424,27743,E9.25,8.5,27.969242095947266
late,qiu2024,devmap,E9.25,E8.5-R3,3,276424,27743,E9.25,8.5,29.23119354248047
late,qiu2024,devmap,E9.25,E8.5-R3,4,276424,27743,E9.25,8.5,29.28677749633789
late,qiu2024,devmap,E9.25,E8.5-R3,5,276424,27743,E9.25,8.5,29.249629974365234
late,qiu2024,devmap,E9.25,E8.5-R3,6,276424,27743,E9.25,8.5,29.126781463623047
late,qiu2024,devmap,E9.25,E8.5-R3,7,276424,27743,E9.25,8.5,29.34593963623047
late,qiu2024,devmap,E9.25,E8.5-R3,8,276424,27743,E9.25,8.5,27.591781616210938
late,qiu2024,devmap,E9.25,E8.5-R3,9,276424,27743,E9.25,8.5,28.085365295410156
late,qiu2024,devmap,E9.25,E8.5-R3,10,276424,27743,E9.25,8.5,29.14480209350586
late,qiu2024,devmap,E9.25,E8.5-R3,11,276424,27743,E9.25,8.5,28.959842681884766
late,qiu2024,devmap,E9.25,E8.5-R3,12,276424,27743,E9.25,8.5,28.31444549560547
late,qiu2024,devmap,E9.25,E8.5-R3,13,276424,27743,E9.25,8.5,28.457111358642578
late,qiu2024,devmap,E9.25,E8.5-R3,14,276424,27743,E9.25,8.5,28.198375701904297
late,qiu2024,devmap,E9.25,E8.5-R3,15,276424,27743,E9.25,8.5,29.281166076660156
late,qiu2024,devmap,E9.25,E8.5-R3,16,276424,27743,E9.25,8.5,29.597929000854492
late,qiu2024,devmap,E9.25,E8.5-R3,17,276424,27743,E9.25,8.5,28.813175201416016
late,qiu2024,devmap,E9.25,E8.5-R3,18,276424,27743,E9.25,8.5,27.51466178894043
late,qiu2024,devmap,E9.25,E8.5-R3,19,276424,27743,E9.25,8.5,28.088003158569336
late,qiu2024,devmap,E9.25,E8.5-R3,20,276424,27743,E9.25,8.5,27.70275115966797
late,qiu2024,devmap,E9.25,E8.5-R3,21,276424,27743,E9.25,8.5,27.882404327392578
late,qiu2024,devmap,E9.25,E8.5-R3,22,276424,27743,E9.25,8.5,29.465702056884766
late,qiu2024,devmap,E9.25,E8.5-R3,23,276424,27743,E9.25,8.5,29.500167846679688
late,qiu2024,devmap,E9.25,E8.5-R3,24,276424,27743,E9.25,8.5,28.748046875
late,qiu2024,devmap,E9.25,E8.5-R3,25,276424,27743,E9.25,8.5,27.771299362182617
late,qiu2024,devmap,E9.25,E8.5-R3,26,276424,27743,E9.25,8.5,28.7849063873291
late,qiu2024,devmap,E9.25,E8.5-R3,27,276424,27743,E9.25,8.5,29.40843963623047
late,qiu2024,devmap,E9.25,E8.5-R3,28,276424,27743,E9.25,8.5,27.757341384887695
late,qiu2024,devmap,E9.25,E8.5-R3,29,276424,27743,E9.25,8.5,28.8934326171875
late,qiu2024,devmap,E9.25,E8.5-R3,30,276424,27743,E9.25,8.5,28.71493911743164
late,qiu2024,devmap,E9.25,E8.5-R3,31,276424,27743,E9.25,8.5,29.168373107910156
late,qiu2024,devmap,E9.25,E8.5-R3,32,276424,27743,E9.25,8.5,30.237701416015625
late,qiu2024,devmap,E9.25,E8.5-R3,33,276424,27743,E9.25,8.5,28.145545959472656
late,qiu2024,devmap,E9.25,E8.5-R3,34,276424,27743,E9.25,8.5,28.82996368408203
late,qiu2024,devmap,E9.25,E8.5-R3,35,276424,27743,E9.25,8.5,28.348968505859375
late,qiu2024,devmap,E9.25,E8.5-R3,36,276424,27743,E9.25,8.5,28.880722045898438
late,qiu2024,devmap,E9.25,E8.5-R3,37,276424,27743,E9.25,8.5,29.387664794921875
late,qiu2024,devmap,E9.25,E8.5-R3,38,276424,27743,E9.25,8.5,28.45410919189453
late,qiu2024,devmap,E9.25,E8.5-R3,39,276424,27743,E9.25,8.5,29.127635955810547
late,qiu2024,devmap,E9.25,E8.5-R3,40,276424,27743,E9.25,8.5,28.783733367919922
late,qiu2024,devmap,E9.25,E8.5-R3,41,276424,27743,E9.25,8.5,29.14484405517578
late,qiu2024,devmap,E9.25,E8.5-R3,42,276424,27743,E9.25,8.5,29.266571044921875
late,qiu2024,devmap,E9.25,E8.5-R3,43,276424,27743,E9.25,8.5,29.380996704101562
late,qiu2024,devmap,E9.25,E8.5-R3,44,276424,27743,E9.25,8.5,27.99947738647461
late,qiu2024,devmap,E9.25,E8.5-R3,45,276424,27743,E9.25,8.5,28.523386001586914
late,qiu2024,devmap,E9.25,E8.5-R3,46,276424,27743,E9.25,8.5,29.10375213623047
late,qiu2024,devmap,E9.25,E8.5-R3,47,276424,27743,E9.25,8.5,28.5089111328125
late,qiu2024,devmap,E9.25,E8.5-R3,48,276424,27743,E9.25,8.5,28.91594696044922
late,qiu2024,devmap,E9.25,E8.5-R3,49,276424,27743,E9.25,8.5,28.94284439086914
late,qiu2024,devmap,E9.25,E9.0-R1,0,276424,92063,E9.25,9.0,22.100645065307617
late,qiu2024,devmap,E9.25,E9.0-R1,1,276424,92063,E9.25,9.0,22.012256622314453
late,qiu2024,devmap,E9.25,E9.0-R1,2,276424,92063,E9.25,9.0,22.298587799072266
late,qiu2024,devmap,E9.25,E9.0-R1,3,276424,92063,E9.25,9.0,22.388017654418945
late,qiu2024,devmap,E9.25,E9.0-R1,4,276424,92063,E9.25,9.0,22.751941680908203
late,qiu2024,devmap,E9.25,E9.0-R1,5,276424,92063,E9.25,9.0,21.408153533935547
late,qiu2024,devmap,E9.25,E9.0-R1,6,276424,92063,E9.25,9.0,21.981916427612305
late,qiu2024,devmap,E9.25,E9.0-R1,7,276424,92063,E9.25,9.0,21.655197143554688
late,qiu2024,devmap,E9.25,E9.0-R1,8,276424,92063,E9.25,9.0,22.188037872314453
late,qiu2024,devmap,E9.25,E9.0-R1,9,276424,92063,E9.25,9.0,22.346582412719727
late,qiu2024,devmap,E9.25,E9.0-R1,10,276424,92063,E9.25,9.0,21.679309844970703
late,qiu2024,devmap,E9.25,E9.0-R1,11,276424,92063,E9.25,9.0,22.019573211669922
late,qiu2024,devmap,E9.25,E9.0-R1,12,276424,92063,E9.25,9.0,21.95012664794922
late,qiu2024,devmap,E9.25,E9.0-R1,13,276424,92063,E9.25,9.0,22.544124603271484
late,qiu2024,devmap,E9.25,E9.0-R1,14,276424,92063,E9.25,9.0,21.81741714477539
late,qiu2024,devmap,E9.25,E9.0-R1,15,276424,92063,E9.25,9.0,22.074979782104492
late,qiu2024,devmap,E9.25,E9.0-R1,16,276424,92063,E9.25,9.0,21.78464126586914
late,qiu2024,devmap,E9.25,E9.0-R1,17,276424,92063,E9.25,9.0,21.947250366210938
late,qiu2024,devmap,E9.25,E9.0-R1,18,276424,92063,E9.25,9.0,21.51691436767578
late,qiu2024,devmap,E9.25,E9.0-R1,19,276424,92063,E9.25,9.0,22.081310272216797
late,qiu2024,devmap,E9.25,E9.0-R1,20,276424,92063,E9.25,9.0,21.503746032714844
late,qiu2024,devmap,E9.25,E9.0-R1,21,276424,92063,E9.25,9.0,21.89741325378418
late,qiu2024,devmap,E9.25,E9.0-R1,22,276424,92063,E9.25,9.0,22.416866302490234
late,qiu2024,devmap,E9.25,E9.0-R1,23,276424,92063,E9.25,9.0,22.636119842529297
late,qiu2024,devmap,E9.25,E9.0-R1,24,276424,92063,E9.25,9.0,21.920063018798828
late,qiu2024,devmap,E9.25,E9.0-R1,25,276424,92063,E9.25,9.0,21.495281219482422
late,qiu2024,devmap,E9.25,E9.0-R1,26,276424,92063,E9.25,9.0,22.1487979888916
late,qiu2024,devmap,E9.25,E9.0-R1,27,276424,92063,E9.25,9.0,21.97265625
late,qiu2024,devmap,E9.25,E9.0-R1,28,276424,92063,E9.25,9.0,22.365352630615234
late,qiu2024,devmap,E9.25,E9.0-R1,29,276424,92063,E9.25,9.0,21.440471649169922
late,qiu2024,devmap,E9.25,E9.0-R1,30,276424,92063,E9.25,9.0,21.467872619628906
late,qiu2024,devmap,E9.25,E9.0-R1,31,276424,92063,E9.25,9.0,22.174148559570312
late,qiu2024,devmap,E9.25,E9.0-R1,32,276424,92063,E9.25,9.0,22.473278045654297
late,qiu2024,devmap,E9.25,E9.0-R1,33,276424,92063,E9.25,9.0,22.53955078125
late,qiu2024,devmap,E9.25,E9.0-R1,34,276424,92063,E9.25,9.0,21.559999465942383
late,qiu2024,devmap,E9.25,E9.0-R1,35,276424,92063,E9.25,9.0,21.68387222290039
late,qiu2024,devmap,E9.25,E9.0-R1,36,276424,92063,E9.25,9.0,22.607542037963867
late,qiu2024,devmap,E9.25,E9.0-R1,37,276424,92063,E9.25,9.0,22.34882926940918
late,qiu2024,devmap,E9.25,E9.0-R1,38,276424,92063,E9.25,9.0,21.678829193115234
late,qiu2024,devmap,E9.25,E9.0-R1,39,276424,92063,E9.25,9.0,21.66038703918457
late,qiu2024,devmap,E9.25,E9.0-R1,40,276424,92063,E9.25,9.0,21.96750259399414
late,qiu2024,devmap,E9.25,E9.0-R1,41,276424,92063,E9.25,9.0,22.838504791259766
late,qiu2024,devmap,E9.25,E9.0-R1,42,276424,92063,E9.25,9.0,22.880096435546875
late,qiu2024,devmap,E9.25,E9.0-R1,43,276424,92063,E9.25,9.0,22.64605140686035
late,qiu2024,devmap,E9.25,E9.0-R1,44,276424,92063,E9.25,9.0,22.236366271972656
late,qiu2024,devmap,E9.25,E9.0-R1,45,276424,92063,E9.25,9.0,22.082218170166016
late,qiu2024,devmap,E9.25,E9.0-R1,46,276424,92063,E9.25,9.0,22.94326400756836
late,qiu2024,devmap,E9.25,E9.0-R1,47,276424,92063,E9.25,9.0,21.442380905151367
late,qiu2024,devmap,E9.25,E9.0-R1,48,276424,92063,E9.25,9.0,22.805233001708984
late,qiu2024,devmap,E9.25,E9.0-R1,49,276424,92063,E9.25,9.0,22.62713623046875
late,qiu2024,devmap,E9.25,E9.0-R2,0,276424,99878,E9.25,9.0,20.622207641601562
late,qiu2024,devmap,E9.25,E9.0-R2,1,276424,99878,E9.25,9.0,20.273399353027344
late,qiu2024,devmap,E9.25,E9.0-R2,2,276424,99878,E9.25,9.0,20.6204833984375
late,qiu2024,devmap,E9.25,E9.0-R2,3,276424,99878,E9.25,9.0,20.45693588256836
late,qiu2024,devmap,E9.25,E9.0-R2,4,276424,99878,E9.25,9.0,20.72573471069336
late,qiu2024,devmap,E9.25,E9.0-R2,5,276424,99878,E9.25,9.0,20.205631256103516
late,qiu2024,devmap,E9.25,E9.0-R2,6,276424,99878,E9.25,9.0,19.767425537109375
late,qiu2024,devmap,E9.25,E9.0-R2,7,276424,99878,E9.25,9.0,20.50834083557129
late,qiu2024,devmap,E9.25,E9.0-R2,8,276424,99878,E9.25,9.0,20.96384048461914
late,qiu2024,devmap,E9.25,E9.0-R2,9,276424,99878,E9.25,9.0,20.750125885009766
late,qiu2024,devmap,E9.25,E9.0-R2,10,276424,99878,E9.25,9.0,20.63155746459961
late,qiu2024,devmap,E9.25,E9.0-R2,11,276424,99878,E9.25,9.0,20.52530860900879
late,qiu2024,devmap,E9.25,E9.0-R2,12,276424,99878,E9.25,9.0,19.821165084838867
late,qiu2024,devmap,E9.25,E9.0-R2,13,276424,99878,E9.25,9.0,20.35755157470703
late,qiu2024,devmap,E9.25,E9.0-R2,14,276424,99878,E9.25,9.0,21.835662841796875
late,qiu2024,devmap,E9.25,E9.0-R2,15,276424,99878,E9.25,9.0,20.688167572021484
late,qiu2024,devmap,E9.25,E9.0-R2,16,276424,99878,E9.25,9.0,20.23834991455078
late,qiu2024,devmap,E9.25,E9.0-R2,17,276424,99878,E9.25,9.0,20.254024505615234
late,qiu2024,devmap,E9.25,E9.0-R2,18,276424,99878,E9.25,9.0,20.72435760498047
late,qiu2024,devmap,E9.25,E9.0-R2,19,276424,99878,E9.25,9.0,21.34912109375
late,qiu2024,devmap,E9.25,E9.0-R2,20,276424,99878,E9.25,9.0,20.6246280670166
late,qiu2024,devmap,E9.25,E9.0-R2,21,276424,99878,E9.25,9.0,20.765026092529297
late,qiu2024,devmap,E9.25,E9.0-R2,22,276424,99878,E9.25,9.0,20.050905227661133
late,qiu2024,devmap,E9.25,E9.0-R2,23,276424,99878,E9.25,9.0,20.665218353271484
late,qiu2024,devmap,E9.25,E9.0-R2,24,276424,99878,E9.25,9.0,20.582569122314453
late,qiu2024,devmap,E9.25,E9.0-R2,25,276424,99878,E9.25,9.0,20.227657318115234
late,qiu2024,devmap,E9.25,E9.0-R2,26,276424,99878,E9.25,9.0,20.234285354614258
late,qiu2024,devmap,E9.25,E9.0-R2,27,276424,99878,E9.25,9.0,20.81973648071289
late,qiu2024,devmap,E9.25,E9.0-R2,28,276424,99878,E9.25,9.0,20.689990997314453
late,qiu2024,devmap,E9.25,E9.0-R2,29,276424,99878,E9.25,9.0,20.606319427490234
late,qiu2024,devmap,E9.25,E9.0-R2,30,276424,99878,E9.25,9.0,20.737625122070312
late,qiu2024,devmap,E9.25,E9.0-R2,31,276424,99878,E9.25,9.0,20.747982025146484
late,qiu2024,devmap,E9.25,E9.0-R2,32,276424,99878,E9.25,9.0,20.135047912597656
late,qiu2024,devmap,E9.25,E9.0-R2,33,276424,99878,E9.25,9.0,20.78418731689453
late,qiu2024,devmap,E9.25,E9.0-R2,34,276424,99878,E9.25,9.0,20.12691307067871
late,qiu2024,devmap,E9.25,E9.0-R2,35,276424,99878,E9.25,9.0,20.389324188232422
late,qiu2024,devmap,E9.25,E9.0-R2,36,276424,99878,E9.25,9.0,19.914775848388672
late,qiu2024,devmap,E9.25,E9.0-R2,37,276424,99878,E9.25,9.0,20.331859588623047
late,qiu2024,devmap,E9.25,E9.0-R2,38,276424,99878,E9.25,9.0,20.54643440246582
late,qiu2024,devmap,E9.25,E9.0-R2,39,276424,99878,E9.25,9.0,20.718116760253906
late,qiu2024,devmap,E9.25,E9.0-R2,40,276424,99878,E9.25,9.0,20.41465950012207
late,qiu2024,devmap,E9.25,E9.0-R2,41,276424,99878,E9.25,9.0,20.23382568359375
late,qiu2024,devmap,E9.25,E9.0-R2,42,276424,99878,E9.25,9.0,20.72225570678711
late,qiu2024,devmap,E9.25,E9.0-R2,43,276424,99878,E9.25,9.0,20.59140396118164
late,qiu2024,devmap,E9.25,E9.0-R2,44,276424,99878,E9.25,9.0,20.674108505249023
late,qiu2024,devmap,E9.25,E9.0-R2,45,276424,99878,E9.25,9.0,20.478605270385742
late,qiu2024,devmap,E9.25,E9.0-R2,46,276424,99878,E9.25,9.0,20.712623596191406
late,qiu2024,devmap,E9.25,E9.0-R2,47,276424,99878,E9.25,9.0,20.44310760498047
late,qiu2024,devmap,E9.25,E9.0-R2,48,276424,99878,E9.25,9.0,20.116357803344727
late,qiu2024,devmap,E9.25,E9.0-R2,49,276424,99878,E9.25,9.0,20.724525451660156
late,qiu2024,devmap,E9.25,E9.0-R3,0,276424,62867,E9.25,9.0,24.68329620361328
late,qiu2024,devmap,E9.25,E9.0-R3,1,276424,62867,E9.25,9.0,24.521808624267578
late,qiu2024,devmap,E9.25,E9.0-R3,2,276424,62867,E9.25,9.0,24.382999420166016
late,qiu2024,devmap,E9.25,E9.0-R3,3,276424,62867,E9.25,9.0,24.939077377319336
late,qiu2024,devmap,E9.25,E9.0-R3,4,276424,62867,E9.25,9.0,24.921009063720703
late,qiu2024,devmap,E9.25,E9.0-R3,5,276424,62867,E9.25,9.0,24.349239349365234
late,qiu2024,devmap,E9.25,E9.0-R3,6,276424,62867,E9.25,9.0,25.297714233398438
late,qiu2024,devmap,E9.25,E9.0-R3,7,276424,62867,E9.25,9.0,25.36282730102539
late,qiu2024,devmap,E9.25,E9.0-R3,8,276424,62867,E9.25,9.0,24.80148696899414
late,qiu2024,devmap,E9.25,E9.0-R3,9,276424,62867,E9.25,9.0,24.27011489868164
late,qiu2024,devmap,E9.25,E9.0-R3,10,276424,62867,E9.25,9.0,25.32745361328125
late,qiu2024,devmap,E9.25,E9.0-R3,11,276424,62867,E9.25,9.0,24.993268966674805
late,qiu2024,devmap,E9.25,E9.0-R3,12,276424,62867,E9.25,9.0,25.02389907836914
late,qiu2024,devmap,E9.25,E9.0-R3,13,276424,62867,E9.25,9.0,24.109237670898438
late,qiu2024,devmap,E9.25,E9.0-R3,14,276424,62867,E9.25,9.0,24.177560806274414
late,qiu2024,devmap,E9.25,E9.0-R3,15,276424,62867,E9.25,9.0,24.67706298828125
late,qiu2024,devmap,E9.25,E9.0-R3,16,276424,62867,E9.25,9.0,24.01287078857422
late,qiu2024,devmap,E9.25,E9.0-R3,17,276424,62867,E9.25,9.0,24.35277557373047
late,qiu2024,devmap,E9.25,E9.0-R3,18,276424,62867,E9.25,9.0,25.106107711791992
late,qiu2024,devmap,E9.25,E9.0-R3,19,276424,62867,E9.25,9.0,24.998355865478516
late,qiu2024,devmap,E9.25,E9.0-R3,20,276424,62867,E9.25,9.0,25.204925537109375
late,qiu2024,devmap,E9.25,E9.0-R3,21,276424,62867,E9.25,9.0,24.714948654174805
late,qiu2024,devmap,E9.25,E9.0-R3,22,276424,62867,E9.25,9.0,24.326889038085938
late,qiu2024,devmap,E9.25,E9.0-R3,23,276424,62867,E9.25,9.0,24.310813903808594
late,qiu2024,devmap,E9.25,E9.0-R3,24,276424,62867,E9.25,9.0,23.92976951599121
late,qiu2024,devmap,E9.25,E9.0-R3,25,276424,62867,E9.25,9.0,23.80297088623047
late,qiu2024,devmap,E9.25,E9.0-R3,26,276424,62867,E9.25,9.0,25.1607723236084
late,qiu2024,devmap,E9.25,E9.0-R3,27,276424,62867,E9.25,9.0,24.152448654174805
late,qiu2024,devmap,E9.25,E9.0-R3,28,276424,62867,E9.25,9.0,25.885684967041016
late,qiu2024,devmap,E9.25,E9.0-R3,29,276424,62867,E9.25,9.0,24.823226928710938
late,qiu2024,devmap,E9.25,E9.0-R3,30,276424,62867,E9.25,9.0,24.36837387084961
late,qiu2024,devmap,E9.25,E9.0-R3,31,276424,62867,E9.25,9.0,23.8625431060791
late,qiu2024,devmap,E9.25,E9.0-R3,32,276424,62867,E9.25,9.0,24.509845733642578
late,qiu2024,devmap,E9.25,E9.0-R3,33,276424,62867,E9.25,9.0,25.36703872680664
late,qiu2024,devmap,E9.25,E9.0-R3,34,276424,62867,E9.25,9.0,25.13593864440918
late,qiu2024,devmap,E9.25,E9.0-R3,35,276424,62867,E9.25,9.0,24.858081817626953
late,qiu2024,devmap,E9.25,E9.0-R3,36,276424,62867,E9.25,9.0,24.790241241455078
late,qiu2024,devmap,E9.25,E9.0-R3,37,276424,62867,E9.25,9.0,24.90304946899414
late,qiu2024,devmap,E9.25,E9.0-R3,38,276424,62867,E9.25,9.0,25.18044662475586
late,qiu2024,devmap,E9.25,E9.0-R3,39,276424,62867,E9.25,9.0,25.09691619873047
late,qiu2024,devmap,E9.25,E9.0-R3,40,276424,62867,E9.25,9.0,25.096303939819336
late,qiu2024,devmap,E9.25,E9.0-R3,41,276424,62867,E9.25,9.0,25.243896484375
late,qiu2024,devmap,E9.25,E9.0-R3,42,276424,62867,E9.25,9.0,23.632221221923828
late,qiu2024,devmap,E9.25,E9.0-R3,43,276424,62867,E9.25,9.0,23.29026222229004
late,qiu2024,devmap,E9.25,E9.0-R3,44,276424,62867,E9.25,9.0,24.277381896972656
late,qiu2024,devmap,E9.25,E9.0-R3,45,276424,62867,E9.25,9.0,25.32965660095215
late,qiu2024,devmap,E9.25,E9.0-R3,46,276424,62867,E9.25,9.0,24.4229793548584
late,qiu2024,devmap,E9.25,E9.0-R3,47,276424,62867,E9.25,9.0,24.922103881835938
late,qiu2024,devmap,E9.25,E9.0-R3,48,276424,62867,E9.25,9.0,24.802085876464844
late,qiu2024,devmap,E9.25,E9.0-R3,49,276424,62867,E9.25,9.0,24.614303588867188
late,qiu2024,devmap,E9.25,E9.5-R1,0,276424,383453,E9.25,9.5,21.976022720336914
late,qiu2024,devmap,E9.25,E9.5-R1,1,276424,383453,E9.25,9.5,22.194252014160156
late,qiu2024,devmap,E9.25,E9.5-R1,2,276424,383453,E9.25,9.5,22.308853149414062
late,qiu2024,devmap,E9.25,E9.5-R1,3,276424,383453,E9.25,9.5,22.216243743896484
late,qiu2024,devmap,E9.25,E9.5-R1,4,276424,383453,E9.25,9.5,22.257761001586914
late,qiu2024,devmap,E9.25,E9.5-R1,5,276424,383453,E9.25,9.5,22.030582427978516
late,qiu2024,devmap,E9.25,E9.5-R1,6,276424,383453,E9.25,9.5,22.33576202392578
late,qiu2024,devmap,E9.25,E9.5-R1,7,276424,383453,E9.25,9.5,22.04670524597168
late,qiu2024,devmap,E9.25,E9.5-R1,8,276424,383453,E9.25,9.5,22.197307586669922
late,qiu2024,devmap,E9.25,E9.5-R1,9,276424,383453,E9.25,9.5,21.89187240600586
late,qiu2024,devmap,E9.25,E9.5-R1,10,276424,383453,E9.25,9.5,22.174514770507812
late,qiu2024,devmap,E9.25,E9.5-R1,11,276424,383453,E9.25,9.5,21.982223510742188
late,qiu2024,devmap,E9.25,E9.5-R1,12,276424,383453,E9.25,9.5,22.28904914855957
late,qiu2024,devmap,E9.25,E9.5-R1,13,276424,383453,E9.25,9.5,22.60123062133789
late,qiu2024,devmap,E9.25,E9.5-R1,14,276424,383453,E9.25,9.5,22.789226531982422
late,qiu2024,devmap,E9.25,E9.5-R1,15,276424,383453,E9.25,9.5,22.21590805053711
late,qiu2024,devmap,E9.25,E9.5-R1,16,276424,383453,E9.25,9.5,21.864700317382812
late,qiu2024,devmap,E9.25,E9.5-R1,17,276424,383453,E9.25,9.5,22.15396499633789
late,qiu2024,devmap,E9.25,E9.5-R1,18,276424,383453,E9.25,9.5,21.75848960876465
late,qiu2024,devmap,E9.25,E9.5-R1,19,276424,383453,E9.25,9.5,21.45218276977539
late,qiu2024,devmap,E9.25,E9.5-R1,20,276424,383453,E9.25,9.5,21.962295532226562
late,qiu2024,devmap,E9.25,E9.5-R1,21,276424,383453,E9.25,9.5,21.958967208862305
late,qiu2024,devmap,E9.25,E9.5-R1,22,276424,383453,E9.25,9.5,22.200986862182617
late,qiu2024,devmap,E9.25,E9.5-R1,23,276424,383453,E9.25,9.5,21.735763549804688
late,qiu2024,devmap,E9.25,E9.5-R1,24,276424,383453,E9.25,9.5,21.918670654296875
late,qiu2024,devmap,E9.25,E9.5-R1,25,276424,383453,E9.25,9.5,21.855297088623047
late,qiu2024,devmap,E9.25,E9.5-R1,26,276424,383453,E9.25,9.5,21.749309539794922
late,qiu2024,devmap,E9.25,E9.5-R1,27,276424,383453,E9.25,9.5,22.418243408203125
late,qiu2024,devmap,E9.25,E9.5-R1,28,276424,383453,E9.25,9.5,22.09394073486328
late,qiu2024,devmap,E9.25,E9.5-R1,29,276424,383453,E9.25,9.5,22.470590591430664
late,qiu2024,devmap,E9.25,E9.5-R1,30,276424,383453,E9.25,9.5,22.110118865966797
late,qiu2024,devmap,E9.25,E9.5-R1,31,276424,383453,E9.25,9.5,21.693347930908203
late,qiu2024,devmap,E9.25,E9.5-R1,32,276424,383453,E9.25,9.5,23.041255950927734
late,qiu2024,devmap,E9.25,E9.5-R1,33,276424,383453,E9.25,9.5,22.154056549072266
late,qiu2024,devmap,E9.25,E9.5-R1,34,276424,383453,E9.25,9.5,21.442901611328125
late,qiu2024,devmap,E9.25,E9.5-R1,35,276424,383453,E9.25,9.5,21.769378662109375
late,qiu2024,devmap,E9.25,E9.5-R1,36,276424,383453,E9.25,9.5,22.06820297241211
late,qiu2024,devmap,E9.25,E9.5-R1,37,276424,383453,E9.25,9.5,22.313610076904297
late,qiu2024,devmap,E9.25,E9.5-R1,38,276424,383453,E9.25,9.5,21.634647369384766
late,qiu2024,devmap,E9.25,E9.5-R1,39,276424,383453,E9.25,9.5,21.77846908569336
late,qiu2024,devmap,E9.25,E9.5-R1,40,276424,383453,E9.25,9.5,22.110828399658203
late,qiu2024,devmap,E9.25,E9.5-R1,41,276424,383453,E9.25,9.5,21.74007797241211
late,qiu2024,devmap,E9.25,E9.5-R1,42,276424,383453,E9.25,9.5,22.290843963623047
late,qiu2024,devmap,E9.25,E9.5-R1,43,276424,383453,E9.25,9.5,21.98047637939453
late,qiu2024,devmap,E9.25,E9.5-R1,44,276424,383453,E9.25,9.5,22.403301239013672
late,qiu2024,devmap,E9.25,E9.5-R1,45,276424,383453,E9.25,9.5,21.930686950683594
late,qiu2024,devmap,E9.25,E9.5-R1,46,276424,383453,E9.25,9.5,21.68549156188965
late,qiu2024,devmap,E9.25,E9.5-R1,47,276424,383453,E9.25,9.5,22.484193801879883
late,qiu2024,devmap,E9.25,E9.5-R1,48,276424,383453,E9.25,9.5,21.953540802001953
late,qiu2024,devmap,E9.25,E9.5-R1,49,276424,383453,E9.25,9.5,22.418399810791016
late,qiu2024,devmap,E9.25,E9.5-R2,0,276424,350716,E9.25,9.5,23.373497009277344
late,qiu2024,devmap,E9.25,E9.5-R2,1,276424,350716,E9.25,9.5,23.659154891967773
late,qiu2024,devmap,E9.25,E9.5-R2,2,276424,350716,E9.25,9.5,22.997039794921875
late,qiu2024,devmap,E9.25,E9.5-R2,3,276424,350716,E9.25,9.5,23.058856964111328
late,qiu2024,devmap,E9.25,E9.5-R2,4,276424,350716,E9.25,9.5,23.225242614746094
late,qiu2024,devmap,E9.25,E9.5-R2,5,276424,350716,E9.25,9.5,23.023975372314453
late,qiu2024,devmap,E9.25,E9.5-R2,6,276424,350716,E9.25,9.5,23.35191535949707
late,qiu2024,devmap,E9.25,E9.5-R2,7,276424,350716,E9.25,9.5,22.777881622314453
late,qiu2024,devmap,E9.25,E9.5-R2,8,276424,350716,E9.25,9.5,22.601478576660156
late,qiu2024,devmap,E9.25,E9.5-R2,9,276424,350716,E9.25,9.5,23.529850006103516
late,qiu2024,devmap,E9.25,E9.5-R2,10,276424,350716,E9.25,9.5,23.128311157226562
late,qiu2024,devmap,E9.25,E9.5-R2,11,276424,350716,E9.25,9.5,22.31769561767578
late,qiu2024,devmap,E9.25,E9.5-R2,12,276424,350716,E9.25,9.5,23.749954223632812
late,qiu2024,devmap,E9.25,E9.5-R2,13,276424,350716,E9.25,9.5,23.130474090576172
late,qiu2024,devmap,E9.25,E9.5-R2,14,276424,350716,E9.25,9.5,23.1107120513916
late,qiu2024,devmap,E9.25,E9.5-R2,15,276424,350716,E9.25,9.5,22.787155151367188
late,qiu2024,devmap,E9.25,E9.5-R2,16,276424,350716,E9.25,9.5,23.163366317749023
late,qiu2024,devmap,E9.25,E9.5-R2,17,276424,350716,E9.25,9.5,23.179935455322266
late,qiu2024,devmap,E9.25,E9.5-R2,18,276424,350716,E9.25,9.5,23.368484497070312
late,qiu2024,devmap,E9.25,E9.5-R2,19,276424,350716,E9.25,9.5,22.699052810668945
late,qiu2024,devmap,E9.25,E9.5-R2,20,276424,350716,E9.25,9.5,22.72917938232422
late,qiu2024,devmap,E9.25,E9.5-R2,21,276424,350716,E9.25,9.5,22.903165817260742
late,qiu2024,devmap,E9.25,E9.5-R2,22,276424,350716,E9.25,9.5,22.963180541992188
late,qiu2024,devmap,E9.25,E9.5-R2,23,276424,350716,E9.25,9.5,23.098527908325195
late,qiu2024,devmap,E9.25,E9.5-R2,24,276424,350716,E9.25,9.5,23.14251708984375
late,qiu2024,devmap,E9.25,E9.5-R2,25,276424,350716,E9.25,9.5,23.052635192871094
late,qiu2024,devmap,E9.25,E9.5-R2,26,276424,350716,E9.25,9.5,22.94904136657715
late,qiu2024,devmap,E9.25,E9.5-R2,27,276424,350716,E9.25,9.5,22.792543411254883
late,qiu2024,devmap,E9.25,E9.5-R2,28,276424,350716,E9.25,9.5,22.397525787353516
late,qiu2024,devmap,E9.25,E9.5-R2,29,276424,350716,E9.25,9.5,23.969120025634766
late,qiu2024,devmap,E9.25,E9.5-R2,30,276424,350716,E9.25,9.5,23.083553314208984
late,qiu2024,devmap,E9.25,E9.5-R2,31,276424,350716,E9.25,9.5,23.135393142700195
late,qiu2024,devmap,E9.25,E9.5-R2,32,276424,350716,E9.25,9.5,23.219154357910156
late,qiu2024,devmap,E9.25,E9.5-R2,33,276424,350716,E9.25,9.5,22.83285903930664
late,qiu2024,devmap,E9.25,E9.5-R2,34,276424,350716,E9.25,9.5,23.209518432617188
late,qiu2024,devmap,E9.25,E9.5-R2,35,276424,350716,E9.25,9.5,23.301162719726562
late,qiu2024,devmap,E9.25,E9.5-R2,36,276424,350716,E9.25,9.5,22.823741912841797
late,qiu2024,devmap,E9.25,E9.5-R2,37,276424,350716,E9.25,9.5,22.462249755859375
late,qiu2024,devmap,E9.25,E9.5-R2,38,276424,350716,E9.25,9.5,23.02349090576172
late,qiu2024,devmap,E9.25,E9.5-R2,39,276424,350716,E9.25,9.5,23.12954330444336
late,qiu2024,devmap,E9.25,E9.5-R2,40,276424,350716,E9.25,9.5,23.5146427154541
late,qiu2024,devmap,E9.25,E9.5-R2,41,276424,350716,E9.25,9.5,22.12468719482422
late,qiu2024,devmap,E9.25,E9.5-R2,42,276424,350716,E9.25,9.5,22.895381927490234
late,qiu2024,devmap,E9.25,E9.5-R2,43,276424,350716,E9.25,9.5,23.34946060180664
late,qiu2024,devmap,E9.25,E9.5-R2,44,276424,350716,E9.25,9.5,23.038145065307617
late,qiu2024,devmap,E9.25,E9.5-R2,45,276424,350716,E9.25,9.5,23.191471099853516
late,qiu2024,devmap,E9.25,E9.5-R2,46,276424,350716,E9.25,9.5,22.681787490844727
late,qiu2024,devmap,E9.25,E9.5-R2,47,276424,350716,E9.25,9.5,22.813373565673828
late,qiu2024,devmap,E9.25,E9.5-R2,48,276424,350716,E9.25,9.5,23.299476623535156
late,qiu2024,devmap,E9.25,E9.5-R2,49,276424,350716,E9.25,9.5,22.716405868530273
late,qiu2024,devmap,E9.25,E9.5-R3,0,276424,342873,E9.25,9.5,21.67757797241211
late,qiu2024,devmap,E9.25,E9.5-R3,1,276424,342873,E9.25,9.5,21.42335319519043
late,qiu2024,devmap,E9.25,E9.5-R3,2,276424,342873,E9.25,9.5,22.09530258178711
late,qiu2024,devmap,E9.25,E9.5-R3,3,276424,342873,E9.25,9.5,21.785850524902344
late,qiu2024,devmap,E9.25,E9.5-R3,4,276424,342873,E9.25,9.5,21.76889419555664
late,qiu2024,devmap,E9.25,E9.5-R3,5,276424,342873,E9.25,9.5,21.644264221191406
late,qiu2024,devmap,E9.25,E9.5-R3,6,276424,342873,E9.25,9.5,22.00823211669922
late,qiu2024,devmap,E9.25,E9.5-R3,7,276424,342873,E9.25,9.5,21.41147232055664
late,qiu2024,devmap,E9.25,E9.5-R3,8,276424,342873,E9.25,9.5,21.87834930419922
late,qiu2024,devmap,E9.25,E9.5-R3,9,276424,342873,E9.25,9.5,22.027864456176758
late,qiu2024,devmap,E9.25,E9.5-R3,10,276424,342873,E9.25,9.5,21.438081741333008
late,qiu2024,devmap,E9.25,E9.5-R3,11,276424,342873,E9.25,9.5,21.539749145507812
late,qiu2024,devmap,E9.25,E9.5-R3,12,276424,342873,E9.25,9.5,22.13983154296875
late,qiu2024,devmap,E9.25,E9.5-R3,13,276424,342873,E9.25,9.5,22.260387420654297
late,qiu2024,devmap,E9.25,E9.5-R3,14,276424,342873,E9.25,9.5,21.756813049316406
late,qiu2024,devmap,E9.25,E9.5-R3,15,276424,342873,E9.25,9.5,21.90734100341797
late,qiu2024,devmap,E9.25,E9.5-R3,16,276424,342873,E9.25,9.5,21.986717224121094
late,qiu2024,devmap,E9.25,E9.5-R3,17,276424,342873,E9.25,9.5,22.522075653076172
late,qiu2024,devmap,E9.25,E9.5-R3,18,276424,342873,E9.25,9.5,22.324466705322266
late,qiu2024,devmap,E9.25,E9.5-R3,19,276424,342873,E9.25,9.5,21.61370849609375
late,qiu2024,devmap,E9.25,E9.5-R3,20,276424,342873,E9.25,9.5,21.837928771972656
late,qiu2024,devmap,E9.25,E9.5-R3,21,276424,342873,E9.25,9.5,21.773231506347656
late,qiu2024,devmap,E9.25,E9.5-R3,22,276424,342873,E9.25,9.5,22.337509155273438
late,qiu2024,devmap,E9.25,E9.5-R3,23,276424,342873,E9.25,9.5,21.8609619140625
late,qiu2024,devmap,E9.25,E9.5-R3,24,276424,342873,E9.25,9.5,22.332141876220703
late,qiu2024,devmap,E9.25,E9.5-R3,25,276424,342873,E9.25,9.5,21.758113861083984
late,qiu2024,devmap,E9.25,E9.5-R3,26,276424,342873,E9.25,9.5,22.243133544921875
late,qiu2024,devmap,E9.25,E9.5-R3,27,276424,342873,E9.25,9.5,22.306575775146484
late,qiu2024,devmap,E9.25,E9.5-R3,28,276424,342873,E9.25,9.5,21.02361297607422
late,qiu2024,devmap,E9.25,E9.5-R3,29,276424,342873,E9.25,9.5,21.05523681640625
late,qiu2024,devmap,E9.25,E9.5-R3,30,276424,342873,E9.25,9.5,21.777782440185547
late,qiu2024,devmap,E9.25,E9.5-R3,31,276424,342873,E9.25,9.5,21.852916717529297
late,qiu2024,devmap,E9.25,E9.5-R3,32,276424,342873,E9.25,9.5,22.093992233276367
late,qiu2024,devmap,E9.25,E9.5-R3,33,276424,342873,E9.25,9.5,22.017492294311523
late,qiu2024,devmap,E9.25,E9.5-R3,34,276424,342873,E9.25,9.5,21.663501739501953
late,qiu2024,devmap,E9.25,E9.5-R3,35,276424,342873,E9.25,9.5,21.810199737548828
late,qiu2024,devmap,E9.25,E9.5-R3,36,276424,342873,E9.25,9.5,22.026268005371094
late,qiu2024,devmap,E9.25,E9.5-R3,37,276424,342873,E9.25,9.5,21.63837432861328
late,qiu2024,devmap,E9.25,E9.5-R3,38,276424,342873,E9.25,9.5,21.957599639892578
late,qiu2024,devmap,E9.25,E9.5-R3,39,276424,342873,E9.25,9.5,22.257732391357422
late,qiu2024,devmap,E9.25,E9.5-R3,40,276424,342873,E9.25,9.5,22.308347702026367
late,qiu2024,devmap,E9.25,E9.5-R3,41,276424,342873,E9.25,9.5,22.316431045532227
late,qiu2024,devmap,E9.25,E9.5-R3,42,276424,342873,E9.25,9.5,22.095317840576172
late,qiu2024,devmap,E9.25,E9.5-R3,43,276424,342873,E9.25,9.5,21.072946548461914
late,qiu2024,devmap,E9.25,E9.5-R3,44,276424,342873,E9.25,9.5,21.466711044311523
late,qiu2024,devmap,E9.25,E9.5-R3,45,276424,342873,E9.25,9.5,21.86836051940918
late,qiu2024,devmap,E9.25,E9.5-R3,46,276424,342873,E9.25,9.5,21.9521484375
late,qiu2024,devmap,E9.25,E9.5-R3,47,276424,342873,E9.25,9.5,21.403562545776367
late,qiu2024,devmap,E9.25,E9.5-R3,48,276424,342873,E9.25,9.5,21.620037078857422
late,qiu2024,devmap,E9.25,E9.5-R3,49,276424,342873,E9.25,9.5,21.6037540435791
late,qiu2024,devmap,E9.25,E10.0-R1,0,276424,347550,E9.25,10.0,25.291091918945312
late,qiu2024,devmap,E9.25,E10.0-R1,1,276424,347550,E9.25,10.0,25.548118591308594
late,qiu2024,devmap,E9.25,E10.0-R1,2,276424,347550,E9.25,10.0,24.76094627380371
late,qiu2024,devmap,E9.25,E10.0-R1,3,276424,347550,E9.25,10.0,24.570823669433594
late,qiu2024,devmap,E9.25,E10.0-R1,4,276424,347550,E9.25,10.0,24.672565460205078
late,qiu2024,devmap,E9.25,E10.0-R1,5,276424,347550,E9.25,10.0,24.412107467651367
late,qiu2024,devmap,E9.25,E10.0-R1,6,276424,347550,E9.25,10.0,24.577465057373047
late,qiu2024,devmap,E9.25,E10.0-R1,7,276424,347550,E9.25,10.0,24.416284561157227
late,qiu2024,devmap,E9.25,E10.0-R1,8,276424,347550,E9.25,10.0,24.129207611083984
late,qiu2024,devmap,E9.25,E10.0-R1,9,276424,347550,E9.25,10.0,25.192895889282227
late,qiu2024,devmap,E9.25,E10.0-R1,10,276424,347550,E9.25,10.0,25.289798736572266
late,qiu2024,devmap,E9.25,E10.0-R1,11,276424,347550,E9.25,10.0,24.458755493164062
late,qiu2024,devmap,E9.25,E10.0-R1,12,276424,347550,E9.25,10.0,24.381540298461914
late,qiu2024,devmap,E9.25,E10.0-R1,13,276424,347550,E9.25,10.0,24.623275756835938
late,qiu2024,devmap,E9.25,E10.0-R1,14,276424,347550,E9.25,10.0,24.11253547668457
late,qiu2024,devmap,E9.25,E10.0-R1,15,276424,347550,E9.25,10.0,24.320831298828125
late,qiu2024,devmap,E9.25,E10.0-R1,16,276424,347550,E9.25,10.0,24.694934844970703
late,qiu2024,devmap,E9.25,E10.0-R1,17,276424,347550,E9.25,10.0,24.44989013671875
late,qiu2024,devmap,E9.25,E10.0-R1,18,276424,347550,E9.25,10.0,25.441085815429688
late,qiu2024,devmap,E9.25,E10.0-R1,19,276424,347550,E9.25,10.0,24.36341094970703
late,qiu2024,devmap,E9.25,E10.0-R1,20,276424,347550,E9.25,10.0,24.646451950073242
late,qiu2024,devmap,E9.25,E10.0-R1,21,276424,347550,E9.25,10.0,24.650753021240234
late,qiu2024,devmap,E9.25,E10.0-R1,22,276424,347550,E9.25,10.0,24.43839454650879
late,qiu2024,devmap,E9.25,E10.0-R1,23,276424,347550,E9.25,10.0,24.626911163330078
late,qiu2024,devmap,E9.25,E10.0-R1,24,276424,347550,E9.25,10.0,24.58780288696289
late,qiu2024,devmap,E9.25,E10.0-R1,25,276424,347550,E9.25,10.0,24.69275665283203
late,qiu2024,devmap,E9.25,E10.0-R1,26,276424,347550,E9.25,10.0,24.66594886779785
late,qiu2024,devmap,E9.25,E10.0-R1,27,276424,347550,E9.25,10.0,24.5882625579834
late,qiu2024,devmap,E9.25,E10.0-R1,28,276424,347550,E9.25,10.0,25.03995704650879
late,qiu2024,devmap,E9.25,E10.0-R1,29,276424,347550,E9.25,10.0,24.915664672851562
late,qiu2024,devmap,E9.25,E10.0-R1,30,276424,347550,E9.25,10.0,24.272518157958984
late,qiu2024,devmap,E9.25,E10.0-R1,31,276424,347550,E9.25,10.0,25.180408477783203
late,qiu2024,devmap,E9.25,E10.0-R1,32,276424,347550,E9.25,10.0,24.599899291992188
late,qiu2024,devmap,E9.25,E10.0-R1,33,276424,347550,E9.25,10.0,25.494956970214844
late,qiu2024,devmap,E9.25,E10.0-R1,34,276424,347550,E9.25,10.0,25.29876708984375
late,qiu2024,devmap,E9.25,E10.0-R1,35,276424,347550,E9.25,10.0,25.18258285522461
late,qiu2024,devmap,E9.25,E10.0-R1,36,276424,347550,E9.25,10.0,24.419361114501953
late,qiu2024,devmap,E9.25,E10.0-R1,37,276424,347550,E9.25,10.0,24.411163330078125
late,qiu2024,devmap,E9.25,E10.0-R1,38,276424,347550,E9.25,10.0,24.99441909790039
late,qiu2024,devmap,E9.25,E10.0-R1,39,276424,347550,E9.25,10.0,24.51189613342285
late,qiu2024,devmap,E9.25,E10.0-R1,40,276424,347550,E9.25,10.0,24.307769775390625
late,qiu2024,devmap,E9.25,E10.0-R1,41,276424,347550,E9.25,10.0,24.373716354370117
late,qiu2024,devmap,E9.25,E10.0-R1,42,276424,347550,E9.25,10.0,24.64600372314453
late,qiu2024,devmap,E9.25,E10.0-R1,43,276424,347550,E9.25,10.0,25.059249877929688
late,qiu2024,devmap,E9.25,E10.0-R1,44,276424,347550,E9.25,10.0,25.04766845703125
late,qiu2024,devmap,E9.25,E10.0-R1,45,276424,347550,E9.25,10.0,24.634998321533203
late,qiu2024,devmap,E9.25,E10.0-R1,46,276424,347550,E9.25,10.0,24.743717193603516
late,qiu2024,devmap,E9.25,E10.0-R1,47,276424,347550,E9.25,10.0,25.164031982421875
late,qiu2024,devmap,E9.25,E10.0-R1,48,276424,347550,E9.25,10.0,24.835317611694336
late,qiu2024,devmap,E9.25,E10.0-R1,49,276424,347550,E9.25,10.0,23.869157791137695
late,qiu2024,devmap,E9.5,E8.5-R1,0,336999,23435,E9.5,8.5,33.95069122314453
late,qiu2024,devmap,E9.5,E8.5-R1,1,336999,23435,E9.5,8.5,34.48279571533203
late,qiu2024,devmap,E9.5,E8.5-R1,2,336999,23435,E9.5,8.5,33.769527435302734
late,qiu2024,devmap,E9.5,E8.5-R1,3,336999,23435,E9.5,8.5,34.46126174926758
late,qiu2024,devmap,E9.5,E8.5-R1,4,336999,23435,E9.5,8.5,34.084625244140625
late,qiu2024,devmap,E9.5,E8.5-R1,5,336999,23435,E9.5,8.5,33.504058837890625
late,qiu2024,devmap,E9.5,E8.5-R1,6,336999,23435,E9.5,8.5,33.428001403808594
late,qiu2024,devmap,E9.5,E8.5-R1,7,336999,23435,E9.5,8.5,33.019962310791016
late,qiu2024,devmap,E9.5,E8.5-R1,8,336999,23435,E9.5,8.5,34.792701721191406
late,qiu2024,devmap,E9.5,E8.5-R1,9,336999,23435,E9.5,8.5,34.36463165283203
late,qiu2024,devmap,E9.5,E8.5-R1,10,336999,23435,E9.5,8.5,34.456668853759766
late,qiu2024,devmap,E9.5,E8.5-R1,11,336999,23435,E9.5,8.5,34.76251220703125
late,qiu2024,devmap,E9.5,E8.5-R1,12,336999,23435,E9.5,8.5,33.6336784362793
late,qiu2024,devmap,E9.5,E8.5-R1,13,336999,23435,E9.5,8.5,34.58631896972656
late,qiu2024,devmap,E9.5,E8.5-R1,14,336999,23435,E9.5,8.5,34.25263214111328
late,qiu2024,devmap,E9.5,E8.5-R1,15,336999,23435,E9.5,8.5,34.810569763183594
late,qiu2024,devmap,E9.5,E8.5-R1,16,336999,23435,E9.5,8.5,34.2561149597168
late,qiu2024,devmap,E9.5,E8.5-R1,17,336999,23435,E9.5,8.5,34.54187774658203
late,qiu2024,devmap,E9.5,E8.5-R1,18,336999,23435,E9.5,8.5,34.722328186035156
late,qiu2024,devmap,E9.5,E8.5-R1,19,336999,23435,E9.5,8.5,33.724098205566406
late,qiu2024,devmap,E9.5,E8.5-R1,20,336999,23435,E9.5,8.5,35.016204833984375
late,qiu2024,devmap,E9.5,E8.5-R1,21,336999,23435,E9.5,8.5,35.13496398925781
late,qiu2024,devmap,E9.5,E8.5-R1,22,336999,23435,E9.5,8.5,34.19386672973633
late,qiu2024,devmap,E9.5,E8.5-R1,23,336999,23435,E9.5,8.5,35.31743621826172
late,qiu2024,devmap,E9.5,E8.5-R1,24,336999,23435,E9.5,8.5,34.79646301269531
late,qiu2024,devmap,E9.5,E8.5-R1,25,336999,23435,E9.5,8.5,34.47773742675781
late,qiu2024,devmap,E9.5,E8.5-R1,26,336999,23435,E9.5,8.5,34.05363082885742
late,qiu2024,devmap,E9.5,E8.5-R1,27,336999,23435,E9.5,8.5,33.42588806152344
late,qiu2024,devmap,E9.5,E8.5-R1,28,336999,23435,E9.5,8.5,35.71733093261719
late,qiu2024,devmap,E9.5,E8.5-R1,29,336999,23435,E9.5,8.5,34.97395706176758
late,qiu2024,devmap,E9.5,E8.5-R1,30,336999,23435,E9.5,8.5,34.35247039794922
late,qiu2024,devmap,E9.5,E8.5-R1,31,336999,23435,E9.5,8.5,33.260169982910156
late,qiu2024,devmap,E9.5,E8.5-R1,32,336999,23435,E9.5,8.5,33.688053131103516
late,qiu2024,devmap,E9.5,E8.5-R1,33,336999,23435,E9.5,8.5,35.713043212890625
late,qiu2024,devmap,E9.5,E8.5-R1,34,336999,23435,E9.5,8.5,34.29229736328125
late,qiu2024,devmap,E9.5,E8.5-R1,35,336999,23435,E9.5,8.5,34.34126281738281
late,qiu2024,devmap,E9.5,E8.5-R1,36,336999,23435,E9.5,8.5,33.504554748535156
late,qiu2024,devmap,E9.5,E8.5-R1,37,336999,23435,E9.5,8.5,34.220436096191406
late,qiu2024,devmap,E9.5,E8.5-R1,38,336999,23435,E9.5,8.5,33.612022399902344
late,qiu2024,devmap,E9.5,E8.5-R1,39,336999,23435,E9.5,8.5,34.334835052490234
late,qiu2024,devmap,E9.5,E8.5-R1,40,336999,23435,E9.5,8.5,33.8999137878418
late,qiu2024,devmap,E9.5,E8.5-R1,41,336999,23435,E9.5,8.5,33.62270736694336
late,qiu2024,devmap,E9.5,E8.5-R1,42,336999,23435,E9.5,8.5,33.664512634277344
late,qiu2024,devmap,E9.5,E8.5-R1,43,336999,23435,E9.5,8.5,34.62914276123047
late,qiu2024,devmap,E9.5,E8.5-R1,44,336999,23435,E9.5,8.5,34.187583923339844
late,qiu2024,devmap,E9.5,E8.5-R1,45,336999,23435,E9.5,8.5,34.23492431640625
late,qiu2024,devmap,E9.5,E8.5-R1,46,336999,23435,E9.5,8.5,35.39735412597656
late,qiu2024,devmap,E9.5,E8.5-R1,47,336999,23435,E9.5,8.5,35.155826568603516
late,qiu2024,devmap,E9.5,E8.5-R1,48,336999,23435,E9.5,8.5,34.56810760498047
late,qiu2024,devmap,E9.5,E8.5-R1,49,336999,23435,E9.5,8.5,34.56572341918945
late,qiu2024,devmap,E9.5,E8.5-R2,0,336999,38216,E9.5,8.5,32.46186447143555
late,qiu2024,devmap,E9.5,E8.5-R2,1,336999,38216,E9.5,8.5,32.947601318359375
late,qiu2024,devmap,E9.5,E8.5-R2,2,336999,38216,E9.5,8.5,33.22634506225586
late,qiu2024,devmap,E9.5,E8.5-R2,3,336999,38216,E9.5,8.5,32.445762634277344
late,qiu2024,devmap,E9.5,E8.5-R2,4,336999,38216,E9.5,8.5,32.53721618652344
late,qiu2024,devmap,E9.5,E8.5-R2,5,336999,38216,E9.5,8.5,32.76129150390625
late,qiu2024,devmap,E9.5,E8.5-R2,6,336999,38216,E9.5,8.5,32.68567657470703
late,qiu2024,devmap,E9.5,E8.5-R2,7,336999,38216,E9.5,8.5,32.77488708496094
late,qiu2024,devmap,E9.5,E8.5-R2,8,336999,38216,E9.5,8.5,32.39112854003906
late,qiu2024,devmap,E9.5,E8.5-R2,9,336999,38216,E9.5,8.5,33.457069396972656
late,qiu2024,devmap,E9.5,E8.5-R2,10,336999,38216,E9.5,8.5,32.33592224121094
late,qiu2024,devmap,E9.5,E8.5-R2,11,336999,38216,E9.5,8.5,31.898900985717773
late,qiu2024,devmap,E9.5,E8.5-R2,12,336999,38216,E9.5,8.5,33.241241455078125
late,qiu2024,devmap,E9.5,E8.5-R2,13,336999,38216,E9.5,8.5,32.19599151611328
late,qiu2024,devmap,E9.5,E8.5-R2,14,336999,38216,E9.5,8.5,34.43943405151367
late,qiu2024,devmap,E9.5,E8.5-R2,15,336999,38216,E9.5,8.5,32.447513580322266
late,qiu2024,devmap,E9.5,E8.5-R2,16,336999,38216,E9.5,8.5,32.82416534423828
late,qiu2024,devmap,E9.5,E8.5-R2,17,336999,38216,E9.5,8.5,32.70252227783203
late,qiu2024,devmap,E9.5,E8.5-R2,18,336999,38216,E9.5,8.5,32.90586853027344
late,qiu2024,devmap,E9.5,E8.5-R2,19,336999,38216,E9.5,8.5,33.38042449951172
late,qiu2024,devmap,E9.5,E8.5-R2,20,336999,38216,E9.5,8.5,32.576045989990234
late,qiu2024,devmap,E9.5,E8.5-R2,21,336999,38216,E9.5,8.5,32.78153991699219
late,qiu2024,devmap,E9.5,E8.5-R2,22,336999,38216,E9.5,8.5,33.11937713623047
late,qiu2024,devmap,E9.5,E8.5-R2,23,336999,38216,E9.5,8.5,32.52593994140625
late,qiu2024,devmap,E9.5,E8.5-R2,24,336999,38216,E9.5,8.5,33.48994064331055
late,qiu2024,devmap,E9.5,E8.5-R2,25,336999,38216,E9.5,8.5,33.23103332519531
late,qiu2024,devmap,E9.5,E8.5-R2,26,336999,38216,E9.5,8.5,32.20896911621094
late,qiu2024,devmap,E9.5,E8.5-R2,27,336999,38216,E9.5,8.5,32.45381164550781
late,qiu2024,devmap,E9.5,E8.5-R2,28,336999,38216,E9.5,8.5,32.26017761230469
late,qiu2024,devmap,E9.5,E8.5-R2,29,336999,38216,E9.5,8.5,33.096988677978516
late,qiu2024,devmap,E9.5,E8.5-R2,30,336999,38216,E9.5,8.5,32.380882263183594
late,qiu2024,devmap,E9.5,E8.5-R2,31,336999,38216,E9.5,8.5,33.4461669921875
late,qiu2024,devmap,E9.5,E8.5-R2,32,336999,38216,E9.5,8.5,32.31689453125
late,qiu2024,devmap,E9.5,E8.5-R2,33,336999,38216,E9.5,8.5,32.02288055419922
late,qiu2024,devmap,E9.5,E8.5-R2,34,336999,38216,E9.5,8.5,32.448123931884766
late,qiu2024,devmap,E9.5,E8.5-R2,35,336999,38216,E9.5,8.5,32.98285675048828
late,qiu2024,devmap,E9.5,E8.5-R2,36,336999,38216,E9.5,8.5,32.753387451171875
late,qiu2024,devmap,E9.5,E8.5-R2,37,336999,38216,E9.5,8.5,32.41246795654297
late,qiu2024,devmap,E9.5,E8.5-R2,38,336999,38216,E9.5,8.5,32.9364013671875
late,qiu2024,devmap,E9.5,E8.5-R2,39,336999,38216,E9.5,8.5,32.591148376464844
late,qiu2024,devmap,E9.5,E8.5-R2,40,336999,38216,E9.5,8.5,33.90357971191406
late,qiu2024,devmap,E9.5,E8.5-R2,41,336999,38216,E9.5,8.5,32.50429916381836
late,qiu2024,devmap,E9.5,E8.5-R2,42,336999,38216,E9.5,8.5,31.88467025756836
late,qiu2024,devmap,E9.5,E8.5-R2,43,336999,38216,E9.5,8.5,31.749839782714844
late,qiu2024,devmap,E9.5,E8.5-R2,44,336999,38216,E9.5,8.5,33.065162658691406
late,qiu2024,devmap,E9.5,E8.5-R2,45,336999,38216,E9.5,8.5,31.65997314453125
late,qiu2024,devmap,E9.5,E8.5-R2,46,336999,38216,E9.5,8.5,31.70876693725586
late,qiu2024,devmap,E9.5,E8.5-R2,47,336999,38216,E9.5,8.5,32.236167907714844
late,qiu2024,devmap,E9.5,E8.5-R2,48,336999,38216,E9.5,8.5,32.20672607421875
late,qiu2024,devmap,E9.5,E8.5-R2,49,336999,38216,E9.5,8.5,31.987321853637695
late,qiu2024,devmap,E9.5,E8.5-R3,0,336999,27743,E9.5,8.5,32.780914306640625
late,qiu2024,devmap,E9.5,E8.5-R3,1,336999,27743,E9.5,8.5,33.742881774902344
late,qiu2024,devmap,E9.5,E8.5-R3,2,336999,27743,E9.5,8.5,33.03535842895508
late,qiu2024,devmap,E9.5,E8.5-R3,3,336999,27743,E9.5,8.5,33.41082763671875
late,qiu2024,devmap,E9.5,E8.5-R3,4,336999,27743,E9.5,8.5,33.23768997192383
late,qiu2024,devmap,E9.5,E8.5-R3,5,336999,27743,E9.5,8.5,32.44032287597656
late,qiu2024,devmap,E9.5,E8.5-R3,6,336999,27743,E9.5,8.5,32.07787322998047
late,qiu2024,devmap,E9.5,E8.5-R3,7,336999,27743,E9.5,8.5,33.40187072753906
late,qiu2024,devmap,E9.5,E8.5-R3,8,336999,27743,E9.5,8.5,33.65288543701172
late,qiu2024,devmap,E9.5,E8.5-R3,9,336999,27743,E9.5,8.5,33.53078842163086
late,qiu2024,devmap,E9.5,E8.5-R3,10,336999,27743,E9.5,8.5,32.86550521850586
late,qiu2024,devmap,E9.5,E8.5-R3,11,336999,27743,E9.5,8.5,32.98402404785156
late,qiu2024,devmap,E9.5,E8.5-R3,12,336999,27743,E9.5,8.5,33.218589782714844
late,qiu2024,devmap,E9.5,E8.5-R3,13,336999,27743,E9.5,8.5,34.14057159423828
late,qiu2024,devmap,E9.5,E8.5-R3,14,336999,27743,E9.5,8.5,33.66559600830078
late,qiu2024,devmap,E9.5,E8.5-R3,15,336999,27743,E9.5,8.5,33.36650085449219
late,qiu2024,devmap,E9.5,E8.5-R3,16,336999,27743,E9.5,8.5,33.166465759277344
late,qiu2024,devmap,E9.5,E8.5-R3,17,336999,27743,E9.5,8.5,33.18729782104492
late,qiu2024,devmap,E9.5,E8.5-R3,18,336999,27743,E9.5,8.5,32.71110916137695
late,qiu2024,devmap,E9.5,E8.5-R3,19,336999,27743,E9.5,8.5,33.20135498046875
late,qiu2024,devmap,E9.5,E8.5-R3,20,336999,27743,E9.5,8.5,33.128536224365234
late,qiu2024,devmap,E9.5,E8.5-R3,21,336999,27743,E9.5,8.5,33.4335823059082
late,qiu2024,devmap,E9.5,E8.5-R3,22,336999,27743,E9.5,8.5,34.86003875732422
late,qiu2024,devmap,E9.5,E8.5-R3,23,336999,27743,E9.5,8.5,33.83985137939453
late,qiu2024,devmap,E9.5,E8.5-R3,24,336999,27743,E9.5,8.5,33.132598876953125
late,qiu2024,devmap,E9.5,E8.5-R3,25,336999,27743,E9.5,8.5,33.30168151855469
late,qiu2024,devmap,E9.5,E8.5-R3,26,336999,27743,E9.5,8.5,33.514076232910156
late,qiu2024,devmap,E9.5,E8.5-R3,27,336999,27743,E9.5,8.5,33.1546630859375
late,qiu2024,devmap,E9.5,E8.5-R3,28,336999,27743,E9.5,8.5,33.20407485961914
late,qiu2024,devmap,E9.5,E8.5-R3,29,336999,27743,E9.5,8.5,34.02928161621094
late,qiu2024,devmap,E9.5,E8.5-R3,30,336999,27743,E9.5,8.5,33.017398834228516
late,qiu2024,devmap,E9.5,E8.5-R3,31,336999,27743,E9.5,8.5,33.10374450683594
late,qiu2024,devmap,E9.5,E8.5-R3,32,336999,27743,E9.5,8.5,32.86750030517578
late,qiu2024,devmap,E9.5,E8.5-R3,33,336999,27743,E9.5,8.5,32.71611022949219
late,qiu2024,devmap,E9.5,E8.5-R3,34,336999,27743,E9.5,8.5,33.41084289550781
late,qiu2024,devmap,E9.5,E8.5-R3,35,336999,27743,E9.5,8.5,33.24073791503906
late,qiu2024,devmap,E9.5,E8.5-R3,36,336999,27743,E9.5,8.5,33.92848205566406
late,qiu2024,devmap,E9.5,E8.5-R3,37,336999,27743,E9.5,8.5,33.16111755371094
late,qiu2024,devmap,E9.5,E8.5-R3,38,336999,27743,E9.5,8.5,33.720069885253906
late,qiu2024,devmap,E9.5,E8.5-R3,39,336999,27743,E9.5,8.5,34.01482391357422
late,qiu2024,devmap,E9.5,E8.5-R3,40,336999,27743,E9.5,8.5,32.499759674072266
late,qiu2024,devmap,E9.5,E8.5-R3,41,336999,27743,E9.5,8.5,33.565101623535156
late,qiu2024,devmap,E9.5,E8.5-R3,42,336999,27743,E9.5,8.5,34.54145050048828
late,qiu2024,devmap,E9.5,E8.5-R3,43,336999,27743,E9.5,8.5,35.010528564453125
late,qiu2024,devmap,E9.5,E8.5-R3,44,336999,27743,E9.5,8.5,32.869598388671875
late,qiu2024,devmap,E9.5,E8.5-R3,45,336999,27743,E9.5,8.5,33.77691650390625
late,qiu2024,devmap,E9.5,E8.5-R3,46,336999,27743,E9.5,8.5,32.63356018066406
late,qiu2024,devmap,E9.5,E8.5-R3,47,336999,27743,E9.5,8.5,33.579742431640625
late,qiu2024,devmap,E9.5,E8.5-R3,48,336999,27743,E9.5,8.5,33.60813522338867
late,qiu2024,devmap,E9.5,E8.5-R3,49,336999,27743,E9.5,8.5,33.50641632080078
late,qiu2024,devmap,E9.5,E9.0-R1,0,336999,92063,E9.5,9.0,25.148502349853516
late,qiu2024,devmap,E9.5,E9.0-R1,1,336999,92063,E9.5,9.0,25.222429275512695
late,qiu2024,devmap,E9.5,E9.0-R1,2,336999,92063,E9.5,9.0,24.701698303222656
late,qiu2024,devmap,E9.5,E9.0-R1,3,336999,92063,E9.5,9.0,26.057941436767578
late,qiu2024,devmap,E9.5,E9.0-R1,4,336999,92063,E9.5,9.0,24.960800170898438
late,qiu2024,devmap,E9.5,E9.0-R1,5,336999,92063,E9.5,9.0,24.96752166748047
late,qiu2024,devmap,E9.5,E9.0-R1,6,336999,92063,E9.5,9.0,25.055099487304688
late,qiu2024,devmap,E9.5,E9.0-R1,7,336999,92063,E9.5,9.0,25.269824981689453
late,qiu2024,devmap,E9.5,E9.0-R1,8,336999,92063,E9.5,9.0,25.58468246459961
late,qiu2024,devmap,E9.5,E9.0-R1,9,336999,92063,E9.5,9.0,25.5059871673584
late,qiu2024,devmap,E9.5,E9.0-R1,10,336999,92063,E9.5,9.0,25.866233825683594
late,qiu2024,devmap,E9.5,E9.0-R1,11,336999,92063,E9.5,9.0,26.191368103027344
late,qiu2024,devmap,E9.5,E9.0-R1,12,336999,92063,E9.5,9.0,25.32872772216797
late,qiu2024,devmap,E9.5,E9.0-R1,13,336999,92063,E9.5,9.0,25.441814422607422
late,qiu2024,devmap,E9.5,E9.0-R1,14,336999,92063,E9.5,9.0,25.701080322265625
late,qiu2024,devmap,E9.5,E9.0-R1,15,336999,92063,E9.5,9.0,26.031661987304688
late,qiu2024,devmap,E9.5,E9.0-R1,16,336999,92063,E9.5,9.0,25.768455505371094
late,qiu2024,devmap,E9.5,E9.0-R1,17,336999,92063,E9.5,9.0,26.247364044189453
late,qiu2024,devmap,E9.5,E9.0-R1,18,336999,92063,E9.5,9.0,26.181529998779297
late,qiu2024,devmap,E9.5,E9.0-R1,19,336999,92063,E9.5,9.0,25.65912628173828
late,qiu2024,devmap,E9.5,E9.0-R1,20,336999,92063,E9.5,9.0,26.074840545654297
late,qiu2024,devmap,E9.5,E9.0-R1,21,336999,92063,E9.5,9.0,26.213109970092773
late,qiu2024,devmap,E9.5,E9.0-R1,22,336999,92063,E9.5,9.0,25.648595809936523
late,qiu2024,devmap,E9.5,E9.0-R1,23,336999,92063,E9.5,9.0,25.947118759155273
late,qiu2024,devmap,E9.5,E9.0-R1,24,336999,92063,E9.5,9.0,26.264312744140625
late,qiu2024,devmap,E9.5,E9.0-R1,25,336999,92063,E9.5,9.0,26.023277282714844
late,qiu2024,devmap,E9.5,E9.0-R1,26,336999,92063,E9.5,9.0,25.389690399169922
late,qiu2024,devmap,E9.5,E9.0-R1,27,336999,92063,E9.5,9.0,25.744169235229492
late,qiu2024,devmap,E9.5,E9.0-R1,28,336999,92063,E9.5,9.0,26.115907669067383
late,qiu2024,devmap,E9.5,E9.0-R1,29,336999,92063,E9.5,9.0,26.112926483154297
late,qiu2024,devmap,E9.5,E9.0-R1,30,336999,92063,E9.5,9.0,25.622426986694336
late,qiu2024,devmap,E9.5,E9.0-R1,31,336999,92063,E9.5,9.0,25.60727310180664
late,qiu2024,devmap,E9.5,E9.0-R1,32,336999,92063,E9.5,9.0,25.25637435913086
late,qiu2024,devmap,E9.5,E9.0-R1,33,336999,92063,E9.5,9.0,25.233142852783203
late,qiu2024,devmap,E9.5,E9.0-R1,34,336999,92063,E9.5,9.0,25.379962921142578
late,qiu2024,devmap,E9.5,E9.0-R1,35,336999,92063,E9.5,9.0,25.18187713623047
late,qiu2024,devmap,E9.5,E9.0-R1,36,336999,92063,E9.5,9.0,25.579479217529297
late,qiu2024,devmap,E9.5,E9.0-R1,37,336999,92063,E9.5,9.0,25.56726837158203
late,qiu2024,devmap,E9.5,E9.0-R1,38,336999,92063,E9.5,9.0,26.34012794494629
late,qiu2024,devmap,E9.5,E9.0-R1,39,336999,92063,E9.5,9.0,25.740955352783203
late,qiu2024,devmap,E9.5,E9.0-R1,40,336999,92063,E9.5,9.0,26.388530731201172
late,qiu2024,devmap,E9.5,E9.0-R1,41,336999,92063,E9.5,9.0,25.9397029876709
late,qiu2024,devmap,E9.5,E9.0-R1,42,336999,92063,E9.5,9.0,25.2462158203125
late,qiu2024,devmap,E9.5,E9.0-R1,43,336999,92063,E9.5,9.0,25.959335327148438
late,qiu2024,devmap,E9.5,E9.0-R1,44,336999,92063,E9.5,9.0,26.338932037353516
late,qiu2024,devmap,E9.5,E9.0-R1,45,336999,92063,E9.5,9.0,25.124164581298828
late,qiu2024,devmap,E9.5,E9.0-R1,46,336999,92063,E9.5,9.0,25.34506607055664
late,qiu2024,devmap,E9.5,E9.0-R1,47,336999,92063,E9.5,9.0,26.063282012939453
late,qiu2024,devmap,E9.5,E9.0-R1,48,336999,92063,E9.5,9.0,25.757431030273438
late,qiu2024,devmap,E9.5,E9.0-R1,49,336999,92063,E9.5,9.0,25.74054527282715
late,qiu2024,devmap,E9.5,E9.0-R2,0,336999,99878,E9.5,9.0,23.498306274414062
late,qiu2024,devmap,E9.5,E9.0-R2,1,336999,99878,E9.5,9.0,24.3062744140625
late,qiu2024,devmap,E9.5,E9.0-R2,2,336999,99878,E9.5,9.0,23.26227378845215
late,qiu2024,devmap,E9.5,E9.0-R2,3,336999,99878,E9.5,9.0,23.657474517822266
late,qiu2024,devmap,E9.5,E9.0-R2,4,336999,99878,E9.5,9.0,23.41193199157715
late,qiu2024,devmap,E9.5,E9.0-R2,5,336999,99878,E9.5,9.0,23.68411636352539
late,qiu2024,devmap,E9.5,E9.0-R2,6,336999,99878,E9.5,9.0,24.073699951171875
late,qiu2024,devmap,E9.5,E9.0-R2,7,336999,99878,E9.5,9.0,23.209003448486328
late,qiu2024,devmap,E9.5,E9.0-R2,8,336999,99878,E9.5,9.0,23.19389533996582
late,qiu2024,devmap,E9.5,E9.0-R2,9,336999,99878,E9.5,9.0,23.610759735107422
late,qiu2024,devmap,E9.5,E9.0-R2,10,336999,99878,E9.5,9.0,24.5461368560791
late,qiu2024,devmap,E9.5,E9.0-R2,11,336999,99878,E9.5,9.0,23.365032196044922
late,qiu2024,devmap,E9.5,E9.0-R2,12,336999,99878,E9.5,9.0,23.362930297851562
late,qiu2024,devmap,E9.5,E9.0-R2,13,336999,99878,E9.5,9.0,24.235427856445312
late,qiu2024,devmap,E9.5,E9.0-R2,14,336999,99878,E9.5,9.0,23.756717681884766
late,qiu2024,devmap,E9.5,E9.0-R2,15,336999,99878,E9.5,9.0,24.242895126342773
late,qiu2024,devmap,E9.5,E9.0-R2,16,336999,99878,E9.5,9.0,23.99114990234375
late,qiu2024,devmap,E9.5,E9.0-R2,17,336999,99878,E9.5,9.0,23.91274642944336
late,qiu2024,devmap,E9.5,E9.0-R2,18,336999,99878,E9.5,9.0,23.717683792114258
late,qiu2024,devmap,E9.5,E9.0-R2,19,336999,99878,E9.5,9.0,23.252429962158203
late,qiu2024,devmap,E9.5,E9.0-R2,20,336999,99878,E9.5,9.0,23.455114364624023
late,qiu2024,devmap,E9.5,E9.0-R2,21,336999,99878,E9.5,9.0,23.92635726928711
late,qiu2024,devmap,E9.5,E9.0-R2,22,336999,99878,E9.5,9.0,23.52099609375
late,qiu2024,devmap,E9.5,E9.0-R2,23,336999,99878,E9.5,9.0,23.720170974731445
late,qiu2024,devmap,E9.5,E9.0-R2,24,336999,99878,E9.5,9.0,23.176244735717773
late,qiu2024,devmap,E9.5,E9.0-R2,25,336999,99878,E9.5,9.0,23.585887908935547
late,qiu2024,devmap,E9.5,E9.0-R2,26,336999,99878,E9.5,9.0,22.80009651184082
late,qiu2024,devmap,E9.5,E9.0-R2,27,336999,99878,E9.5,9.0,23.802757263183594
late,qiu2024,devmap,E9.5,E9.0-R2,28,336999,99878,E9.5,9.0,23.86052703857422
late,qiu2024,devmap,E9.5,E9.0-R2,29,336999,99878,E9.5,9.0,23.635101318359375
late,qiu2024,devmap,E9.5,E9.0-R2,30,336999,99878,E9.5,9.0,23.21131134033203
late,qiu2024,devmap,E9.5,E9.0-R2,31,336999,99878,E9.5,9.0,23.282424926757812
late,qiu2024,devmap,E9.5,E9.0-R2,32,336999,99878,E9.5,9.0,23.588966369628906
late,qiu2024,devmap,E9.5,E9.0-R2,33,336999,99878,E9.5,9.0,23.982608795166016
late,qiu2024,devmap,E9.5,E9.0-R2,34,336999,99878,E9.5,9.0,23.894914627075195
late,qiu2024,devmap,E9.5,E9.0-R2,35,336999,99878,E9.5,9.0,23.48114013671875
late,qiu2024,devmap,E9.5,E9.0-R2,36,336999,99878,E9.5,9.0,23.801984786987305
late,qiu2024,devmap,E9.5,E9.0-R2,37,336999,99878,E9.5,9.0,23.334245681762695
late,qiu2024,devmap,E9.5,E9.0-R2,38,336999,99878,E9.5,9.0,24.163124084472656
late,qiu2024,devmap,E9.5,E9.0-R2,39,336999,99878,E9.5,9.0,23.692508697509766
late,qiu2024,devmap,E9.5,E9.0-R2,40,336999,99878,E9.5,9.0,23.124210357666016
late,qiu2024,devmap,E9.5,E9.0-R2,41,336999,99878,E9.5,9.0,22.988021850585938
late,qiu2024,devmap,E9.5,E9.0-R2,42,336999,99878,E9.5,9.0,23.61959457397461
late,qiu2024,devmap,E9.5,E9.0-R2,43,336999,99878,E9.5,9.0,23.181819915771484
late,qiu2024,devmap,E9.5,E9.0-R2,44,336999,99878,E9.5,9.0,23.777299880981445
late,qiu2024,devmap,E9.5,E9.0-R2,45,336999,99878,E9.5,9.0,22.92009735107422
late,qiu2024,devmap,E9.5,E9.0-R2,46,336999,99878,E9.5,9.0,24.084754943847656
late,qiu2024,devmap,E9.5,E9.0-R2,47,336999,99878,E9.5,9.0,23.076791763305664
late,qiu2024,devmap,E9.5,E9.0-R2,48,336999,99878,E9.5,9.0,23.31131362915039
late,qiu2024,devmap,E9.5,E9.0-R2,49,336999,99878,E9.5,9.0,23.94139862060547
late,qiu2024,devmap,E9.5,E9.0-R3,0,336999,62867,E9.5,9.0,29.225200653076172
late,qiu2024,devmap,E9.5,E9.0-R3,1,336999,62867,E9.5,9.0,29.801067352294922
late,qiu2024,devmap,E9.5,E9.0-R3,2,336999,62867,E9.5,9.0,28.887126922607422
late,qiu2024,devmap,E9.5,E9.0-R3,3,336999,62867,E9.5,9.0,29.290760040283203
late,qiu2024,devmap,E9.5,E9.0-R3,4,336999,62867,E9.5,9.0,28.633251190185547
late,qiu2024,devmap,E9.5,E9.0-R3,5,336999,62867,E9.5,9.0,29.129196166992188
late,qiu2024,devmap,E9.5,E9.0-R3,6,336999,62867,E9.5,9.0,29.55438804626465
late,qiu2024,devmap,E9.5,E9.0-R3,7,336999,62867,E9.5,9.0,30.13149642944336
late,qiu2024,devmap,E9.5,E9.0-R3,8,336999,62867,E9.5,9.0,29.426698684692383
late,qiu2024,devmap,E9.5,E9.0-R3,9,336999,62867,E9.5,9.0,29.911779403686523
late,qiu2024,devmap,E9.5,E9.0-R3,10,336999,62867,E9.5,9.0,29.066356658935547
late,qiu2024,devmap,E9.5,E9.0-R3,11,336999,62867,E9.5,9.0,29.201900482177734
late,qiu2024,devmap,E9.5,E9.0-R3,12,336999,62867,E9.5,9.0,27.984756469726562
late,qiu2024,devmap,E9.5,E9.0-R3,13,336999,62867,E9.5,9.0,28.346267700195312
late,qiu2024,devmap,E9.5,E9.0-R3,14,336999,62867,E9.5,9.0,27.994504928588867
late,qiu2024,devmap,E9.5,E9.0-R3,15,336999,62867,E9.5,9.0,30.464200973510742
late,qiu2024,devmap,E9.5,E9.0-R3,16,336999,62867,E9.5,9.0,29.63827133178711
late,qiu2024,devmap,E9.5,E9.0-R3,17,336999,62867,E9.5,9.0,30.03783416748047
late,qiu2024,devmap,E9.5,E9.0-R3,18,336999,62867,E9.5,9.0,29.277442932128906
late,qiu2024,devmap,E9.5,E9.0-R3,19,336999,62867,E9.5,9.0,29.452003479003906
late,qiu2024,devmap,E9.5,E9.0-R3,20,336999,62867,E9.5,9.0,29.21570587158203
late,qiu2024,devmap,E9.5,E9.0-R3,21,336999,62867,E9.5,9.0,29.727943420410156
late,qiu2024,devmap,E9.5,E9.0-R3,22,336999,62867,E9.5,9.0,28.912811279296875
late,qiu2024,devmap,E9.5,E9.0-R3,23,336999,62867,E9.5,9.0,29.45929718017578
late,qiu2024,devmap,E9.5,E9.0-R3,24,336999,62867,E9.5,9.0,29.22966194152832
late,qiu2024,devmap,E9.5,E9.0-R3,25,336999,62867,E9.5,9.0,28.612882614135742
late,qiu2024,devmap,E9.5,E9.0-R3,26,336999,62867,E9.5,9.0,29.075183868408203
late,qiu2024,devmap,E9.5,E9.0-R3,27,336999,62867,E9.5,9.0,29.337684631347656
late,qiu2024,devmap,E9.5,E9.0-R3,28,336999,62867,E9.5,9.0,30.222362518310547
late,qiu2024,devmap,E9.5,E9.0-R3,29,336999,62867,E9.5,9.0,28.56365966796875
late,qiu2024,devmap,E9.5,E9.0-R3,30,336999,62867,E9.5,9.0,27.504619598388672
late,qiu2024,devmap,E9.5,E9.0-R3,31,336999,62867,E9.5,9.0,29.599302291870117
late,qiu2024,devmap,E9.5,E9.0-R3,32,336999,62867,E9.5,9.0,28.819595336914062
late,qiu2024,devmap,E9.5,E9.0-R3,33,336999,62867,E9.5,9.0,29.63330841064453
late,qiu2024,devmap,E9.5,E9.0-R3,34,336999,62867,E9.5,9.0,29.229001998901367
late,qiu2024,devmap,E9.5,E9.0-R3,35,336999,62867,E9.5,9.0,29.010967254638672
late,qiu2024,devmap,E9.5,E9.0-R3,36,336999,62867,E9.5,9.0,28.863496780395508
late,qiu2024,devmap,E9.5,E9.0-R3,37,336999,62867,E9.5,9.0,29.768413543701172
late,qiu2024,devmap,E9.5,E9.0-R3,38,336999,62867,E9.5,9.0,28.532886505126953
late,qiu2024,devmap,E9.5,E9.0-R3,39,336999,62867,E9.5,9.0,29.321338653564453
late,qiu2024,devmap,E9.5,E9.0-R3,40,336999,62867,E9.5,9.0,28.41390609741211
late,qiu2024,devmap,E9.5,E9.0-R3,41,336999,62867,E9.5,9.0,28.527299880981445
late,qiu2024,devmap,E9.5,E9.0-R3,42,336999,62867,E9.5,9.0,29.31787109375
late,qiu2024,devmap,E9.5,E9.0-R3,43,336999,62867,E9.5,9.0,28.712100982666016
late,qiu2024,devmap,E9.5,E9.0-R3,44,336999,62867,E9.5,9.0,29.488460540771484
late,qiu2024,devmap,E9.5,E9.0-R3,45,336999,62867,E9.5,9.0,29.03888511657715
late,qiu2024,devmap,E9.5,E9.0-R3,46,336999,62867,E9.5,9.0,28.91020393371582
late,qiu2024,devmap,E9.5,E9.0-R3,47,336999,62867,E9.5,9.0,29.36202049255371
late,qiu2024,devmap,E9.5,E9.0-R3,48,336999,62867,E9.5,9.0,28.870206832885742
late,qiu2024,devmap,E9.5,E9.0-R3,49,336999,62867,E9.5,9.0,29.141141891479492
late,qiu2024,devmap,E9.5,E9.5-R1,0,336999,383453,E9.5,9.5,21.472240447998047
late,qiu2024,devmap,E9.5,E9.5-R1,1,336999,383453,E9.5,9.5,22.03261947631836
late,qiu2024,devmap,E9.5,E9.5-R1,2,336999,383453,E9.5,9.5,22.09634017944336
late,qiu2024,devmap,E9.5,E9.5-R1,3,336999,383453,E9.5,9.5,21.68246841430664
late,qiu2024,devmap,E9.5,E9.5-R1,4,336999,383453,E9.5,9.5,21.517749786376953
late,qiu2024,devmap,E9.5,E9.5-R1,5,336999,383453,E9.5,9.5,20.994869232177734
late,qiu2024,devmap,E9.5,E9.5-R1,6,336999,383453,E9.5,9.5,21.26844024658203
late,qiu2024,devmap,E9.5,E9.5-R1,7,336999,383453,E9.5,9.5,20.716510772705078
late,qiu2024,devmap,E9.5,E9.5-R1,8,336999,383453,E9.5,9.5,21.160362243652344
late,qiu2024,devmap,E9.5,E9.5-R1,9,336999,383453,E9.5,9.5,20.967838287353516
late,qiu2024,devmap,E9.5,E9.5-R1,10,336999,383453,E9.5,9.5,21.105812072753906
late,qiu2024,devmap,E9.5,E9.5-R1,11,336999,383453,E9.5,9.5,21.42450714111328
late,qiu2024,devmap,E9.5,E9.5-R1,12,336999,383453,E9.5,9.5,21.551532745361328
late,qiu2024,devmap,E9.5,E9.5-R1,13,336999,383453,E9.5,9.5,21.60198211669922
late,qiu2024,devmap,E9.5,E9.5-R1,14,336999,383453,E9.5,9.5,21.19982147216797
late,qiu2024,devmap,E9.5,E9.5-R1,15,336999,383453,E9.5,9.5,21.505516052246094
late,qiu2024,devmap,E9.5,E9.5-R1,16,336999,383453,E9.5,9.5,20.911550521850586
late,qiu2024,devmap,E9.5,E9.5-R1,17,336999,383453,E9.5,9.5,20.3216552734375
late,qiu2024,devmap,E9.5,E9.5-R1,18,336999,383453,E9.5,9.5,21.257709503173828
late,qiu2024,devmap,E9.5,E9.5-R1,19,336999,383453,E9.5,9.5,21.272926330566406
late,qiu2024,devmap,E9.5,E9.5-R1,20,336999,383453,E9.5,9.5,21.623435974121094
late,qiu2024,devmap,E9.5,E9.5-R1,21,336999,383453,E9.5,9.5,21.29606819152832
late,qiu2024,devmap,E9.5,E9.5-R1,22,336999,383453,E9.5,9.5,21.496068954467773
late,qiu2024,devmap,E9.5,E9.5-R1,23,336999,383453,E9.5,9.5,21.757164001464844
late,qiu2024,devmap,E9.5,E9.5-R1,24,336999,383453,E9.5,9.5,21.503124237060547
late,qiu2024,devmap,E9.5,E9.5-R1,25,336999,383453,E9.5,9.5,21.48961639404297
late,qiu2024,devmap,E9.5,E9.5-R1,26,336999,383453,E9.5,9.5,21.277509689331055
late,qiu2024,devmap,E9.5,E9.5-R1,27,336999,383453,E9.5,9.5,21.160493850708008
late,qiu2024,devmap,E9.5,E9.5-R1,28,336999,383453,E9.5,9.5,21.434961318969727
late,qiu2024,devmap,E9.5,E9.5-R1,29,336999,383453,E9.5,9.5,21.83298683166504
late,qiu2024,devmap,E9.5,E9.5-R1,30,336999,383453,E9.5,9.5,21.66581916809082
late,qiu2024,devmap,E9.5,E9.5-R1,31,336999,383453,E9.5,9.5,20.956724166870117
late,qiu2024,devmap,E9.5,E9.5-R1,32,336999,383453,E9.5,9.5,21.66901206970215
late,qiu2024,devmap,E9.5,E9.5-R1,33,336999,383453,E9.5,9.5,21.282411575317383
late,qiu2024,devmap,E9.5,E9.5-R1,34,336999,383453,E9.5,9.5,21.581722259521484
late,qiu2024,devmap,E9.5,E9.5-R1,35,336999,383453,E9.5,9.5,21.377578735351562
late,qiu2024,devmap,E9.5,E9.5-R1,36,336999,383453,E9.5,9.5,21.536945343017578
late,qiu2024,devmap,E9.5,E9.5-R1,37,336999,383453,E9.5,9.5,21.287309646606445
late,qiu2024,devmap,E9.5,E9.5-R1,38,336999,383453,E9.5,9.5,21.260555267333984
late,qiu2024,devmap,E9.5,E9.5-R1,39,336999,383453,E9.5,9.5,21.27709197998047
late,qiu2024,devmap,E9.5,E9.5-R1,40,336999,383453,E9.5,9.5,21.70667839050293
late,qiu2024,devmap,E9.5,E9.5-R1,41,336999,383453,E9.5,9.5,21.346940994262695
late,qiu2024,devmap,E9.5,E9.5-R1,42,336999,383453,E9.5,9.5,21.567516326904297
late,qiu2024,devmap,E9.5,E9.5-R1,43,336999,383453,E9.5,9.5,21.169559478759766
late,qiu2024,devmap,E9.5,E9.5-R1,44,336999,383453,E9.5,9.5,21.62148666381836
late,qiu2024,devmap,E9.5,E9.5-R1,45,336999,383453,E9.5,9.5,21.702411651611328
late,qiu2024,devmap,E9.5,E9.5-R1,46,336999,383453,E9.5,9.5,21.733097076416016
late,qiu2024,devmap,E9.5,E9.5-R1,47,336999,383453,E9.5,9.5,21.355825424194336
late,qiu2024,devmap,E9.5,E9.5-R1,48,336999,383453,E9.5,9.5,21.597332000732422
late,qiu2024,devmap,E9.5,E9.5-R1,49,336999,383453,E9.5,9.5,21.42184066772461
late,qiu2024,devmap,E9.5,E9.5-R2,0,336999,350716,E9.5,9.5,22.293930053710938
late,qiu2024,devmap,E9.5,E9.5-R2,1,336999,350716,E9.5,9.5,22.0401611328125
late,qiu2024,devmap,E9.5,E9.5-R2,2,336999,350716,E9.5,9.5,22.221885681152344
late,qiu2024,devmap,E9.5,E9.5-R2,3,336999,350716,E9.5,9.5,21.87822914123535
late,qiu2024,devmap,E9.5,E9.5-R2,4,336999,350716,E9.5,9.5,21.83230972290039
late,qiu2024,devmap,E9.5,E9.5-R2,5,336999,350716,E9.5,9.5,22.620006561279297
late,qiu2024,devmap,E9.5,E9.5-R2,6,336999,350716,E9.5,9.5,22.119029998779297
late,qiu2024,devmap,E9.5,E9.5-R2,7,336999,350716,E9.5,9.5,21.75978660583496
late,qiu2024,devmap,E9.5,E9.5-R2,8,336999,350716,E9.5,9.5,22.21976661682129
late,qiu2024,devmap,E9.5,E9.5-R2,9,336999,350716,E9.5,9.5,22.238765716552734
late,qiu2024,devmap,E9.5,E9.5-R2,10,336999,350716,E9.5,9.5,22.561206817626953
late,qiu2024,devmap,E9.5,E9.5-R2,11,336999,350716,E9.5,9.5,22.379182815551758
late,qiu2024,devmap,E9.5,E9.5-R2,12,336999,350716,E9.5,9.5,21.88455581665039
late,qiu2024,devmap,E9.5,E9.5-R2,13,336999,350716,E9.5,9.5,21.897785186767578
late,qiu2024,devmap,E9.5,E9.5-R2,14,336999,350716,E9.5,9.5,22.26572608947754
late,qiu2024,devmap,E9.5,E9.5-R2,15,336999,350716,E9.5,9.5,22.352325439453125
late,qiu2024,devmap,E9.5,E9.5-R2,16,336999,350716,E9.5,9.5,22.338172912597656
late,qiu2024,devmap,E9.5,E9.5-R2,17,336999,350716,E9.5,9.5,21.990306854248047
late,qiu2024,devmap,E9.5,E9.5-R2,18,336999,350716,E9.5,9.5,22.523067474365234
late,qiu2024,devmap,E9.5,E9.5-R2,19,336999,350716,E9.5,9.5,21.972091674804688
late,qiu2024,devmap,E9.5,E9.5-R2,20,336999,350716,E9.5,9.5,21.8305721282959
late,qiu2024,devmap,E9.5,E9.5-R2,21,336999,350716,E9.5,9.5,21.696823120117188
late,qiu2024,devmap,E9.5,E9.5-R2,22,336999,350716,E9.5,9.5,22.69365119934082
late,qiu2024,devmap,E9.5,E9.5-R2,23,336999,350716,E9.5,9.5,22.136917114257812
late,qiu2024,devmap,E9.5,E9.5-R2,24,336999,350716,E9.5,9.5,22.958948135375977
late,qiu2024,devmap,E9.5,E9.5-R2,25,336999,350716,E9.5,9.5,21.8603572845459
late,qiu2024,devmap,E9.5,E9.5-R2,26,336999,350716,E9.5,9.5,22.348434448242188
late,qiu2024,devmap,E9.5,E9.5-R2,27,336999,350716,E9.5,9.5,21.9642333984375
late,qiu2024,devmap,E9.5,E9.5-R2,28,336999,350716,E9.5,9.5,21.928133010864258
late,qiu2024,devmap,E9.5,E9.5-R2,29,336999,350716,E9.5,9.5,21.480243682861328
late,qiu2024,devmap,E9.5,E9.5-R2,30,336999,350716,E9.5,9.5,21.85537338256836
late,qiu2024,devmap,E9.5,E9.5-R2,31,336999,350716,E9.5,9.5,22.517667770385742
late,qiu2024,devmap,E9.5,E9.5-R2,32,336999,350716,E9.5,9.5,22.571544647216797
late,qiu2024,devmap,E9.5,E9.5-R2,33,336999,350716,E9.5,9.5,22.17366600036621
late,qiu2024,devmap,E9.5,E9.5-R2,34,336999,350716,E9.5,9.5,22.219745635986328
late,qiu2024,devmap,E9.5,E9.5-R2,35,336999,350716,E9.5,9.5,21.90401840209961
late,qiu2024,devmap,E9.5,E9.5-R2,36,336999,350716,E9.5,9.5,21.942977905273438
late,qiu2024,devmap,E9.5,E9.5-R2,37,336999,350716,E9.5,9.5,22.323976516723633
late,qiu2024,devmap,E9.5,E9.5-R2,38,336999,350716,E9.5,9.5,22.198287963867188
late,qiu2024,devmap,E9.5,E9.5-R2,39,336999,350716,E9.5,9.5,22.229679107666016
late,qiu2024,devmap,E9.5,E9.5-R2,40,336999,350716,E9.5,9.5,22.27157211303711
late,qiu2024,devmap,E9.5,E9.5-R2,41,336999,350716,E9.5,9.5,21.77873420715332
late,qiu2024,devmap,E9.5,E9.5-R2,42,336999,350716,E9.5,9.5,22.013629913330078
late,qiu2024,devmap,E9.5,E9.5-R2,43,336999,350716,E9.5,9.5,21.666000366210938
late,qiu2024,devmap,E9.5,E9.5-R2,44,336999,350716,E9.5,9.5,22.374465942382812
late,qiu2024,devmap,E9.5,E9.5-R2,45,336999,350716,E9.5,9.5,21.671310424804688
late,qiu2024,devmap,E9.5,E9.5-R2,46,336999,350716,E9.5,9.5,22.005863189697266
late,qiu2024,devmap,E9.5,E9.5-R2,47,336999,350716,E9.5,9.5,21.676334381103516
late,qiu2024,devmap,E9.5,E9.5-R2,48,336999,350716,E9.5,9.5,21.90025520324707
late,qiu2024,devmap,E9.5,E9.5-R2,49,336999,350716,E9.5,9.5,22.118385314941406
late,qiu2024,devmap,E9.5,E9.5-R3,0,336999,342873,E9.5,9.5,21.72879409790039
late,qiu2024,devmap,E9.5,E9.5-R3,1,336999,342873,E9.5,9.5,21.028446197509766
late,qiu2024,devmap,E9.5,E9.5-R3,2,336999,342873,E9.5,9.5,20.815601348876953
late,qiu2024,devmap,E9.5,E9.5-R3,3,336999,342873,E9.5,9.5,21.408889770507812
late,qiu2024,devmap,E9.5,E9.5-R3,4,336999,342873,E9.5,9.5,21.065502166748047
late,qiu2024,devmap,E9.5,E9.5-R3,5,336999,342873,E9.5,9.5,21.14068603515625
late,qiu2024,devmap,E9.5,E9.5-R3,6,336999,342873,E9.5,9.5,21.18370246887207
late,qiu2024,devmap,E9.5,E9.5-R3,7,336999,342873,E9.5,9.5,21.522701263427734
late,qiu2024,devmap,E9.5,E9.5-R3,8,336999,342873,E9.5,9.5,21.467674255371094
late,qiu2024,devmap,E9.5,E9.5-R3,9,336999,342873,E9.5,9.5,20.929550170898438
late,qiu2024,devmap,E9.5,E9.5-R3,10,336999,342873,E9.5,9.5,21.262487411499023
late,qiu2024,devmap,E9.5,E9.5-R3,11,336999,342873,E9.5,9.5,21.208332061767578
late,qiu2024,devmap,E9.5,E9.5-R3,12,336999,342873,E9.5,9.5,21.521045684814453
late,qiu2024,devmap,E9.5,E9.5-R3,13,336999,342873,E9.5,9.5,21.39360237121582
late,qiu2024,devmap,E9.5,E9.5-R3,14,336999,342873,E9.5,9.5,20.973350524902344
late,qiu2024,devmap,E9.5,E9.5-R3,15,336999,342873,E9.5,9.5,21.423845291137695
late,qiu2024,devmap,E9.5,E9.5-R3,16,336999,342873,E9.5,9.5,20.69707679748535
late,qiu2024,devmap,E9.5,E9.5-R3,17,336999,342873,E9.5,9.5,21.273788452148438
late,qiu2024,devmap,E9.5,E9.5-R3,18,336999,342873,E9.5,9.5,20.8244571685791
late,qiu2024,devmap,E9.5,E9.5-R3,19,336999,342873,E9.5,9.5,20.752573013305664
late,qiu2024,devmap,E9.5,E9.5-R3,20,336999,342873,E9.5,9.5,20.781417846679688
late,qiu2024,devmap,E9.5,E9.5-R3,21,336999,342873,E9.5,9.5,21.520496368408203
late,qiu2024,devmap,E9.5,E9.5-R3,22,336999,342873,E9.5,9.5,21.460771560668945
late,qiu2024,devmap,E9.5,E9.5-R3,23,336999,342873,E9.5,9.5,21.085407257080078
late,qiu2024,devmap,E9.5,E9.5-R3,24,336999,342873,E9.5,9.5,20.949115753173828
late,qiu2024,devmap,E9.5,E9.5-R3,25,336999,342873,E9.5,9.5,21.317996978759766
late,qiu2024,devmap,E9.5,E9.5-R3,26,336999,342873,E9.5,9.5,21.34214973449707
late,qiu2024,devmap,E9.5,E9.5-R3,27,336999,342873,E9.5,9.5,20.669715881347656
late,qiu2024,devmap,E9.5,E9.5-R3,28,336999,342873,E9.5,9.5,20.926681518554688
late,qiu2024,devmap,E9.5,E9.5-R3,29,336999,342873,E9.5,9.5,21.65644073486328
late,qiu2024,devmap,E9.5,E9.5-R3,30,336999,342873,E9.5,9.5,21.662322998046875
late,qiu2024,devmap,E9.5,E9.5-R3,31,336999,342873,E9.5,9.5,21.241050720214844
late,qiu2024,devmap,E9.5,E9.5-R3,32,336999,342873,E9.5,9.5,21.216293334960938
late,qiu2024,devmap,E9.5,E9.5-R3,33,336999,342873,E9.5,9.5,20.59865951538086
late,qiu2024,devmap,E9.5,E9.5-R3,34,336999,342873,E9.5,9.5,21.22477149963379
late,qiu2024,devmap,E9.5,E9.5-R3,35,336999,342873,E9.5,9.5,21.091949462890625
late,qiu2024,devmap,E9.5,E9.5-R3,36,336999,342873,E9.5,9.5,20.979745864868164
late,qiu2024,devmap,E9.5,E9.5-R3,37,336999,342873,E9.5,9.5,20.715831756591797
late,qiu2024,devmap,E9.5,E9.5-R3,38,336999,342873,E9.5,9.5,21.28624725341797
late,qiu2024,devmap,E9.5,E9.5-R3,39,336999,342873,E9.5,9.5,21.189002990722656
late,qiu2024,devmap,E9.5,E9.5-R3,40,336999,342873,E9.5,9.5,21.379533767700195
late,qiu2024,devmap,E9.5,E9.5-R3,41,336999,342873,E9.5,9.5,21.29747200012207
late,qiu2024,devmap,E9.5,E9.5-R3,42,336999,342873,E9.5,9.5,21.392024993896484
late,qiu2024,devmap,E9.5,E9.5-R3,43,336999,342873,E9.5,9.5,21.02312660217285
late,qiu2024,devmap,E9.5,E9.5-R3,44,336999,342873,E9.5,9.5,21.595596313476562
late,qiu2024,devmap,E9.5,E9.5-R3,45,336999,342873,E9.5,9.5,20.40196990966797
late,qiu2024,devmap,E9.5,E9.5-R3,46,336999,342873,E9.5,9.5,20.61477279663086
late,qiu2024,devmap,E9.5,E9.5-R3,47,336999,342873,E9.5,9.5,21.732633590698242
late,qiu2024,devmap,E9.5,E9.5-R3,48,336999,342873,E9.5,9.5,21.200927734375
late,qiu2024,devmap,E9.5,E9.5-R3,49,336999,342873,E9.5,9.5,21.321203231811523
late,qiu2024,devmap,E9.5,E10.0-R1,0,336999,347550,E9.5,10.0,22.71733856201172
late,qiu2024,devmap,E9.5,E10.0-R1,1,336999,347550,E9.5,10.0,22.897491455078125
late,qiu2024,devmap,E9.5,E10.0-R1,2,336999,347550,E9.5,10.0,22.706735610961914
late,qiu2024,devmap,E9.5,E10.0-R1,3,336999,347550,E9.5,10.0,22.457809448242188
late,qiu2024,devmap,E9.5,E10.0-R1,4,336999,347550,E9.5,10.0,22.843196868896484
late,qiu2024,devmap,E9.5,E10.0-R1,5,336999,347550,E9.5,10.0,23.117868423461914
late,qiu2024,devmap,E9.5,E10.0-R1,6,336999,347550,E9.5,10.0,22.710674285888672
late,qiu2024,devmap,E9.5,E10.0-R1,7,336999,347550,E9.5,10.0,22.246070861816406
late,qiu2024,devmap,E9.5,E10.0-R1,8,336999,347550,E9.5,10.0,22.685754776000977
late,qiu2024,devmap,E9.5,E10.0-R1,9,336999,347550,E9.5,10.0,23.954853057861328
late,qiu2024,devmap,E9.5,E10.0-R1,10,336999,347550,E9.5,10.0,22.105594635009766
late,qiu2024,devmap,E9.5,E10.0-R1,11,336999,347550,E9.5,10.0,22.323898315429688
late,qiu2024,devmap,E9.5,E10.0-R1,12,336999,347550,E9.5,10.0,22.71085548400879
late,qiu2024,devmap,E9.5,E10.0-R1,13,336999,347550,E9.5,10.0,22.963958740234375
late,qiu2024,devmap,E9.5,E10.0-R1,14,336999,347550,E9.5,10.0,22.54673957824707
late,qiu2024,devmap,E9.5,E10.0-R1,15,336999,347550,E9.5,10.0,22.941410064697266
late,qiu2024,devmap,E9.5,E10.0-R1,16,336999,347550,E9.5,10.0,22.6363525390625
late,qiu2024,devmap,E9.5,E10.0-R1,17,336999,347550,E9.5,10.0,22.84949493408203
late,qiu2024,devmap,E9.5,E10.0-R1,18,336999,347550,E9.5,10.0,22.601221084594727
late,qiu2024,devmap,E9.5,E10.0-R1,19,336999,347550,E9.5,10.0,22.441661834716797
late,qiu2024,devmap,E9.5,E10.0-R1,20,336999,347550,E9.5,10.0,22.757558822631836
late,qiu2024,devmap,E9.5,E10.0-R1,21,336999,347550,E9.5,10.0,23.108152389526367
late,qiu2024,devmap,E9.5,E10.0-R1,22,336999,347550,E9.5,10.0,22.36544418334961
late,qiu2024,devmap,E9.5,E10.0-R1,23,336999,347550,E9.5,10.0,22.606416702270508
late,qiu2024,devmap,E9.5,E10.0-R1,24,336999,347550,E9.5,10.0,22.244218826293945
late,qiu2024,devmap,E9.5,E10.0-R1,25,336999,347550,E9.5,10.0,22.639406204223633
late,qiu2024,devmap,E9.5,E10.0-R1,26,336999,347550,E9.5,10.0,23.08336639404297
late,qiu2024,devmap,E9.5,E10.0-R1,27,336999,347550,E9.5,10.0,22.26789093017578
late,qiu2024,devmap,E9.5,E10.0-R1,28,336999,347550,E9.5,10.0,22.78339385986328
late,qiu2024,devmap,E9.5,E10.0-R1,29,336999,347550,E9.5,10.0,22.08462142944336
late,qiu2024,devmap,E9.5,E10.0-R1,30,336999,347550,E9.5,10.0,22.520740509033203
late,qiu2024,devmap,E9.5,E10.0-R1,31,336999,347550,E9.5,10.0,22.46419906616211
late,qiu2024,devmap,E9.5,E10.0-R1,32,336999,347550,E9.5,10.0,22.779407501220703
late,qiu2024,devmap,E9.5,E10.0-R1,33,336999,347550,E9.5,10.0,22.676883697509766
late,qiu2024,devmap,E9.5,E10.0-R1,34,336999,347550,E9.5,10.0,23.147640228271484
late,qiu2024,devmap,E9.5,E10.0-R1,35,336999,347550,E9.5,10.0,22.816001892089844
late,qiu2024,devmap,E9.5,E10.0-R1,36,336999,347550,E9.5,10.0,22.928606033325195
late,qiu2024,devmap,E9.5,E10.0-R1,37,336999,347550,E9.5,10.0,22.644454956054688
late,qiu2024,devmap,E9.5,E10.0-R1,38,336999,347550,E9.5,10.0,22.35357666015625
late,qiu2024,devmap,E9.5,E10.0-R1,39,336999,347550,E9.5,10.0,22.57951545715332
late,qiu2024,devmap,E9.5,E10.0-R1,40,336999,347550,E9.5,10.0,22.865819931030273
late,qiu2024,devmap,E9.5,E10.0-R1,41,336999,347550,E9.5,10.0,22.269502639770508
late,qiu2024,devmap,E9.5,E10.0-R1,42,336999,347550,E9.5,10.0,22.45889663696289
late,qiu2024,devmap,E9.5,E10.0-R1,43,336999,347550,E9.5,10.0,22.113853454589844
late,qiu2024,devmap,E9.5,E10.0-R1,44,336999,347550,E9.5,10.0,23.11161231994629
late,qiu2024,devmap,E9.5,E10.0-R1,45,336999,347550,E9.5,10.0,22.535253524780273
late,qiu2024,devmap,E9.5,E10.0-R1,46,336999,347550,E9.5,10.0,22.45189666748047
late,qiu2024,devmap,E9.5,E10.0-R1,47,336999,347550,E9.5,10.0,22.321125030517578
late,qiu2024,devmap,E9.5,E10.0-R1,48,336999,347550,E9.5,10.0,22.608562469482422
late,qiu2024,devmap,E9.5,E10.0-R1,49,336999,347550,E9.5,10.0,22.41478729248047
late,qiu2024,devmap,E9.75,E8.5-R1,0,633746,23435,E9.75,8.5,34.13761901855469
late,qiu2024,devmap,E9.75,E8.5-R1,1,633746,23435,E9.75,8.5,34.21019744873047
late,qiu2024,devmap,E9.75,E8.5-R1,2,633746,23435,E9.75,8.5,33.147823333740234
late,qiu2024,devmap,E9.75,E8.5-R1,3,633746,23435,E9.75,8.5,33.563194274902344
late,qiu2024,devmap,E9.75,E8.5-R1,4,633746,23435,E9.75,8.5,33.72871017456055
late,qiu2024,devmap,E9.75,E8.5-R1,5,633746,23435,E9.75,8.5,33.38681411743164
late,qiu2024,devmap,E9.75,E8.5-R1,6,633746,23435,E9.75,8.5,32.800331115722656
late,qiu2024,devmap,E9.75,E8.5-R1,7,633746,23435,E9.75,8.5,32.83598327636719
late,qiu2024,devmap,E9.75,E8.5-R1,8,633746,23435,E9.75,8.5,33.48149871826172
late,qiu2024,devmap,E9.75,E8.5-R1,9,633746,23435,E9.75,8.5,34.343990325927734
late,qiu2024,devmap,E9.75,E8.5-R1,10,633746,23435,E9.75,8.5,33.282020568847656
late,qiu2024,devmap,E9.75,E8.5-R1,11,633746,23435,E9.75,8.5,33.765037536621094
late,qiu2024,devmap,E9.75,E8.5-R1,12,633746,23435,E9.75,8.5,34.567779541015625
late,qiu2024,devmap,E9.75,E8.5-R1,13,633746,23435,E9.75,8.5,34.070091247558594
late,qiu2024,devmap,E9.75,E8.5-R1,14,633746,23435,E9.75,8.5,33.69300079345703
late,qiu2024,devmap,E9.75,E8.5-R1,15,633746,23435,E9.75,8.5,33.87859344482422
late,qiu2024,devmap,E9.75,E8.5-R1,16,633746,23435,E9.75,8.5,32.951934814453125
late,qiu2024,devmap,E9.75,E8.5-R1,17,633746,23435,E9.75,8.5,33.98542785644531
late,qiu2024,devmap,E9.75,E8.5-R1,18,633746,23435,E9.75,8.5,33.916507720947266
late,qiu2024,devmap,E9.75,E8.5-R1,19,633746,23435,E9.75,8.5,33.902549743652344
late,qiu2024,devmap,E9.75,E8.5-R1,20,633746,23435,E9.75,8.5,33.65956115722656
late,qiu2024,devmap,E9.75,E8.5-R1,21,633746,23435,E9.75,8.5,33.447933197021484
late,qiu2024,devmap,E9.75,E8.5-R1,22,633746,23435,E9.75,8.5,34.17338943481445
late,qiu2024,devmap,E9.75,E8.5-R1,23,633746,23435,E9.75,8.5,33.383140563964844
late,qiu2024,devmap,E9.75,E8.5-R1,24,633746,23435,E9.75,8.5,34.343414306640625
late,qiu2024,devmap,E9.75,E8.5-R1,25,633746,23435,E9.75,8.5,33.1955451965332
late,qiu2024,devmap,E9.75,E8.5-R1,26,633746,23435,E9.75,8.5,33.687992095947266
late,qiu2024,devmap,E9.75,E8.5-R1,27,633746,23435,E9.75,8.5,34.240875244140625
late,qiu2024,devmap,E9.75,E8.5-R1,28,633746,23435,E9.75,8.5,33.906707763671875
late,qiu2024,devmap,E9.75,E8.5-R1,29,633746,23435,E9.75,8.5,32.73102951049805
late,qiu2024,devmap,E9.75,E8.5-R1,30,633746,23435,E9.75,8.5,33.37336349487305
late,qiu2024,devmap,E9.75,E8.5-R1,31,633746,23435,E9.75,8.5,33.519248962402344
late,qiu2024,devmap,E9.75,E8.5-R1,32,633746,23435,E9.75,8.5,33.491790771484375
late,qiu2024,devmap,E9.75,E8.5-R1,33,633746,23435,E9.75,8.5,34.32566452026367
late,qiu2024,devmap,E9.75,E8.5-R1,34,633746,23435,E9.75,8.5,33.603675842285156
late,qiu2024,devmap,E9.75,E8.5-R1,35,633746,23435,E9.75,8.5,32.78839874267578
late,qiu2024,devmap,E9.75,E8.5-R1,36,633746,23435,E9.75,8.5,34.790809631347656
late,qiu2024,devmap,E9.75,E8.5-R1,37,633746,23435,E9.75,8.5,32.51641845703125
late,qiu2024,devmap,E9.75,E8.5-R1,38,633746,23435,E9.75,8.5,33.2115364074707
late,qiu2024,devmap,E9.75,E8.5-R1,39,633746,23435,E9.75,8.5,33.418670654296875
late,qiu2024,devmap,E9.75,E8.5-R1,40,633746,23435,E9.75,8.5,34.458396911621094
late,qiu2024,devmap,E9.75,E8.5-R1,41,633746,23435,E9.75,8.5,34.51575469970703
late,qiu2024,devmap,E9.75,E8.5-R1,42,633746,23435,E9.75,8.5,33.65435791015625
late,qiu2024,devmap,E9.75,E8.5-R1,43,633746,23435,E9.75,8.5,33.87776565551758
late,qiu2024,devmap,E9.75,E8.5-R1,44,633746,23435,E9.75,8.5,33.597633361816406
late,qiu2024,devmap,E9.75,E8.5-R1,45,633746,23435,E9.75,8.5,33.64842987060547
late,qiu2024,devmap,E9.75,E8.5-R1,46,633746,23435,E9.75,8.5,33.30060577392578
late,qiu2024,devmap,E9.75,E8.5-R1,47,633746,23435,E9.75,8.5,33.864166259765625
late,qiu2024,devmap,E9.75,E8.5-R1,48,633746,23435,E9.75,8.5,33.87355422973633
late,qiu2024,devmap,E9.75,E8.5-R1,49,633746,23435,E9.75,8.5,33.3192253112793
late,qiu2024,devmap,E9.75,E8.5-R2,0,633746,38216,E9.75,8.5,32.39285659790039
late,qiu2024,devmap,E9.75,E8.5-R2,1,633746,38216,E9.75,8.5,32.286964416503906
late,qiu2024,devmap,E9.75,E8.5-R2,2,633746,38216,E9.75,8.5,32.21107482910156
late,qiu2024,devmap,E9.75,E8.5-R2,3,633746,38216,E9.75,8.5,31.574951171875
late,qiu2024,devmap,E9.75,E8.5-R2,4,633746,38216,E9.75,8.5,32.393455505371094
late,qiu2024,devmap,E9.75,E8.5-R2,5,633746,38216,E9.75,8.5,31.880271911621094
late,qiu2024,devmap,E9.75,E8.5-R2,6,633746,38216,E9.75,8.5,31.482833862304688
late,qiu2024,devmap,E9.75,E8.5-R2,7,633746,38216,E9.75,8.5,32.474056243896484
late,qiu2024,devmap,E9.75,E8.5-R2,8,633746,38216,E9.75,8.5,31.458492279052734
late,qiu2024,devmap,E9.75,E8.5-R2,9,633746,38216,E9.75,8.5,31.779525756835938
late,qiu2024,devmap,E9.75,E8.5-R2,10,633746,38216,E9.75,8.5,32.09870147705078
late,qiu2024,devmap,E9.75,E8.5-R2,11,633746,38216,E9.75,8.5,32.173980712890625
late,qiu2024,devmap,E9.75,E8.5-R2,12,633746,38216,E9.75,8.5,31.663990020751953
late,qiu2024,devmap,E9.75,E8.5-R2,13,633746,38216,E9.75,8.5,32.700042724609375
late,qiu2024,devmap,E9.75,E8.5-R2,14,633746,38216,E9.75,8.5,32.732872009277344
late,qiu2024,devmap,E9.75,E8.5-R2,15,633746,38216,E9.75,8.5,33.18325424194336
late,qiu2024,devmap,E9.75,E8.5-R2,16,633746,38216,E9.75,8.5,31.668663024902344
late,qiu2024,devmap,E9.75,E8.5-R2,17,633746,38216,E9.75,8.5,31.937719345092773
late,qiu2024,devmap,E9.75,E8.5-R2,18,633746,38216,E9.75,8.5,32.34326171875
late,qiu2024,devmap,E9.75,E8.5-R2,19,633746,38216,E9.75,8.5,31.94402503967285
late,qiu2024,devmap,E9.75,E8.5-R2,20,633746,38216,E9.75,8.5,32.37146759033203
late,qiu2024,devmap,E9.75,E8.5-R2,21,633746,38216,E9.75,8.5,31.315031051635742
late,qiu2024,devmap,E9.75,E8.5-R2,22,633746,38216,E9.75,8.5,33.03032684326172
late,qiu2024,devmap,E9.75,E8.5-R2,23,633746,38216,E9.75,8.5,33.41606521606445
late,qiu2024,devmap,E9.75,E8.5-R2,24,633746,38216,E9.75,8.5,32.48424530029297
late,qiu2024,devmap,E9.75,E8.5-R2,25,633746,38216,E9.75,8.5,32.505226135253906
late,qiu2024,devmap,E9.75,E8.5-R2,26,633746,38216,E9.75,8.5,31.607868194580078
late,qiu2024,devmap,E9.75,E8.5-R2,27,633746,38216,E9.75,8.5,31.470029830932617
late,qiu2024,devmap,E9.75,E8.5-R2,28,633746,38216,E9.75,8.5,31.831867218017578
late,qiu2024,devmap,E9.75,E8.5-R2,29,633746,38216,E9.75,8.5,32.28446578979492
late,qiu2024,devmap,E9.75,E8.5-R2,30,633746,38216,E9.75,8.5,32.06407928466797
late,qiu2024,devmap,E9.75,E8.5-R2,31,633746,38216,E9.75,8.5,32.031124114990234
late,qiu2024,devmap,E9.75,E8.5-R2,32,633746,38216,E9.75,8.5,32.308837890625
late,qiu2024,devmap,E9.75,E8.5-R2,33,633746,38216,E9.75,8.5,31.267240524291992
late,qiu2024,devmap,E9.75,E8.5-R2,34,633746,38216,E9.75,8.5,32.76824188232422
late,qiu2024,devmap,E9.75,E8.5-R2,35,633746,38216,E9.75,8.5,32.79574203491211
late,qiu2024,devmap,E9.75,E8.5-R2,36,633746,38216,E9.75,8.5,32.21221923828125
late,qiu2024,devmap,E9.75,E8.5-R2,37,633746,38216,E9.75,8.5,32.44973373413086
late,qiu2024,devmap,E9.75,E8.5-R2,38,633746,38216,E9.75,8.5,32.08019256591797
late,qiu2024,devmap,E9.75,E8.5-R2,39,633746,38216,E9.75,8.5,31.903106689453125
late,qiu2024,devmap,E9.75,E8.5-R2,40,633746,38216,E9.75,8.5,32.006282806396484
late,qiu2024,devmap,E9.75,E8.5-R2,41,633746,38216,E9.75,8.5,31.654821395874023
late,qiu2024,devmap,E9.75,E8.5-R2,42,633746,38216,E9.75,8.5,31.701335906982422
late,qiu2024,devmap,E9.75,E8.5-R2,43,633746,38216,E9.75,8.5,31.87718963623047
late,qiu2024,devmap,E9.75,E8.5-R2,44,633746,38216,E9.75,8.5,31.930639266967773
late,qiu2024,devmap,E9.75,E8.5-R2,45,633746,38216,E9.75,8.5,31.725671768188477
late,qiu2024,devmap,E9.75,E8.5-R2,46,633746,38216,E9.75,8.5,32.219482421875
late,qiu2024,devmap,E9.75,E8.5-R2,47,633746,38216,E9.75,8.5,32.376731872558594
late,qiu2024,devmap,E9.75,E8.5-R2,48,633746,38216,E9.75,8.5,32.4798583984375
late,qiu2024,devmap,E9.75,E8.5-R2,49,633746,38216,E9.75,8.5,32.745445251464844
late,qiu2024,devmap,E9.75,E8.5-R3,0,633746,27743,E9.75,8.5,33.09720230102539
late,qiu2024,devmap,E9.75,E8.5-R3,1,633746,27743,E9.75,8.5,32.26220703125
late,qiu2024,devmap,E9.75,E8.5-R3,2,633746,27743,E9.75,8.5,33.75128173828125
late,qiu2024,devmap,E9.75,E8.5-R3,3,633746,27743,E9.75,8.5,33.10795211791992
late,qiu2024,devmap,E9.75,E8.5-R3,4,633746,27743,E9.75,8.5,32.6910514831543
late,qiu2024,devmap,E9.75,E8.5-R3,5,633746,27743,E9.75,8.5,32.62226104736328
late,qiu2024,devmap,E9.75,E8.5-R3,6,633746,27743,E9.75,8.5,31.885940551757812
late,qiu2024,devmap,E9.75,E8.5-R3,7,633746,27743,E9.75,8.5,33.0697021484375
late,qiu2024,devmap,E9.75,E8.5-R3,8,633746,27743,E9.75,8.5,32.92619323730469
late,qiu2024,devmap,E9.75,E8.5-R3,9,633746,27743,E9.75,8.5,32.87961196899414
late,qiu2024,devmap,E9.75,E8.5-R3,10,633746,27743,E9.75,8.5,32.98890686035156
late,qiu2024,devmap,E9.75,E8.5-R3,11,633746,27743,E9.75,8.5,32.69768142700195
late,qiu2024,devmap,E9.75,E8.5-R3,12,633746,27743,E9.75,8.5,32.94353103637695
late,qiu2024,devmap,E9.75,E8.5-R3,13,633746,27743,E9.75,8.5,34.27727508544922
late,qiu2024,devmap,E9.75,E8.5-R3,14,633746,27743,E9.75,8.5,32.63882064819336
late,qiu2024,devmap,E9.75,E8.5-R3,15,633746,27743,E9.75,8.5,33.44997787475586
late,qiu2024,devmap,E9.75,E8.5-R3,16,633746,27743,E9.75,8.5,32.57294464111328
late,qiu2024,devmap,E9.75,E8.5-R3,17,633746,27743,E9.75,8.5,33.065467834472656
late,qiu2024,devmap,E9.75,E8.5-R3,18,633746,27743,E9.75,8.5,31.998563766479492
late,qiu2024,devmap,E9.75,E8.5-R3,19,633746,27743,E9.75,8.5,32.79869079589844
late,qiu2024,devmap,E9.75,E8.5-R3,20,633746,27743,E9.75,8.5,32.841251373291016
late,qiu2024,devmap,E9.75,E8.5-R3,21,633746,27743,E9.75,8.5,33.682647705078125
late,qiu2024,devmap,E9.75,E8.5-R3,22,633746,27743,E9.75,8.5,33.62450408935547
late,qiu2024,devmap,E9.75,E8.5-R3,23,633746,27743,E9.75,8.5,33.083011627197266
late,qiu2024,devmap,E9.75,E8.5-R3,24,633746,27743,E9.75,8.5,33.71506118774414
late,qiu2024,devmap,E9.75,E8.5-R3,25,633746,27743,E9.75,8.5,32.769630432128906
late,qiu2024,devmap,E9.75,E8.5-R3,26,633746,27743,E9.75,8.5,33.35131072998047
late,qiu2024,devmap,E9.75,E8.5-R3,27,633746,27743,E9.75,8.5,33.31086730957031
late,qiu2024,devmap,E9.75,E8.5-R3,28,633746,27743,E9.75,8.5,32.42133712768555
late,qiu2024,devmap,E9.75,E8.5-R3,29,633746,27743,E9.75,8.5,33.05449676513672
late,qiu2024,devmap,E9.75,E8.5-R3,30,633746,27743,E9.75,8.5,32.786067962646484
late,qiu2024,devmap,E9.75,E8.5-R3,31,633746,27743,E9.75,8.5,33.54535675048828
late,qiu2024,devmap,E9.75,E8.5-R3,32,633746,27743,E9.75,8.5,32.42035675048828
late,qiu2024,devmap,E9.75,E8.5-R3,33,633746,27743,E9.75,8.5,33.41891860961914
late,qiu2024,devmap,E9.75,E8.5-R3,34,633746,27743,E9.75,8.5,33.198204040527344
late,qiu2024,devmap,E9.75,E8.5-R3,35,633746,27743,E9.75,8.5,33.04227066040039
late,qiu2024,devmap,E9.75,E8.5-R3,36,633746,27743,E9.75,8.5,34.14939880371094
late,qiu2024,devmap,E9.75,E8.5-R3,37,633746,27743,E9.75,8.5,32.5438117980957
late,qiu2024,devmap,E9.75,E8.5-R3,38,633746,27743,E9.75,8.5,33.233219146728516
late,qiu2024,devmap,E9.75,E8.5-R3,39,633746,27743,E9.75,8.5,32.97480392456055
late,qiu2024,devmap,E9.75,E8.5-R3,40,633746,27743,E9.75,8.5,33.68756866455078
late,qiu2024,devmap,E9.75,E8.5-R3,41,633746,27743,E9.75,8.5,34.853424072265625
late,qiu2024,devmap,E9.75,E8.5-R3,42,633746,27743,E9.75,8.5,32.264366149902344
late,qiu2024,devmap,E9.75,E8.5-R3,43,633746,27743,E9.75,8.5,33.14603805541992
late,qiu2024,devmap,E9.75,E8.5-R3,44,633746,27743,E9.75,8.5,32.89484405517578
late,qiu2024,devmap,E9.75,E8.5-R3,45,633746,27743,E9.75,8.5,32.72628402709961
late,qiu2024,devmap,E9.75,E8.5-R3,46,633746,27743,E9.75,8.5,32.9653434753418
late,qiu2024,devmap,E9.75,E8.5-R3,47,633746,27743,E9.75,8.5,32.82576370239258
late,qiu2024,devmap,E9.75,E8.5-R3,48,633746,27743,E9.75,8.5,33.71175765991211
late,qiu2024,devmap,E9.75,E8.5-R3,49,633746,27743,E9.75,8.5,33.0031852722168
late,qiu2024,devmap,E9.75,E9.0-R1,0,633746,92063,E9.75,9.0,24.968215942382812
late,qiu2024,devmap,E9.75,E9.0-R1,1,633746,92063,E9.75,9.0,25.07529067993164
late,qiu2024,devmap,E9.75,E9.0-R1,2,633746,92063,E9.75,9.0,24.01815414428711
late,qiu2024,devmap,E9.75,E9.0-R1,3,633746,92063,E9.75,9.0,24.387420654296875
late,qiu2024,devmap,E9.75,E9.0-R1,4,633746,92063,E9.75,9.0,25.514545440673828
late,qiu2024,devmap,E9.75,E9.0-R1,5,633746,92063,E9.75,9.0,24.71475601196289
late,qiu2024,devmap,E9.75,E9.0-R1,6,633746,92063,E9.75,9.0,24.866016387939453
late,qiu2024,devmap,E9.75,E9.0-R1,7,633746,92063,E9.75,9.0,25.72653579711914
late,qiu2024,devmap,E9.75,E9.0-R1,8,633746,92063,E9.75,9.0,25.35957908630371
late,qiu2024,devmap,E9.75,E9.0-R1,9,633746,92063,E9.75,9.0,25.352806091308594
late,qiu2024,devmap,E9.75,E9.0-R1,10,633746,92063,E9.75,9.0,25.141937255859375
late,qiu2024,devmap,E9.75,E9.0-R1,11,633746,92063,E9.75,9.0,25.020549774169922
late,qiu2024,devmap,E9.75,E9.0-R1,12,633746,92063,E9.75,9.0,24.45150375366211
late,qiu2024,devmap,E9.75,E9.0-R1,13,633746,92063,E9.75,9.0,24.796161651611328
late,qiu2024,devmap,E9.75,E9.0-R1,14,633746,92063,E9.75,9.0,24.436206817626953
late,qiu2024,devmap,E9.75,E9.0-R1,15,633746,92063,E9.75,9.0,24.622142791748047
late,qiu2024,devmap,E9.75,E9.0-R1,16,633746,92063,E9.75,9.0,25.307415008544922
late,qiu2024,devmap,E9.75,E9.0-R1,17,633746,92063,E9.75,9.0,24.77758026123047
late,qiu2024,devmap,E9.75,E9.0-R1,18,633746,92063,E9.75,9.0,25.46841812133789
late,qiu2024,devmap,E9.75,E9.0-R1,19,633746,92063,E9.75,9.0,24.09789276123047
late,qiu2024,devmap,E9.75,E9.0-R1,20,633746,92063,E9.75,9.0,24.75370216369629
late,qiu2024,devmap,E9.75,E9.0-R1,21,633746,92063,E9.75,9.0,24.88436508178711
late,qiu2024,devmap,E9.75,E9.0-R1,22,633746,92063,E9.75,9.0,25.358295440673828
late,qiu2024,devmap,E9.75,E9.0-R1,23,633746,92063,E9.75,9.0,25.483539581298828
late,qiu2024,devmap,E9.75,E9.0-R1,24,633746,92063,E9.75,9.0,24.602455139160156
late,qiu2024,devmap,E9.75,E9.0-R1,25,633746,92063,E9.75,9.0,25.2216796875
late,qiu2024,devmap,E9.75,E9.0-R1,26,633746,92063,E9.75,9.0,24.565994262695312
late,qiu2024,devmap,E9.75,E9.0-R1,27,633746,92063,E9.75,9.0,25.44357681274414
late,qiu2024,devmap,E9.75,E9.0-R1,28,633746,92063,E9.75,9.0,24.15709686279297
late,qiu2024,devmap,E9.75,E9.0-R1,29,633746,92063,E9.75,9.0,25.075786590576172
late,qiu2024,devmap,E9.75,E9.0-R1,30,633746,92063,E9.75,9.0,24.288311004638672
late,qiu2024,devmap,E9.75,E9.0-R1,31,633746,92063,E9.75,9.0,25.14327049255371
late,qiu2024,devmap,E9.75,E9.0-R1,32,633746,92063,E9.75,9.0,24.65639877319336
late,qiu2024,devmap,E9.75,E9.0-R1,33,633746,92063,E9.75,9.0,25.164756774902344
late,qiu2024,devmap,E9.75,E9.0-R1,34,633746,92063,E9.75,9.0,25.423091888427734
late,qiu2024,devmap,E9.75,E9.0-R1,35,633746,92063,E9.75,9.0,25.487342834472656
late,qiu2024,devmap,E9.75,E9.0-R1,36,633746,92063,E9.75,9.0,25.17639923095703
late,qiu2024,devmap,E9.75,E9.0-R1,37,633746,92063,E9.75,9.0,24.85993194580078
late,qiu2024,devmap,E9.75,E9.0-R1,38,633746,92063,E9.75,9.0,25.327064514160156
late,qiu2024,devmap,E9.75,E9.0-R1,39,633746,92063,E9.75,9.0,24.88104820251465
late,qiu2024,devmap,E9.75,E9.0-R1,40,633746,92063,E9.75,9.0,25.052875518798828
late,qiu2024,devmap,E9.75,E9.0-R1,41,633746,92063,E9.75,9.0,25.33588409423828
late,qiu2024,devmap,E9.75,E9.0-R1,42,633746,92063,E9.75,9.0,25.323856353759766
late,qiu2024,devmap,E9.75,E9.0-R1,43,633746,92063,E9.75,9.0,26.260761260986328
late,qiu2024,devmap,E9.75,E9.0-R1,44,633746,92063,E9.75,9.0,25.066511154174805
late,qiu2024,devmap,E9.75,E9.0-R1,45,633746,92063,E9.75,9.0,25.356693267822266
late,qiu2024,devmap,E9.75,E9.0-R1,46,633746,92063,E9.75,9.0,25.306785583496094
late,qiu2024,devmap,E9.75,E9.0-R1,47,633746,92063,E9.75,9.0,24.77817726135254
late,qiu2024,devmap,E9.75,E9.0-R1,48,633746,92063,E9.75,9.0,24.702058792114258
late,qiu2024,devmap,E9.75,E9.0-R1,49,633746,92063,E9.75,9.0,25.33041000366211
late,qiu2024,devmap,E9.75,E9.0-R2,0,633746,99878,E9.75,9.0,22.491640090942383
late,qiu2024,devmap,E9.75,E9.0-R2,1,633746,99878,E9.75,9.0,23.851417541503906
late,qiu2024,devmap,E9.75,E9.0-R2,2,633746,99878,E9.75,9.0,22.563936233520508
late,qiu2024,devmap,E9.75,E9.0-R2,3,633746,99878,E9.75,9.0,22.81304931640625
late,qiu2024,devmap,E9.75,E9.0-R2,4,633746,99878,E9.75,9.0,22.500186920166016
late,qiu2024,devmap,E9.75,E9.0-R2,5,633746,99878,E9.75,9.0,23.042015075683594
late,qiu2024,devmap,E9.75,E9.0-R2,6,633746,99878,E9.75,9.0,22.5211124420166
late,qiu2024,devmap,E9.75,E9.0-R2,7,633746,99878,E9.75,9.0,23.02273941040039
late,qiu2024,devmap,E9.75,E9.0-R2,8,633746,99878,E9.75,9.0,22.819080352783203
late,qiu2024,devmap,E9.75,E9.0-R2,9,633746,99878,E9.75,9.0,22.890600204467773
late,qiu2024,devmap,E9.75,E9.0-R2,10,633746,99878,E9.75,9.0,23.29728889465332
late,qiu2024,devmap,E9.75,E9.0-R2,11,633746,99878,E9.75,9.0,22.159345626831055
late,qiu2024,devmap,E9.75,E9.0-R2,12,633746,99878,E9.75,9.0,23.127178192138672
late,qiu2024,devmap,E9.75,E9.0-R2,13,633746,99878,E9.75,9.0,22.62813949584961
late,qiu2024,devmap,E9.75,E9.0-R2,14,633746,99878,E9.75,9.0,23.023439407348633
late,qiu2024,devmap,E9.75,E9.0-R2,15,633746,99878,E9.75,9.0,22.394729614257812
late,qiu2024,devmap,E9.75,E9.0-R2,16,633746,99878,E9.75,9.0,23.156272888183594
late,qiu2024,devmap,E9.75,E9.0-R2,17,633746,99878,E9.75,9.0,22.43115234375
late,qiu2024,devmap,E9.75,E9.0-R2,18,633746,99878,E9.75,9.0,22.66434669494629
late,qiu2024,devmap,E9.75,E9.0-R2,19,633746,99878,E9.75,9.0,22.398937225341797
late,qiu2024,devmap,E9.75,E9.0-R2,20,633746,99878,E9.75,9.0,22.564647674560547
late,qiu2024,devmap,E9.75,E9.0-R2,21,633746,99878,E9.75,9.0,22.535320281982422
late,qiu2024,devmap,E9.75,E9.0-R2,22,633746,99878,E9.75,9.0,22.876953125
late,qiu2024,devmap,E9.75,E9.0-R2,23,633746,99878,E9.75,9.0,22.704082489013672
late,qiu2024,devmap,E9.75,E9.0-R2,24,633746,99878,E9.75,9.0,22.82918930053711
late,qiu2024,devmap,E9.75,E9.0-R2,25,633746,99878,E9.75,9.0,22.155345916748047
late,qiu2024,devmap,E9.75,E9.0-R2,26,633746,99878,E9.75,9.0,22.93941879272461
late,qiu2024,devmap,E9.75,E9.0-R2,27,633746,99878,E9.75,9.0,22.642314910888672
late,qiu2024,devmap,E9.75,E9.0-R2,28,633746,99878,E9.75,9.0,23.342575073242188
late,qiu2024,devmap,E9.75,E9.0-R2,29,633746,99878,E9.75,9.0,22.69595718383789
late,qiu2024,devmap,E9.75,E9.0-R2,30,633746,99878,E9.75,9.0,22.984188079833984
late,qiu2024,devmap,E9.75,E9.0-R2,31,633746,99878,E9.75,9.0,22.391582489013672
late,qiu2024,devmap,E9.75,E9.0-R2,32,633746,99878,E9.75,9.0,21.974822998046875
late,qiu2024,devmap,E9.75,E9.0-R2,33,633746,99878,E9.75,9.0,23.009702682495117
late,qiu2024,devmap,E9.75,E9.0-R2,34,633746,99878,E9.75,9.0,22.816425323486328
late,qiu2024,devmap,E9.75,E9.0-R2,35,633746,99878,E9.75,9.0,22.294757843017578
late,qiu2024,devmap,E9.75,E9.0-R2,36,633746,99878,E9.75,9.0,23.367145538330078
late,qiu2024,devmap,E9.75,E9.0-R2,37,633746,99878,E9.75,9.0,22.362545013427734
late,qiu2024,devmap,E9.75,E9.0-R2,38,633746,99878,E9.75,9.0,22.66583251953125
late,qiu2024,devmap,E9.75,E9.0-R2,39,633746,99878,E9.75,9.0,23.262880325317383
late,qiu2024,devmap,E9.75,E9.0-R2,40,633746,99878,E9.75,9.0,23.129852294921875
late,qiu2024,devmap,E9.75,E9.0-R2,41,633746,99878,E9.75,9.0,23.288414001464844
late,qiu2024,devmap,E9.75,E9.0-R2,42,633746,99878,E9.75,9.0,23.064922332763672
late,qiu2024,devmap,E9.75,E9.0-R2,43,633746,99878,E9.75,9.0,22.874692916870117
late,qiu2024,devmap,E9.75,E9.0-R2,44,633746,99878,E9.75,9.0,22.5703125
late,qiu2024,devmap,E9.75,E9.0-R2,45,633746,99878,E9.75,9.0,23.408100128173828
late,qiu2024,devmap,E9.75,E9.0-R2,46,633746,99878,E9.75,9.0,22.56208610534668
late,qiu2024,devmap,E9.75,E9.0-R2,47,633746,99878,E9.75,9.0,22.346975326538086
late,qiu2024,devmap,E9.75,E9.0-R2,48,633746,99878,E9.75,9.0,23.374103546142578
late,qiu2024,devmap,E9.75,E9.0-R2,49,633746,99878,E9.75,9.0,22.251296997070312
late,qiu2024,devmap,E9.75,E9.0-R3,0,633746,62867,E9.75,9.0,28.435604095458984
late,qiu2024,devmap,E9.75,E9.0-R3,1,633746,62867,E9.75,9.0,28.273313522338867
late,qiu2024,devmap,E9.75,E9.0-R3,2,633746,62867,E9.75,9.0,28.96647071838379
late,qiu2024,devmap,E9.75,E9.0-R3,3,633746,62867,E9.75,9.0,27.994596481323242
late,qiu2024,devmap,E9.75,E9.0-R3,4,633746,62867,E9.75,9.0,27.95532989501953
late,qiu2024,devmap,E9.75,E9.0-R3,5,633746,62867,E9.75,9.0,28.435298919677734
late,qiu2024,devmap,E9.75,E9.0-R3,6,633746,62867,E9.75,9.0,28.278270721435547
late,qiu2024,devmap,E9.75,E9.0-R3,7,633746,62867,E9.75,9.0,28.068252563476562
late,qiu2024,devmap,E9.75,E9.0-R3,8,633746,62867,E9.75,9.0,27.661224365234375
late,qiu2024,devmap,E9.75,E9.0-R3,9,633746,62867,E9.75,9.0,28.3068790435791
late,qiu2024,devmap,E9.75,E9.0-R3,10,633746,62867,E9.75,9.0,27.864713668823242
late,qiu2024,devmap,E9.75,E9.0-R3,11,633746,62867,E9.75,9.0,28.274261474609375
late,qiu2024,devmap,E9.75,E9.0-R3,12,633746,62867,E9.75,9.0,28.062484741210938
late,qiu2024,devmap,E9.75,E9.0-R3,13,633746,62867,E9.75,9.0,27.78752899169922
late,qiu2024,devmap,E9.75,E9.0-R3,14,633746,62867,E9.75,9.0,28.139286041259766
late,qiu2024,devmap,E9.75,E9.0-R3,15,633746,62867,E9.75,9.0,28.688127517700195
late,qiu2024,devmap,E9.75,E9.0-R3,16,633746,62867,E9.75,9.0,28.268224716186523
late,qiu2024,devmap,E9.75,E9.0-R3,17,633746,62867,E9.75,9.0,28.24884605407715
late,qiu2024,devmap,E9.75,E9.0-R3,18,633746,62867,E9.75,9.0,28.53535270690918
late,qiu2024,devmap,E9.75,E9.0-R3,19,633746,62867,E9.75,9.0,27.97281265258789
late,qiu2024,devmap,E9.75,E9.0-R3,20,633746,62867,E9.75,9.0,28.469078063964844
late,qiu2024,devmap,E9.75,E9.0-R3,21,633746,62867,E9.75,9.0,28.40847396850586
late,qiu2024,devmap,E9.75,E9.0-R3,22,633746,62867,E9.75,9.0,28.677108764648438
late,qiu2024,devmap,E9.75,E9.0-R3,23,633746,62867,E9.75,9.0,28.662826538085938
late,qiu2024,devmap,E9.75,E9.0-R3,24,633746,62867,E9.75,9.0,28.14552116394043
late,qiu2024,devmap,E9.75,E9.0-R3,25,633746,62867,E9.75,9.0,28.226730346679688
late,qiu2024,devmap,E9.75,E9.0-R3,26,633746,62867,E9.75,9.0,28.18324089050293
late,qiu2024,devmap,E9.75,E9.0-R3,27,633746,62867,E9.75,9.0,27.977550506591797
late,qiu2024,devmap,E9.75,E9.0-R3,28,633746,62867,E9.75,9.0,27.78070640563965
late,qiu2024,devmap,E9.75,E9.0-R3,29,633746,62867,E9.75,9.0,28.102256774902344
late,qiu2024,devmap,E9.75,E9.0-R3,30,633746,62867,E9.75,9.0,27.84607696533203
late,qiu2024,devmap,E9.75,E9.0-R3,31,633746,62867,E9.75,9.0,27.88156509399414
late,qiu2024,devmap,E9.75,E9.0-R3,32,633746,62867,E9.75,9.0,28.02927017211914
late,qiu2024,devmap,E9.75,E9.0-R3,33,633746,62867,E9.75,9.0,29.066251754760742
late,qiu2024,devmap,E9.75,E9.0-R3,34,633746,62867,E9.75,9.0,28.099151611328125
late,qiu2024,devmap,E9.75,E9.0-R3,35,633746,62867,E9.75,9.0,29.206546783447266
late,qiu2024,devmap,E9.75,E9.0-R3,36,633746,62867,E9.75,9.0,28.14388656616211
late,qiu2024,devmap,E9.75,E9.0-R3,37,633746,62867,E9.75,9.0,27.320823669433594
late,qiu2024,devmap,E9.75,E9.0-R3,38,633746,62867,E9.75,9.0,28.410356521606445
late,qiu2024,devmap,E9.75,E9.0-R3,39,633746,62867,E9.75,9.0,28.171323776245117
late,qiu2024,devmap,E9.75,E9.0-R3,40,633746,62867,E9.75,9.0,27.893207550048828
late,qiu2024,devmap,E9.75,E9.0-R3,41,633746,62867,E9.75,9.0,28.007518768310547
late,qiu2024,devmap,E9.75,E9.0-R3,42,633746,62867,E9.75,9.0,28.771350860595703
late,qiu2024,devmap,E9.75,E9.0-R3,43,633746,62867,E9.75,9.0,27.56385612487793
late,qiu2024,devmap,E9.75,E9.0-R3,44,633746,62867,E9.75,9.0,28.217247009277344
late,qiu2024,devmap,E9.75,E9.0-R3,45,633746,62867,E9.75,9.0,27.89299774169922
late,qiu2024,devmap,E9.75,E9.0-R3,46,633746,62867,E9.75,9.0,27.44430160522461
late,qiu2024,devmap,E9.75,E9.0-R3,47,633746,62867,E9.75,9.0,29.070758819580078
late,qiu2024,devmap,E9.75,E9.0-R3,48,633746,62867,E9.75,9.0,27.909982681274414
late,qiu2024,devmap,E9.75,E9.0-R3,49,633746,62867,E9.75,9.0,28.263080596923828
late,qiu2024,devmap,E9.75,E9.5-R1,0,633746,383453,E9.75,9.5,20.301883697509766
late,qiu2024,devmap,E9.75,E9.5-R1,1,633746,383453,E9.75,9.5,20.439876556396484
late,qiu2024,devmap,E9.75,E9.5-R1,2,633746,383453,E9.75,9.5,20.058561325073242
late,qiu2024,devmap,E9.75,E9.5-R1,3,633746,383453,E9.75,9.5,20.199081420898438
late,qiu2024,devmap,E9.75,E9.5-R1,4,633746,383453,E9.75,9.5,20.230350494384766
late,qiu2024,devmap,E9.75,E9.5-R1,5,633746,383453,E9.75,9.5,20.288211822509766
late,qiu2024,devmap,E9.75,E9.5-R1,6,633746,383453,E9.75,9.5,20.499980926513672
late,qiu2024,devmap,E9.75,E9.5-R1,7,633746,383453,E9.75,9.5,20.578580856323242
late,qiu2024,devmap,E9.75,E9.5-R1,8,633746,383453,E9.75,9.5,20.677196502685547
late,qiu2024,devmap,E9.75,E9.5-R1,9,633746,383453,E9.75,9.5,19.98444938659668
late,qiu2024,devmap,E9.75,E9.5-R1,10,633746,383453,E9.75,9.5,20.733076095581055
late,qiu2024,devmap,E9.75,E9.5-R1,11,633746,383453,E9.75,9.5,19.622802734375
late,qiu2024,devmap,E9.75,E9.5-R1,12,633746,383453,E9.75,9.5,19.899166107177734
late,qiu2024,devmap,E9.75,E9.5-R1,13,633746,383453,E9.75,9.5,20.812335968017578
late,qiu2024,devmap,E9.75,E9.5-R1,14,633746,383453,E9.75,9.5,19.94818115234375
late,qiu2024,devmap,E9.75,E9.5-R1,15,633746,383453,E9.75,9.5,20.152109146118164
late,qiu2024,devmap,E9.75,E9.5-R1,16,633746,383453,E9.75,9.5,19.80912208557129
late,qiu2024,devmap,E9.75,E9.5-R1,17,633746,383453,E9.75,9.5,19.813941955566406
late,qiu2024,devmap,E9.75,E9.5-R1,18,633746,383453,E9.75,9.5,20.18663215637207
late,qiu2024,devmap,E9.75,E9.5-R1,19,633746,383453,E9.75,9.5,19.79620361328125
late,qiu2024,devmap,E9.75,E9.5-R1,20,633746,383453,E9.75,9.5,20.194561004638672
late,qiu2024,devmap,E9.75,E9.5-R1,21,633746,383453,E9.75,9.5,20.347076416015625
late,qiu2024,devmap,E9.75,E9.5-R1,22,633746,383453,E9.75,9.5,19.88491439819336
late,qiu2024,devmap,E9.75,E9.5-R1,23,633746,383453,E9.75,9.5,20.168914794921875
late,qiu2024,devmap,E9.75,E9.5-R1,24,633746,383453,E9.75,9.5,20.531230926513672
late,qiu2024,devmap,E9.75,E9.5-R1,25,633746,383453,E9.75,9.5,20.62723159790039
late,qiu2024,devmap,E9.75,E9.5-R1,26,633746,383453,E9.75,9.5,20.21141815185547
late,qiu2024,devmap,E9.75,E9.5-R1,27,633746,383453,E9.75,9.5,20.69750213623047
late,qiu2024,devmap,E9.75,E9.5-R1,28,633746,383453,E9.75,9.5,20.03414535522461
late,qiu2024,devmap,E9.75,E9.5-R1,29,633746,383453,E9.75,9.5,20.819713592529297
late,qiu2024,devmap,E9.75,E9.5-R1,30,633746,383453,E9.75,9.5,20.773557662963867
late,qiu2024,devmap,E9.75,E9.5-R1,31,633746,383453,E9.75,9.5,20.429462432861328
late,qiu2024,devmap,E9.75,E9.5-R1,32,633746,383453,E9.75,9.5,20.168193817138672
late,qiu2024,devmap,E9.75,E9.5-R1,33,633746,383453,E9.75,9.5,20.8212833404541
late,qiu2024,devmap,E9.75,E9.5-R1,34,633746,383453,E9.75,9.5,20.48431396484375
late,qiu2024,devmap,E9.75,E9.5-R1,35,633746,383453,E9.75,9.5,20.512317657470703
late,qiu2024,devmap,E9.75,E9.5-R1,36,633746,383453,E9.75,9.5,20.484268188476562
late,qiu2024,devmap,E9.75,E9.5-R1,37,633746,383453,E9.75,9.5,20.25993537902832
late,qiu2024,devmap,E9.75,E9.5-R1,38,633746,383453,E9.75,9.5,19.878589630126953
late,qiu2024,devmap,E9.75,E9.5-R1,39,633746,383453,E9.75,9.5,20.12078857421875
late,qiu2024,devmap,E9.75,E9.5-R1,40,633746,383453,E9.75,9.5,20.097814559936523
late,qiu2024,devmap,E9.75,E9.5-R1,41,633746,383453,E9.75,9.5,20.444793701171875
late,qiu2024,devmap,E9.75,E9.5-R1,42,633746,383453,E9.75,9.5,20.59637451171875
late,qiu2024,devmap,E9.75,E9.5-R1,43,633746,383453,E9.75,9.5,20.176088333129883
late,qiu2024,devmap,E9.75,E9.5-R1,44,633746,383453,E9.75,9.5,20.426715850830078
late,qiu2024,devmap,E9.75,E9.5-R1,45,633746,383453,E9.75,9.5,20.883037567138672
late,qiu2024,devmap,E9.75,E9.5-R1,46,633746,383453,E9.75,9.5,20.683277130126953
late,qiu2024,devmap,E9.75,E9.5-R1,47,633746,383453,E9.75,9.5,20.403696060180664
late,qiu2024,devmap,E9.75,E9.5-R1,48,633746,383453,E9.75,9.5,19.668476104736328
late,qiu2024,devmap,E9.75,E9.5-R1,49,633746,383453,E9.75,9.5,20.612049102783203
late,qiu2024,devmap,E9.75,E9.5-R2,0,633746,350716,E9.75,9.5,20.301025390625
late,qiu2024,devmap,E9.75,E9.5-R2,1,633746,350716,E9.75,9.5,20.435874938964844
late,qiu2024,devmap,E9.75,E9.5-R2,2,633746,350716,E9.75,9.5,20.52649688720703
late,qiu2024,devmap,E9.75,E9.5-R2,3,633746,350716,E9.75,9.5,20.893287658691406
late,qiu2024,devmap,E9.75,E9.5-R2,4,633746,350716,E9.75,9.5,20.848384857177734
late,qiu2024,devmap,E9.75,E9.5-R2,5,633746,350716,E9.75,9.5,21.506746292114258
late,qiu2024,devmap,E9.75,E9.5-R2,6,633746,350716,E9.75,9.5,20.203493118286133
late,qiu2024,devmap,E9.75,E9.5-R2,7,633746,350716,E9.75,9.5,20.3754940032959
late,qiu2024,devmap,E9.75,E9.5-R2,8,633746,350716,E9.75,9.5,20.612199783325195
late,qiu2024,devmap,E9.75,E9.5-R2,9,633746,350716,E9.75,9.5,20.090904235839844
late,qiu2024,devmap,E9.75,E9.5-R2,10,633746,350716,E9.75,9.5,20.10980987548828
late,qiu2024,devmap,E9.75,E9.5-R2,11,633746,350716,E9.75,9.5,20.010295867919922
late,qiu2024,devmap,E9.75,E9.5-R2,12,633746,350716,E9.75,9.5,20.919719696044922
late,qiu2024,devmap,E9.75,E9.5-R2,13,633746,350716,E9.75,9.5,20.34157371520996
late,qiu2024,devmap,E9.75,E9.5-R2,14,633746,350716,E9.75,9.5,20.567317962646484
late,qiu2024,devmap,E9.75,E9.5-R2,15,633746,350716,E9.75,9.5,19.807151794433594
late,qiu2024,devmap,E9.75,E9.5-R2,16,633746,350716,E9.75,9.5,20.615493774414062
late,qiu2024,devmap,E9.75,E9.5-R2,17,633746,350716,E9.75,9.5,20.80120849609375
late,qiu2024,devmap,E9.75,E9.5-R2,18,633746,350716,E9.75,9.5,20.89932632446289
late,qiu2024,devmap,E9.75,E9.5-R2,19,633746,350716,E9.75,9.5,20.33473777770996
late,qiu2024,devmap,E9.75,E9.5-R2,20,633746,350716,E9.75,9.5,20.3753604888916
late,qiu2024,devmap,E9.75,E9.5-R2,21,633746,350716,E9.75,9.5,20.360891342163086
late,qiu2024,devmap,E9.75,E9.5-R2,22,633746,350716,E9.75,9.5,20.297367095947266
late,qiu2024,devmap,E9.75,E9.5-R2,23,633746,350716,E9.75,9.5,20.6475830078125
late,qiu2024,devmap,E9.75,E9.5-R2,24,633746,350716,E9.75,9.5,21.363048553466797
late,qiu2024,devmap,E9.75,E9.5-R2,25,633746,350716,E9.75,9.5,20.574913024902344
late,qiu2024,devmap,E9.75,E9.5-R2,26,633746,350716,E9.75,9.5,20.862957000732422
late,qiu2024,devmap,E9.75,E9.5-R2,27,633746,350716,E9.75,9.5,20.3883056640625
late,qiu2024,devmap,E9.75,E9.5-R2,28,633746,350716,E9.75,9.5,21.22606658935547
late,qiu2024,devmap,E9.75,E9.5-R2,29,633746,350716,E9.75,9.5,20.147212982177734
late,qiu2024,devmap,E9.75,E9.5-R2,30,633746,350716,E9.75,9.5,20.768817901611328
late,qiu2024,devmap,E9.75,E9.5-R2,31,633746,350716,E9.75,9.5,20.550729751586914
late,qiu2024,devmap,E9.75,E9.5-R2,32,633746,350716,E9.75,9.5,20.409149169921875
late,qiu2024,devmap,E9.75,E9.5-R2,33,633746,350716,E9.75,9.5,20.785310745239258
late,qiu2024,devmap,E9.75,E9.5-R2,34,633746,350716,E9.75,9.5,21.043079376220703
late,qiu2024,devmap,E9.75,E9.5-R2,35,633746,350716,E9.75,9.5,20.531932830810547
late,qiu2024,devmap,E9.75,E9.5-R2,36,633746,350716,E9.75,9.5,20.03658676147461
late,qiu2024,devmap,E9.75,E9.5-R2,37,633746,350716,E9.75,9.5,20.834890365600586
late,qiu2024,devmap,E9.75,E9.5-R2,38,633746,350716,E9.75,9.5,20.698078155517578
late,qiu2024,devmap,E9.75,E9.5-R2,39,633746,350716,E9.75,9.5,20.511947631835938
late,qiu2024,devmap,E9.75,E9.5-R2,40,633746,350716,E9.75,9.5,20.919925689697266
late,qiu2024,devmap,E9.75,E9.5-R2,41,633746,350716,E9.75,9.5,20.568836212158203
late,qiu2024,devmap,E9.75,E9.5-R2,42,633746,350716,E9.75,9.5,20.660327911376953
late,qiu2024,devmap,E9.75,E9.5-R2,43,633746,350716,E9.75,9.5,20.863018035888672
late,qiu2024,devmap,E9.75,E9.5-R2,44,633746,350716,E9.75,9.5,20.434791564941406
late,qiu2024,devmap,E9.75,E9.5-R2,45,633746,350716,E9.75,9.5,20.201919555664062
late,qiu2024,devmap,E9.75,E9.5-R2,46,633746,350716,E9.75,9.5,20.679096221923828
late,qiu2024,devmap,E9.75,E9.5-R2,47,633746,350716,E9.75,9.5,20.29338836669922
late,qiu2024,devmap,E9.75,E9.5-R2,48,633746,350716,E9.75,9.5,20.448410034179688
late,qiu2024,devmap,E9.75,E9.5-R2,49,633746,350716,E9.75,9.5,20.603355407714844
late,qiu2024,devmap,E9.75,E9.5-R3,0,633746,342873,E9.75,9.5,19.746021270751953
late,qiu2024,devmap,E9.75,E9.5-R3,1,633746,342873,E9.75,9.5,19.679306030273438
late,qiu2024,devmap,E9.75,E9.5-R3,2,633746,342873,E9.75,9.5,20.177204132080078
late,qiu2024,devmap,E9.75,E9.5-R3,3,633746,342873,E9.75,9.5,20.311111450195312
late,qiu2024,devmap,E9.75,E9.5-R3,4,633746,342873,E9.75,9.5,20.87128448486328
late,qiu2024,devmap,E9.75,E9.5-R3,5,633746,342873,E9.75,9.5,20.51559066772461
late,qiu2024,devmap,E9.75,E9.5-R3,6,633746,342873,E9.75,9.5,20.352846145629883
late,qiu2024,devmap,E9.75,E9.5-R3,7,633746,342873,E9.75,9.5,20.40800666809082
late,qiu2024,devmap,E9.75,E9.5-R3,8,633746,342873,E9.75,9.5,19.95707893371582
late,qiu2024,devmap,E9.75,E9.5-R3,9,633746,342873,E9.75,9.5,19.433868408203125
late,qiu2024,devmap,E9.75,E9.5-R3,10,633746,342873,E9.75,9.5,19.563232421875
late,qiu2024,devmap,E9.75,E9.5-R3,11,633746,342873,E9.75,9.5,20.183576583862305
late,qiu2024,devmap,E9.75,E9.5-R3,12,633746,342873,E9.75,9.5,19.904827117919922
late,qiu2024,devmap,E9.75,E9.5-R3,13,633746,342873,E9.75,9.5,19.824413299560547
late,qiu2024,devmap,E9.75,E9.5-R3,14,633746,342873,E9.75,9.5,19.819332122802734
late,qiu2024,devmap,E9.75,E9.5-R3,15,633746,342873,E9.75,9.5,19.403690338134766
late,qiu2024,devmap,E9.75,E9.5-R3,16,633746,342873,E9.75,9.5,20.796092987060547
late,qiu2024,devmap,E9.75,E9.5-R3,17,633746,342873,E9.75,9.5,19.660890579223633
late,qiu2024,devmap,E9.75,E9.5-R3,18,633746,342873,E9.75,9.5,20.0970401763916
late,qiu2024,devmap,E9.75,E9.5-R3,19,633746,342873,E9.75,9.5,20.33370018005371
late,qiu2024,devmap,E9.75,E9.5-R3,20,633746,342873,E9.75,9.5,19.649274826049805
late,qiu2024,devmap,E9.75,E9.5-R3,21,633746,342873,E9.75,9.5,19.96053695678711
late,qiu2024,devmap,E9.75,E9.5-R3,22,633746,342873,E9.75,9.5,19.8824520111084
late,qiu2024,devmap,E9.75,E9.5-R3,23,633746,342873,E9.75,9.5,19.778799057006836
late,qiu2024,devmap,E9.75,E9.5-R3,24,633746,342873,E9.75,9.5,20.312973022460938
late,qiu2024,devmap,E9.75,E9.5-R3,25,633746,342873,E9.75,9.5,20.354610443115234
late,qiu2024,devmap,E9.75,E9.5-R3,26,633746,342873,E9.75,9.5,20.093292236328125
late,qiu2024,devmap,E9.75,E9.5-R3,27,633746,342873,E9.75,9.5,20.239452362060547
late,qiu2024,devmap,E9.75,E9.5-R3,28,633746,342873,E9.75,9.5,19.82241439819336
late,qiu2024,devmap,E9.75,E9.5-R3,29,633746,342873,E9.75,9.5,20.267778396606445
late,qiu2024,devmap,E9.75,E9.5-R3,30,633746,342873,E9.75,9.5,20.26707649230957
late,qiu2024,devmap,E9.75,E9.5-R3,31,633746,342873,E9.75,9.5,19.69491958618164
late,qiu2024,devmap,E9.75,E9.5-R3,32,633746,342873,E9.75,9.5,19.737106323242188
late,qiu2024,devmap,E9.75,E9.5-R3,33,633746,342873,E9.75,9.5,19.878101348876953
late,qiu2024,devmap,E9.75,E9.5-R3,34,633746,342873,E9.75,9.5,20.182464599609375
late,qiu2024,devmap,E9.75,E9.5-R3,35,633746,342873,E9.75,9.5,19.658748626708984
late,qiu2024,devmap,E9.75,E9.5-R3,36,633746,342873,E9.75,9.5,20.034900665283203
late,qiu2024,devmap,E9.75,E9.5-R3,37,633746,342873,E9.75,9.5,19.703411102294922
late,qiu2024,devmap,E9.75,E9.5-R3,38,633746,342873,E9.75,9.5,19.932254791259766
late,qiu2024,devmap,E9.75,E9.5-R3,39,633746,342873,E9.75,9.5,19.990442276000977
late,qiu2024,devmap,E9.75,E9.5-R3,40,633746,342873,E9.75,9.5,20.129384994506836
late,qiu2024,devmap,E9.75,E9.5-R3,41,633746,342873,E9.75,9.5,19.729413986206055
late,qiu2024,devmap,E9.75,E9.5-R3,42,633746,342873,E9.75,9.5,19.668712615966797
late,qiu2024,devmap,E9.75,E9.5-R3,43,633746,342873,E9.75,9.5,19.958599090576172
late,qiu2024,devmap,E9.75,E9.5-R3,44,633746,342873,E9.75,9.5,19.99337387084961
late,qiu2024,devmap,E9.75,E9.5-R3,45,633746,342873,E9.75,9.5,19.70269203186035
late,qiu2024,devmap,E9.75,E9.5-R3,46,633746,342873,E9.75,9.5,19.743206024169922
late,qiu2024,devmap,E9.75,E9.5-R3,47,633746,342873,E9.75,9.5,20.185386657714844
late,qiu2024,devmap,E9.75,E9.5-R3,48,633746,342873,E9.75,9.5,19.119251251220703
late,qiu2024,devmap,E9.75,E9.5-R3,49,633746,342873,E9.75,9.5,19.817794799804688
late,qiu2024,devmap,E9.75,E10.0-R1,0,633746,347550,E9.75,10.0,21.258647918701172
late,qiu2024,devmap,E9.75,E10.0-R1,1,633746,347550,E9.75,10.0,21.452320098876953
late,qiu2024,devmap,E9.75,E10.0-R1,2,633746,347550,E9.75,10.0,21.37057113647461
late,qiu2024,devmap,E9.75,E10.0-R1,3,633746,347550,E9.75,10.0,21.485790252685547
late,qiu2024,devmap,E9.75,E10.0-R1,4,633746,347550,E9.75,10.0,21.37789535522461
late,qiu2024,devmap,E9.75,E10.0-R1,5,633746,347550,E9.75,10.0,21.435163497924805
late,qiu2024,devmap,E9.75,E10.0-R1,6,633746,347550,E9.75,10.0,21.483047485351562
late,qiu2024,devmap,E9.75,E10.0-R1,7,633746,347550,E9.75,10.0,21.609750747680664
late,qiu2024,devmap,E9.75,E10.0-R1,8,633746,347550,E9.75,10.0,21.407062530517578
late,qiu2024,devmap,E9.75,E10.0-R1,9,633746,347550,E9.75,10.0,21.59857177734375
late,qiu2024,devmap,E9.75,E10.0-R1,10,633746,347550,E9.75,10.0,21.09471893310547
late,qiu2024,devmap,E9.75,E10.0-R1,11,633746,347550,E9.75,10.0,21.430923461914062
late,qiu2024,devmap,E9.75,E10.0-R1,12,633746,347550,E9.75,10.0,20.834957122802734
late,qiu2024,devmap,E9.75,E10.0-R1,13,633746,347550,E9.75,10.0,21.33782958984375
late,qiu2024,devmap,E9.75,E10.0-R1,14,633746,347550,E9.75,10.0,20.730575561523438
late,qiu2024,devmap,E9.75,E10.0-R1,15,633746,347550,E9.75,10.0,20.77782440185547
late,qiu2024,devmap,E9.75,E10.0-R1,16,633746,347550,E9.75,10.0,20.659805297851562
late,qiu2024,devmap,E9.75,E10.0-R1,17,633746,347550,E9.75,10.0,21.688148498535156
late,qiu2024,devmap,E9.75,E10.0-R1,18,633746,347550,E9.75,10.0,21.212249755859375
late,qiu2024,devmap,E9.75,E10.0-R1,19,633746,347550,E9.75,10.0,21.027223587036133
late,qiu2024,devmap,E9.75,E10.0-R1,20,633746,347550,E9.75,10.0,21.27347183227539
late,qiu2024,devmap,E9.75,E10.0-R1,21,633746,347550,E9.75,10.0,21.74551773071289
late,qiu2024,devmap,E9.75,E10.0-R1,22,633746,347550,E9.75,10.0,21.421688079833984
late,qiu2024,devmap,E9.75,E10.0-R1,23,633746,347550,E9.75,10.0,20.913066864013672
late,qiu2024,devmap,E9.75,E10.0-R1,24,633746,347550,E9.75,10.0,20.96767807006836
late,qiu2024,devmap,E9.75,E10.0-R1,25,633746,347550,E9.75,10.0,21.395427703857422
late,qiu2024,devmap,E9.75,E10.0-R1,26,633746,347550,E9.75,10.0,21.4228572845459
late,qiu2024,devmap,E9.75,E10.0-R1,27,633746,347550,E9.75,10.0,21.268516540527344
late,qiu2024,devmap,E9.75,E10.0-R1,28,633746,347550,E9.75,10.0,21.52467155456543
late,qiu2024,devmap,E9.75,E10.0-R1,29,633746,347550,E9.75,10.0,21.226346969604492
late,qiu2024,devmap,E9.75,E10.0-R1,30,633746,347550,E9.75,10.0,21.24968719482422
late,qiu2024,devmap,E9.75,E10.0-R1,31,633746,347550,E9.75,10.0,20.653263092041016
late,qiu2024,devmap,E9.75,E10.0-R1,32,633746,347550,E9.75,10.0,21.495849609375
late,qiu2024,devmap,E9.75,E10.0-R1,33,633746,347550,E9.75,10.0,21.771900177001953
late,qiu2024,devmap,E9.75,E10.0-R1,34,633746,347550,E9.75,10.0,21.26626968383789
late,qiu2024,devmap,E9.75,E10.0-R1,35,633746,347550,E9.75,10.0,21.416961669921875
late,qiu2024,devmap,E9.75,E10.0-R1,36,633746,347550,E9.75,10.0,21.22126007080078
late,qiu2024,devmap,E9.75,E10.0-R1,37,633746,347550,E9.75,10.0,21.42440414428711
late,qiu2024,devmap,E9.75,E10.0-R1,38,633746,347550,E9.75,10.0,21.021442413330078
late,qiu2024,devmap,E9.75,E10.0-R1,39,633746,347550,E9.75,10.0,20.67898941040039
late,qiu2024,devmap,E9.75,E10.0-R1,40,633746,347550,E9.75,10.0,21.38840103149414
late,qiu2024,devmap,E9.75,E10.0-R1,41,633746,347550,E9.75,10.0,21.485118865966797
late,qiu2024,devmap,E9.75,E10.0-R1,42,633746,347550,E9.75,10.0,20.740184783935547
late,qiu2024,devmap,E9.75,E10.0-R1,43,633746,347550,E9.75,10.0,21.858692169189453
late,qiu2024,devmap,E9.75,E10.0-R1,44,633746,347550,E9.75,10.0,21.068706512451172
late,qiu2024,devmap,E9.75,E10.0-R1,45,633746,347550,E9.75,10.0,21.82801055908203
late,qiu2024,devmap,E9.75,E10.0-R1,46,633746,347550,E9.75,10.0,21.029462814331055
late,qiu2024,devmap,E9.75,E10.0-R1,47,633746,347550,E9.75,10.0,21.414325714111328
late,qiu2024,devmap,E9.75,E10.0-R1,48,633746,347550,E9.75,10.0,21.16349983215332
late,qiu2024,devmap,E9.75,E10.0-R1,49,633746,347550,E9.75,10.0,21.22509765625
