,cell_type,stage,P1,P2,P3,P4,P5,P6,P7,P8,P9,P10,P11,P12,P13,P14,P15,P16,P17,P18,P19,P20,P21,P22,P23,P24,P25,P26,P27,P28,P29,P30,P31,P32,P33,P34,P35,P36,P37,P38,P39,P40,P41,P42,P43,P44,P45,P46,P47,P48,P49,P50,P51,P52,P53,P54,P55,P56,P57,P58,P59,P60,P61,P62,P63,P64,P65,P66,P67,P68,P69,P70,P71,P72,P73,P74,P75,P76
0,Allantoic endothelial progenitor,E8.0,-0.04,0.068,-0.211,0.1,0.202,-0.034,-0.219,-0.001,-0.073,-0.062,-0.231,-0.085,-0.041,-0.113,-0.055,-0.11,-0.044,-0.052,-0.066,-0.05,-0.072,-0.074,-0.048,0.487,-0.075,-0.035,-0.176,-0.038,-0.1,-0.184,-0.023,-0.269,-0.081,-0.08,0.091,-0.032,0.514,0.135,0.243,0.116,0.281,-0.028,-0.023,-0.097,0.054,-0.003,-0.077,0.022,-0.077,-0.083,-0.214,-0.041,-0.02,-0.133,-0.044,-0.104,-0.034,0.355,-0.003,0.014,-0.025,-0.017,-0.008,-0.005,-0.036,0.028,-0.049,-0.038,-0.031,0.054,0.008,-0.149,-0.004,-0.139,-0.058,0.232
1,Allantoic endothelial progenitor,E8.5,-0.048,0.113,-0.181,0.109,0.226,-0.01,-0.247,0.037,-0.078,-0.072,-0.266,-0.105,-0.053,-0.136,-0.072,-0.141,-0.052,-0.065,-0.052,-0.057,-0.094,-0.11,-0.083,0.466,-0.042,-0.04,-0.233,-0.038,-0.109,-0.211,-0.03,-0.343,-0.101,-0.105,0.118,-0.034,0.621,0.158,0.214,0.111,0.285,-0.033,-0.024,-0.129,0.099,-0.006,-0.094,0.053,-0.092,-0.099,-0.139,-0.136,-0.023,-0.175,-0.051,-0.11,-0.043,0.291,0.052,-0.042,-0.029,-0.022,-0.005,-0.008,-0.084,0.016,-0.05,-0.048,-0.025,0.028,-0.016,-0.191,0.014,-0.145,-0.071,0.372
2,Allantoic endothelial progenitor,E9.0,-0.075,0.038,-0.173,0.075,0.174,-0.064,-0.314,-0.044,-0.104,-0.081,-0.282,-0.111,-0.064,-0.141,-0.087,-0.148,-0.065,-0.072,-0.043,-0.057,-0.095,-0.104,-0.071,0.695,-0.05,-0.047,-0.227,-0.052,-0.23,-0.219,-0.041,-0.347,-0.093,-0.116,0.119,-0.051,0.846,0.15,0.158,0.154,0.111,-0.043,-0.031,-0.151,0.011,-0.066,-0.094,0.07,-0.101,-0.114,-0.107,-0.12,-0.053,-0.186,-0.065,-0.119,-0.048,0.438,0.038,0.009,-0.037,-0.029,-0.011,-0.012,-0.096,0.021,-0.056,-0.059,-0.018,-0.06,-0.026,-0.227,0.024,-0.126,-0.08,0.538
3,Allantoic endothelial progenitor,E10.0,-0.033,-0.119,-0.323,0.085,0.25,-0.106,-0.122,0.129,-0.139,-0.065,-0.347,-0.125,-0.051,-0.254,-0.073,-0.171,-0.069,-0.087,-0.312,-0.089,-0.14,-0.202,-0.094,0.211,-0.282,-0.055,-0.341,0.075,0.502,-0.381,-0.033,-0.334,-0.144,-0.171,0.165,0.039,0.08,0.551,0.407,0.184,0.487,-0.033,0.71,0.617,0.128,0.05,-0.092,0.348,-0.001,0.024,-0.239,-0.095,0.119,0.046,-0.076,-0.225,-0.053,1.238,-0.087,0.243,-0.011,-0.058,0.042,0.017,-0.34,-0.022,-0.122,-0.062,-0.055,1.614,-0.047,-0.315,0.065,-0.132,-0.09,0.94
4,Allantois,E7.5,0.035,0.302,-0.077,0.103,0.192,0.196,0.028,0.501,-0.049,-0.068,-0.262,-0.118,-0.018,-0.123,-0.044,-0.118,-0.024,-0.039,-0.04,-0.045,-0.085,-0.152,-0.27,0.089,-0.055,-0.024,-0.205,-0.006,-0.229,-0.157,-0.019,-0.223,-0.085,-0.037,0.045,0.008,0.003,0.076,0.563,0.249,0.874,-0.013,0.053,-0.119,0.457,0.815,-0.079,-0.156,-0.128,-0.087,-0.314,-0.026,0.04,-0.157,0.017,0.056,-0.028,-0.089,-0.046,0.03,-0.003,0.028,0.099,-0.002,-0.079,0.058,-0.054,-0.025,-0.022,-0.071,0.017,0.082,-0.056,-0.196,-0.048,0.105
5,Allantois,E8.0,0.013,0.209,-0.121,0.144,0.273,0.088,0.047,0.395,-0.037,-0.054,-0.22,-0.087,-0.011,-0.112,-0.039,-0.099,-0.026,-0.029,-0.068,-0.038,-0.058,-0.11,-0.203,0.007,-0.061,-0.016,-0.165,-0.022,0.122,-0.153,-0.013,-0.234,-0.066,-0.088,0.051,0.007,0.023,0.112,0.622,0.16,0.844,-0.01,0.052,-0.014,0.198,0.323,-0.064,-0.025,-0.111,-0.067,-0.19,-0.076,0.035,-0.116,-0.015,-0.035,-0.022,0.164,-0.03,0.005,-0.014,0.008,0.025,-0.007,-0.118,0.027,-0.037,-0.009,-0.02,-0.057,0.005,-0.129,-0.027,-0.153,-0.037,0.009
6,Allantois,E8.5,-0.001,0.152,-0.085,0.202,0.275,0.027,0.118,0.457,-0.054,-0.064,-0.259,-0.098,-0.008,-0.141,-0.051,-0.132,-0.035,-0.043,-0.085,-0.049,-0.084,-0.136,-0.262,-0.057,-0.092,-0.022,-0.207,-0.023,0.402,-0.203,-0.015,-0.309,-0.076,-0.116,0.083,0.042,0.012,0.228,0.718,0.185,1.011,-0.011,0.179,0.112,0.577,0.315,-0.069,0.1,-0.128,-0.067,-0.141,-0.145,0.049,-0.147,-0.015,-0.014,-0.02,0.191,-0.022,-0.008,-0.022,-0.012,0.02,-0.008,-0.209,0.003,-0.043,-0.018,-0.026,-0.047,0.004,-0.184,-0.037,-0.179,-0.044,0.032
7,Allantois,E9.0,-0.008,0.156,-0.003,0.308,0.311,0.005,0.163,0.514,-0.063,-0.067,-0.272,-0.117,-0.021,-0.145,-0.055,-0.143,-0.04,-0.048,-0.119,-0.051,-0.091,-0.152,-0.294,0.032,-0.131,-0.022,-0.212,-0.024,0.172,-0.189,-0.016,-0.327,-0.056,-0.125,0.075,0.033,-0.0,0.278,0.73,0.187,0.981,-0.006,0.224,0.196,0.459,0.231,-0.052,0.144,-0.128,-0.056,-0.1,-0.166,-0.004,-0.079,-0.021,-0.033,-0.018,0.242,-0.027,-0.023,-0.019,-0.023,0.025,-0.007,-0.229,-0.001,-0.048,-0.021,-0.024,-0.115,0.003,-0.17,-0.043,-0.168,-0.055,0.004
8,Allantois,E9.5,-0.042,-0.057,-0.117,0.235,0.297,-0.062,0.126,0.569,-0.09,-0.064,-0.28,-0.132,-0.035,-0.147,-0.061,-0.156,-0.039,-0.047,-0.029,-0.051,-0.092,-0.17,-0.268,0.233,-0.158,-0.032,-0.257,-0.026,0.21,-0.264,-0.019,-0.349,0.044,-0.139,0.089,0.102,-0.005,0.485,0.851,0.268,0.858,-0.013,0.359,0.859,0.172,0.034,-0.035,0.265,-0.114,-0.029,-0.06,0.099,-0.041,0.197,-0.029,-0.078,-0.015,0.757,-0.029,0.146,-0.025,-0.04,0.019,-0.003,-0.276,-0.002,-0.044,-0.031,-0.026,-0.159,-0.031,-0.188,-0.039,-0.126,-0.063,0.025
9,Allantois,E10.0,-0.059,-0.093,-0.157,0.266,0.286,-0.096,0.209,0.713,-0.086,-0.055,-0.324,-0.169,-0.046,-0.174,-0.081,-0.202,-0.051,-0.064,-0.071,-0.074,-0.121,-0.194,-0.376,0.193,-0.165,-0.033,-0.285,-0.024,0.16,-0.319,-0.021,-0.377,0.15,-0.157,0.091,0.093,-0.022,0.55,0.906,0.265,0.807,-0.023,0.24,0.978,0.15,-0.014,-0.008,0.317,-0.126,-0.008,-0.01,-0.207,-0.058,0.415,-0.035,0.015,-0.029,0.625,-0.03,0.336,-0.026,-0.069,0.042,-0.003,-0.345,-0.013,-0.056,-0.047,-0.027,-0.094,-0.017,-0.196,-0.052,-0.143,-0.055,-0.02
10,Amniotic ectoderm,E8.5,-0.002,-0.126,-0.083,-0.123,0.204,0.037,-0.096,0.252,-0.1,-0.067,-0.31,-0.166,-0.047,-0.192,-0.086,-0.16,-0.054,-0.081,-0.15,-0.073,-0.116,-0.112,-0.256,-0.048,-0.015,-0.04,-0.186,-0.035,-0.123,-0.103,-0.033,-0.136,-0.081,-0.075,0.061,0.067,0.005,0.3,0.527,0.961,-0.068,-0.025,0.084,0.482,0.149,0.429,-0.082,-0.067,-0.224,-0.107,-0.227,-0.224,-0.077,-0.067,-0.061,-0.063,-0.033,0.139,-0.078,-0.182,0.044,0.344,-0.023,-0.011,0.62,0.039,-0.016,0.049,0.015,0.048,0.081,0.099,-0.03,-0.102,-0.03,-0.105
11,Amniotic ectoderm,E9.0,-0.015,-0.139,-0.036,-0.116,0.189,0.026,-0.015,0.268,-0.105,-0.08,-0.323,-0.177,-0.051,-0.198,-0.089,-0.167,-0.058,-0.085,-0.184,-0.078,-0.118,-0.112,-0.278,-0.029,-0.094,-0.043,-0.204,-0.043,-0.159,-0.08,-0.034,-0.075,-0.095,-0.074,0.056,0.048,0.008,0.329,0.57,1.095,-0.114,-0.028,0.024,0.346,0.171,0.361,-0.077,-0.055,-0.246,-0.112,-0.214,-0.215,-0.079,0.066,-0.069,-0.11,-0.033,0.128,-0.088,-0.19,0.04,0.399,-0.018,-0.012,0.643,0.019,-0.037,0.031,0.031,-0.001,0.065,0.044,-0.033,-0.099,-0.023,-0.117
12,Amniotic ectoderm,E9.5,-0.034,-0.171,-0.037,-0.11,0.08,0.015,0.035,0.207,-0.108,-0.077,-0.285,-0.154,-0.067,-0.18,-0.082,-0.151,-0.044,-0.068,-0.16,-0.07,-0.11,-0.119,-0.198,-0.115,-0.148,-0.047,-0.211,-0.043,-0.026,-0.11,-0.03,-0.106,-0.103,-0.095,0.058,0.021,-0.004,0.273,0.448,1.063,-0.12,-0.031,-0.03,0.166,0.147,0.211,-0.051,-0.055,-0.228,-0.114,-0.116,0.039,-0.071,0.222,-0.063,-0.121,-0.036,0.18,-0.09,0.009,0.053,0.47,-0.015,-0.015,0.668,0.023,-0.047,0.04,0.025,0.699,0.088,0.119,-0.039,-0.052,0.02,-0.124
13,Amniotic ectoderm,E10.0,-0.059,-0.209,-0.045,-0.125,0.07,0.029,0.064,0.25,-0.128,-0.091,-0.327,-0.183,-0.081,-0.213,-0.1,-0.177,-0.054,-0.085,-0.225,-0.078,-0.129,-0.144,-0.207,-0.149,-0.166,-0.062,-0.27,-0.049,-0.058,-0.16,-0.036,-0.102,-0.122,-0.111,0.049,0.006,-0.007,0.275,0.455,1.102,-0.169,-0.038,-0.05,0.179,0.129,0.233,-0.058,-0.09,-0.272,-0.146,-0.134,-0.247,-0.095,0.316,-0.084,-0.165,-0.04,0.277,-0.111,0.098,0.074,0.565,-0.007,-0.019,0.761,0.014,-0.063,0.026,0.048,0.423,0.092,0.167,-0.053,-0.05,0.03,-0.166
14,Anterior mesoderm,E8.0,-0.002,0.004,-0.24,-0.057,0.331,-0.003,0.032,0.123,0.161,-0.016,-0.202,-0.068,-0.002,-0.056,0.008,0.007,-0.005,-0.023,0.017,-0.019,-0.048,-0.127,0.019,-0.324,-0.038,-0.007,-0.01,-0.009,0.129,0.478,-0.009,-0.065,-0.059,0.055,0.026,-0.0,0.028,0.057,-0.033,0.083,0.005,0.02,0.0,0.036,0.278,0.106,0.024,0.184,0.211,-0.047,0.052,-0.066,0.033,-0.121,-0.016,0.203,0.064,0.301,0.468,-0.11,0.01,-0.032,-0.011,-0.005,-0.016,0.009,-0.025,-0.017,-0.017,0.02,0.051,-0.123,-0.009,-0.112,-0.031,-0.005
15,Anterior mesoderm,E8.5,-0.001,-0.036,-0.255,-0.074,0.224,0.029,-0.174,-0.034,0.104,-0.033,-0.237,-0.091,-0.021,-0.101,0.004,-0.035,-0.028,-0.035,-0.078,-0.034,-0.03,-0.147,0.01,-0.435,-0.109,-0.02,-0.025,0.007,0.073,0.573,-0.015,-0.195,-0.073,0.031,0.039,0.003,0.088,0.061,-0.055,0.019,0.013,-0.0,-0.018,0.14,0.535,0.139,0.045,0.236,0.228,-0.045,0.008,-0.137,0.172,-0.147,-0.029,0.085,0.026,0.303,0.873,-0.163,-0.006,-0.041,-0.015,0.001,-0.078,0.001,-0.022,-0.028,-0.015,0.008,0.018,-0.153,0.044,-0.147,-0.008,0.015
16,Anterior mesoderm,E9.0,-0.014,-0.062,-0.28,-0.077,0.113,-0.012,-0.188,-0.032,0.116,-0.041,-0.242,-0.094,-0.018,-0.093,-0.004,-0.089,-0.032,-0.044,-0.074,-0.042,0.013,-0.113,-0.027,-0.409,-0.123,-0.023,-0.167,0.009,-0.045,0.425,-0.017,-0.198,-0.076,-0.009,0.048,-0.002,0.164,0.066,-0.03,0.006,0.02,-0.013,-0.021,0.191,0.206,0.076,0.029,0.24,0.21,-0.034,-0.07,-0.136,0.213,-0.135,-0.032,-0.012,0.019,0.303,0.77,-0.162,-0.008,-0.043,-0.018,0.011,-0.105,-0.0,-0.038,-0.035,-0.015,-0.054,0.008,-0.167,0.038,-0.122,0.022,0.061
17,Arterial endothelial cell,E8.5,-0.081,-0.053,-0.195,-0.037,0.201,-0.101,-0.368,-0.148,-0.146,-0.105,-0.334,-0.154,-0.101,-0.203,-0.114,-0.193,-0.1,-0.103,-0.138,0.012,-0.144,-0.113,-0.056,0.854,-0.137,-0.075,-0.256,-0.081,-0.319,-0.316,-0.068,-0.406,-0.153,-0.139,0.186,-0.067,1.148,0.277,0.09,0.28,0.012,-0.067,0.008,-0.06,0.099,-0.117,-0.091,0.116,-0.09,-0.167,-0.161,-0.238,-0.082,-0.199,-0.109,-0.175,-0.088,0.618,0.069,0.252,-0.031,-0.054,-0.031,-0.021,-0.135,0.023,-0.091,-0.091,-0.009,-0.159,-0.025,-0.302,0.101,-0.149,-0.124,0.845
18,Arterial endothelial cell,E9.0,-0.089,-0.071,-0.192,-0.042,0.12,-0.119,-0.371,-0.176,-0.148,-0.098,-0.327,-0.156,-0.099,-0.197,-0.12,-0.204,-0.103,-0.106,-0.127,0.005,-0.14,-0.112,-0.048,0.935,-0.082,-0.073,-0.213,-0.09,-0.32,-0.352,-0.074,-0.417,-0.15,-0.136,0.189,-0.065,1.134,0.278,0.117,0.325,-0.009,-0.069,-0.009,-0.023,-0.037,-0.12,-0.076,0.089,-0.115,-0.169,-0.145,-0.224,-0.092,-0.169,-0.111,-0.15,-0.085,0.734,-0.021,0.277,-0.032,-0.045,-0.029,-0.021,-0.146,0.027,-0.088,-0.092,-0.022,-0.166,-0.037,-0.282,0.086,-0.154,-0.126,0.881
19,Arterial endothelial cell,E9.5,-0.083,-0.09,-0.205,-0.048,0.041,-0.133,-0.36,-0.186,-0.147,-0.091,-0.302,-0.153,-0.094,-0.18,-0.109,-0.211,-0.104,-0.106,-0.121,0.01,-0.144,-0.141,-0.053,0.944,-0.019,-0.074,-0.123,-0.094,-0.317,-0.346,-0.078,-0.413,-0.156,-0.14,0.177,-0.048,1.086,0.258,0.122,0.339,-0.014,-0.066,0.032,0.095,-0.081,-0.159,-0.045,0.076,-0.107,-0.172,-0.03,-0.063,-0.091,-0.074,-0.108,-0.132,-0.095,0.884,-0.038,0.443,-0.012,-0.032,-0.036,-0.014,-0.123,0.044,-0.102,-0.091,-0.044,-0.135,-0.056,-0.234,0.062,-0.149,-0.126,0.889
20,Arterial endothelial cell,E10.0,-0.087,-0.115,-0.204,-0.063,-0.003,-0.154,-0.399,-0.174,-0.16,-0.098,-0.331,-0.18,-0.102,-0.198,-0.105,-0.236,-0.116,-0.119,-0.154,0.004,-0.161,-0.172,-0.041,0.867,-0.052,-0.084,-0.11,-0.104,-0.363,-0.404,-0.091,-0.459,-0.175,-0.162,0.176,-0.059,1.116,0.267,0.111,0.324,-0.031,-0.079,0.033,0.043,-0.099,-0.163,-0.035,0.041,-0.12,-0.196,-0.045,-0.277,-0.099,0.009,-0.121,-0.14,-0.101,0.867,-0.042,0.605,-0.004,-0.028,-0.044,-0.013,-0.147,0.025,-0.124,-0.098,-0.06,-0.164,-0.061,-0.167,0.055,-0.179,-0.132,0.995
21,Autonomic neuron,E9.5,-0.034,-0.107,0.09,-0.066,-0.021,-0.082,-0.006,-0.272,-0.086,0.028,0.006,0.39,0.366,-0.08,-0.059,-0.152,-0.061,-0.003,0.047,-0.072,0.01,-0.052,-0.136,0.688,0.119,0.018,0.053,0.003,-0.206,-0.264,-0.029,0.04,-0.117,-0.026,0.013,-0.043,-0.033,-0.026,-0.015,-0.114,0.125,-0.031,0.0,0.252,0.242,-0.112,-0.065,-0.101,-0.144,-0.119,-0.126,-0.117,0.148,-0.175,0.096,-0.137,-0.026,0.394,-0.048,-0.168,-0.002,-0.071,-0.017,-0.014,-0.188,-0.017,-0.043,-0.057,-0.04,-0.119,-0.039,-0.14,0.275,0.835,0.515,0.632
22,Autonomic neuron,E10.0,-0.054,-0.156,0.072,-0.073,0.031,-0.131,0.041,-0.345,-0.103,0.042,0.032,0.557,0.443,-0.109,-0.08,-0.203,-0.084,-0.045,-0.026,-0.089,0.007,-0.032,-0.208,0.699,0.345,0.053,0.251,0.006,-0.267,-0.355,-0.044,-0.13,-0.125,0.024,-0.007,-0.054,-0.055,-0.062,-0.011,-0.137,0.143,-0.041,0.034,0.193,0.342,-0.149,-0.08,-0.2,-0.188,-0.153,-0.244,-0.254,0.18,-0.163,0.095,-0.184,-0.06,0.29,-0.069,-0.103,-0.003,-0.104,-0.018,-0.018,-0.195,-0.024,-0.055,-0.068,-0.064,0.12,-0.055,-0.17,0.247,0.645,0.495,0.618
23,Autonomic progenitor,E9.5,-0.021,-0.121,0.057,-0.061,0.043,-0.045,-0.053,-0.14,-0.084,-0.009,-0.075,-0.015,0.041,-0.061,-0.042,-0.113,-0.037,-0.004,0.094,-0.044,0.073,-0.05,-0.198,0.91,0.019,-0.012,-0.068,0.035,-0.066,-0.211,-0.018,-0.064,-0.084,-0.062,0.0,-0.023,-0.01,0.031,-0.041,-0.073,-0.033,-0.017,-0.031,0.16,-0.02,-0.092,-0.025,-0.016,-0.112,-0.09,-0.054,0.031,0.065,-0.11,0.196,-0.075,-0.014,-0.065,-0.038,-0.106,-0.013,-0.046,-0.007,-0.004,-0.185,-0.008,-0.004,-0.032,-0.025,-0.159,-0.023,0.039,0.328,1.079,0.47,0.93
24,Autonomic progenitor,E10.0,-0.034,-0.15,-0.014,-0.073,0.03,-0.075,0.002,-0.161,-0.108,-0.008,-0.071,-0.009,0.048,-0.081,-0.056,-0.157,-0.052,-0.01,0.096,-0.061,0.077,-0.029,-0.227,1.076,0.004,-0.01,0.002,0.062,-0.069,-0.304,-0.025,-0.154,-0.116,-0.093,0.005,-0.033,-0.021,0.041,-0.07,-0.097,-0.07,-0.023,-0.032,0.136,-0.031,-0.117,-0.017,-0.052,-0.156,-0.124,-0.027,-0.21,0.107,-0.121,0.25,-0.119,-0.022,-0.022,-0.053,-0.027,-0.018,-0.066,-0.004,-0.006,-0.239,-0.012,-0.031,-0.041,-0.034,-0.113,-0.031,0.09,0.393,1.178,0.621,1.188
25,Axial progenitor,E8.0,0.127,0.841,0.058,-0.028,0.329,0.889,-0.043,0.288,0.037,-0.032,-0.04,-0.064,-0.013,-0.063,-0.045,-0.036,-0.021,-0.014,-0.037,-0.032,-0.063,-0.092,0.073,-0.36,0.318,-0.004,-0.117,0.024,-0.153,-0.187,-0.014,-0.15,-0.073,-0.088,-0.016,-0.028,-0.025,-0.08,-0.108,-0.016,-0.095,-0.011,-0.018,-0.075,-0.005,0.227,-0.072,-0.236,-0.149,-0.027,-0.13,-0.092,-0.032,-0.096,-0.037,-0.093,-0.027,-0.05,-0.052,-0.074,0.026,0.064,-0.0,-0.005,0.251,0.079,-0.019,0.008,-0.015,-0.007,-0.008,-0.091,-0.008,-0.063,-0.051,-0.116
26,Axial progenitor,E8.5,0.164,1.117,0.085,0.064,0.416,0.58,-0.185,0.444,0.122,-0.028,-0.025,-0.064,-0.022,-0.091,-0.044,-0.054,-0.025,0.004,0.003,-0.038,-0.08,-0.099,0.243,-0.375,0.322,0.057,-0.173,0.007,-0.125,-0.197,-0.019,-0.112,-0.088,-0.099,-0.01,-0.026,-0.024,-0.073,-0.176,-0.006,-0.083,-0.009,0.01,-0.087,0.318,0.437,-0.092,-0.267,-0.173,-0.001,-0.032,-0.115,-0.035,-0.13,-0.039,-0.11,-0.029,-0.149,-0.045,-0.178,0.003,0.013,-0.008,-0.004,0.236,0.009,-0.004,-0.01,0.035,-0.238,-0.015,-0.121,-0.011,-0.111,-0.06,-0.095
27,Axial progenitor,E9.0,0.161,1.099,0.124,0.388,0.424,0.408,-0.167,0.553,0.087,-0.025,-0.042,-0.066,-0.034,-0.1,-0.048,-0.077,-0.029,-0.012,-0.013,-0.042,-0.084,-0.025,0.257,-0.319,0.081,0.06,-0.213,-0.007,-0.179,-0.222,-0.019,-0.044,-0.094,-0.099,-0.034,-0.028,-0.025,-0.074,-0.163,-0.018,-0.059,-0.012,0.015,-0.084,0.084,0.415,-0.081,-0.265,-0.156,-0.028,0.121,-0.137,-0.045,-0.15,-0.04,-0.122,-0.031,-0.21,-0.049,-0.152,-0.01,-0.002,-0.011,-0.006,0.178,-0.001,-0.018,-0.023,0.035,-0.207,-0.024,-0.117,-0.019,-0.117,-0.06,-0.087
28,Axial progenitor,E9.5,0.163,0.942,0.091,0.986,0.339,0.318,-0.066,0.462,0.047,-0.032,-0.057,-0.074,-0.048,-0.114,-0.058,-0.034,-0.039,-0.023,0.015,-0.043,-0.09,0.019,0.171,-0.161,-0.052,0.054,-0.195,-0.021,-0.18,-0.237,-0.021,0.036,-0.102,-0.097,-0.021,-0.022,-0.024,-0.043,-0.158,-0.036,-0.022,-0.017,-0.004,0.014,0.157,0.253,-0.044,-0.226,-0.14,-0.052,0.148,0.032,-0.055,-0.172,-0.045,-0.141,-0.034,-0.258,-0.055,0.25,-0.012,-0.029,-0.003,-0.007,0.124,-0.005,0.039,-0.028,0.026,0.129,-0.033,-0.079,-0.034,-0.088,-0.07,-0.09
29,Axial progenitor,E10.0,0.197,0.969,0.088,1.059,0.404,0.343,-0.037,0.543,0.062,-0.031,-0.076,-0.096,-0.058,-0.149,-0.07,-0.051,-0.051,-0.013,-0.005,-0.053,-0.104,0.028,0.218,-0.213,-0.101,0.088,-0.235,-0.015,-0.21,-0.259,-0.024,0.027,-0.123,-0.111,-0.021,-0.036,-0.032,-0.051,-0.172,-0.058,0.008,-0.02,-0.011,0.007,0.182,0.265,-0.048,-0.257,-0.153,-0.063,0.186,-0.229,-0.071,-0.201,-0.064,-0.178,-0.042,-0.288,-0.06,0.458,-0.012,-0.031,0.016,-0.009,0.136,-0.007,0.059,-0.014,0.04,0.012,-0.043,-0.151,-0.053,-0.089,-0.084,-0.084
30,Cranial motor neuron,E9.0,-0.034,-0.112,0.233,-0.154,-0.097,-0.092,0.029,-0.441,-0.072,0.098,0.261,0.993,0.426,-0.036,-0.079,-0.185,-0.074,-0.102,0.575,0.148,0.02,-0.157,-0.097,0.054,0.928,0.196,0.938,-0.033,0.004,-0.341,-0.044,-0.398,-0.124,0.025,-0.025,-0.046,-0.068,-0.137,-0.244,-0.184,0.15,-0.042,0.054,-0.074,0.077,-0.123,-0.137,-0.379,0.011,-0.1,-0.091,-0.288,-0.099,-0.273,-0.084,0.04,-0.069,-0.143,-0.096,-0.279,-0.023,-0.108,-0.02,-0.018,-0.065,-0.023,0.1,-0.085,-0.063,-0.236,-0.045,-0.264,0.131,0.126,0.157,0.039
31,Cranial motor neuron,E9.5,-0.021,-0.136,0.128,-0.135,0.111,-0.13,0.063,-0.41,-0.103,0.107,0.267,1.046,0.435,-0.022,-0.075,-0.193,-0.013,-0.053,0.472,-0.008,-0.002,-0.148,-0.118,0.18,1.152,0.336,1.23,-0.046,-0.053,-0.23,-0.035,-0.369,-0.063,0.177,-0.024,-0.053,-0.074,-0.152,-0.221,-0.167,0.231,-0.039,0.057,-0.119,0.017,-0.153,-0.108,-0.321,0.001,-0.148,-0.182,-0.117,-0.07,-0.194,-0.075,-0.03,-0.062,-0.293,-0.094,-0.188,-0.022,-0.118,-0.022,-0.016,-0.162,-0.021,-0.033,-0.076,-0.06,-0.181,-0.052,-0.189,0.127,0.163,0.236,0.046
32,Cranial motor neuron,E10.0,-0.031,-0.181,0.07,-0.16,0.118,-0.157,0.043,-0.464,-0.126,0.125,0.308,1.068,0.444,-0.015,-0.09,-0.231,-0.016,-0.05,0.483,-0.036,-0.005,-0.14,-0.115,0.138,1.214,0.408,1.351,-0.055,-0.066,-0.253,-0.041,-0.422,-0.073,0.295,-0.037,-0.068,-0.092,-0.184,-0.261,-0.204,0.179,-0.046,0.058,-0.17,-0.04,-0.181,-0.107,-0.361,-0.038,-0.181,-0.241,-0.323,-0.08,-0.193,-0.096,-0.101,-0.075,-0.39,-0.11,-0.15,-0.026,-0.144,-0.028,-0.021,-0.218,-0.025,-0.063,-0.089,-0.071,-0.189,-0.065,-0.174,0.116,0.165,0.258,0.014
33,Cranial neural crest,E8.0,-0.01,-0.018,-0.235,-0.055,0.081,0.011,-0.175,-0.069,-0.036,0.001,-0.049,-0.043,-0.011,0.011,0.022,0.119,0.006,0.072,-0.061,-0.024,-0.013,-0.058,-0.071,-0.286,0.245,-0.005,-0.012,0.009,0.172,-0.021,-0.011,0.464,-0.046,0.028,-0.006,-0.016,-0.011,-0.059,-0.127,-0.027,-0.051,-0.014,-0.023,-0.043,0.045,-0.033,-0.05,-0.07,-0.105,-0.022,-0.243,-0.004,-0.019,0.003,-0.019,-0.058,0.034,-0.038,-0.022,-0.098,0.021,0.009,-0.012,-0.004,0.302,0.031,-0.011,0.07,-0.01,0.061,-0.007,-0.115,0.126,0.468,0.077,0.12
34,Cranial neural crest,E8.5,-0.03,-0.06,-0.229,-0.059,0.235,-0.015,-0.151,-0.028,-0.051,-0.016,-0.128,-0.06,-0.011,-0.015,-0.017,-0.005,-0.01,0.002,-0.013,-0.03,-0.036,-0.084,-0.203,-0.044,0.225,-0.013,-0.105,0.019,0.102,-0.09,-0.013,0.254,-0.049,0.093,-0.003,-0.01,0.001,-0.044,-0.13,-0.025,-0.045,-0.01,-0.022,0.017,0.117,-0.041,-0.067,0.068,-0.078,-0.026,-0.157,-0.094,0.004,0.036,0.081,-0.066,0.039,-0.082,-0.015,-0.149,0.011,-0.031,-0.011,-0.003,0.04,0.01,-0.012,-0.006,-0.012,-0.128,-0.004,-0.149,0.229,0.738,0.033,0.828
35,Cranial neural crest,E9.0,-0.029,-0.071,-0.177,-0.056,0.185,-0.022,-0.124,-0.035,-0.058,-0.016,-0.135,-0.064,-0.008,-0.029,-0.028,-0.046,-0.022,-0.016,0.009,-0.031,-0.033,-0.09,-0.185,0.065,0.137,-0.014,-0.119,0.04,0.055,-0.109,-0.013,0.13,-0.035,0.044,-0.01,-0.014,-0.004,-0.046,-0.123,-0.035,-0.053,-0.008,-0.026,0.074,0.003,-0.057,-0.056,0.075,-0.042,-0.039,-0.116,-0.098,-0.003,-0.017,0.133,-0.074,0.02,-0.074,-0.018,-0.155,-0.004,-0.039,-0.012,-0.005,-0.067,-0.0,-0.017,-0.01,-0.013,-0.098,0.001,-0.132,0.238,0.805,0.054,0.876
36,Cranial neural crest,E9.5,-0.029,-0.107,-0.184,-0.056,0.057,-0.025,-0.008,-0.006,-0.057,-0.012,-0.088,-0.045,-0.005,-0.031,-0.029,-0.084,-0.03,-0.021,0.044,-0.036,-0.014,-0.045,-0.122,0.703,0.037,-0.017,-0.086,0.028,0.009,-0.189,-0.014,0.105,-0.043,-0.015,0.001,-0.015,-0.018,-0.017,-0.132,-0.046,-0.052,-0.011,-0.024,0.096,-0.048,-0.087,-0.03,-0.034,-0.064,-0.062,-0.129,0.11,-0.015,-0.041,0.141,-0.105,0.004,0.064,-0.032,0.145,-0.016,-0.038,-0.01,-0.005,-0.157,-0.007,-0.027,-0.026,-0.019,0.129,-0.016,0.132,0.325,1.058,0.451,0.674
37,Cranial neural crest,E10.0,-0.032,-0.15,-0.236,-0.07,0.024,-0.042,0.001,0.04,-0.066,-0.016,-0.081,-0.052,-0.014,-0.049,-0.04,-0.121,-0.043,-0.026,0.04,-0.048,-0.03,-0.057,-0.102,0.882,0.004,-0.025,-0.091,0.053,0.021,-0.263,-0.02,0.042,-0.069,-0.028,0.002,-0.023,-0.031,-0.015,-0.178,-0.068,-0.089,-0.016,-0.027,0.061,-0.072,-0.096,-0.026,-0.084,-0.103,-0.093,-0.159,-0.175,-0.022,-0.054,0.134,-0.139,-0.002,0.15,-0.045,0.455,-0.024,-0.05,-0.012,-0.007,-0.186,-0.011,-0.042,-0.037,-0.027,0.04,-0.023,0.237,0.395,1.181,0.692,0.811
38,Definitive endoderm,E7.5,0.021,0.034,-0.356,-0.083,0.204,-0.063,-0.046,0.055,-0.04,-0.047,-0.185,-0.102,-0.05,-0.064,0.112,-0.046,-0.017,-0.051,-0.132,0.341,-0.095,-0.034,-0.025,-0.251,0.092,-0.031,-0.033,-0.012,0.315,0.006,-0.032,-0.288,-0.097,-0.071,-0.004,-0.03,0.033,-0.002,-0.019,0.12,-0.065,-0.027,-0.009,-0.099,-0.023,0.198,-0.103,-0.259,-0.115,-0.051,-0.223,-0.109,-0.066,-0.097,-0.069,-0.0,-0.051,0.543,-0.072,-0.116,0.087,0.244,0.16,0.095,0.725,0.215,0.237,-0.052,0.034,0.015,0.154,-0.024,0.006,-0.056,-0.063,-0.17
39,Dermomyotome,E8.5,0.038,0.012,0.174,-0.064,0.383,0.168,0.043,-0.154,0.143,-0.016,-0.161,-0.079,-0.015,-0.091,-0.016,-0.003,0.002,-0.013,0.019,-0.02,-0.05,-0.163,-0.064,-0.412,-0.035,-0.014,-0.059,-0.011,-0.088,-0.185,-0.011,0.231,-0.033,0.003,0.001,-0.007,0.011,-0.005,-0.135,-0.006,-0.051,-0.002,-0.015,-0.007,0.022,-0.044,0.027,0.021,0.548,-0.065,0.118,-0.126,-0.029,-0.124,-0.026,0.43,0.036,0.203,0.013,-0.158,-0.011,-0.039,-0.011,-0.003,-0.135,-0.002,0.028,-0.021,-0.014,-0.143,-0.017,-0.067,0.028,-0.132,-0.037,-0.097
40,Dermomyotome,E9.0,0.04,0.046,0.259,-0.052,0.379,0.104,0.072,-0.12,0.112,-0.028,-0.165,-0.089,-0.013,-0.099,-0.01,-0.014,-0.012,-0.023,0.0,-0.02,-0.054,-0.151,-0.009,-0.382,-0.07,-0.017,-0.151,-0.009,-0.11,-0.216,-0.011,0.46,-0.049,-0.018,-0.012,-0.014,0.004,-0.023,-0.093,-0.033,-0.067,-0.006,-0.019,-0.03,-0.005,-0.046,0.023,0.039,0.609,-0.065,0.153,-0.131,-0.022,-0.11,-0.029,0.398,0.016,0.286,-0.001,-0.158,-0.016,-0.038,-0.013,-0.003,-0.165,-0.004,0.002,-0.022,-0.012,-0.153,-0.018,-0.039,0.019,-0.117,-0.037,-0.102
41,Dermomyotome,E9.5,0.025,0.034,0.176,0.013,0.307,0.018,0.168,-0.094,0.116,-0.026,-0.142,-0.083,-0.015,-0.095,-0.005,-0.01,-0.017,-0.004,0.009,-0.02,-0.049,-0.146,-0.063,-0.285,-0.109,-0.019,-0.138,-0.013,-0.134,-0.219,-0.01,0.623,-0.064,-0.019,-0.017,-0.01,-0.007,-0.032,-0.021,-0.044,-0.069,-0.009,-0.026,0.032,-0.022,-0.063,0.057,0.072,0.479,-0.059,0.403,0.046,-0.016,-0.033,-0.028,0.247,0.019,0.3,-0.01,-0.037,-0.011,-0.036,-0.011,-0.003,-0.169,-0.004,-0.008,-0.023,-0.01,0.044,-0.017,0.216,0.004,-0.113,-0.034,-0.097
42,Dermomyotome,E10.0,0.023,0.001,0.168,0.062,0.345,-0.005,0.229,-0.085,0.119,-0.028,-0.162,-0.106,-0.023,-0.114,-0.016,-0.036,-0.029,-0.001,-0.015,-0.033,-0.067,-0.175,-0.111,-0.318,-0.148,-0.024,-0.13,-0.018,-0.167,-0.263,-0.014,0.746,-0.093,-0.024,-0.023,-0.016,-0.018,-0.038,-0.027,-0.065,-0.104,-0.013,-0.038,0.032,-0.036,-0.086,0.087,0.118,0.469,-0.074,0.5,-0.224,-0.025,0.012,-0.042,0.194,0.02,0.339,-0.011,0.138,-0.011,-0.045,-0.008,-0.005,-0.199,-0.007,-0.017,-0.033,-0.015,-0.063,-0.024,0.379,-0.009,-0.139,-0.039,-0.121
43,Diencephalon,E8.5,-0.028,-0.038,-0.316,-0.087,-0.235,-0.04,-0.298,-0.178,-0.054,0.078,0.227,0.038,-0.012,0.614,-0.017,0.186,0.252,0.108,0.084,-0.015,-0.049,0.043,0.093,-0.263,0.291,-0.015,0.107,0.038,0.617,0.35,-0.015,0.122,0.038,0.028,-0.003,-0.025,-0.027,-0.081,-0.233,-0.058,-0.096,-0.015,0.017,-0.041,0.017,0.015,-0.071,-0.266,-0.14,0.05,-0.275,-0.141,-0.042,-0.11,-0.039,-0.065,-0.022,-0.13,-0.003,-0.183,0.015,-0.027,-0.015,-0.005,0.382,0.014,-0.007,-0.031,-0.003,-0.115,-0.031,-0.148,-0.01,-0.017,-0.022,-0.139
44,Diencephalon,E9.0,-0.037,-0.036,-0.316,-0.088,-0.264,-0.059,-0.31,-0.195,-0.061,0.091,0.275,-0.004,-0.01,0.657,0.002,0.297,0.27,0.004,0.086,-0.021,-0.006,0.137,0.071,0.023,0.091,-0.019,0.123,0.054,0.473,0.246,-0.018,0.326,0.264,0.045,-0.016,-0.024,-0.034,-0.098,-0.219,-0.095,-0.106,-0.015,0.017,-0.061,-0.053,-0.046,-0.056,-0.288,-0.149,0.043,-0.297,-0.154,-0.042,-0.045,-0.037,-0.062,-0.028,-0.222,-0.026,-0.163,0.003,-0.038,-0.019,-0.007,0.263,-0.002,-0.024,-0.03,-0.011,-0.114,-0.027,-0.143,-0.023,-0.015,-0.032,-0.135
45,Diencephalon,E9.5,-0.041,-0.041,-0.309,-0.084,-0.306,-0.065,-0.259,-0.197,-0.058,0.086,0.358,0.011,-0.013,0.637,0.01,0.409,0.124,-0.013,0.102,0.011,0.036,0.249,0.078,0.304,-0.022,-0.015,0.222,0.032,0.256,0.325,-0.013,0.237,0.448,0.027,-0.025,-0.023,-0.033,-0.103,-0.203,-0.109,-0.099,-0.015,-0.015,-0.13,-0.052,-0.08,-0.034,-0.29,-0.158,0.001,-0.264,0.065,-0.043,0.035,-0.028,-0.098,-0.025,-0.328,-0.034,-0.079,-0.01,-0.049,-0.02,-0.006,0.172,-0.003,-0.042,-0.028,-0.017,-0.028,-0.025,-0.146,-0.037,0.003,-0.037,-0.142
46,Diencephalon,E10.0,-0.052,-0.077,-0.356,-0.107,-0.369,-0.089,-0.275,-0.235,-0.073,0.103,0.43,0.026,-0.018,0.72,0.009,0.458,0.097,-0.024,0.09,0.023,0.048,0.322,0.106,0.334,-0.025,-0.019,0.281,0.045,0.215,0.293,-0.017,0.186,0.483,0.034,-0.037,-0.035,-0.048,-0.133,-0.252,-0.147,-0.136,-0.021,-0.026,-0.181,-0.09,-0.099,-0.026,-0.345,-0.196,-0.022,-0.316,-0.242,-0.06,0.09,-0.032,-0.13,-0.034,-0.434,-0.048,-0.006,-0.016,-0.067,-0.027,-0.009,0.172,-0.008,-0.061,-0.04,-0.024,0.046,-0.035,-0.162,-0.052,0.002,-0.041,-0.176
47,Dorsal root ganglion neuron,E9.0,-0.064,-0.1,-0.352,-0.149,0.223,-0.105,-0.39,-0.414,0.133,0.054,-0.051,0.75,0.841,0.125,-0.057,-0.039,-0.024,-0.005,-0.063,-0.078,-0.112,-0.288,0.452,0.124,-0.034,-0.045,-0.118,-0.038,0.203,-0.22,-0.02,0.013,-0.132,-0.138,0.003,-0.028,-0.039,-0.096,-0.147,-0.15,0.265,-0.018,-0.067,0.257,-0.17,-0.065,-0.037,-0.091,0.036,-0.041,0.367,-0.293,-0.088,-0.076,-0.074,-0.199,-0.041,0.492,-0.069,-0.312,-0.02,-0.069,-0.036,-0.015,-0.032,-0.019,0.036,-0.064,-0.045,-0.403,-0.045,-0.284,0.069,0.259,0.408,0.097
48,Dorsal root ganglion neuron,E9.5,-0.07,-0.03,0.174,-0.113,-0.125,-0.039,-0.273,-0.353,0.104,0.065,0.11,0.764,1.305,-0.111,-0.083,-0.161,-0.027,-0.072,-0.108,-0.076,-0.021,-0.205,-0.048,0.398,0.623,-0.0,0.483,-0.039,-0.18,-0.267,-0.035,0.076,-0.11,-0.045,-0.012,-0.035,-0.066,-0.08,-0.216,-0.131,0.486,-0.032,-0.067,-0.019,-0.103,-0.125,-0.065,-0.17,0.048,-0.073,-0.092,0.101,-0.098,-0.151,-0.081,-0.131,-0.057,-0.001,-0.091,-0.21,-0.01,-0.084,-0.026,-0.018,-0.087,-0.02,-0.019,-0.072,-0.059,-0.189,-0.056,-0.227,0.107,0.468,0.56,-0.092
49,Dorsal root ganglion neuron,E10.0,-0.086,-0.07,0.162,-0.132,-0.112,-0.094,-0.257,-0.403,0.033,0.09,0.132,0.847,1.463,-0.135,-0.104,-0.197,-0.025,-0.077,-0.155,-0.094,-0.031,-0.282,-0.068,0.364,0.769,0.065,0.705,-0.048,-0.205,-0.334,-0.045,-0.029,-0.126,-0.048,-0.027,-0.047,-0.085,-0.11,-0.271,-0.163,0.43,-0.044,-0.088,-0.062,-0.136,-0.121,-0.06,-0.214,0.035,-0.075,-0.149,-0.007,-0.117,-0.174,-0.101,-0.178,-0.074,0.013,-0.115,-0.194,-0.02,-0.108,-0.036,-0.023,-0.118,-0.025,-0.056,-0.089,-0.074,-0.157,-0.068,-0.267,0.146,0.569,0.801,-0.106
50,Dorsal root ganglion progenitor,E9.5,-0.033,-0.002,0.113,-0.075,-0.096,0.049,-0.214,-0.216,-0.007,0.025,0.04,0.436,0.641,-0.068,-0.054,-0.12,-0.041,-0.036,-0.1,-0.052,-0.019,-0.193,0.266,0.376,0.046,-0.004,-0.022,-0.017,-0.202,-0.212,-0.02,0.209,-0.085,-0.055,-0.007,-0.028,-0.04,-0.048,-0.166,-0.107,0.419,-0.017,-0.034,-0.035,-0.098,-0.12,-0.056,-0.153,-0.003,-0.079,0.105,0.045,-0.063,-0.109,-0.054,-0.113,-0.031,0.083,-0.055,-0.156,-0.009,-0.049,-0.02,-0.01,-0.051,-0.013,0.002,-0.044,-0.033,-0.206,-0.033,-0.167,0.149,0.544,0.442,-0.015
51,Dorsal root ganglion progenitor,E10.0,-0.035,-0.019,0.113,-0.085,-0.097,-0.004,-0.228,-0.24,-0.023,0.031,0.059,0.488,0.771,-0.089,-0.065,-0.161,-0.056,-0.029,-0.134,-0.066,-0.018,-0.253,0.298,0.379,0.04,0.026,-0.025,-0.019,-0.234,-0.255,-0.028,0.159,-0.116,-0.057,-0.011,-0.039,-0.055,-0.073,-0.203,-0.141,0.392,-0.022,-0.045,-0.105,-0.133,-0.125,-0.055,-0.195,-0.001,-0.095,0.101,-0.166,-0.078,-0.112,-0.067,-0.149,-0.038,0.163,-0.07,-0.114,-0.017,-0.065,-0.028,-0.013,-0.07,-0.016,-0.038,-0.057,-0.042,-0.277,-0.045,-0.18,0.179,0.616,0.607,-0.023
52,Endocardial cell,E8.5,-0.105,-0.109,-0.238,-0.071,0.214,-0.112,-0.285,-0.165,-0.144,-0.095,-0.335,-0.152,-0.082,-0.197,-0.111,-0.191,-0.085,-0.1,-0.142,-0.029,-0.136,-0.153,-0.023,0.996,-0.104,-0.066,-0.217,-0.068,-0.293,-0.244,-0.056,-0.409,-0.151,-0.153,0.161,-0.024,0.947,0.326,0.323,0.332,-0.061,-0.052,0.012,-0.095,0.046,0.018,-0.035,0.11,-0.054,-0.165,-0.214,-0.235,-0.101,-0.216,-0.094,-0.149,-0.077,0.471,0.067,0.199,-0.018,-0.051,-0.043,-0.016,-0.099,0.047,-0.064,-0.079,-0.033,-0.128,-0.048,-0.242,0.055,-0.16,-0.104,0.633
53,Endocardial cell,E9.0,-0.113,-0.133,-0.218,-0.058,0.216,-0.122,-0.298,-0.206,-0.148,-0.09,-0.344,-0.151,-0.075,-0.198,-0.11,-0.2,-0.084,-0.094,-0.146,-0.055,-0.137,-0.161,-0.063,1.179,-0.084,-0.057,-0.18,-0.062,-0.329,-0.258,-0.055,-0.383,-0.146,-0.144,0.135,-0.013,0.882,0.301,0.41,0.392,-0.117,-0.051,-0.016,-0.093,-0.033,0.015,-0.009,0.14,-0.058,-0.154,-0.202,-0.25,-0.097,-0.223,-0.09,-0.124,-0.069,0.604,-0.024,0.318,-0.019,-0.043,-0.038,-0.008,-0.195,0.015,-0.07,-0.074,-0.022,-0.221,-0.047,-0.242,0.035,-0.162,-0.098,0.651
54,Endocardial cell,E9.5,-0.098,-0.137,-0.195,-0.053,0.185,-0.119,-0.217,-0.111,-0.128,-0.078,-0.325,-0.131,-0.06,-0.164,-0.094,-0.183,-0.073,-0.083,-0.121,-0.068,-0.123,-0.178,-0.091,1.091,-0.098,-0.042,-0.198,-0.048,-0.311,-0.189,-0.046,-0.322,-0.13,-0.13,0.1,0.015,0.633,0.283,0.42,0.376,-0.121,-0.044,0.015,-0.095,0.004,-0.014,0.024,0.148,-0.049,-0.123,-0.16,-0.085,-0.078,-0.144,-0.075,0.008,-0.062,0.57,-0.051,0.523,-0.011,-0.042,-0.028,0.002,-0.22,0.004,-0.064,-0.065,-0.034,-0.134,-0.049,-0.166,0.031,-0.124,-0.08,0.714
55,Endocardial cell,E10.0,-0.107,-0.157,-0.212,-0.063,0.264,-0.145,-0.194,-0.092,-0.138,-0.086,-0.364,-0.154,-0.065,-0.171,-0.109,-0.217,-0.087,-0.097,-0.128,-0.077,-0.147,-0.214,-0.129,1.049,-0.126,-0.046,-0.229,-0.049,-0.355,-0.268,-0.052,-0.354,-0.149,-0.133,0.1,0.016,0.618,0.306,0.441,0.376,-0.155,-0.05,0.024,-0.079,-0.004,-0.025,0.032,0.151,-0.075,-0.132,-0.191,-0.288,-0.087,-0.127,-0.092,0.033,-0.066,0.523,-0.076,0.598,-0.009,-0.051,-0.031,0.005,-0.27,-0.006,-0.081,-0.074,-0.044,-0.266,-0.06,-0.137,0.027,-0.142,-0.085,0.871
56,Endothelial cell,E8.5,-0.089,-0.059,-0.187,-0.021,0.157,-0.073,-0.312,-0.069,-0.124,-0.093,-0.293,-0.13,-0.079,-0.16,-0.098,-0.164,-0.08,-0.08,-0.099,-0.028,-0.116,-0.079,-0.097,0.839,-0.051,-0.058,-0.238,-0.067,-0.257,-0.203,-0.056,-0.345,-0.097,-0.115,0.149,-0.045,0.983,0.227,0.074,0.257,0.028,-0.053,-0.003,-0.033,0.009,-0.047,-0.086,0.131,-0.086,-0.139,-0.167,-0.168,-0.068,-0.158,-0.086,-0.106,-0.067,0.466,0.077,0.093,-0.025,-0.049,-0.03,-0.012,-0.089,0.025,-0.067,-0.067,-0.013,-0.051,-0.005,-0.249,0.069,-0.099,-0.099,0.653
57,Endothelial cell,E9.0,-0.093,-0.104,-0.263,-0.025,0.286,-0.106,-0.357,-0.114,-0.141,-0.099,-0.322,-0.14,-0.086,-0.18,-0.111,-0.166,-0.091,-0.093,-0.075,-0.022,-0.129,-0.123,-0.131,0.865,-0.05,-0.065,-0.252,-0.072,-0.307,-0.262,-0.058,-0.382,-0.107,-0.124,0.154,-0.063,1.137,0.198,0.049,0.269,-0.075,-0.06,-0.038,-0.078,-0.05,-0.118,-0.085,0.126,-0.086,-0.147,-0.118,-0.187,-0.079,-0.139,-0.093,-0.105,-0.06,0.615,0.068,0.156,-0.04,-0.063,-0.039,-0.011,-0.216,0.014,-0.084,-0.086,0.012,-0.173,0.004,-0.274,0.061,-0.105,-0.106,0.947
58,Endothelial cell,E9.5,-0.087,-0.097,-0.277,-0.009,0.232,-0.108,-0.329,-0.117,-0.131,-0.088,-0.297,-0.127,-0.079,-0.168,-0.105,-0.153,-0.086,-0.087,-0.07,-0.027,-0.123,-0.124,-0.155,0.829,-0.04,-0.061,-0.223,-0.067,-0.295,-0.273,-0.053,-0.368,-0.096,-0.124,0.149,-0.06,1.075,0.164,0.053,0.238,-0.098,-0.055,-0.042,-0.102,-0.071,-0.171,-0.069,0.106,-0.083,-0.136,-0.033,0.027,-0.075,-0.081,-0.087,-0.064,-0.061,0.654,0.063,0.268,-0.04,-0.063,-0.038,-0.007,-0.224,0.012,-0.09,-0.081,0.014,-0.096,0.005,-0.25,0.043,-0.061,-0.1,0.93
59,Endothelial cell,E10.0,-0.094,-0.126,-0.314,-0.014,0.272,-0.128,-0.364,-0.103,-0.152,-0.101,-0.338,-0.148,-0.089,-0.192,-0.122,-0.18,-0.1,-0.1,-0.091,-0.028,-0.146,-0.146,-0.181,0.793,-0.056,-0.071,-0.243,-0.079,-0.346,-0.339,-0.064,-0.422,-0.106,-0.135,0.17,-0.073,1.16,0.167,0.039,0.242,-0.142,-0.065,-0.049,-0.119,-0.085,-0.204,-0.072,0.093,-0.101,-0.162,-0.045,-0.227,-0.083,-0.06,-0.105,-0.062,-0.061,0.691,0.041,0.339,-0.047,-0.076,-0.045,-0.001,-0.293,0.004,-0.108,-0.095,0.02,-0.198,0.008,-0.284,0.045,-0.083,-0.117,1.054
60,Endothelial progenitor,E8.0,-0.069,-0.02,-0.184,-0.034,0.204,-0.031,-0.233,-0.065,-0.068,-0.071,-0.245,-0.088,-0.053,-0.117,-0.069,-0.124,-0.051,-0.064,-0.077,-0.037,-0.083,-0.103,-0.04,0.348,-0.057,-0.041,-0.193,-0.037,-0.129,-0.093,-0.028,-0.293,-0.095,-0.085,0.096,-0.032,0.689,0.156,0.025,0.161,0.002,-0.032,-0.034,-0.075,0.026,0.085,-0.071,0.104,-0.029,-0.099,-0.208,-0.114,-0.053,-0.149,-0.054,-0.098,-0.028,0.297,0.094,-0.083,-0.009,-0.03,-0.01,-0.009,-0.034,0.023,-0.043,-0.051,-0.018,-0.052,-0.017,-0.199,0.017,-0.144,-0.067,0.312
61,Endothelial progenitor,E8.5,-0.077,-0.071,-0.179,-0.031,0.151,-0.039,-0.295,-0.117,-0.078,-0.082,-0.285,-0.108,-0.069,-0.139,-0.083,-0.146,-0.063,-0.077,-0.058,-0.029,-0.095,-0.134,-0.061,0.398,-0.039,-0.048,-0.224,-0.048,-0.205,-0.114,-0.038,-0.362,-0.114,-0.094,0.127,-0.036,0.807,0.149,0.008,0.162,-0.002,-0.038,-0.041,-0.091,0.105,0.02,-0.067,0.14,-0.008,-0.12,-0.161,-0.181,-0.05,-0.176,-0.067,-0.078,-0.041,0.206,0.201,-0.108,-0.02,-0.043,-0.022,-0.005,-0.094,0.003,-0.048,-0.066,-0.005,0.046,-0.003,-0.224,0.052,-0.138,-0.081,0.478
62,Endothelial progenitor,E9.0,-0.085,-0.097,-0.164,-0.023,0.123,-0.063,-0.321,-0.11,-0.096,-0.085,-0.3,-0.12,-0.068,-0.147,-0.09,-0.156,-0.069,-0.081,-0.065,-0.041,-0.094,-0.126,-0.061,0.545,-0.062,-0.052,-0.238,-0.051,-0.24,-0.152,-0.039,-0.335,-0.106,-0.103,0.121,-0.044,0.895,0.141,0.028,0.162,-0.024,-0.042,-0.046,-0.095,-0.027,-0.037,-0.063,0.162,-0.014,-0.123,-0.126,-0.167,-0.052,-0.145,-0.068,-0.086,-0.03,0.284,0.177,-0.04,-0.031,-0.047,-0.023,-0.005,-0.176,-0.003,-0.059,-0.069,-0.003,-0.079,-0.017,-0.242,0.03,-0.128,-0.08,0.599
63,Endothelial progenitor,E9.5,-0.067,-0.076,-0.168,0.009,0.053,-0.07,-0.26,-0.077,-0.064,-0.068,-0.268,-0.096,-0.053,-0.129,-0.075,-0.143,-0.059,-0.068,-0.073,-0.048,-0.073,-0.122,-0.097,0.465,-0.066,-0.045,-0.22,-0.037,-0.239,-0.203,-0.028,-0.294,-0.101,-0.097,0.108,-0.035,0.715,0.101,0.034,0.09,-0.038,-0.027,-0.046,-0.112,-0.061,-0.103,-0.035,0.175,0.025,-0.099,-0.015,0.045,-0.036,-0.088,-0.053,-0.051,-0.02,0.196,0.168,0.022,-0.032,-0.044,-0.022,0.006,-0.19,-0.007,-0.06,-0.057,-0.019,0.04,-0.008,-0.215,0.008,-0.064,-0.061,0.535
64,Endothelial progenitor,E10.0,-0.067,-0.066,-0.189,0.069,0.067,-0.084,-0.23,-0.031,-0.069,-0.073,-0.301,-0.109,-0.06,-0.149,-0.082,-0.172,-0.068,-0.076,-0.111,-0.051,-0.095,-0.145,-0.119,0.396,-0.074,-0.051,-0.253,-0.044,-0.255,-0.269,-0.032,-0.326,-0.119,-0.115,0.109,-0.041,0.714,0.095,0.028,0.059,-0.06,-0.021,-0.046,-0.128,-0.092,-0.13,-0.026,0.158,0.02,-0.113,-0.045,-0.21,-0.045,-0.103,-0.063,-0.052,-0.022,0.18,0.18,0.08,-0.037,-0.055,-0.027,0.006,-0.244,-0.007,-0.066,-0.062,-0.019,0.027,-0.019,-0.242,0.003,-0.057,-0.068,0.564
65,Enteroendocrine progenitor,E9.0,-0.127,-0.189,-0.268,-0.104,-0.132,-0.161,0.574,-0.403,0.222,0.014,0.021,0.389,0.409,-0.177,-0.103,-0.141,-0.073,-0.151,0.158,0.56,0.113,-0.211,-0.157,-0.37,-0.051,0.001,0.046,-0.045,-0.262,0.346,-0.082,-0.403,-0.189,-0.111,0.0,-0.001,-0.056,-0.058,-0.14,-0.077,0.11,-0.065,-0.008,-0.247,-0.201,0.012,-0.166,-0.351,-0.184,-0.024,-0.101,-0.347,-0.094,-0.191,-0.135,0.046,-0.108,0.576,-0.091,-0.375,0.089,0.252,0.264,0.19,0.455,-0.057,0.256,-0.12,0.01,-0.298,-0.046,-0.245,-0.035,-0.1,-0.143,-0.301
66,Enteroendocrine progenitor,E9.5,-0.096,-0.184,-0.234,-0.132,-0.192,-0.135,0.467,-0.318,0.135,0.031,-0.035,0.236,0.258,-0.119,-0.106,-0.12,-0.07,-0.098,0.087,0.415,-0.073,-0.148,-0.197,-0.364,0.066,0.008,0.179,-0.016,-0.272,0.432,-0.072,-0.347,-0.146,0.121,-0.002,0.01,-0.062,-0.047,-0.034,-0.101,0.185,-0.062,0.151,-0.21,-0.003,-0.126,-0.14,-0.294,-0.168,-0.095,-0.051,-0.091,-0.104,-0.032,-0.103,0.168,-0.089,0.293,-0.084,-0.192,0.038,0.083,0.231,0.165,0.37,-0.044,0.248,-0.079,-0.051,-0.227,-0.014,-0.185,-0.064,-0.045,-0.101,-0.185
67,Enteroendocrine progenitor,E10.0,-0.113,-0.221,-0.256,-0.142,-0.159,-0.165,0.603,-0.262,0.179,0.043,-0.028,0.323,0.314,-0.173,-0.121,-0.14,-0.109,-0.12,0.127,0.404,-0.031,-0.125,-0.244,-0.442,0.021,-0.073,0.259,0.027,-0.371,0.291,-0.088,-0.424,-0.186,-0.065,-0.005,-0.004,-0.06,-0.073,-0.098,-0.149,0.18,-0.07,0.144,-0.243,-0.096,-0.175,-0.149,-0.316,-0.204,-0.07,0.006,-0.291,-0.121,-0.067,-0.12,0.197,-0.108,0.081,-0.121,-0.285,0.045,0.084,0.31,0.216,0.303,-0.061,0.241,-0.106,-0.069,-0.287,-0.034,-0.114,-0.073,-0.095,-0.111,-0.178
68,Epiblast,E7.5,0.074,0.133,-0.241,-0.058,0.161,0.443,-0.062,0.343,-0.033,-0.02,-0.057,-0.05,-0.018,-0.017,-0.049,0.123,-0.022,-0.031,-0.093,-0.026,-0.062,-0.096,-0.12,-0.263,0.508,-0.004,-0.024,-0.02,-0.067,-0.039,-0.02,-0.262,-0.075,-0.057,0.008,-0.021,-0.02,-0.066,-0.117,-0.025,-0.076,-0.017,-0.033,-0.033,0.182,0.028,-0.076,-0.233,-0.137,-0.074,-0.254,-0.064,-0.039,-0.087,-0.037,-0.114,-0.029,-0.021,-0.056,0.325,0.065,0.131,0.054,-0.015,0.495,0.512,-0.022,0.044,-0.001,-0.05,-0.02,-0.05,0.007,-0.072,-0.056,-0.122
69,Epibranchial placode,E8.5,0.015,-0.027,-0.045,-0.082,-0.086,0.197,-0.222,0.021,0.045,-0.016,-0.131,-0.094,-0.039,-0.068,-0.028,-0.116,-0.02,0.077,-0.134,-0.048,-0.073,-0.058,-0.124,-0.479,-0.058,-0.025,-0.182,-0.003,-0.06,0.607,-0.021,-0.164,-0.068,-0.058,-0.009,-0.006,-0.022,-0.07,-0.081,0.051,0.01,0.008,-0.041,0.035,0.167,0.143,-0.054,-0.169,-0.073,-0.013,-0.22,-0.155,-0.007,-0.119,0.007,0.089,-0.037,0.232,0.272,-0.17,0.066,0.294,-0.003,-0.004,0.553,0.04,0.007,0.06,0.674,0.035,0.453,0.2,-0.007,-0.009,0.039,-0.065
70,Epibranchial placode,E9.0,0.006,-0.05,-0.014,-0.088,-0.057,0.07,-0.176,-0.024,0.063,-0.02,-0.133,-0.098,-0.04,-0.055,-0.015,-0.127,-0.016,0.054,-0.142,-0.05,-0.072,-0.038,-0.142,-0.486,-0.098,-0.031,-0.206,-0.01,-0.104,0.406,-0.023,-0.137,-0.045,-0.067,-0.014,-0.01,-0.029,-0.061,-0.016,0.078,-0.005,0.011,-0.039,0.053,0.081,0.151,-0.044,-0.158,-0.057,0.01,-0.245,-0.149,-0.003,-0.094,0.017,0.145,-0.04,0.241,0.142,-0.16,0.066,0.331,0.005,-0.008,0.479,0.018,-0.011,0.051,0.885,0.056,0.479,0.426,-0.003,-0.02,0.014,-0.056
71,Epibranchial placode,E9.5,0.015,-0.078,0.041,-0.091,-0.072,-0.035,-0.097,-0.04,-0.001,-0.024,-0.129,-0.104,-0.037,-0.068,-0.001,-0.138,-0.018,0.026,-0.118,-0.052,-0.077,-0.026,-0.138,-0.397,-0.105,-0.036,-0.204,-0.011,-0.11,0.221,-0.023,-0.193,-0.004,-0.082,0.001,-0.004,-0.033,-0.029,0.056,0.118,0.009,0.036,-0.031,0.099,0.073,0.104,-0.01,-0.118,-0.064,0.047,-0.19,0.053,-0.004,-0.028,-0.005,0.088,-0.04,0.185,0.049,0.019,0.068,0.346,0.016,-0.01,0.365,0.006,-0.032,-0.018,0.846,0.431,0.424,0.941,-0.012,-0.027,0.018,-0.048
72,Epibranchial placode,E10.0,0.009,-0.115,0.028,-0.116,-0.054,-0.068,-0.071,-0.015,-0.002,-0.033,-0.152,-0.128,-0.037,-0.093,-0.012,-0.178,-0.034,0.02,-0.124,-0.06,-0.102,-0.058,-0.16,-0.45,-0.068,-0.045,-0.224,-0.017,-0.119,0.122,-0.03,-0.218,-0.011,-0.102,0.005,-0.015,-0.047,-0.035,0.068,0.153,-0.025,0.027,-0.057,0.046,0.062,0.103,-0.006,-0.131,-0.099,0.059,-0.165,-0.259,-0.016,0.012,-0.008,0.054,-0.049,0.266,0.013,0.314,0.083,0.42,0.019,-0.013,0.406,-0.002,-0.051,-0.021,0.869,0.078,0.419,1.17,-0.014,-0.001,0.044,-0.074
73,Epibranchial sensory neuron,E9.0,-0.023,-0.103,-0.262,-0.132,0.143,-0.095,-0.157,-0.276,0.024,0.037,-0.047,0.447,0.825,-0.093,-0.043,-0.181,-0.057,-0.036,-0.171,-0.076,-0.06,-0.157,0.269,-0.194,0.086,-0.049,-0.014,-0.021,-0.186,0.175,-0.035,0.007,-0.137,-0.045,0.028,-0.01,-0.055,-0.089,-0.154,-0.073,0.338,-0.031,0.062,0.124,-0.01,-0.006,-0.058,-0.143,0.089,-0.032,-0.207,-0.266,-0.063,-0.132,-0.085,-0.162,-0.059,0.352,-0.072,0.062,0.054,0.067,0.042,-0.015,0.198,-0.011,-0.04,-0.038,0.561,-0.253,-0.035,-0.121,0.145,0.269,0.365,0.129
74,Epibranchial sensory neuron,E9.5,-0.025,-0.143,0.011,-0.107,0.196,-0.089,-0.048,-0.303,-0.011,0.062,0.016,0.577,1.03,-0.131,-0.052,-0.185,-0.031,-0.071,-0.126,-0.076,0.015,-0.113,0.052,-0.026,0.531,-0.018,0.292,-0.044,-0.222,0.002,-0.033,-0.269,-0.134,0.009,0.022,-0.026,-0.046,-0.089,-0.157,-0.091,0.355,-0.033,0.072,0.047,0.093,0.006,-0.056,-0.128,0.068,-0.024,-0.158,-0.015,-0.049,-0.145,-0.077,-0.106,-0.055,0.119,-0.045,0.076,0.024,-0.023,-0.009,-0.017,0.1,-0.017,-0.05,-0.068,0.237,0.186,-0.009,-0.074,0.154,0.201,0.392,0.083
75,Epibranchial sensory neuron,E10.0,-0.038,-0.181,-0.011,-0.112,0.274,-0.124,0.015,-0.364,-0.045,0.081,0.032,0.665,1.16,-0.169,-0.062,-0.226,-0.028,-0.092,-0.189,-0.092,0.013,-0.138,-0.022,0.034,0.765,0.01,0.426,-0.055,-0.264,-0.078,-0.043,-0.354,-0.164,0.074,0.018,-0.039,-0.062,-0.112,-0.214,-0.12,0.296,-0.039,0.078,0.012,0.062,-0.008,-0.064,-0.175,0.039,-0.051,-0.171,-0.27,-0.071,-0.154,-0.095,-0.169,-0.069,0.099,-0.071,0.152,0.02,-0.053,-0.015,-0.023,0.074,-0.022,-0.065,-0.087,0.222,0.115,-0.019,-0.083,0.168,0.217,0.467,0.067
76,Epicardium,E9.0,-0.067,-0.214,-0.225,-0.112,0.276,-0.085,0.244,-0.045,-0.106,-0.073,-0.268,-0.131,-0.048,-0.022,-0.058,-0.163,-0.056,-0.07,-0.039,-0.071,-0.076,0.013,-0.409,-0.039,-0.195,-0.041,-0.195,-0.014,0.25,-0.314,-0.027,-0.419,0.118,-0.084,0.182,0.301,-0.018,0.378,0.687,0.341,-0.117,-0.013,0.483,0.169,0.04,0.509,0.029,0.023,-0.165,0.014,-0.329,-0.216,0.019,-0.044,-0.059,-0.049,-0.033,-0.072,-0.044,0.099,-0.01,-0.011,0.043,-0.01,-0.123,-0.015,-0.072,-0.05,-0.046,-0.236,-0.039,0.256,-0.055,-0.185,-0.065,0.479
77,Epicardium,E9.5,-0.041,-0.201,-0.222,-0.091,0.253,-0.059,0.37,-0.073,-0.087,-0.07,-0.24,-0.11,-0.043,0.01,-0.074,-0.122,-0.054,-0.073,-0.035,-0.054,-0.063,0.071,-0.287,0.079,-0.18,-0.038,-0.131,-0.023,0.012,-0.264,-0.026,-0.31,0.011,-0.047,0.179,0.185,-0.004,0.35,0.58,0.414,-0.104,-0.014,0.453,0.058,0.089,0.226,0.052,0.079,-0.096,-0.028,-0.306,-0.042,-0.048,-0.038,-0.059,-0.033,-0.03,0.353,-0.024,0.515,0.002,-0.007,0.102,-0.003,-0.078,-0.013,-0.059,-0.051,-0.043,-0.207,-0.035,0.291,0.006,-0.119,-0.046,0.648
78,Epicardium,E10.0,-0.047,-0.229,-0.257,-0.108,0.275,-0.074,0.48,-0.064,-0.106,-0.076,-0.289,-0.133,-0.05,-0.03,-0.094,-0.145,-0.069,-0.093,-0.078,-0.063,-0.077,0.095,-0.293,0.069,-0.214,-0.047,-0.119,-0.025,-0.1,-0.312,-0.03,-0.318,-0.018,-0.023,0.193,0.167,-0.007,0.388,0.617,0.494,-0.136,-0.015,0.482,0.058,0.077,0.232,0.065,0.092,-0.116,-0.066,-0.35,-0.252,-0.055,-0.021,-0.074,-0.053,-0.029,0.444,-0.023,0.617,0.002,-0.009,0.121,0.006,-0.068,-0.015,-0.077,-0.066,-0.054,-0.31,-0.048,0.245,0.022,-0.132,-0.049,0.761
79,Epidermal progenitor,E8.5,-0.012,-0.085,-0.146,-0.076,0.044,0.053,-0.333,0.041,0.101,-0.032,-0.168,-0.079,-0.062,-0.141,-0.04,-0.087,-0.017,-0.052,-0.101,-0.071,-0.095,-0.015,-0.022,-0.455,0.321,-0.041,-0.075,-0.047,-0.081,0.154,-0.028,0.543,-0.096,-0.123,0.013,-0.017,-0.025,0.004,0.017,0.426,-0.087,-0.007,-0.057,0.113,0.189,0.048,-0.087,-0.184,-0.157,-0.033,-0.12,-0.188,-0.091,-0.106,-0.072,-0.098,-0.056,-0.032,-0.007,-0.237,0.112,0.529,-0.019,-0.019,0.474,0.062,0.033,0.482,0.291,-0.137,0.24,0.171,0.032,0.053,-0.081,0.008
80,Epidermal progenitor,E9.0,-0.0,0.121,0.031,-0.009,-0.009,0.145,-0.176,0.446,0.051,-0.063,-0.211,-0.111,-0.045,-0.143,-0.066,-0.131,0.024,-0.057,-0.161,-0.039,-0.084,-0.1,-0.252,-0.492,-0.104,-0.026,-0.16,-0.031,-0.246,-0.029,-0.024,-0.133,-0.074,-0.104,-0.011,-0.024,-0.038,-0.058,0.076,0.415,-0.088,-0.017,-0.033,0.06,0.166,0.136,-0.082,-0.218,-0.15,-0.049,-0.148,-0.181,-0.057,-0.129,0.001,0.026,-0.035,0.292,-0.064,-0.18,0.09,0.554,-0.013,-0.011,0.501,0.034,-0.013,0.148,0.112,0.142,0.012,0.524,-0.033,-0.022,-0.058,-0.126
81,Epidermal progenitor,E9.5,-0.006,-0.047,-0.062,-0.029,-0.125,0.001,-0.087,0.332,0.05,-0.045,-0.178,-0.098,-0.043,-0.098,-0.047,-0.122,0.026,-0.037,-0.13,-0.023,-0.08,-0.084,-0.181,-0.413,-0.141,-0.03,-0.173,-0.031,-0.137,-0.008,-0.022,-0.19,-0.052,-0.092,-0.005,-0.016,-0.039,-0.045,0.045,0.382,-0.012,-0.016,-0.034,0.07,0.064,0.024,-0.032,-0.202,-0.139,-0.031,-0.127,0.034,-0.051,-0.082,0.006,-0.021,-0.033,0.348,-0.048,0.086,0.091,0.537,-0.017,-0.01,0.534,0.018,-0.039,0.077,0.062,0.506,0.044,0.78,-0.03,0.037,-0.053,-0.115
82,Epidermal progenitor,E10.0,-0.017,-0.086,-0.076,-0.042,-0.148,-0.014,-0.078,0.41,0.056,-0.053,-0.207,-0.122,-0.05,-0.123,-0.065,-0.152,0.032,-0.05,-0.163,-0.026,-0.1,-0.105,-0.192,-0.465,-0.174,-0.038,-0.206,-0.036,-0.144,-0.022,-0.029,-0.216,-0.051,-0.114,-0.005,-0.027,-0.052,-0.052,0.038,0.429,-0.043,-0.024,-0.048,0.051,0.055,0.004,-0.033,-0.244,-0.177,-0.037,-0.146,-0.23,-0.062,-0.047,0.004,-0.053,-0.044,0.446,-0.064,0.362,0.114,0.634,-0.024,-0.014,0.617,0.012,-0.057,0.059,0.062,0.36,0.017,0.962,-0.039,0.057,-0.059,-0.155
83,Extraembryonic ectoderm,E7.5,-0.037,-0.089,-0.27,-0.059,-0.121,-0.012,-0.244,0.301,0.003,-0.084,-0.195,-0.099,-0.041,-0.007,-0.059,-0.007,0.024,-0.052,-0.108,-0.031,-0.024,-0.093,-0.215,-0.333,-0.035,-0.042,-0.189,-0.032,-0.186,0.229,-0.031,-0.286,-0.085,-0.087,0.024,0.008,-0.011,0.028,0.027,0.307,-0.059,0.006,-0.013,-0.038,0.111,0.36,-0.101,-0.213,-0.145,-0.079,-0.278,-0.031,-0.048,-0.117,-0.038,-0.116,-0.045,-0.176,-0.077,0.196,0.06,0.271,-0.013,-0.045,0.447,0.567,-0.033,-0.031,0.04,0.71,0.16,-0.139,-0.023,-0.035,-0.068,-0.152
84,Extraembryonic mesoderm,E7.5,0.061,0.184,-0.163,-0.057,0.203,0.097,0.085,0.27,-0.056,-0.044,-0.231,-0.091,-0.025,-0.114,-0.044,-0.079,-0.028,-0.038,-0.046,-0.045,-0.073,-0.123,-0.09,-0.033,0.02,-0.012,-0.087,-0.02,-0.079,-0.155,-0.017,-0.223,-0.082,-0.031,0.057,0.02,0.032,0.077,0.483,0.206,0.263,-0.016,0.065,0.007,0.282,0.377,-0.072,-0.122,-0.125,-0.071,-0.245,-0.064,-0.026,-0.12,-0.021,0.064,-0.022,0.048,-0.041,0.086,0.005,0.008,-0.002,-0.008,0.018,0.201,-0.022,-0.02,-0.024,-0.041,-0.013,-0.066,-0.032,-0.156,-0.051,0.001
85,Extraembryonic mesoderm,E8.0,0.014,0.131,-0.033,-0.024,0.291,0.102,0.185,0.382,-0.064,-0.054,-0.257,-0.116,-0.021,-0.135,-0.048,-0.117,-0.032,-0.039,-0.045,-0.043,-0.074,-0.128,-0.18,0.136,-0.089,-0.012,-0.139,-0.021,-0.034,-0.176,-0.016,-0.242,-0.026,-0.079,0.073,0.05,0.009,0.317,0.635,0.429,0.353,0.016,0.191,0.134,0.157,0.347,-0.067,-0.001,-0.147,-0.073,-0.227,-0.101,-0.03,-0.123,-0.027,0.031,-0.013,0.146,-0.045,-0.085,-0.012,0.011,0.017,-0.008,0.036,0.039,-0.017,-0.013,-0.026,-0.095,-0.008,-0.116,-0.023,-0.169,-0.04,0.082
86,Extraembryonic mesoderm,E8.5,-0.064,-0.083,-0.037,-0.113,0.383,0.094,0.201,0.426,-0.116,-0.07,-0.362,-0.188,-0.054,-0.209,-0.086,-0.176,-0.061,-0.066,-0.084,-0.079,-0.117,-0.141,-0.237,0.561,-0.22,-0.033,-0.155,-0.038,-0.177,-0.251,-0.03,-0.32,0.093,-0.117,0.135,0.095,0.004,1.037,0.83,0.954,0.198,-0.004,0.489,0.581,0.373,0.124,-0.074,0.169,-0.181,-0.116,-0.233,-0.23,-0.075,-0.123,-0.058,-0.062,-0.015,0.243,-0.073,-0.106,-0.042,-0.01,-0.003,-0.008,0.057,-0.012,-0.054,-0.039,-0.048,0.315,-0.036,-0.201,-0.04,-0.233,-0.045,0.336
87,Extraembryonic mesoderm,E9.0,-0.086,-0.124,-0.051,-0.109,0.41,0.135,0.256,0.421,-0.127,-0.073,-0.372,-0.204,-0.056,-0.214,-0.088,-0.188,-0.065,-0.067,-0.08,-0.083,-0.113,-0.171,-0.273,0.633,-0.24,-0.037,-0.181,-0.037,-0.204,-0.268,-0.029,-0.319,0.148,-0.139,0.138,0.072,-0.006,1.216,0.896,0.969,0.115,-0.011,0.446,0.56,0.383,0.104,-0.057,0.209,-0.184,-0.105,-0.156,-0.246,-0.072,-0.128,-0.06,-0.127,-0.002,0.396,-0.08,-0.067,-0.048,-0.018,0.002,-0.008,-0.022,-0.013,-0.078,-0.05,-0.05,0.101,-0.034,-0.225,-0.055,-0.197,-0.025,0.383
88,Extraembryonic mesoderm,E9.5,-0.096,-0.175,-0.086,-0.087,0.275,0.16,0.278,0.415,-0.128,-0.061,-0.349,-0.2,-0.061,-0.208,-0.082,-0.188,-0.064,-0.062,-0.049,-0.082,-0.102,-0.199,-0.283,0.55,-0.242,-0.04,-0.155,-0.03,-0.006,-0.276,-0.025,-0.335,0.149,-0.141,0.145,0.041,-0.015,1.254,0.785,0.785,0.071,-0.018,0.318,0.587,0.255,-0.034,-0.022,0.263,-0.19,-0.089,-0.034,-0.118,-0.067,-0.039,-0.057,-0.132,-0.001,0.335,-0.083,0.111,-0.044,-0.016,0.022,-0.003,-0.153,-0.015,-0.087,-0.054,-0.055,0.757,-0.035,-0.159,-0.068,-0.203,0.036,0.386
89,Extraembryonic mesoderm,E10.0,-0.109,-0.197,-0.091,-0.077,0.353,0.173,0.371,0.523,-0.144,-0.057,-0.389,-0.228,-0.07,-0.231,-0.097,-0.218,-0.078,-0.079,-0.065,-0.095,-0.106,-0.221,-0.337,0.445,-0.278,-0.05,-0.113,-0.029,0.016,-0.341,-0.032,-0.339,0.18,-0.162,0.162,0.026,-0.023,1.245,0.834,0.724,0.058,-0.016,0.299,0.59,0.206,-0.058,-0.011,0.285,-0.233,-0.11,-0.008,-0.326,-0.078,0.027,-0.07,-0.167,-0.012,0.327,-0.096,0.183,-0.042,-0.027,0.046,0.006,-0.26,-0.02,-0.102,-0.066,-0.067,0.252,-0.041,-0.168,-0.074,-0.232,0.006,0.482
90,Eye field,E8.5,-0.011,-0.067,-0.267,-0.098,-0.258,-0.036,-0.084,-0.361,0.091,0.047,0.166,-0.021,-0.025,0.358,0.877,0.083,0.028,0.065,0.184,-0.043,-0.079,0.395,0.022,-0.513,0.508,-0.005,0.286,-0.015,0.701,-0.294,0.109,-0.326,-0.071,0.189,-0.016,-0.026,-0.034,-0.086,-0.228,-0.102,-0.118,-0.016,-0.016,-0.092,0.094,0.008,-0.066,-0.3,-0.102,-0.073,-0.247,-0.181,-0.063,-0.137,-0.054,-0.112,-0.038,-0.219,-0.02,-0.21,0.047,-0.02,-0.018,-0.005,0.457,0.028,-0.016,-0.028,-0.033,-0.201,0.01,-0.195,-0.006,0.156,-0.027,-0.147
91,Eye field,E9.0,-0.02,-0.124,-0.201,-0.084,-0.27,-0.049,-0.02,-0.304,-0.038,0.044,0.172,-0.038,-0.021,0.341,0.817,0.039,0.019,0.062,0.096,-0.03,-0.04,0.215,-0.069,-0.373,0.128,-0.008,0.057,0.326,0.42,-0.26,0.014,-0.165,0.573,0.083,-0.019,-0.018,-0.031,-0.09,-0.2,-0.092,-0.095,-0.013,0.005,0.016,-0.036,-0.015,-0.056,-0.258,-0.089,-0.011,-0.24,-0.14,-0.027,-0.103,-0.027,-0.104,-0.027,-0.094,-0.032,-0.159,0.019,-0.038,-0.014,-0.005,0.265,-0.0,-0.017,-0.03,-0.022,-0.142,-0.017,-0.163,-0.042,0.047,-0.045,-0.068
92,Eye field,E9.5,-0.015,-0.148,-0.202,-0.087,-0.291,-0.059,0.263,-0.249,0.051,0.066,0.182,-0.031,-0.026,0.315,0.68,0.158,0.024,0.084,0.069,-0.027,-0.024,0.447,-0.1,-0.088,-0.034,-0.019,0.095,0.631,0.204,-0.256,-0.013,-0.096,0.738,0.047,-0.017,-0.019,-0.032,-0.093,-0.151,-0.084,-0.1,-0.015,-0.012,-0.085,-0.02,-0.02,-0.043,-0.23,-0.1,-0.07,-0.23,0.082,-0.01,-0.108,0.007,-0.103,-0.032,-0.165,-0.037,-0.04,0.006,-0.047,-0.013,-0.006,0.183,-0.006,-0.043,-0.033,-0.026,0.04,-0.029,-0.122,-0.047,0.048,-0.048,-0.104
93,Eye field,E10.0,-0.014,-0.186,-0.241,-0.111,-0.334,-0.077,0.292,-0.243,0.089,0.085,0.189,-0.041,-0.034,0.348,0.645,0.179,0.02,0.099,0.054,-0.038,-0.03,0.579,-0.15,-0.036,-0.028,-0.025,0.099,0.85,0.155,-0.336,-0.022,-0.14,0.802,0.059,-0.021,-0.026,-0.049,-0.113,-0.18,-0.113,-0.142,-0.023,-0.017,-0.131,-0.026,0.031,-0.035,-0.266,-0.139,-0.105,-0.258,-0.243,-0.019,-0.113,0.006,-0.132,-0.042,-0.199,-0.042,0.084,0.012,-0.059,-0.017,-0.009,0.236,-0.01,-0.057,-0.046,-0.035,-0.196,-0.041,-0.11,-0.051,0.033,-0.06,-0.14
94,First heart field,E8.0,-0.056,-0.074,-0.236,-0.126,0.29,-0.089,-0.055,-0.15,-0.081,-0.089,-0.23,-0.133,-0.065,0.085,-0.071,-0.151,-0.068,-0.076,-0.003,-0.076,-0.028,-0.149,-0.226,0.222,-0.18,-0.037,-0.136,-0.025,0.122,0.05,-0.047,-0.291,-0.1,-0.139,0.103,1.046,-0.036,0.175,0.525,0.023,-0.107,0.011,0.312,0.691,0.134,1.131,-0.057,-0.147,-0.137,-0.107,-0.327,-0.114,-0.068,-0.143,-0.011,0.418,-0.069,0.022,-0.07,-0.118,-0.035,-0.053,-0.032,-0.033,-0.061,0.001,-0.069,-0.049,-0.057,0.057,-0.024,-0.165,-0.075,-0.139,-0.092,0.623
95,First heart field,E8.5,-0.093,-0.131,-0.304,-0.172,0.241,-0.138,-0.05,-0.102,-0.106,-0.111,-0.262,-0.158,-0.082,0.087,-0.109,-0.185,-0.104,-0.104,-0.026,-0.112,-0.063,-0.147,-0.298,0.487,-0.217,-0.056,-0.122,0.02,-0.049,0.049,-0.093,-0.371,-0.11,-0.172,0.163,1.446,-0.047,0.215,0.439,0.032,-0.172,-0.008,0.289,1.071,0.336,0.777,-0.081,-0.185,-0.172,-0.126,-0.317,-0.178,-0.079,-0.125,-0.089,0.288,-0.107,0.112,-0.1,-0.066,-0.035,-0.071,-0.056,-0.049,-0.088,-0.037,-0.072,-0.083,-0.085,0.464,-0.043,-0.218,-0.066,-0.199,-0.136,0.526
96,First heart field,E9.0,-0.108,-0.15,-0.3,-0.173,0.219,-0.16,0.031,-0.118,-0.117,-0.12,-0.266,-0.166,-0.075,0.097,-0.118,-0.19,-0.111,-0.106,-0.032,-0.114,-0.065,-0.152,-0.304,0.567,-0.233,-0.048,-0.105,0.058,-0.12,-0.034,-0.105,-0.367,-0.118,-0.196,0.153,1.551,-0.056,0.213,0.411,0.054,-0.206,-0.002,0.255,1.152,0.27,0.766,-0.078,-0.195,-0.163,-0.141,-0.276,-0.17,-0.08,-0.115,-0.118,0.327,-0.116,0.194,-0.113,0.049,-0.031,-0.068,-0.057,-0.055,-0.092,-0.049,-0.076,-0.091,-0.091,0.048,-0.069,-0.243,-0.063,-0.199,-0.139,0.509
97,First heart field,E9.5,-0.105,-0.155,-0.269,-0.152,0.161,-0.148,0.145,-0.144,-0.095,-0.107,-0.237,-0.153,-0.072,0.115,-0.107,-0.167,-0.101,-0.095,-0.028,-0.091,-0.05,-0.157,-0.311,0.577,-0.231,-0.054,-0.073,0.098,-0.152,-0.152,-0.092,-0.345,-0.095,-0.189,0.137,1.422,-0.06,0.178,0.327,0.058,-0.191,-0.016,0.196,1.066,0.261,0.661,-0.072,-0.173,-0.156,-0.141,-0.187,0.065,-0.073,-0.083,-0.109,0.327,-0.103,0.186,-0.107,0.361,-0.02,-0.057,-0.044,-0.045,-0.076,-0.044,-0.083,-0.085,-0.083,-0.115,-0.076,-0.216,-0.057,-0.184,-0.122,0.433
98,First heart field,E10.0,-0.115,-0.179,-0.292,-0.168,0.206,-0.165,0.227,-0.142,-0.094,-0.118,-0.272,-0.176,-0.074,0.127,-0.122,-0.195,-0.114,-0.117,-0.05,-0.085,-0.044,-0.204,-0.374,0.575,-0.272,-0.057,-0.07,0.144,-0.15,-0.221,-0.098,-0.371,-0.127,-0.217,0.156,1.455,-0.066,0.184,0.363,0.08,-0.228,-0.02,0.253,1.056,0.249,0.818,-0.073,-0.205,-0.187,-0.168,-0.183,-0.215,-0.077,-0.061,-0.13,0.401,-0.112,0.213,-0.124,0.505,-0.016,-0.061,-0.044,-0.05,-0.101,-0.046,-0.096,-0.104,-0.095,-0.231,-0.09,-0.231,-0.073,-0.209,-0.14,0.505
99,Floor plate,E8.5,-0.002,-0.05,-0.095,-0.097,-0.175,0.17,-0.064,-0.267,-0.053,0.054,0.198,0.043,-0.007,0.147,-0.017,-0.086,-0.03,0.068,0.969,0.953,-0.068,0.257,-0.099,-0.032,0.27,-0.009,0.375,-0.002,0.532,-0.097,0.015,-0.336,-0.107,0.065,0.004,-0.028,-0.023,-0.048,-0.202,-0.063,-0.105,-0.019,-0.008,-0.071,0.069,0.047,-0.068,-0.29,-0.1,-0.019,0.02,-0.207,-0.062,-0.097,-0.057,0.055,-0.041,-0.003,-0.013,-0.229,0.014,-0.027,0.038,0.01,0.346,0.007,0.251,-0.039,-0.021,0.071,-0.032,-0.089,-0.005,0.072,-0.036,-0.156
100,Floor plate,E9.0,0.006,-0.068,-0.016,-0.098,-0.231,0.06,-0.181,-0.299,-0.094,0.076,0.277,0.054,-0.011,0.162,-0.038,-0.09,-0.03,0.079,0.903,0.779,-0.063,0.266,0.051,0.241,0.029,0.004,0.438,-0.001,0.327,-0.126,0.014,-0.326,-0.098,0.037,-0.016,-0.032,-0.037,-0.065,-0.209,-0.08,-0.11,-0.02,-0.031,-0.127,-0.068,0.022,-0.074,-0.32,-0.094,-0.038,0.022,-0.233,-0.06,-0.024,-0.055,0.161,-0.04,0.014,-0.022,-0.223,-0.003,-0.04,0.038,0.0,0.292,-0.009,0.158,-0.044,-0.02,-0.183,-0.035,-0.069,-0.008,0.065,-0.046,-0.146
101,Floor plate,E9.5,0.001,-0.065,-0.052,-0.081,-0.244,-0.03,-0.169,-0.271,-0.09,0.085,0.34,0.069,-0.02,0.211,-0.043,-0.099,-0.017,0.084,0.719,0.696,-0.051,0.24,0.175,0.492,-0.048,-0.022,0.67,-0.002,0.142,-0.015,0.029,-0.272,-0.057,0.023,-0.018,-0.031,-0.039,-0.067,-0.19,-0.076,-0.097,-0.018,-0.031,-0.158,-0.068,-0.05,-0.06,-0.318,-0.094,-0.048,0.019,-0.016,-0.057,-0.016,-0.049,0.051,-0.036,-0.06,-0.035,-0.126,-0.011,-0.051,0.027,-0.008,0.273,-0.011,-0.021,-0.04,-0.018,-0.102,-0.034,-0.101,-0.012,0.06,-0.045,-0.131
102,Floor plate,E10.0,-0.007,-0.095,-0.016,-0.082,-0.265,-0.035,-0.156,-0.314,-0.12,0.109,0.372,0.078,-0.03,0.144,-0.064,-0.133,-0.025,0.025,0.733,0.849,-0.077,0.274,0.178,0.554,-0.071,-0.031,0.821,0.002,0.111,-0.156,0.034,-0.31,-0.055,0.012,-0.017,-0.045,-0.057,-0.079,-0.222,-0.1,-0.139,-0.026,-0.04,-0.216,-0.1,-0.067,-0.061,-0.38,-0.132,-0.057,0.042,-0.297,-0.079,-0.026,-0.069,0.043,-0.051,-0.069,-0.058,-0.071,-0.012,-0.067,0.027,-0.013,0.321,-0.017,-0.041,-0.055,-0.023,-0.222,-0.046,-0.096,-0.012,0.048,-0.057,-0.172
103,Forebrain,E8.0,-0.025,-0.003,-0.277,-0.067,-0.177,0.007,-0.011,-0.039,-0.011,0.014,0.034,-0.006,-0.016,0.262,0.308,0.155,0.085,0.023,0.061,0.01,-0.053,-0.028,-0.055,-0.364,0.414,0.003,0.157,-0.015,0.561,0.066,-0.002,-0.162,-0.05,-0.002,-0.004,-0.018,-0.019,-0.06,-0.179,-0.044,-0.06,-0.012,-0.018,-0.031,0.064,0.048,-0.061,-0.208,-0.098,-0.024,-0.218,-0.05,-0.042,-0.092,-0.03,-0.07,-0.025,-0.037,-0.029,-0.035,0.042,0.05,-0.016,-0.008,0.51,0.143,-0.01,0.037,-0.017,0.039,-0.013,-0.134,-0.002,-0.038,-0.028,-0.116
104,Foregut,E8.5,-0.036,-0.096,-0.245,-0.092,0.016,-0.057,0.03,-0.024,0.021,-0.057,-0.167,-0.083,-0.034,-0.096,-0.05,-0.126,-0.052,-0.071,-0.102,0.45,-0.09,-0.012,-0.14,-0.327,-0.111,-0.023,-0.184,-0.04,-0.08,-0.184,-0.033,-0.317,-0.11,-0.061,0.008,0.003,0.008,0.022,0.196,0.082,0.022,-0.025,-0.03,-0.076,0.041,0.088,-0.077,-0.265,-0.153,-0.096,-0.322,-0.211,-0.071,0.128,-0.074,-0.047,-0.049,0.336,-0.027,-0.222,0.123,0.294,0.386,0.186,0.601,0.041,0.304,-0.052,0.064,0.077,0.157,0.012,0.007,-0.022,-0.08,-0.169
105,Foregut,E9.0,-0.033,-0.113,-0.15,-0.077,-0.064,-0.038,0.101,-0.024,0.047,-0.051,-0.15,-0.081,-0.033,-0.086,-0.042,-0.111,-0.053,-0.069,-0.089,0.576,-0.068,-0.027,-0.117,-0.401,-0.109,-0.026,-0.157,-0.03,-0.064,-0.083,-0.024,-0.291,-0.102,-0.055,0.003,-0.009,0.002,-0.01,0.21,0.027,0.002,-0.016,-0.031,-0.106,-0.005,-0.009,-0.062,-0.284,-0.153,-0.086,-0.308,-0.183,-0.064,0.09,-0.071,-0.026,-0.051,0.315,-0.029,-0.198,0.106,0.267,0.392,0.292,0.54,0.016,0.378,-0.049,0.145,-0.216,0.059,0.132,-0.012,-0.018,-0.077,-0.162
106,Foregut,E9.5,-0.021,-0.104,-0.1,-0.064,-0.214,-0.046,0.223,-0.001,0.04,-0.042,-0.101,-0.078,-0.027,-0.077,-0.014,-0.087,-0.038,-0.067,-0.049,0.678,-0.054,0.051,-0.065,-0.334,-0.14,-0.012,-0.16,-0.029,-0.133,0.115,0.348,-0.283,-0.096,-0.055,0.011,-0.017,-0.02,-0.045,0.083,0.043,0.0,-0.021,-0.044,-0.119,0.016,-0.014,-0.028,-0.277,-0.139,-0.093,-0.205,0.013,-0.05,0.032,-0.066,-0.011,-0.05,0.405,-0.036,-0.108,0.087,0.311,0.344,0.099,0.551,0.009,0.348,-0.048,0.113,-0.262,0.047,0.262,-0.018,-0.043,-0.07,-0.154
107,Foregut,E10.0,-0.028,-0.132,-0.13,-0.077,-0.269,-0.051,0.177,0.032,0.049,-0.048,-0.111,-0.094,-0.026,-0.089,-0.016,-0.115,-0.037,-0.08,-0.078,0.719,-0.061,0.076,-0.095,-0.377,-0.161,-0.015,-0.213,-0.035,-0.144,0.132,0.354,-0.338,-0.121,-0.065,0.01,-0.024,-0.03,-0.048,0.071,0.027,-0.03,-0.023,-0.058,-0.151,0.0,-0.028,-0.028,-0.324,-0.165,-0.113,-0.261,-0.244,-0.051,0.025,-0.082,-0.022,-0.059,0.364,-0.034,-0.012,0.096,0.353,0.365,0.133,0.595,-0.001,0.423,-0.062,0.098,-0.274,0.039,0.299,-0.028,-0.073,-0.082,-0.182
108,Forelimb field,E9.5,0.005,0.023,0.125,0.294,0.096,0.016,0.07,0.275,-0.015,-0.035,-0.222,-0.095,-0.023,-0.099,0.041,-0.032,-0.004,-0.015,-0.092,-0.03,-0.049,-0.148,-0.19,-0.38,0.042,-0.018,-0.181,0.008,-0.129,0.118,-0.009,-0.095,-0.056,-0.072,-0.014,-0.004,-0.008,-0.038,0.158,-0.06,-0.055,-0.008,-0.025,-0.077,0.004,-0.105,0.086,0.321,-0.073,0.917,0.181,0.084,0.076,0.245,-0.017,-0.002,-0.007,-0.072,-0.016,0.167,-0.008,-0.053,-0.008,-0.001,-0.229,-0.004,-0.008,-0.017,-0.011,0.184,0.017,0.032,-0.007,-0.073,-0.025,-0.045
109,Forelimb field,E10.0,0.008,0.005,0.012,0.373,0.111,-0.026,0.088,0.312,-0.015,-0.043,-0.252,-0.116,-0.032,-0.117,0.041,-0.037,-0.008,-0.031,-0.09,-0.037,-0.063,-0.164,-0.209,-0.443,0.005,-0.023,-0.221,-0.0,-0.161,0.013,-0.011,-0.091,-0.039,-0.093,-0.023,-0.012,-0.019,-0.053,0.134,-0.084,-0.087,-0.011,-0.031,-0.099,-0.037,-0.145,0.123,0.363,-0.088,1.033,0.204,-0.182,0.1,0.249,-0.023,-0.006,-0.006,-0.055,-0.026,0.421,-0.005,-0.066,-0.008,-0.002,-0.269,-0.006,-0.008,-0.021,-0.014,0.015,-0.0,0.067,-0.018,-0.093,-0.039,-0.04
110,Frontonasal mesenchyme,E8.5,-0.026,-0.079,-0.238,-0.058,0.263,-0.027,-0.219,0.094,-0.059,-0.034,-0.191,-0.08,-0.02,-0.043,-0.028,-0.055,-0.025,-0.028,-0.008,-0.033,-0.052,-0.109,-0.24,-0.118,0.123,-0.014,-0.175,0.012,0.115,-0.091,-0.013,0.189,-0.043,0.055,-0.002,-0.005,0.016,-0.026,-0.158,-0.019,-0.009,-0.013,-0.018,0.182,0.126,-0.05,-0.065,0.248,-0.007,-0.053,0.019,-0.091,0.024,-0.043,0.055,-0.073,0.033,-0.052,-0.003,-0.155,0.01,-0.032,-0.009,-0.006,0.01,0.006,-0.005,-0.023,-0.018,-0.209,0.025,-0.153,0.26,0.661,0.038,1.012
111,Frontonasal mesenchyme,E9.0,-0.028,-0.095,-0.274,-0.049,0.176,-0.038,-0.188,0.222,-0.016,-0.029,-0.224,-0.097,-0.013,-0.064,-0.03,-0.059,-0.024,-0.02,-0.01,-0.029,-0.048,-0.145,-0.228,-0.231,-0.016,-0.012,-0.149,0.011,0.016,-0.068,-0.013,0.219,-0.058,0.008,-0.013,-0.016,-0.001,-0.021,-0.135,0.005,-0.043,-0.009,-0.026,0.121,0.015,-0.076,-0.009,0.408,0.059,0.015,0.129,-0.106,0.162,-0.012,0.028,-0.014,0.032,0.038,-0.011,-0.155,-0.002,-0.044,-0.011,-0.004,-0.156,-0.002,-0.013,-0.017,-0.017,-0.159,0.004,-0.161,0.141,0.556,0.013,0.676
112,Frontonasal mesenchyme,E9.5,-0.015,-0.091,-0.305,-0.038,0.123,-0.048,-0.136,0.267,0.039,-0.028,-0.212,-0.093,-0.015,-0.083,-0.031,-0.056,-0.001,-0.014,-0.046,-0.022,-0.052,-0.14,-0.136,-0.197,-0.084,-0.015,-0.108,-0.007,-0.08,0.041,-0.012,0.26,-0.06,0.02,-0.004,-0.015,-0.011,-0.004,-0.085,0.034,-0.048,-0.007,-0.02,0.081,0.005,-0.11,0.056,0.479,0.116,0.098,0.102,0.134,0.479,0.025,-0.009,0.006,0.019,0.367,-0.01,0.086,-0.009,-0.045,-0.007,-0.002,-0.194,-0.002,-0.029,-0.019,-0.016,0.023,-0.015,-0.152,0.029,0.235,-0.029,0.085
113,Frontonasal mesenchyme,E10.0,-0.019,-0.122,-0.368,-0.054,0.163,-0.07,-0.091,0.327,0.037,-0.034,-0.242,-0.118,-0.025,-0.103,-0.045,-0.072,-0.006,-0.025,-0.074,-0.028,-0.071,-0.168,-0.165,-0.259,-0.119,-0.022,-0.122,-0.011,-0.096,-0.018,-0.015,0.263,-0.083,0.031,-0.005,-0.022,-0.023,0.001,-0.107,0.017,-0.076,-0.011,-0.028,0.11,-0.016,-0.148,0.093,0.548,0.118,0.112,0.099,-0.193,0.615,0.033,-0.024,-0.005,0.036,0.429,-0.019,0.339,-0.009,-0.059,-0.011,-0.004,-0.24,-0.004,-0.049,-0.03,-0.022,-0.117,-0.023,-0.17,0.028,0.213,-0.04,0.072
114,Gut,E8.0,0.008,0.087,-0.242,-0.074,0.182,0.04,0.032,0.089,0.024,-0.052,-0.153,-0.094,-0.035,-0.071,-0.011,-0.101,-0.036,-0.034,-0.063,0.328,-0.083,0.028,-0.067,-0.219,-0.068,0.017,-0.117,-0.028,-0.064,0.043,-0.02,-0.266,-0.089,-0.074,-0.012,-0.018,0.012,0.016,0.052,0.121,0.0,-0.02,-0.005,0.016,-0.035,0.194,-0.085,-0.239,-0.09,-0.067,-0.214,-0.127,-0.062,-0.016,-0.062,0.011,-0.047,0.656,-0.031,-0.198,0.08,0.298,0.31,0.066,0.661,0.072,0.384,-0.043,0.058,-0.097,0.185,0.024,0.003,-0.029,-0.07,-0.148
115,Head paraxial mesoderm,E8.5,-0.011,-0.076,-0.186,-0.062,0.279,0.034,-0.074,-0.009,0.163,-0.033,-0.251,-0.105,-0.012,-0.119,-0.021,0.038,-0.026,-0.031,0.012,-0.023,-0.058,-0.172,-0.067,-0.381,-0.1,-0.014,0.065,-0.007,0.029,0.227,-0.012,-0.168,-0.073,0.086,0.012,0.003,0.018,0.105,-0.08,0.067,-0.045,0.021,-0.011,0.22,0.473,0.013,0.066,0.35,0.361,-0.054,0.218,-0.152,0.05,-0.14,-0.025,0.394,0.173,0.394,0.496,-0.166,-0.012,-0.052,-0.013,-0.002,-0.185,-0.004,-0.017,-0.023,-0.019,0.002,-0.005,-0.161,0.018,-0.147,-0.034,-0.032
116,Head paraxial mesoderm,E9.0,-0.023,-0.106,-0.243,-0.064,0.246,-0.019,-0.054,0.046,0.055,-0.038,-0.271,-0.118,-0.015,-0.121,-0.023,0.056,-0.03,-0.034,0.004,-0.026,-0.059,-0.161,-0.083,-0.314,-0.132,-0.016,0.032,0.0,0.044,0.143,-0.014,-0.218,-0.051,0.067,0.003,-0.002,0.013,0.117,-0.049,0.05,-0.069,0.02,-0.009,0.283,0.163,-0.03,0.092,0.475,0.329,-0.028,0.207,-0.171,0.1,-0.132,-0.026,0.283,0.226,0.543,0.453,-0.158,-0.012,-0.059,-0.014,-0.004,-0.28,-0.007,-0.039,-0.025,-0.021,-0.096,-0.008,-0.191,0.018,-0.129,-0.035,-0.021
117,Head paraxial mesoderm,E9.5,-0.028,-0.095,-0.269,-0.069,0.208,-0.05,0.106,0.127,-0.047,-0.03,-0.266,-0.126,-0.017,-0.119,-0.029,0.133,-0.032,-0.036,0.003,-0.013,-0.061,-0.145,-0.124,-0.167,-0.147,-0.014,0.1,-0.013,0.046,0.014,-0.014,-0.253,-0.012,0.043,0.018,-0.006,0.001,0.135,-0.002,0.058,-0.093,-0.001,-0.003,0.292,0.059,-0.111,0.123,0.567,0.234,0.039,0.23,0.036,0.112,-0.084,-0.024,0.131,0.26,0.504,0.219,0.009,-0.01,-0.057,-0.015,-0.002,-0.309,-0.006,-0.052,-0.026,-0.023,0.196,-0.017,-0.15,0.021,-0.102,-0.034,-0.008
118,Head paraxial mesoderm,E10.0,-0.031,-0.114,-0.312,-0.088,0.245,-0.068,0.158,0.203,-0.078,-0.036,-0.308,-0.155,-0.023,-0.146,-0.044,0.161,-0.043,-0.046,-0.034,-0.02,-0.082,-0.179,-0.165,-0.204,-0.184,-0.018,0.082,-0.018,0.026,-0.03,-0.019,-0.288,-0.021,0.045,0.023,-0.016,-0.009,0.163,-0.004,0.06,-0.129,-0.006,-0.003,0.329,0.036,-0.141,0.15,0.632,0.227,0.059,0.213,-0.26,0.132,-0.071,-0.032,0.097,0.327,0.515,0.179,0.139,-0.013,-0.071,-0.021,-0.002,-0.374,-0.009,-0.071,-0.035,-0.031,0.041,-0.024,-0.164,0.024,-0.116,-0.036,0.007
119,Hematoendothelial progenitor,E7.5,-0.025,-0.015,-0.238,-0.034,-0.007,-0.046,-0.223,0.017,-0.048,-0.053,-0.224,-0.094,-0.038,-0.112,-0.056,-0.082,-0.012,-0.045,-0.074,-0.049,-0.065,-0.123,-0.154,0.095,-0.072,-0.026,-0.163,-0.026,-0.02,-0.198,-0.017,-0.274,-0.088,-0.06,0.077,0.0,0.202,0.054,0.109,0.141,-0.026,-0.021,0.026,-0.002,0.131,0.154,-0.078,-0.109,-0.074,-0.075,-0.325,-0.043,-0.048,-0.132,-0.04,-0.055,-0.033,0.212,-0.04,0.102,0.02,-0.035,-0.008,-0.008,-0.043,0.064,-0.041,-0.004,-0.026,0.038,-0.008,-0.159,-0.032,-0.135,-0.059,-0.035
120,Hematoendothelial progenitor,E8.0,-0.046,0.037,-0.13,-0.039,0.287,-0.01,-0.184,0.019,-0.081,-0.071,-0.237,-0.087,-0.049,-0.111,-0.067,-0.121,-0.047,-0.059,-0.084,-0.055,-0.077,-0.085,-0.02,0.234,-0.049,-0.033,-0.195,-0.032,-0.082,-0.1,-0.023,-0.295,-0.093,-0.058,0.083,0.009,0.462,0.139,0.182,0.096,0.021,-0.017,-0.009,-0.099,0.049,0.151,-0.081,0.017,-0.075,-0.092,-0.252,-0.112,-0.056,-0.114,-0.044,-0.084,-0.027,0.116,0.053,-0.141,-0.011,-0.015,-0.012,-0.005,0.007,0.035,-0.03,-0.032,-0.031,-0.08,-0.016,-0.171,0.003,-0.15,-0.061,0.16
121,Hepatoblast,E9.0,-0.033,-0.169,-0.304,-0.092,-0.051,-0.085,-0.067,-0.062,0.092,-0.061,-0.224,-0.06,-0.033,-0.097,-0.078,-0.12,-0.037,-0.066,-0.174,0.384,-0.079,0.025,-0.176,-0.462,-0.113,-0.044,-0.157,-0.05,-0.17,-0.208,-0.051,-0.182,-0.074,-0.101,-0.028,-0.024,0.015,-0.015,0.319,-0.029,-0.036,-0.033,-0.062,-0.182,0.151,-0.125,-0.087,-0.298,-0.126,-0.103,-0.327,-0.189,-0.073,-0.009,-0.063,-0.158,-0.056,-0.031,0.006,-0.199,0.077,0.185,0.318,1.024,0.453,-0.004,0.489,-0.049,-0.012,-0.25,-0.043,0.036,-0.021,-0.112,-0.081,-0.126
122,Hepatoblast,E9.5,-0.038,-0.121,-0.256,-0.054,-0.107,-0.069,-0.129,-0.006,0.109,-0.07,-0.207,-0.041,-0.037,-0.106,-0.041,-0.093,-0.045,-0.05,-0.131,0.348,-0.069,-0.027,-0.216,-0.407,-0.112,-0.037,-0.168,-0.026,-0.144,-0.184,-0.047,-0.238,-0.078,-0.083,0.003,-0.026,0.002,0.007,0.261,-0.052,-0.0,-0.03,-0.042,-0.126,0.243,-0.053,-0.061,-0.216,-0.08,-0.038,-0.22,0.056,-0.045,-0.069,-0.047,-0.103,-0.046,-0.083,0.13,-0.005,0.052,0.123,0.188,1.504,0.317,-0.028,0.551,-0.04,-0.037,-0.184,-0.035,0.071,-0.013,-0.122,-0.038,-0.118
123,Hepatoblast,E10.0,-0.041,-0.135,-0.292,-0.065,-0.082,-0.078,-0.154,0.008,0.147,-0.084,-0.24,-0.055,-0.044,-0.127,-0.051,-0.118,-0.052,-0.057,-0.163,0.356,-0.079,-0.005,-0.257,-0.439,-0.13,-0.046,-0.213,-0.033,-0.194,-0.226,-0.054,-0.281,-0.099,-0.099,-0.001,-0.034,-0.005,0.003,0.249,-0.068,-0.008,-0.036,-0.056,-0.166,0.222,-0.081,-0.065,-0.242,-0.092,-0.035,-0.233,-0.141,-0.054,-0.118,-0.054,-0.123,-0.053,-0.152,0.196,0.068,0.05,0.119,0.216,1.791,0.334,-0.042,0.607,-0.05,-0.046,-0.152,-0.043,0.084,-0.007,-0.139,-0.02,-0.142
124,Hindbrain,E8.0,0.004,0.007,-0.097,-0.062,-0.144,0.305,-0.065,0.035,-0.019,0.017,0.047,-0.029,-0.016,0.039,-0.025,0.127,0.003,0.021,0.033,0.0,0.05,-0.027,0.046,-0.372,0.326,-0.013,0.066,0.001,0.422,0.413,-0.014,-0.016,-0.053,0.156,0.001,-0.018,-0.017,-0.059,-0.183,-0.042,-0.073,-0.01,-0.018,-0.006,0.065,0.036,-0.063,-0.198,-0.096,-0.042,-0.234,-0.056,-0.034,-0.101,-0.023,-0.057,-0.016,-0.03,-0.028,-0.001,0.039,0.044,-0.006,-0.007,0.494,0.122,-0.005,0.026,-0.012,0.022,-0.006,-0.123,0.012,-0.052,-0.03,-0.095
125,Hindbrain (isthmic organizer),E8.5,-0.005,-0.016,-0.276,-0.085,-0.18,0.096,-0.274,-0.291,-0.053,0.046,0.221,-0.036,-0.02,0.234,-0.04,0.176,-0.01,0.863,0.13,-0.038,-0.026,0.225,-0.15,-0.357,0.189,-0.016,0.035,0.021,0.531,0.384,-0.016,0.185,-0.052,0.312,-0.008,-0.022,-0.026,-0.07,-0.235,-0.086,-0.102,-0.012,0.02,-0.081,0.072,0.025,-0.093,-0.258,-0.129,0.018,-0.258,-0.144,-0.049,-0.107,-0.042,-0.109,-0.018,-0.139,0.004,-0.194,0.019,-0.025,-0.015,-0.003,0.403,0.013,-0.024,-0.02,0.009,-0.186,-0.026,-0.172,-0.023,0.003,-0.031,-0.111
126,Hindbrain (isthmic organizer),E9.0,-0.001,-0.032,-0.292,-0.09,-0.224,0.033,-0.285,-0.298,-0.08,0.058,0.275,-0.031,-0.027,0.27,-0.044,0.217,-0.019,0.99,0.15,-0.037,0.017,0.436,-0.155,-0.062,0.056,-0.023,0.028,-0.002,0.371,0.263,-0.017,0.258,-0.045,0.307,-0.033,-0.025,-0.034,-0.079,-0.205,-0.105,-0.109,-0.014,-0.019,-0.116,-0.008,-0.026,-0.075,-0.276,-0.141,0.023,-0.226,-0.173,-0.052,-0.067,-0.042,-0.105,-0.026,-0.196,-0.002,-0.201,0.016,-0.038,-0.015,-0.005,0.284,-0.001,-0.037,-0.032,-0.001,-0.013,-0.028,-0.156,-0.037,0.029,-0.035,-0.114
127,Hindbrain (isthmic organizer),E9.5,0.01,-0.035,-0.297,-0.079,-0.291,-0.008,-0.238,-0.28,-0.083,0.049,0.302,-0.001,-0.032,0.284,-0.046,0.271,-0.026,1.13,0.142,-0.034,0.02,0.545,-0.093,0.301,-0.051,-0.03,0.053,-0.012,0.165,0.048,-0.016,0.148,-0.063,0.211,-0.034,-0.03,-0.038,-0.081,-0.187,-0.103,-0.095,-0.016,-0.03,-0.134,0.012,-0.07,-0.048,-0.282,-0.159,0.007,-0.184,0.053,-0.053,-0.06,-0.036,-0.106,-0.026,-0.2,0.002,0.207,0.005,-0.05,-0.006,-0.006,0.249,-0.006,-0.052,-0.04,-0.004,0.226,-0.027,-0.145,-0.055,0.05,-0.017,-0.112
128,Hindbrain (isthmic organizer),E10.0,0.003,-0.055,-0.34,-0.095,-0.36,-0.026,-0.28,-0.336,-0.096,0.065,0.356,0.0,-0.042,0.298,-0.059,0.34,-0.035,1.282,0.08,-0.045,0.041,0.708,-0.103,0.312,-0.072,-0.04,0.104,-0.014,0.129,-0.012,-0.019,0.24,-0.076,0.32,-0.047,-0.044,-0.052,-0.109,-0.225,-0.137,-0.124,-0.022,-0.036,-0.173,-0.008,-0.107,-0.048,-0.334,-0.194,-0.006,-0.209,-0.251,-0.069,-0.046,-0.043,-0.133,-0.036,-0.261,-0.006,0.569,0.002,-0.063,-0.008,-0.009,0.292,-0.011,-0.066,-0.054,-0.014,-0.02,-0.038,-0.159,-0.074,0.059,-0.007,-0.129
129,Hindbrain (r1),E8.5,-0.004,-0.041,-0.201,-0.081,-0.245,0.066,-0.274,-0.289,-0.023,0.062,0.235,-0.035,-0.017,0.104,-0.032,0.106,-0.011,0.118,0.197,-0.028,0.068,0.098,0.087,-0.468,0.401,-0.012,0.267,0.019,0.798,0.565,-0.014,0.267,-0.038,0.942,0.006,-0.014,-0.026,-0.073,-0.244,-0.079,-0.098,-0.005,-0.013,-0.065,0.088,0.014,-0.068,-0.26,-0.13,-0.022,-0.244,-0.149,-0.041,-0.121,-0.032,-0.047,-0.016,-0.093,0.004,-0.178,0.006,-0.031,-0.012,-0.003,0.389,0.016,-0.026,-0.017,-0.017,-0.113,-0.018,-0.159,-0.009,-0.013,-0.022,-0.105
130,Hindbrain (r1),E9.0,-0.022,-0.076,-0.216,-0.086,-0.26,-0.014,-0.295,-0.329,-0.002,0.067,0.344,0.002,-0.017,0.138,-0.038,0.128,-0.02,0.166,0.214,-0.032,0.131,0.264,0.138,-0.106,0.211,-0.017,0.277,0.022,0.5,0.506,-0.014,0.349,0.05,0.687,-0.028,-0.016,-0.032,-0.091,-0.227,-0.107,-0.114,-0.009,-0.024,-0.089,-0.033,-0.05,-0.058,-0.277,-0.134,-0.007,-0.247,-0.173,-0.043,-0.126,-0.031,-0.057,-0.021,-0.219,-0.0,-0.204,-0.0,-0.043,-0.016,-0.005,0.211,0.001,-0.031,-0.025,-0.014,-0.07,-0.023,-0.153,-0.033,0.002,-0.034,-0.111
131,Hindbrain (r1),E9.5,-0.022,-0.1,-0.257,-0.082,-0.291,-0.039,-0.239,-0.302,0.026,0.063,0.411,0.074,-0.009,0.138,-0.04,0.19,-0.02,0.293,0.076,-0.031,0.179,0.363,0.227,0.459,0.013,-0.019,0.345,-0.002,0.234,0.616,-0.012,0.448,0.044,0.603,-0.035,-0.017,-0.033,-0.102,-0.191,-0.112,-0.1,-0.01,-0.028,-0.116,-0.028,-0.088,-0.052,-0.289,-0.137,-0.02,-0.229,0.054,-0.04,-0.097,-0.006,-0.098,-0.021,-0.332,-0.003,-0.104,-0.013,-0.056,-0.017,-0.005,0.097,-0.003,-0.045,-0.029,-0.013,0.171,-0.024,-0.115,-0.048,0.032,-0.022,-0.118
132,Hindbrain (r1),E10.0,-0.036,-0.136,-0.295,-0.102,-0.354,-0.061,-0.269,-0.336,0.037,0.077,0.484,0.11,-0.01,0.14,-0.053,0.2,-0.025,0.31,0.026,-0.043,0.211,0.409,0.316,0.539,0.033,-0.018,0.427,-0.004,0.211,0.597,-0.017,0.512,0.021,0.69,-0.05,-0.029,-0.047,-0.138,-0.242,-0.152,-0.133,-0.013,-0.039,-0.163,-0.062,-0.108,-0.055,-0.349,-0.169,-0.042,-0.255,-0.252,-0.056,-0.101,-0.007,-0.133,-0.029,-0.433,-0.011,-0.004,-0.021,-0.074,-0.023,-0.009,0.089,-0.007,-0.063,-0.041,-0.02,0.073,-0.032,-0.093,-0.068,0.03,-0.028,-0.15
133,Hindbrain (r2-r4),E8.5,0.006,-0.039,0.015,-0.082,-0.24,0.033,-0.247,-0.233,0.045,0.068,0.252,-0.029,-0.004,0.105,-0.032,0.088,-0.012,0.013,0.224,0.04,0.027,0.125,0.183,-0.411,0.361,-0.016,0.164,0.013,0.749,0.445,-0.018,0.135,-0.063,0.27,-0.003,-0.014,-0.023,-0.068,-0.247,-0.068,-0.086,-0.001,-0.011,-0.023,0.103,0.015,-0.053,-0.251,-0.139,-0.054,-0.229,-0.139,-0.039,-0.104,-0.037,-0.016,-0.024,-0.177,0.002,-0.182,0.005,-0.031,0.0,-0.002,0.293,0.013,0.041,-0.019,-0.023,0.048,-0.014,-0.164,-0.02,-0.035,-0.028,-0.036
134,Hindbrain (r2-r4),E9.0,-0.001,-0.078,0.03,-0.084,-0.264,-0.021,-0.268,-0.22,0.014,0.072,0.349,-0.001,-0.011,0.118,-0.033,0.087,-0.028,-0.018,0.339,0.011,0.091,0.146,0.287,-0.115,0.197,-0.019,0.189,0.016,0.59,0.341,-0.016,0.093,-0.037,0.241,-0.033,-0.021,-0.026,-0.082,-0.238,-0.095,-0.093,-0.006,-0.018,-0.088,-0.056,-0.036,-0.058,-0.263,-0.139,-0.068,-0.21,-0.153,-0.038,-0.123,-0.035,-0.038,-0.023,-0.267,-0.012,-0.192,-0.005,-0.044,0.0,-0.005,0.161,-0.001,0.072,-0.027,-0.018,-0.222,-0.022,-0.122,-0.029,-0.046,-0.035,-0.044
135,Hindbrain (r2-r4),E9.5,-0.014,-0.098,-0.009,-0.081,-0.295,-0.039,-0.165,-0.241,0.009,0.075,0.466,0.086,-0.009,0.092,-0.037,0.134,-0.021,-0.027,0.243,-0.01,0.261,0.128,0.463,0.438,0.068,-0.017,0.376,0.005,0.388,0.42,-0.012,0.305,-0.009,0.261,-0.04,-0.019,-0.027,-0.1,-0.212,-0.107,-0.094,-0.007,-0.025,-0.128,-0.062,-0.071,-0.039,-0.277,-0.137,-0.064,-0.228,0.048,-0.037,-0.107,-0.021,-0.071,-0.02,-0.359,-0.03,-0.15,-0.02,-0.057,-0.008,-0.005,0.043,-0.004,-0.033,-0.026,-0.016,-0.161,-0.02,-0.138,-0.04,-0.055,-0.022,-0.086
136,Hindbrain (r2-r4),E10.0,-0.026,-0.135,-0.031,-0.103,-0.355,-0.057,-0.174,-0.276,0.008,0.089,0.544,0.12,-0.011,0.09,-0.05,0.148,-0.021,-0.038,0.184,-0.025,0.324,0.138,0.57,0.581,0.081,-0.021,0.476,-0.0,0.347,0.389,-0.015,0.369,-0.031,0.274,-0.056,-0.03,-0.041,-0.136,-0.26,-0.148,-0.129,-0.009,-0.033,-0.175,-0.095,-0.09,-0.038,-0.336,-0.172,-0.089,-0.28,-0.24,-0.051,-0.111,-0.027,-0.113,-0.028,-0.464,-0.041,-0.122,-0.026,-0.076,-0.01,-0.008,0.022,-0.007,-0.054,-0.036,-0.022,-0.182,-0.029,-0.144,-0.058,-0.068,-0.025,-0.112
137,Hindbrain (r5-r8),E8.5,0.007,-0.073,0.147,-0.083,-0.24,0.096,-0.196,-0.246,-0.058,0.046,0.267,-0.008,0.014,0.032,-0.032,0.097,-0.028,0.023,0.226,0.071,0.022,0.203,0.039,-0.202,0.341,-0.015,0.005,0.006,0.532,0.478,-0.016,-0.069,-0.075,0.048,-0.003,-0.012,-0.022,-0.057,-0.245,-0.075,-0.068,-0.006,-0.021,0.021,0.134,0.103,-0.068,-0.267,-0.133,-0.085,-0.231,-0.133,-0.041,-0.137,-0.036,0.002,-0.025,-0.118,0.022,-0.162,0.011,-0.02,0.01,0.013,0.377,0.015,0.608,-0.022,-0.021,-0.059,-0.02,0.044,-0.017,0.016,-0.044,-0.137
138,Hindbrain (r5-r8),E9.0,-0.012,-0.08,0.217,-0.077,-0.284,0.042,-0.221,-0.25,-0.045,0.044,0.393,0.048,-0.003,0.015,-0.037,0.153,-0.024,-0.001,0.236,0.016,0.167,0.145,0.128,0.245,0.13,-0.006,0.042,0.025,0.338,0.328,-0.014,0.152,-0.058,0.069,-0.029,-0.02,-0.027,-0.09,-0.245,-0.105,-0.086,-0.008,-0.026,-0.019,-0.019,0.033,-0.073,-0.303,-0.133,-0.09,-0.258,-0.147,-0.032,-0.153,-0.029,-0.035,-0.021,-0.293,-0.03,-0.165,-0.004,-0.044,-0.002,-0.003,0.196,-0.001,0.342,-0.023,-0.018,-0.207,-0.019,-0.058,-0.033,-0.058,-0.035,-0.137
139,Hindbrain (r5-r8),E9.5,-0.02,-0.105,0.197,-0.077,-0.304,-0.022,-0.167,-0.262,-0.014,0.056,0.501,0.174,-0.001,0.015,-0.036,0.199,-0.019,-0.02,0.157,-0.015,0.322,0.091,0.413,0.574,0.078,0.011,0.301,-0.01,0.21,0.278,-0.011,0.375,-0.047,0.036,-0.035,-0.023,-0.028,-0.113,-0.223,-0.116,-0.09,-0.009,-0.026,-0.114,-0.045,-0.036,-0.058,-0.299,-0.132,-0.096,-0.259,0.018,-0.036,-0.097,-0.021,-0.086,-0.021,-0.405,-0.037,-0.054,-0.018,-0.056,-0.012,-0.005,0.075,-0.004,0.026,-0.024,-0.016,-0.188,-0.02,-0.107,-0.049,-0.049,-0.025,-0.12
140,Hindbrain (r5-r8),E10.0,-0.034,-0.137,0.2,-0.098,-0.363,-0.036,-0.202,-0.31,0.017,0.07,0.574,0.208,-0.005,0.023,-0.048,0.273,-0.014,-0.031,0.029,-0.034,0.465,0.125,0.499,0.68,0.084,0.001,0.442,-0.018,0.134,0.284,-0.015,0.572,-0.051,0.063,-0.053,-0.035,-0.043,-0.151,-0.272,-0.157,-0.127,-0.011,-0.035,-0.174,-0.083,-0.051,-0.055,-0.357,-0.171,-0.124,-0.315,-0.247,-0.052,-0.075,-0.033,-0.123,-0.029,-0.52,-0.049,0.086,-0.023,-0.076,-0.019,-0.007,0.05,-0.007,-0.008,-0.035,-0.021,-0.223,-0.028,-0.099,-0.071,-0.072,-0.033,-0.157
141,Hindgut,E8.5,0.081,0.613,-0.167,0.06,0.257,0.027,0.004,0.327,0.061,-0.065,-0.152,-0.132,-0.02,-0.128,-0.07,-0.144,-0.049,0.0,-0.083,0.28,-0.111,-0.007,-0.091,-0.216,-0.153,0.069,-0.252,-0.036,-0.213,-0.263,-0.037,-0.243,-0.117,-0.117,-0.019,-0.034,-0.006,-0.018,-0.007,0.096,-0.031,-0.029,-0.001,0.001,0.1,0.427,-0.113,-0.277,-0.128,-0.107,-0.077,-0.21,-0.068,-0.12,-0.07,-0.087,-0.049,0.292,-0.066,-0.254,0.06,0.291,0.357,0.043,0.68,0.051,0.364,-0.032,0.103,0.363,0.106,0.009,-0.011,-0.09,-0.091,-0.122
142,Hindgut,E9.0,0.076,0.572,-0.101,0.294,0.248,-0.004,0.028,0.388,0.041,-0.06,-0.146,-0.126,-0.028,-0.128,-0.068,-0.144,-0.048,-0.006,-0.038,0.307,-0.101,0.004,-0.129,-0.218,-0.161,0.073,-0.253,-0.039,-0.253,-0.26,-0.032,-0.136,-0.111,-0.112,-0.026,-0.031,-0.024,-0.051,0.024,0.056,0.006,-0.026,-0.013,-0.048,0.059,0.472,-0.089,-0.296,-0.11,-0.108,-0.102,-0.202,-0.064,-0.066,-0.067,-0.099,-0.043,0.141,-0.057,-0.228,0.066,0.279,0.311,0.048,0.591,0.029,0.356,-0.023,0.14,-0.088,0.103,-0.015,-0.028,-0.069,-0.083,-0.11
143,Hindgut,E9.5,0.023,0.284,-0.076,0.418,0.134,-0.035,0.051,0.181,0.066,-0.05,-0.122,-0.118,-0.031,-0.11,-0.052,-0.135,-0.049,-0.043,-0.048,0.419,-0.097,0.121,-0.129,-0.244,-0.16,0.022,-0.232,-0.044,-0.263,-0.258,-0.033,-0.19,-0.113,-0.109,-0.016,-0.025,-0.032,-0.012,0.049,0.064,0.066,-0.028,-0.026,0.023,0.018,0.327,-0.029,-0.281,-0.106,-0.106,-0.148,-0.025,-0.063,0.102,-0.077,-0.067,-0.047,0.087,-0.033,-0.02,0.086,0.294,0.294,0.071,0.526,0.018,0.264,0.009,0.112,-0.118,0.15,0.059,-0.037,-0.068,-0.081,-0.154
144,Hindgut,E10.0,0.026,0.254,-0.072,0.438,0.114,-0.033,0.124,0.195,0.091,-0.049,-0.127,-0.136,-0.029,-0.124,-0.05,-0.149,-0.054,-0.054,-0.057,0.474,-0.115,0.139,-0.119,-0.291,-0.171,0.024,-0.245,-0.046,-0.294,-0.306,-0.035,-0.217,-0.132,-0.125,-0.017,-0.038,-0.042,-0.028,0.049,0.035,0.075,-0.034,-0.034,-0.013,-0.008,0.328,-0.016,-0.308,-0.13,-0.126,-0.167,-0.272,-0.077,0.111,-0.092,-0.089,-0.055,0.116,-0.012,0.117,0.096,0.322,0.297,0.086,0.541,0.012,0.275,0.014,0.096,-0.306,0.161,0.105,-0.053,-0.084,-0.092,-0.185
145,Hindlimb field,E9.5,0.03,0.145,0.057,0.56,0.156,0.011,0.037,0.304,0.079,-0.029,-0.203,-0.084,-0.02,-0.092,0.003,-0.083,-0.022,-0.001,-0.121,-0.03,-0.054,-0.146,-0.182,-0.315,-0.027,-0.017,-0.166,0.001,-0.16,0.116,-0.009,-0.193,-0.071,-0.079,-0.017,-0.004,-0.008,-0.046,0.172,-0.024,0.356,-0.008,-0.025,-0.057,0.011,-0.011,0.061,0.281,-0.078,0.38,0.138,0.024,0.013,0.181,-0.018,0.01,-0.014,-0.003,0.013,0.065,-0.012,-0.047,0.013,-0.003,-0.193,-0.004,-0.019,-0.017,-0.014,-0.113,0.096,-0.022,-0.009,-0.088,-0.038,-0.061
146,Hindlimb field,E10.0,0.028,0.073,0.015,0.549,0.124,-0.01,0.066,0.336,0.029,-0.038,-0.238,-0.102,-0.026,-0.104,0.027,-0.048,-0.026,-0.012,-0.134,-0.038,-0.064,-0.178,-0.173,-0.361,0.025,-0.022,-0.21,0.003,-0.177,0.092,-0.01,-0.23,-0.08,-0.095,-0.023,-0.009,-0.013,-0.065,0.168,-0.051,0.292,-0.01,-0.032,-0.093,-0.035,-0.094,0.092,0.306,-0.107,0.786,0.146,-0.166,0.067,0.255,-0.016,-0.01,-0.02,0.022,0.0,0.152,-0.015,-0.061,0.002,-0.003,-0.246,-0.005,-0.015,-0.023,-0.017,-0.048,0.058,-0.038,-0.005,-0.084,-0.046,-0.062
147,Hypaxial myogenic progenitor,E9.0,0.025,-0.109,0.176,-0.09,0.117,0.024,-0.143,-0.213,0.05,-0.044,-0.23,-0.094,-0.011,-0.11,-0.034,-0.122,-0.033,-0.035,-0.082,-0.041,-0.049,-0.14,-0.049,-0.225,-0.061,-0.025,-0.191,-0.022,-0.143,-0.162,-0.015,0.57,-0.089,-0.02,0.01,-0.026,0.055,-0.02,0.08,-0.051,-0.079,-0.016,-0.03,-0.04,-0.087,-0.058,0.055,0.151,0.486,-0.025,0.091,-0.214,-0.043,-0.088,-0.041,0.056,-0.024,0.017,0.052,-0.175,0.002,-0.04,-0.011,-0.001,-0.191,-0.008,-0.035,-0.033,-0.009,0.115,-0.021,0.689,0.064,-0.05,-0.043,-0.042
148,Hypaxial myogenic progenitor,E9.5,0.021,-0.075,0.151,0.073,0.072,-0.025,-0.107,-0.097,-0.055,-0.027,-0.182,-0.085,-0.006,-0.099,-0.012,-0.108,-0.028,-0.026,-0.09,-0.038,-0.036,-0.129,-0.091,-0.111,-0.055,-0.011,-0.147,-0.011,-0.13,-0.224,-0.011,0.542,-0.077,0.039,0.015,-0.022,0.023,-0.008,0.091,-0.037,-0.048,-0.01,-0.029,-0.008,-0.05,-0.105,0.067,0.098,0.277,-0.034,0.183,0.053,0.041,-0.071,-0.032,0.029,-0.013,-0.067,-0.015,0.05,-0.003,-0.04,0.0,-0.003,-0.179,-0.004,-0.032,-0.026,0.02,0.393,-0.012,1.012,0.063,0.001,0.054,-0.025
149,Hypaxial myogenic progenitor,E10.0,0.018,-0.084,0.057,0.11,0.059,-0.049,-0.094,-0.089,-0.073,-0.026,-0.202,-0.102,-0.015,-0.116,-0.025,-0.135,-0.037,-0.039,-0.126,-0.047,-0.035,-0.141,-0.16,-0.114,-0.073,-0.015,-0.191,-0.008,-0.137,-0.272,-0.015,0.549,-0.101,0.06,0.01,-0.031,0.014,-0.018,0.07,-0.059,-0.077,-0.014,-0.037,-0.017,-0.074,-0.134,0.085,0.085,0.229,-0.028,0.185,-0.176,0.066,-0.069,-0.043,0.002,-0.019,-0.071,-0.014,0.256,0.0,-0.051,0.003,-0.004,-0.213,-0.006,-0.042,-0.035,0.032,0.33,-0.005,1.272,0.071,-0.013,0.078,-0.021
150,Hypothalamic neuron,E9.0,-0.043,-0.11,-0.349,-0.129,-0.34,-0.072,-0.229,-0.48,0.289,0.122,0.319,0.707,0.188,0.25,0.427,-0.178,-0.034,-0.091,0.378,-0.002,-0.145,0.433,0.293,-0.277,0.326,-0.002,0.66,-0.073,-0.14,-0.338,0.415,-0.443,-0.009,-0.0,-0.022,-0.063,-0.058,-0.148,-0.066,-0.178,-0.031,-0.05,-0.088,-0.121,-0.144,-0.062,-0.076,-0.378,-0.028,-0.167,-0.157,-0.314,-0.106,-0.216,-0.091,-0.185,-0.078,-0.34,-0.064,-0.303,-0.012,-0.107,-0.017,-0.025,0.165,-0.017,-0.12,-0.083,-0.037,-0.238,0.084,-0.235,-0.112,0.071,-0.024,-0.148
151,Hypothalamic neuron,E9.5,-0.061,-0.133,-0.281,-0.145,-0.249,-0.125,-0.074,-0.425,0.036,0.132,0.37,0.981,0.235,0.298,0.049,-0.15,0.112,-0.06,0.254,0.084,-0.092,0.023,0.041,0.221,0.96,0.068,1.024,-0.036,-0.004,-0.239,0.374,-0.377,-0.009,0.218,-0.035,-0.049,-0.075,-0.144,-0.173,-0.167,0.016,-0.032,-0.05,-0.157,-0.103,-0.15,-0.081,-0.334,-0.023,-0.145,-0.214,-0.095,-0.098,-0.03,0.039,-0.147,-0.066,-0.385,-0.06,-0.22,-0.027,-0.122,-0.024,-0.017,-0.098,-0.022,-0.05,0.119,-0.048,-0.146,-0.045,-0.209,-0.053,0.094,0.297,-0.213
152,Hypothalamic neuron,E10.0,-0.077,-0.183,-0.318,-0.164,-0.312,-0.135,-0.111,-0.474,0.055,0.138,0.407,0.97,0.215,0.273,0.134,-0.119,0.145,-0.086,0.117,0.05,-0.112,0.041,0.074,0.202,0.892,0.077,0.955,-0.024,-0.019,-0.315,0.503,-0.421,0.04,0.278,-0.048,-0.066,-0.09,-0.176,-0.191,-0.197,-0.024,-0.039,-0.038,-0.213,-0.154,-0.187,-0.087,-0.392,-0.09,-0.151,-0.251,-0.283,-0.117,0.078,0.126,-0.175,-0.077,-0.45,-0.066,-0.145,-0.028,-0.139,-0.029,-0.02,-0.084,-0.005,-0.078,0.254,-0.065,-0.169,-0.055,-0.226,-0.073,0.111,0.277,-0.233
153,Hypothalamus,E8.5,-0.018,-0.045,-0.309,-0.088,-0.224,-0.03,-0.014,-0.223,0.016,0.038,0.152,0.01,-0.016,0.421,0.469,-0.055,0.122,-0.015,0.558,0.196,-0.071,0.142,-0.063,-0.431,0.395,-0.016,0.239,-0.008,0.85,-0.248,0.444,-0.336,-0.066,0.054,0.001,-0.02,-0.021,-0.07,-0.19,-0.066,-0.074,-0.016,-0.017,-0.051,0.117,0.047,-0.062,-0.273,-0.095,-0.036,-0.185,-0.15,-0.049,-0.1,-0.044,-0.058,-0.034,-0.161,-0.004,-0.193,0.021,-0.028,-0.013,-0.004,0.386,0.02,-0.001,-0.035,-0.02,-0.018,-0.02,-0.146,-0.017,0.109,-0.037,-0.129
154,Hypothalamus,E9.0,-0.012,-0.094,-0.292,-0.087,-0.278,-0.044,-0.03,-0.271,-0.002,0.056,0.209,0.011,-0.02,0.45,0.513,-0.08,0.122,-0.03,0.452,0.139,-0.067,0.323,-0.056,-0.308,0.151,-0.016,0.191,0.01,0.597,-0.264,0.712,-0.332,-0.057,0.072,-0.023,-0.021,-0.031,-0.073,-0.135,-0.091,-0.095,-0.015,-0.005,-0.088,-0.043,-0.012,-0.058,-0.288,-0.096,-0.021,-0.239,-0.155,-0.054,-0.044,-0.042,-0.051,-0.036,-0.229,-0.006,-0.182,0.013,-0.041,-0.012,-0.007,0.277,0.0,-0.007,-0.034,-0.011,-0.111,0.008,-0.136,-0.038,0.112,-0.046,-0.11
155,Hypothalamus,E9.5,-0.025,-0.122,-0.306,-0.083,-0.299,-0.06,-0.091,-0.256,-0.047,0.061,0.267,0.04,-0.013,0.398,0.358,-0.084,0.165,-0.042,0.261,0.095,-0.052,0.462,-0.003,0.047,0.047,-0.023,0.257,0.036,0.361,-0.244,1.09,-0.313,-0.036,0.094,-0.027,-0.017,-0.032,-0.064,-0.069,-0.085,-0.096,-0.015,0.001,-0.118,-0.033,-0.063,-0.032,-0.279,-0.11,-0.031,-0.241,0.056,-0.048,0.034,-0.033,-0.088,-0.037,-0.295,-0.013,-0.055,-0.001,-0.051,-0.008,-0.007,0.169,-0.006,-0.044,-0.025,-0.023,-0.043,-0.017,-0.149,-0.051,0.129,-0.02,-0.106
156,Hypothalamus,E10.0,-0.041,-0.165,-0.367,-0.103,-0.362,-0.084,-0.105,-0.31,-0.067,0.075,0.325,0.071,-0.014,0.419,0.366,-0.104,0.18,-0.06,0.233,0.095,-0.066,0.554,0.009,0.055,0.071,-0.032,0.309,0.059,0.381,-0.328,1.21,-0.397,-0.03,0.145,-0.043,-0.028,-0.049,-0.085,-0.108,-0.119,-0.133,-0.02,-0.002,-0.167,-0.05,-0.09,-0.028,-0.338,-0.156,-0.064,-0.282,-0.252,-0.062,0.028,-0.049,-0.127,-0.048,-0.379,-0.025,0.136,-0.005,-0.067,-0.013,-0.011,0.151,-0.01,-0.069,-0.032,-0.032,-0.22,-0.025,-0.182,-0.071,0.121,-0.014,-0.132
157,Intermediate mesoderm,E7.5,0.121,0.389,-0.138,-0.043,0.308,0.156,0.185,0.298,-0.081,-0.032,-0.201,-0.094,-0.004,-0.105,-0.051,-0.052,-0.025,-0.043,-0.105,-0.048,-0.056,-0.046,-0.12,0.036,-0.035,-0.027,-0.115,-0.029,-0.085,-0.14,-0.021,-0.211,-0.09,0.032,0.033,-0.013,0.008,-0.034,0.289,0.047,0.231,-0.021,0.045,-0.012,0.085,0.273,-0.085,-0.118,-0.141,-0.051,-0.023,-0.071,-0.024,-0.08,0.023,-0.026,-0.031,-0.083,-0.055,0.216,0.015,0.026,-0.011,-0.001,-0.047,0.337,-0.043,-0.013,-0.035,0.067,-0.031,0.031,-0.021,-0.098,-0.061,-0.119
158,Intermediate mesoderm,E8.0,0.129,0.479,0.142,-0.016,0.354,0.489,0.72,0.213,0.13,-0.027,-0.155,-0.068,-0.017,-0.081,-0.026,-0.082,-0.021,-0.022,-0.054,-0.031,-0.045,-0.09,0.099,-0.261,0.082,-0.013,-0.113,0.004,-0.102,-0.134,-0.008,-0.201,-0.052,-0.061,0.003,-0.01,-0.005,-0.024,0.044,0.009,0.106,-0.003,-0.012,-0.044,0.018,0.133,-0.052,-0.122,-0.094,-0.041,0.0,-0.053,-0.018,-0.087,-0.023,-0.036,-0.017,-0.016,-0.034,-0.046,-0.001,-0.014,-0.011,-0.007,-0.055,0.077,-0.026,-0.017,-0.019,-0.005,-0.014,-0.084,-0.009,-0.101,-0.039,-0.083
159,Intermediate mesoderm,E8.5,0.112,0.386,0.182,-0.026,0.374,0.273,0.749,0.227,0.283,-0.028,-0.139,-0.079,-0.025,-0.061,-0.016,-0.081,-0.001,0.074,-0.063,-0.019,-0.061,-0.087,-0.026,-0.376,0.052,-0.017,-0.152,-0.004,-0.04,-0.111,-0.01,-0.224,-0.064,-0.064,0.003,-0.005,-0.005,-0.011,-0.058,0.004,0.067,0.006,-0.002,-0.061,0.071,0.24,-0.045,-0.117,-0.005,-0.018,-0.113,-0.145,-0.029,-0.082,-0.03,0.007,-0.017,-0.085,-0.004,-0.155,0.008,-0.018,0.003,-0.003,-0.047,0.001,-0.002,-0.022,-0.003,-0.184,-0.001,-0.078,0.018,-0.053,-0.007,-0.077
160,Intermediate mesoderm,E9.0,0.093,0.145,0.27,-0.042,0.315,0.041,0.373,0.099,0.245,-0.03,-0.166,-0.112,-0.023,-0.097,-0.03,-0.131,0.051,0.262,-0.114,-0.034,-0.065,-0.064,0.023,-0.294,-0.021,-0.028,-0.236,-0.014,-0.037,-0.187,-0.018,-0.222,-0.085,-0.087,0.02,-0.015,-0.005,0.015,-0.033,0.011,-0.044,-0.011,0.002,-0.071,-0.013,0.079,-0.012,-0.07,0.078,0.008,-0.207,-0.181,0.001,-0.101,-0.044,-0.065,-0.029,0.074,0.023,-0.209,0.016,0.017,0.039,-0.007,0.002,-0.005,-0.01,-0.036,0.073,-0.153,0.015,-0.101,0.011,-0.018,0.096,-0.09
161,Intermediate mesoderm,E9.5,0.051,0.056,0.19,0.097,0.099,-0.029,0.433,-0.01,0.065,-0.021,-0.172,-0.099,-0.026,-0.093,-0.035,-0.127,0.035,0.112,-0.085,-0.014,-0.058,-0.07,-0.084,-0.257,-0.103,-0.015,-0.15,-0.011,-0.081,-0.213,-0.016,-0.206,-0.082,-0.054,0.022,-0.006,-0.014,0.007,0.148,0.02,0.008,-0.012,-0.005,0.031,-0.044,0.152,0.055,0.003,0.079,-0.028,-0.173,0.004,0.048,-0.053,-0.042,-0.028,-0.026,0.112,0.03,0.018,0.02,0.024,0.015,-0.001,-0.065,-0.005,0.013,-0.033,0.023,-0.052,0.024,0.079,-0.014,-0.049,0.014,-0.009
162,Intermediate mesoderm,E10.0,0.048,0.011,0.19,0.151,0.012,-0.053,0.446,-0.015,0.023,-0.022,-0.194,-0.127,-0.033,-0.109,-0.05,-0.153,0.051,0.158,-0.098,-0.013,-0.077,-0.078,-0.132,-0.318,-0.124,-0.023,-0.196,-0.012,-0.102,-0.276,-0.02,-0.252,-0.105,-0.089,0.022,-0.021,-0.024,-0.006,0.137,0.001,-0.052,-0.016,0.009,-0.005,-0.071,0.127,0.069,-0.029,0.049,-0.031,-0.226,-0.232,0.11,-0.034,-0.061,-0.065,-0.036,0.206,0.045,0.159,0.034,0.044,0.034,-0.001,-0.042,-0.007,0.044,-0.043,0.022,-0.036,0.03,0.242,-0.03,-0.044,0.043,0.003
163,Juxtacardiac field,E8.0,-0.021,-0.06,-0.146,-0.09,0.226,-0.044,0.268,0.121,-0.077,-0.057,-0.246,-0.104,-0.028,-0.12,-0.037,-0.129,-0.034,-0.039,-0.026,-0.05,-0.072,-0.181,-0.225,0.083,-0.14,-0.02,-0.137,-0.026,0.251,-0.148,-0.018,-0.316,0.223,-0.111,0.114,0.292,-0.004,0.307,0.885,0.284,0.06,0.012,0.287,0.174,0.235,0.629,-0.055,0.008,-0.133,-0.072,-0.274,-0.116,-0.02,-0.078,-0.039,0.095,-0.019,0.04,-0.053,-0.055,-0.023,-0.023,-0.001,-0.008,-0.089,0.009,-0.034,-0.024,-0.033,-0.004,-0.025,-0.171,-0.05,-0.132,-0.038,0.355
164,Juxtacardiac field,E8.5,-0.006,-0.086,-0.11,-0.111,0.311,-0.045,0.155,0.227,-0.078,-0.049,-0.285,-0.136,-0.038,-0.156,-0.058,-0.148,-0.042,-0.055,-0.122,-0.052,-0.05,-0.171,-0.302,0.255,-0.161,-0.024,-0.199,-0.016,0.11,0.15,-0.02,-0.338,0.23,-0.094,0.129,0.198,-0.004,0.352,0.843,0.522,0.018,-0.007,0.12,0.494,0.326,0.429,-0.026,0.162,-0.157,-0.036,-0.233,-0.191,-0.022,0.135,-0.055,-0.101,-0.015,-0.156,-0.036,0.063,-0.02,-0.009,0.008,-0.004,-0.002,-0.003,-0.038,-0.037,-0.037,-0.006,-0.027,-0.187,-0.04,-0.074,-0.011,0.204
165,Juxtacardiac field,E9.0,-0.014,-0.121,-0.064,-0.104,0.314,-0.052,0.209,0.131,-0.081,-0.057,-0.294,-0.144,-0.037,-0.163,-0.065,-0.156,-0.046,-0.055,-0.118,-0.056,-0.019,-0.179,-0.303,0.184,-0.198,-0.026,-0.191,-0.014,0.158,0.183,-0.019,-0.31,0.282,-0.099,0.131,0.179,-0.008,0.359,0.847,0.523,-0.039,-0.012,0.124,0.508,0.157,0.361,0.002,0.238,-0.152,-0.015,-0.174,-0.195,0.02,0.348,-0.052,-0.11,-0.015,-0.187,-0.033,0.154,-0.02,-0.013,-0.003,-0.006,-0.039,-0.008,-0.061,-0.035,-0.038,-0.16,-0.023,-0.187,-0.04,-0.075,-0.013,0.232
166,Juxtacardiac field,E9.5,0.003,-0.135,-0.03,-0.077,0.211,-0.057,0.234,0.04,-0.074,-0.043,-0.263,-0.132,-0.035,-0.146,-0.053,-0.132,-0.038,-0.044,-0.075,-0.045,-0.035,-0.166,-0.226,-0.051,-0.179,-0.022,-0.133,-0.012,0.216,0.203,-0.014,-0.203,0.317,-0.081,0.111,0.11,-0.01,0.253,0.689,0.303,-0.045,-0.007,0.083,0.398,0.099,0.092,0.051,0.364,-0.104,0.024,-0.021,0.01,0.064,0.718,-0.04,-0.11,-0.019,-0.235,0.0,0.575,-0.002,-0.018,-0.012,-0.003,-0.134,-0.006,-0.063,-0.03,-0.03,-0.12,-0.022,-0.026,-0.019,-0.081,-0.018,0.221
167,Juxtacardiac field,E10.0,0.003,-0.168,-0.044,-0.095,0.237,-0.077,0.341,0.055,-0.099,-0.05,-0.304,-0.158,-0.045,-0.172,-0.065,-0.16,-0.049,-0.054,-0.118,-0.06,-0.046,-0.189,-0.268,-0.144,-0.213,-0.03,-0.136,-0.016,0.206,0.195,-0.019,-0.21,0.319,-0.089,0.121,0.105,-0.017,0.268,0.71,0.285,-0.072,-0.015,0.077,0.359,0.083,0.073,0.082,0.422,-0.124,0.066,0.023,-0.22,0.09,0.847,-0.054,-0.145,-0.026,-0.305,-0.003,0.803,0.002,-0.029,-0.017,-0.001,-0.202,-0.011,-0.075,-0.04,-0.038,-0.139,-0.03,-0.009,-0.025,-0.111,-0.024,0.214
168,Lateral plate mesoderm,E7.5,0.032,0.011,-0.165,-0.065,0.002,0.069,0.102,0.319,-0.088,-0.054,-0.23,-0.09,-0.037,-0.077,-0.048,-0.075,-0.0,-0.028,0.021,-0.043,-0.072,-0.113,0.092,-0.295,-0.084,-0.011,-0.077,0.052,0.566,-0.097,-0.021,-0.314,-0.077,-0.103,0.055,0.082,0.031,0.082,0.554,0.093,0.089,-0.022,0.136,-0.149,0.389,0.573,-0.072,-0.077,-0.082,0.011,-0.267,0.152,0.033,-0.139,-0.029,0.357,-0.029,0.092,-0.044,-0.096,0.003,-0.015,-0.029,-0.014,0.011,0.114,-0.057,-0.023,-0.034,-0.294,-0.025,-0.186,-0.04,-0.156,-0.047,0.207
169,Lateral plate mesoderm,E8.0,0.051,0.08,0.081,-0.049,0.31,0.235,0.241,0.107,0.063,-0.028,-0.174,-0.084,-0.021,-0.075,-0.018,-0.08,-0.017,-0.026,0.044,-0.029,-0.04,-0.125,-0.079,-0.227,-0.039,0.018,-0.089,-0.009,0.196,0.162,-0.01,-0.2,-0.058,-0.051,0.029,0.031,0.008,0.039,0.256,0.054,0.197,0.126,0.019,-0.02,0.038,0.298,-0.025,-0.026,-0.064,-0.024,-0.18,-0.071,-0.022,-0.098,-0.024,0.25,-0.01,0.009,0.058,-0.085,0.007,-0.016,0.006,-0.007,-0.013,0.076,-0.012,-0.017,-0.02,-0.087,0.014,-0.065,-0.012,-0.13,-0.031,0.056
170,Lens placode,E9.0,-0.013,-0.116,-0.234,-0.115,-0.326,0.022,-0.278,0.402,-0.124,-0.005,-0.089,-0.109,-0.035,0.04,0.013,-0.155,-0.031,-0.053,-0.185,-0.053,-0.096,0.045,-0.202,-0.463,-0.179,0.0,-0.236,0.002,0.192,0.206,-0.018,0.263,0.01,-0.123,-0.014,-0.041,-0.034,-0.074,-0.037,0.184,-0.077,-0.021,-0.059,-0.094,0.023,0.254,-0.093,-0.301,-0.131,-0.087,-0.178,-0.194,-0.083,-0.089,-0.068,-0.18,-0.042,0.477,-0.07,-0.164,0.068,0.454,0.008,-0.001,0.776,0.016,-0.044,0.596,0.21,0.291,0.009,0.477,-0.03,0.031,-0.036,-0.057
171,Lens placode,E9.5,-0.014,-0.155,-0.169,-0.091,-0.268,-0.05,-0.138,0.22,-0.039,0.026,-0.113,-0.113,-0.046,0.038,0.12,-0.098,0.022,-0.06,-0.123,0.02,-0.071,0.209,-0.256,-0.411,-0.144,-0.021,-0.15,-0.007,-0.065,0.037,-0.022,0.011,0.389,0.076,-0.008,-0.019,-0.044,-0.072,-0.016,0.164,-0.025,-0.022,-0.034,-0.067,-0.019,0.037,-0.02,-0.217,-0.135,-0.05,-0.167,0.047,-0.045,0.021,0.008,0.07,-0.04,0.234,-0.048,-0.078,0.063,0.392,-0.011,-0.009,0.537,0.003,-0.003,0.205,0.148,0.599,0.003,0.456,-0.028,0.08,-0.064,-0.032
172,Lens placode,E10.0,-0.013,-0.187,-0.194,-0.104,-0.297,-0.076,-0.12,0.289,-0.045,0.029,-0.123,-0.136,-0.056,0.016,0.108,-0.118,0.02,-0.072,-0.178,0.027,-0.081,0.225,-0.278,-0.433,-0.183,-0.026,-0.223,-0.002,-0.102,-0.036,-0.029,-0.014,0.487,0.047,-0.007,-0.031,-0.059,-0.083,-0.021,0.176,-0.052,-0.027,-0.041,-0.124,-0.014,0.006,-0.01,-0.264,-0.171,-0.076,-0.176,-0.26,-0.05,0.008,0.031,0.088,-0.051,0.275,-0.057,0.051,0.079,0.466,-0.018,-0.012,0.614,-0.001,-0.018,0.173,0.125,0.252,-0.011,0.537,-0.035,0.098,-0.069,-0.0
173,Macrophage,E8.5,-0.073,-0.12,-0.164,-0.069,-0.14,-0.084,-0.239,0.031,-0.099,-0.085,-0.216,-0.114,-0.067,-0.13,-0.078,-0.122,-0.056,-0.057,-0.085,-0.069,-0.084,-0.15,-0.156,0.056,-0.134,-0.052,-0.12,-0.05,-0.143,-0.207,-0.015,-0.296,-0.084,-0.094,0.104,-0.019,0.355,0.008,-0.131,0.113,-0.043,-0.052,0.213,-0.129,-0.021,-0.054,-0.1,-0.108,-0.131,-0.11,-0.222,0.007,-0.077,-0.131,-0.064,-0.083,0.01,-0.15,-0.082,0.187,0.002,-0.013,-0.019,0.005,0.065,0.024,-0.058,-0.011,-0.038,0.251,-0.03,-0.187,0.0,-0.014,-0.078,0.35
174,Macrophage,E9.0,-0.069,-0.131,-0.215,-0.066,-0.136,-0.083,-0.254,0.22,-0.099,-0.088,-0.196,-0.101,-0.013,-0.138,-0.065,-0.113,-0.061,-0.068,-0.071,-0.074,-0.092,-0.163,-0.296,-0.236,-0.126,-0.056,-0.065,-0.028,-0.172,-0.217,-0.048,-0.304,-0.089,-0.109,0.149,-0.016,0.235,-0.038,-0.15,0.034,-0.081,-0.057,0.142,0.044,0.118,-0.098,-0.102,-0.149,-0.138,-0.1,-0.163,-0.045,-0.074,-0.153,-0.064,-0.039,-0.03,-0.325,-0.082,0.058,0.004,-0.062,-0.037,-0.03,0.165,0.082,-0.063,-0.065,-0.002,0.497,-0.04,-0.173,-0.044,0.062,-0.077,0.365
175,Macrophage,E9.5,-0.055,-0.124,-0.202,-0.04,-0.169,-0.083,-0.232,0.169,-0.069,-0.075,-0.184,-0.088,-0.031,-0.118,-0.06,-0.108,-0.056,-0.058,-0.082,-0.063,-0.074,-0.121,-0.228,0.01,-0.129,-0.046,-0.076,-0.01,-0.18,-0.188,-0.041,-0.268,-0.076,-0.083,0.144,-0.014,0.183,-0.015,-0.146,0.028,-0.077,-0.046,-0.022,0.042,0.086,-0.099,-0.083,-0.137,-0.122,-0.081,-0.159,0.217,-0.062,-0.119,-0.054,-0.081,0.002,-0.248,-0.055,0.044,0.002,-0.059,-0.029,-0.021,0.158,0.067,-0.048,-0.051,-0.014,0.57,-0.034,-0.137,-0.025,0.033,-0.067,0.348
176,Macrophage,E10.0,-0.06,-0.158,-0.228,-0.05,-0.204,-0.1,-0.286,0.264,-0.078,-0.094,-0.225,-0.11,-0.044,-0.148,-0.071,-0.136,-0.068,-0.072,-0.124,-0.079,-0.098,-0.149,-0.28,0.107,-0.158,-0.057,-0.084,0.012,-0.229,-0.245,-0.051,-0.334,-0.09,-0.111,0.158,-0.025,0.22,-0.016,-0.181,0.029,-0.11,-0.055,-0.039,-0.006,0.072,-0.131,-0.09,-0.16,-0.147,-0.099,-0.212,-0.071,-0.078,-0.147,-0.07,-0.088,0.033,-0.286,-0.047,0.084,-0.001,-0.071,-0.033,-0.021,0.148,0.048,-0.066,-0.065,-0.016,0.777,-0.037,-0.175,-0.031,0.026,-0.083,0.347
177,Megakaryocyte,E8.5,-0.092,-0.121,-0.198,-0.073,-0.121,-0.032,-0.291,0.109,-0.091,-0.087,-0.178,-0.114,-0.062,-0.086,-0.073,-0.096,-0.059,-0.053,-0.143,-0.062,-0.078,-0.152,-0.277,-0.287,-0.154,-0.058,-0.172,-0.057,-0.168,-0.213,-0.028,-0.235,-0.104,-0.107,0.11,-0.013,0.219,-0.008,-0.127,0.074,0.045,-0.048,0.605,-0.044,-0.028,-0.065,-0.104,-0.107,-0.137,-0.086,-0.25,-0.06,-0.045,-0.052,-0.054,-0.034,-0.042,-0.184,-0.075,-0.041,0.003,-0.019,-0.005,-0.023,0.014,-0.019,-0.046,-0.008,-0.05,-0.091,-0.049,-0.159,-0.009,0.102,-0.07,0.264
178,Megakaryocyte,E9.0,-0.093,-0.139,-0.208,-0.078,-0.014,-0.055,-0.266,0.001,-0.1,-0.088,-0.188,-0.112,-0.069,-0.077,-0.077,-0.124,-0.062,-0.066,-0.096,-0.076,-0.084,-0.149,-0.267,-0.374,-0.17,-0.063,-0.193,-0.043,-0.176,-0.223,-0.016,-0.277,-0.117,-0.123,0.14,-0.011,0.21,-0.001,-0.157,0.109,0.05,-0.052,0.77,0.268,-0.062,-0.098,-0.111,-0.151,-0.137,-0.111,-0.256,0.077,-0.063,-0.035,-0.064,-0.056,-0.04,-0.281,-0.086,0.058,0.01,-0.016,-0.028,-0.027,-0.053,-0.012,-0.046,-0.055,-0.056,0.707,-0.057,-0.203,-0.039,0.09,-0.077,0.309
179,Megakaryocyte,E9.5,-0.096,-0.145,-0.172,-0.097,-0.014,-0.074,-0.233,0.079,-0.097,-0.093,-0.14,-0.101,-0.082,-0.057,-0.093,-0.137,-0.082,-0.076,-0.11,-0.088,-0.086,-0.171,-0.245,-0.291,-0.17,-0.085,-0.186,-0.07,-0.165,-0.203,-0.031,-0.27,-0.124,-0.129,0.18,-0.016,0.27,-0.007,-0.151,0.18,0.106,-0.073,0.997,0.67,-0.067,-0.156,-0.099,-0.135,-0.14,-0.115,-0.225,0.207,-0.069,0.116,-0.071,-0.076,-0.057,-0.276,-0.096,0.031,0.017,-0.001,-0.038,-0.04,-0.016,-0.015,-0.083,-0.086,-0.07,0.634,-0.073,-0.187,-0.038,0.152,-0.088,0.312
180,Megakaryocyte,E10.0,-0.108,-0.172,-0.178,-0.113,-0.019,-0.088,-0.261,0.123,-0.086,-0.108,-0.151,-0.118,-0.095,-0.067,-0.113,-0.16,-0.092,-0.086,-0.148,-0.104,-0.092,-0.219,-0.283,-0.312,-0.187,-0.095,-0.219,-0.067,-0.196,-0.242,-0.04,-0.298,-0.151,-0.163,0.195,-0.024,0.323,-0.013,-0.178,0.183,0.074,-0.085,1.05,0.728,-0.102,-0.186,-0.112,-0.151,-0.148,-0.144,-0.186,-0.107,-0.074,0.108,-0.084,-0.071,-0.073,-0.328,-0.095,0.056,0.017,-0.005,-0.054,-0.047,-0.042,-0.026,-0.089,-0.107,-0.086,0.452,-0.087,-0.228,-0.039,0.165,-0.106,0.34
181,Mesothelium,E9.5,0.009,-0.156,0.205,-0.074,0.073,-0.068,0.532,-0.042,-0.039,-0.028,-0.205,-0.088,-0.033,-0.012,-0.05,-0.133,0.006,-0.044,-0.016,0.019,0.042,-0.086,-0.202,-0.199,-0.124,-0.022,-0.111,-0.019,0.182,-0.241,-0.017,-0.161,-0.089,-0.003,0.073,0.009,-0.014,0.091,0.335,0.214,-0.055,0.03,0.056,0.062,-0.021,0.192,0.103,0.178,0.018,-0.067,-0.133,-0.039,-0.028,-0.053,-0.036,0.112,-0.02,0.027,0.048,0.364,0.017,0.009,-0.009,-0.007,-0.132,-0.009,-0.035,-0.036,-0.012,-0.16,-0.026,0.322,-0.032,-0.15,-0.033,-0.082
182,Mesothelium,E10.0,0.018,-0.175,0.229,-0.076,0.017,-0.065,0.57,-0.007,-0.041,-0.03,-0.212,-0.129,-0.042,0.021,-0.067,-0.178,0.036,-0.049,0.005,0.04,0.085,-0.105,-0.307,-0.249,-0.151,-0.014,-0.079,-0.033,0.158,-0.305,-0.025,-0.202,-0.125,-0.035,0.085,0.013,-0.02,0.078,0.358,0.252,-0.091,0.053,0.099,0.013,-0.046,0.185,0.107,0.173,0.009,-0.103,-0.115,-0.226,-0.039,-0.084,-0.058,0.031,-0.028,0.062,0.088,0.651,0.023,0.032,-0.007,-0.01,-0.083,-0.007,-0.032,-0.045,-0.025,-0.369,-0.034,0.299,-0.054,-0.15,-0.028,-0.108
183,Midbrain,E8.0,-0.014,0.011,-0.227,-0.064,-0.166,0.065,-0.115,-0.046,-0.023,0.022,0.075,-0.014,-0.016,0.187,0.002,0.129,0.021,0.32,0.112,0.032,-0.043,-0.012,-0.12,-0.359,0.299,0.002,0.103,0.006,0.469,0.401,-0.012,0.027,-0.026,0.061,0.005,-0.022,-0.016,-0.056,-0.192,-0.043,-0.069,-0.012,-0.009,-0.02,0.077,0.056,-0.068,-0.189,-0.101,0.003,-0.24,-0.047,-0.035,-0.098,-0.028,-0.075,-0.007,-0.02,-0.024,-0.103,0.03,0.013,-0.012,-0.005,0.456,0.055,-0.014,0.003,-0.007,0.186,-0.022,-0.131,-0.003,-0.05,-0.026,-0.094
184,Midbrain,E8.5,-0.012,-0.029,-0.268,-0.089,-0.206,-0.026,-0.29,-0.245,-0.051,0.063,0.201,0.001,-0.013,0.531,-0.036,0.177,0.048,0.652,0.214,-0.009,-0.048,0.078,-0.108,-0.227,0.211,-0.018,0.032,0.013,0.537,0.422,-0.016,0.133,0.118,0.08,-0.007,-0.027,-0.025,-0.076,-0.221,-0.072,-0.088,-0.015,-0.006,-0.063,0.096,0.025,-0.087,-0.262,-0.132,0.091,-0.274,-0.128,-0.045,-0.095,-0.043,-0.096,-0.022,-0.141,0.014,-0.174,0.015,-0.023,-0.015,-0.004,0.388,0.011,-0.02,-0.029,-0.005,-0.201,-0.028,-0.173,-0.012,-0.035,-0.018,-0.126
185,Midbrain,E9.0,-0.026,-0.039,-0.258,-0.089,-0.249,-0.054,-0.302,-0.258,-0.049,0.081,0.268,0.016,-0.018,0.657,-0.04,0.183,0.031,0.494,0.183,-0.017,-0.011,0.203,-0.01,0.109,0.051,-0.021,0.074,0.016,0.349,0.407,-0.017,0.253,0.368,0.102,-0.032,-0.03,-0.033,-0.092,-0.199,-0.1,-0.097,-0.015,-0.023,-0.084,-0.029,-0.054,-0.069,-0.286,-0.15,0.089,-0.284,-0.154,-0.046,-0.067,-0.039,-0.069,-0.026,-0.227,-0.004,-0.173,0.002,-0.038,-0.018,-0.007,0.215,-0.001,-0.031,-0.034,-0.007,-0.023,-0.028,-0.133,-0.027,-0.014,-0.015,-0.123
186,Midbrain,E9.5,-0.029,-0.064,-0.239,-0.086,-0.296,-0.067,-0.229,-0.266,-0.026,0.08,0.361,0.08,-0.013,0.679,-0.044,0.16,0.001,0.328,0.173,-0.009,0.016,0.293,0.189,0.431,-0.035,-0.025,0.229,0.016,0.203,0.469,-0.015,0.302,0.649,0.178,-0.034,-0.029,-0.036,-0.095,-0.187,-0.111,-0.096,-0.015,-0.03,-0.117,-0.035,-0.098,-0.045,-0.286,-0.159,0.029,-0.251,0.059,-0.045,-0.083,-0.028,-0.085,-0.025,-0.322,-0.016,-0.024,-0.016,-0.056,-0.02,-0.007,0.118,-0.005,-0.049,-0.034,-0.013,0.106,-0.027,-0.123,-0.045,0.044,-0.007,-0.116
187,Midbrain,E10.0,-0.042,-0.096,-0.28,-0.109,-0.356,-0.093,-0.267,-0.31,-0.011,0.102,0.434,0.106,-0.016,0.745,-0.059,0.201,-0.005,0.288,0.098,-0.016,0.028,0.38,0.256,0.504,-0.027,-0.034,0.358,0.029,0.202,0.509,-0.022,0.42,0.824,0.259,-0.046,-0.042,-0.053,-0.126,-0.234,-0.148,-0.139,-0.02,-0.04,-0.159,-0.072,-0.129,-0.036,-0.336,-0.198,0.001,-0.294,-0.258,-0.062,-0.079,-0.034,-0.107,-0.035,-0.426,-0.03,0.082,-0.024,-0.074,-0.028,-0.011,0.124,-0.009,-0.068,-0.047,-0.021,0.102,-0.037,-0.135,-0.065,0.06,0.0,-0.143
188,Midbrain neuron,E8.5,-0.004,-0.027,-0.265,-0.105,-0.053,-0.085,-0.248,-0.455,0.224,0.076,0.162,0.269,0.088,0.304,-0.022,0.196,-0.042,0.242,-0.145,-0.051,0.087,-0.135,0.243,-0.125,0.13,-0.032,0.394,-0.03,0.207,0.149,-0.006,0.787,0.209,-0.105,0.05,-0.026,-0.035,-0.079,-0.083,-0.097,-0.073,-0.013,-0.047,-0.038,0.194,-0.174,-0.122,-0.285,-0.147,0.246,-0.309,-0.077,-0.039,-0.194,-0.034,-0.032,-0.019,-0.301,-0.051,-0.246,0.014,0.032,-0.025,-0.013,0.222,-0.014,-0.069,-0.036,-0.024,-0.353,-0.024,-0.074,-0.113,0.14,0.109,0.028
189,Midbrain neuron,E9.0,-0.054,-0.033,-0.308,-0.138,-0.269,-0.1,-0.28,-0.369,0.044,0.115,0.238,0.812,0.347,0.592,-0.055,0.13,0.052,0.153,-0.085,-0.078,0.009,-0.106,0.078,0.416,0.869,0.005,0.856,-0.01,0.131,0.102,-0.032,0.255,0.134,-0.045,0.002,-0.05,-0.067,-0.114,-0.157,-0.097,-0.001,-0.03,-0.053,0.029,-0.101,-0.137,-0.077,-0.3,-0.075,0.02,-0.21,-0.184,-0.077,-0.131,-0.073,-0.163,-0.052,-0.22,-0.09,-0.248,-0.013,-0.089,-0.035,-0.016,0.088,-0.019,-0.058,-0.064,-0.014,-0.05,-0.051,-0.228,-0.035,0.192,0.242,-0.188
190,Midbrain neuron,E9.5,-0.075,-0.088,-0.286,-0.158,-0.24,-0.133,-0.193,-0.42,-0.004,0.151,0.294,0.956,0.478,0.525,-0.07,0.059,0.053,0.135,-0.083,-0.098,-0.015,-0.082,-0.028,0.508,1.223,0.083,1.218,-0.034,0.003,0.137,-0.04,0.088,0.37,0.059,-0.014,-0.056,-0.083,-0.153,-0.211,-0.141,0.016,-0.035,-0.064,-0.073,-0.123,-0.17,-0.058,-0.31,-0.076,0.001,-0.268,0.002,-0.111,-0.046,-0.064,-0.179,-0.067,-0.358,-0.11,-0.247,-0.016,-0.129,-0.038,-0.02,-0.081,-0.025,-0.071,-0.077,-0.04,-0.059,-0.064,-0.195,-0.04,0.257,0.388,-0.14
191,Midbrain neuron,E10.0,-0.088,-0.122,-0.315,-0.186,-0.276,-0.163,-0.187,-0.494,0.006,0.179,0.35,1.021,0.495,0.566,-0.078,0.064,0.046,0.136,-0.116,-0.112,-0.019,-0.068,-0.023,0.454,1.253,0.109,1.368,-0.038,-0.015,0.165,-0.048,0.082,0.478,0.146,-0.027,-0.073,-0.103,-0.187,-0.258,-0.19,-0.028,-0.045,-0.08,-0.12,-0.17,-0.194,-0.053,-0.358,-0.1,-0.015,-0.309,-0.243,-0.137,-0.007,-0.067,-0.204,-0.084,-0.444,-0.133,-0.268,-0.019,-0.157,-0.046,-0.025,-0.146,-0.032,-0.077,-0.076,-0.061,-0.092,-0.079,-0.209,-0.06,0.273,0.484,-0.161
192,Midgut,E8.5,-0.031,-0.038,-0.213,-0.084,0.046,-0.048,0.06,0.084,0.088,-0.073,-0.174,-0.122,-0.045,-0.132,-0.061,-0.136,-0.053,-0.073,-0.11,0.563,-0.107,0.072,-0.075,-0.234,-0.09,0.0,-0.204,-0.054,-0.145,-0.191,-0.05,-0.324,-0.116,-0.082,0.007,0.0,-0.004,0.083,0.053,0.205,-0.065,-0.034,-0.034,0.109,-0.024,0.119,-0.113,-0.278,-0.139,-0.091,-0.312,-0.222,-0.065,0.011,-0.082,0.031,-0.06,0.784,-0.059,-0.264,0.112,0.369,0.691,0.204,0.742,0.077,0.684,-0.06,0.089,0.208,0.129,0.03,0.001,0.007,-0.093,-0.189
193,Midgut,E9.0,-0.037,-0.015,-0.2,-0.079,0.003,-0.083,0.16,0.03,0.05,-0.071,-0.158,-0.12,-0.045,-0.128,-0.057,-0.112,-0.062,-0.088,-0.123,0.612,-0.092,0.016,-0.131,-0.215,-0.115,-0.011,-0.223,-0.056,-0.209,-0.189,-0.053,-0.311,-0.118,-0.078,0.018,-0.011,-0.028,0.08,0.063,0.138,-0.067,-0.031,-0.052,0.0,0.035,0.148,-0.098,-0.293,-0.154,-0.097,-0.328,-0.219,-0.077,0.107,-0.091,-0.022,-0.06,0.527,-0.056,-0.277,0.119,0.358,0.802,0.295,0.697,0.042,0.632,-0.067,0.077,0.039,0.248,0.08,-0.029,-0.024,-0.093,-0.199
194,Midgut,E9.5,-0.034,-0.01,-0.224,-0.084,-0.089,-0.107,0.251,0.072,0.008,-0.046,-0.112,-0.105,-0.017,-0.121,-0.03,-0.063,-0.058,-0.098,-0.123,0.682,-0.099,0.039,-0.251,-0.189,-0.081,-0.042,-0.197,-0.054,-0.245,-0.247,-0.052,-0.343,-0.116,-0.102,0.032,-0.033,-0.044,0.047,0.049,0.073,-0.012,-0.024,-0.068,-0.12,0.054,0.074,-0.045,-0.288,-0.17,-0.1,-0.346,-0.045,-0.08,0.228,-0.092,-0.063,-0.056,0.317,-0.046,-0.246,0.116,0.328,0.737,0.351,0.572,0.007,0.45,-0.072,0.024,-0.238,0.447,0.487,-0.054,-0.093,-0.08,-0.202
195,Midgut,E10.0,-0.043,-0.024,-0.259,-0.101,-0.143,-0.124,0.287,0.102,0.012,-0.048,-0.121,-0.116,-0.001,-0.148,-0.028,-0.043,-0.075,-0.117,-0.147,0.726,-0.106,0.035,-0.298,-0.239,-0.07,-0.053,-0.205,-0.062,-0.265,-0.31,-0.062,-0.415,-0.141,-0.13,0.037,-0.042,-0.06,0.039,0.015,0.043,-0.014,-0.027,-0.079,-0.17,0.102,0.09,-0.049,-0.325,-0.208,-0.128,-0.388,-0.302,-0.094,0.254,-0.11,-0.084,-0.071,0.257,-0.048,-0.232,0.121,0.354,0.79,0.407,0.606,-0.002,0.489,-0.087,0.031,-0.297,0.482,0.602,-0.074,-0.118,-0.091,-0.245
196,Myotome,E8.5,-0.032,-0.096,-0.016,-0.088,-0.078,-0.036,-0.108,0.015,0.01,-0.034,-0.217,-0.082,-0.006,-0.112,-0.053,0.046,-0.033,-0.039,0.05,-0.023,-0.051,-0.089,-0.065,-0.334,-0.058,-0.02,-0.001,-0.032,-0.199,-0.293,-0.015,-0.011,-0.073,0.076,-0.001,0.042,0.003,0.028,-0.081,0.057,-0.056,-0.015,-0.044,0.356,0.029,0.102,0.073,-0.032,0.349,-0.121,0.368,-0.189,-0.04,-0.187,-0.035,0.222,0.029,0.486,0.033,-0.275,0.02,-0.023,-0.022,-0.008,-0.103,-0.01,-0.066,-0.027,-0.022,-0.171,-0.024,0.092,0.02,-0.131,-0.047,-0.166
197,Myotome,E9.0,-0.014,-0.147,-0.002,-0.099,0.216,-0.008,0.398,-0.096,0.029,-0.033,-0.161,-0.056,0.002,-0.127,-0.008,0.037,-0.051,-0.055,0.023,-0.029,-0.078,-0.127,-0.126,-0.108,-0.102,-0.038,0.046,-0.025,-0.239,-0.277,-0.027,0.134,-0.076,-0.015,-0.002,0.139,-0.024,0.031,-0.079,0.036,-0.11,-0.027,-0.04,0.439,-0.044,0.092,0.071,-0.015,0.325,-0.105,0.275,-0.193,-0.047,-0.157,-0.05,0.281,0.036,0.616,-0.064,-0.186,0.027,-0.025,-0.028,-0.013,-0.266,-0.017,0.048,-0.047,0.005,-0.214,0.071,0.603,0.029,-0.075,-0.052,-0.009
198,Myotome,E9.5,-0.005,-0.137,0.072,-0.082,0.2,-0.045,0.424,-0.117,-0.019,-0.042,-0.132,-0.053,-0.022,-0.124,0.006,-0.086,-0.063,-0.074,0.026,-0.029,-0.078,-0.115,-0.203,0.048,-0.144,-0.041,0.116,-0.034,-0.242,-0.273,-0.033,0.089,-0.081,-0.062,0.005,0.253,-0.032,0.057,-0.003,0.064,-0.114,-0.04,-0.057,0.697,-0.068,0.162,0.053,-0.039,0.232,-0.121,0.222,-0.007,-0.048,-0.066,-0.059,0.267,-0.031,0.559,-0.07,-0.139,0.02,-0.039,-0.034,-0.019,-0.185,-0.021,0.01,-0.065,-0.018,-0.031,0.276,0.607,0.049,-0.035,-0.019,0.121
199,Myotome,E10.0,-0.006,-0.158,0.062,-0.089,0.275,-0.074,0.541,-0.131,-0.019,-0.049,-0.152,-0.069,-0.027,-0.132,-0.007,-0.134,-0.086,-0.102,0.016,-0.041,-0.097,-0.134,-0.242,0.027,-0.187,-0.058,0.257,-0.047,-0.286,-0.337,-0.049,0.102,-0.12,-0.092,0.007,0.338,-0.051,0.053,0.02,0.048,-0.155,-0.053,-0.068,0.811,-0.102,0.255,0.07,-0.058,0.197,-0.152,0.195,-0.247,-0.069,-0.01,-0.086,0.307,-0.05,0.608,-0.096,-0.116,0.02,-0.059,-0.043,-0.029,-0.22,-0.03,-0.01,-0.09,-0.032,-0.129,0.327,0.624,0.057,-0.041,-0.005,0.173
200,Nascent mesoderm,E7.5,0.133,0.305,-0.159,-0.057,0.377,0.078,0.279,0.247,0.004,-0.009,-0.173,-0.056,-0.025,-0.035,-0.034,0.156,-0.024,-0.036,-0.066,-0.037,-0.063,-0.111,0.504,-0.334,0.162,-0.008,-0.093,-0.012,0.035,0.37,-0.017,-0.181,-0.084,0.113,0.012,0.005,0.031,-0.043,-0.025,-0.013,-0.008,-0.018,-0.02,-0.026,0.125,-0.018,-0.066,-0.1,-0.023,-0.07,-0.109,-0.051,-0.035,-0.122,-0.031,0.083,-0.017,0.063,-0.025,0.159,0.014,-0.011,-0.02,-0.016,0.127,0.509,-0.05,-0.024,-0.032,-0.124,-0.025,-0.149,-0.024,-0.142,-0.052,-0.073
201,Nascent mesoderm,E8.0,0.1,0.382,-0.188,-0.017,0.483,0.18,-0.036,0.181,-0.0,-0.064,-0.174,-0.082,-0.063,-0.101,-0.064,-0.136,-0.025,-0.066,-0.064,-0.021,-0.096,-0.074,-0.052,0.01,0.193,-0.01,-0.168,-0.056,-0.121,-0.128,-0.035,-0.239,-0.099,-0.088,-0.012,-0.016,-0.019,-0.051,0.298,0.106,-0.047,-0.027,-0.022,0.001,-0.022,0.572,-0.108,-0.227,-0.083,-0.096,-0.156,0.021,-0.077,-0.129,-0.062,-0.105,-0.059,-0.154,0.006,-0.142,0.024,0.175,0.046,0.029,0.293,0.255,-0.055,-0.052,-0.054,-0.022,0.418,0.014,-0.006,-0.094,-0.082,-0.09
202,Nascent somite,E8.0,0.075,0.141,0.118,-0.058,0.395,0.246,0.36,-0.074,0.352,-0.004,-0.145,-0.06,-0.014,-0.07,-0.028,0.003,-0.004,-0.018,0.07,-0.022,-0.047,-0.124,0.288,-0.377,0.002,-0.009,-0.003,0.014,-0.03,0.012,-0.01,0.065,-0.026,0.016,0.007,-0.006,0.018,-0.019,-0.118,-0.017,-0.032,0.003,-0.007,-0.034,0.019,-0.035,-0.0,-0.031,0.309,-0.052,0.1,-0.077,-0.025,-0.114,-0.024,0.319,0.026,0.087,0.086,-0.094,-0.007,-0.031,-0.013,-0.007,-0.012,0.018,0.02,-0.017,-0.017,-0.085,-0.004,-0.088,-0.013,-0.122,-0.033,-0.047
203,Nascent somite,E8.5,0.137,0.396,0.252,-0.053,0.418,0.268,0.744,-0.055,0.72,-0.019,-0.135,-0.063,-0.018,-0.101,-0.029,0.07,-0.024,-0.029,0.006,-0.027,-0.07,-0.124,0.841,-0.497,0.027,-0.021,-0.18,-0.017,0.039,-0.21,-0.016,-0.094,-0.071,-0.052,0.007,-0.005,-0.001,-0.04,-0.203,-0.024,-0.067,-0.014,-0.007,-0.061,0.07,-0.053,-0.046,-0.138,0.316,-0.079,0.037,-0.13,-0.037,-0.125,-0.033,0.067,-0.007,0.026,-0.03,-0.152,-0.008,-0.037,-0.019,-0.006,-0.097,0.029,-0.024,-0.026,-0.019,-0.219,-0.02,-0.107,-0.004,-0.055,-0.041,-0.096
204,Nascent somite,E9.0,0.155,0.555,0.27,0.035,0.475,0.096,0.976,0.032,0.786,-0.022,-0.151,-0.079,-0.019,-0.118,-0.03,0.054,-0.02,-0.033,0.007,-0.025,-0.064,-0.048,1.104,-0.303,-0.05,-0.018,-0.187,-0.016,-0.005,-0.209,-0.015,0.008,-0.067,-0.053,-0.012,-0.015,-0.004,-0.059,-0.154,-0.034,-0.042,-0.013,0.007,-0.082,0.018,-0.032,-0.052,-0.138,0.376,-0.076,0.18,-0.131,-0.027,-0.139,-0.03,0.088,-0.009,0.071,-0.025,-0.171,-0.018,-0.039,-0.02,-0.008,-0.154,0.026,-0.037,-0.025,-0.013,-0.242,-0.019,-0.131,-0.023,-0.076,-0.034,-0.094
205,Nascent somite,E9.5,0.174,0.435,0.25,0.369,0.421,0.075,0.87,0.032,0.604,-0.011,-0.138,-0.072,-0.024,-0.119,-0.037,-0.003,-0.021,-0.033,0.046,-0.025,-0.063,-0.021,1.163,-0.227,-0.121,-0.02,-0.177,-0.013,-0.062,-0.221,-0.013,0.061,-0.065,-0.069,-0.013,-0.007,-0.012,-0.053,-0.118,-0.061,-0.042,-0.014,-0.009,-0.029,-0.01,-0.063,-0.012,-0.095,0.361,-0.079,0.403,0.04,-0.026,-0.137,-0.031,0.176,-0.011,0.052,-0.035,0.017,-0.021,-0.046,-0.02,-0.006,-0.174,0.031,-0.05,-0.028,-0.01,-0.118,-0.023,0.01,-0.024,-0.091,-0.039,-0.107
206,Nascent somite,E10.0,0.201,0.444,0.186,0.42,0.417,0.035,0.927,0.109,0.592,-0.008,-0.151,-0.085,-0.025,-0.131,-0.049,-0.009,-0.03,-0.043,0.018,-0.035,-0.086,-0.019,1.415,-0.268,-0.134,-0.026,-0.206,-0.013,-0.024,-0.233,-0.018,0.112,-0.069,-0.084,-0.013,-0.015,-0.018,-0.065,-0.153,-0.081,-0.079,-0.017,-0.015,-0.037,-0.025,-0.087,-0.003,-0.101,0.385,-0.089,0.537,-0.204,-0.029,-0.145,-0.039,0.146,-0.016,0.04,-0.041,0.254,-0.021,-0.058,-0.024,-0.007,-0.161,0.041,-0.057,-0.036,-0.018,-0.168,-0.029,0.031,-0.046,-0.112,-0.043,-0.119
207,Notochord,E7.5,0.081,0.128,-0.372,-0.092,0.197,0.123,-0.074,-0.106,0.216,0.017,-0.12,-0.09,-0.057,-0.02,-0.027,0.246,-0.066,-0.089,-0.047,0.945,-0.106,-0.013,-0.163,-0.175,0.134,-0.042,-0.026,0.012,0.136,0.068,-0.08,-0.236,0.03,0.312,-0.004,-0.067,-0.04,-0.042,-0.153,-0.065,-0.114,-0.072,0.004,-0.119,0.041,0.084,-0.093,-0.276,-0.135,0.002,-0.021,-0.131,-0.079,-0.146,-0.104,-0.089,-0.088,0.24,-0.108,0.075,0.059,0.089,-0.028,-0.074,0.603,0.151,-0.047,-0.091,0.038,0.274,0.136,-0.09,-0.008,-0.154,-0.094,-0.179
208,Notochord,E8.0,0.067,0.237,-0.248,-0.077,0.271,0.226,0.154,-0.15,0.238,0.019,-0.102,-0.095,-0.059,-0.028,-0.025,-0.058,-0.023,-0.041,0.114,1.04,-0.081,-0.082,0.111,-0.14,-0.027,0.098,0.017,0.054,0.051,0.143,-0.043,-0.211,-0.103,0.001,0.007,-0.048,-0.024,-0.001,-0.059,-0.024,-0.103,-0.043,0.041,-0.04,-0.027,0.129,-0.051,-0.204,-0.085,0.057,0.317,-0.16,-0.076,-0.084,-0.081,0.081,-0.021,0.732,-0.076,-0.165,0.057,0.084,-0.018,-0.019,0.414,-0.011,0.005,-0.063,0.012,0.004,0.083,0.128,0.037,-0.11,-0.075,-0.169
209,Notochord,E8.5,0.087,0.304,-0.174,-0.058,0.315,0.18,0.14,0.026,0.25,0.005,-0.128,-0.115,-0.06,-0.019,-0.05,-0.148,-0.038,-0.054,0.091,1.071,-0.084,-0.129,0.122,-0.108,-0.155,0.105,-0.013,0.001,0.007,0.239,-0.034,-0.217,-0.123,-0.1,0.003,-0.028,-0.019,0.047,-0.084,0.072,-0.079,-0.034,0.02,0.024,0.021,0.193,-0.007,-0.179,-0.059,-0.012,0.274,-0.256,-0.066,-0.115,-0.08,0.108,0.075,0.723,-0.054,-0.251,0.072,0.074,0.003,-0.014,0.325,0.006,-0.002,-0.061,0.011,0.325,0.021,0.234,0.058,-0.076,-0.081,-0.151
210,Notochord,E9.0,0.082,0.313,-0.08,-0.015,0.312,0.211,0.134,0.064,0.196,-0.005,-0.139,-0.127,-0.056,-0.013,-0.058,-0.15,-0.041,-0.039,0.086,1.027,-0.085,-0.131,0.065,-0.094,-0.158,0.096,-0.092,-0.007,0.029,0.194,-0.036,-0.202,-0.116,-0.111,-0.006,-0.032,-0.025,0.023,-0.054,0.063,-0.089,-0.031,-0.015,0.013,-0.033,0.22,-0.001,-0.177,-0.036,-0.056,0.366,-0.228,-0.05,-0.107,-0.075,0.207,0.133,0.614,-0.041,-0.214,0.069,0.078,0.013,-0.013,0.291,-0.007,-0.029,-0.057,0.016,-0.16,0.008,0.264,0.06,-0.067,-0.074,-0.08
211,Notochord,E9.5,0.061,0.288,-0.042,0.112,0.337,0.177,0.18,0.05,0.262,-0.005,-0.119,-0.12,-0.056,-0.023,-0.053,-0.135,-0.035,-0.039,0.127,1.076,-0.094,-0.121,-0.008,-0.093,-0.156,0.041,-0.097,-0.021,-0.05,0.132,-0.034,-0.224,-0.104,-0.1,-0.005,-0.029,-0.022,0.03,-0.04,0.025,-0.071,-0.027,-0.004,-0.0,-0.016,0.114,0.017,-0.159,-0.035,-0.076,0.409,-0.016,-0.027,-0.09,-0.064,0.166,0.168,0.597,-0.045,-0.049,0.058,0.069,0.002,-0.009,0.243,-0.009,-0.043,-0.047,0.005,-0.043,0.003,0.285,0.044,-0.048,-0.062,-0.048
212,Notochord,E10.0,0.07,0.295,-0.013,0.168,0.325,0.198,0.198,0.103,0.275,-0.01,-0.141,-0.142,-0.065,-0.018,-0.065,-0.165,-0.042,-0.038,0.102,1.156,-0.117,-0.148,-0.008,-0.149,-0.184,0.057,-0.158,-0.02,-0.026,0.154,-0.044,-0.237,-0.121,-0.121,-0.017,-0.041,-0.037,0.028,-0.043,0.006,-0.106,-0.034,-0.013,-0.039,-0.037,0.132,0.021,-0.183,-0.044,-0.099,0.458,-0.238,-0.028,-0.084,-0.078,0.113,0.22,0.554,-0.042,0.041,0.063,0.075,-0.005,-0.008,0.221,-0.012,-0.051,-0.057,0.006,-0.223,0.003,0.32,0.048,-0.048,-0.067,-0.05
213,Olfactory placode,E8.5,0.012,-0.042,-0.261,-0.085,-0.224,-0.013,-0.288,-0.027,0.108,-0.0,-0.016,-0.056,-0.04,0.157,0.612,-0.036,0.042,-0.034,-0.128,-0.044,-0.077,0.058,0.042,-0.526,0.077,-0.021,-0.028,-0.014,0.281,-0.2,-0.019,0.25,-0.087,-0.086,-0.035,-0.025,-0.037,-0.096,-0.111,0.011,-0.0,-0.021,-0.028,-0.081,-0.019,0.063,-0.065,-0.275,-0.005,0.067,-0.256,-0.16,-0.062,-0.089,-0.02,-0.095,-0.034,0.091,-0.043,-0.155,0.09,0.277,-0.015,-0.008,0.714,0.041,-0.012,0.941,0.029,-0.263,0.099,0.034,-0.019,0.002,-0.055,-0.104
214,Olfactory placode,E9.0,0.025,-0.079,-0.249,-0.081,-0.256,-0.012,-0.272,0.04,0.168,0.004,-0.012,-0.069,-0.039,0.143,0.494,-0.069,0.047,-0.041,-0.057,-0.036,-0.078,0.076,0.033,-0.502,-0.061,-0.016,-0.186,-0.018,0.204,-0.231,-0.018,0.201,-0.085,-0.09,-0.037,-0.026,-0.041,-0.102,-0.081,0.059,0.033,-0.021,-0.031,-0.116,-0.054,0.028,-0.054,-0.298,-0.042,-0.001,-0.22,-0.154,-0.064,0.037,0.015,-0.104,-0.036,0.08,-0.041,-0.054,0.082,0.307,-0.013,-0.009,0.747,0.02,-0.015,0.944,0.064,-0.129,0.054,0.261,-0.027,0.004,-0.059,-0.095
215,Olfactory placode,E9.5,0.017,-0.098,-0.207,-0.072,-0.298,-0.056,-0.236,-0.018,0.072,0.018,0.007,-0.054,-0.039,0.147,0.346,-0.096,0.061,-0.05,-0.1,-0.019,-0.073,0.167,-0.04,-0.387,-0.103,-0.017,-0.179,-0.018,0.158,-0.233,-0.016,0.05,-0.048,-0.07,-0.028,-0.024,-0.04,-0.102,-0.017,0.031,0.083,-0.021,-0.027,-0.115,-0.027,0.009,-0.025,-0.283,-0.069,-0.061,-0.215,0.098,-0.042,0.068,-0.025,-0.106,-0.035,-0.03,0.004,0.21,0.071,0.302,-0.013,-0.007,0.678,0.005,-0.03,0.776,0.082,0.164,-0.008,0.461,-0.039,-0.032,-0.042,-0.092
216,Olfactory placode,E10.0,0.019,-0.113,-0.246,-0.085,-0.35,-0.079,-0.237,-0.003,0.092,0.017,0.015,-0.061,-0.045,0.165,0.355,-0.12,0.083,-0.06,-0.13,-0.017,-0.089,0.182,-0.061,-0.424,-0.105,-0.027,-0.196,-0.025,0.172,-0.296,-0.022,0.047,-0.093,-0.076,-0.036,-0.036,-0.052,-0.124,-0.03,0.001,0.048,-0.026,-0.034,-0.157,-0.038,0.002,-0.021,-0.328,-0.096,-0.09,-0.233,-0.212,-0.029,0.065,-0.033,-0.128,-0.041,-0.039,0.009,0.494,0.082,0.337,-0.015,-0.009,0.714,-0.001,-0.044,0.821,0.101,0.058,-0.016,0.503,-0.05,-0.065,-0.045,-0.12
217,Olfactory sensory neuron,E9.5,-0.059,-0.146,-0.245,-0.14,-0.251,-0.11,-0.194,-0.337,0.24,0.051,0.158,0.688,0.524,-0.05,0.362,-0.123,0.105,-0.102,-0.193,-0.064,-0.097,-0.042,0.126,-0.093,0.741,-0.04,0.16,-0.034,-0.156,-0.314,-0.036,-0.04,-0.134,-0.087,-0.029,-0.036,-0.065,-0.156,-0.167,-0.106,0.045,-0.038,0.139,-0.148,-0.113,-0.078,-0.091,-0.257,0.04,-0.072,-0.226,-0.019,-0.104,0.029,-0.096,-0.172,-0.055,-0.15,-0.044,0.387,0.035,0.073,-0.022,-0.012,0.444,-0.018,-0.082,0.712,0.04,-0.035,-0.068,-0.117,-0.022,0.264,0.272,-0.194
218,Olfactory sensory neuron,E10.0,-0.078,-0.189,-0.266,-0.176,-0.227,-0.147,-0.098,-0.378,0.186,0.097,0.192,0.821,0.701,-0.056,0.434,-0.174,0.166,-0.118,-0.237,-0.091,-0.118,-0.079,-0.014,0.04,1.167,-0.038,0.38,-0.054,-0.194,-0.385,-0.048,-0.172,-0.132,-0.033,-0.048,-0.055,-0.091,-0.184,-0.246,-0.157,-0.001,-0.045,0.145,-0.19,-0.162,-0.022,-0.092,-0.303,0.028,-0.122,-0.291,-0.279,-0.131,0.051,-0.126,-0.217,-0.072,-0.185,-0.015,0.409,0.032,0.02,-0.035,-0.018,0.384,-0.026,-0.109,0.717,0.015,-0.145,-0.084,-0.186,-0.038,0.313,0.338,-0.264
219,Otic placode,E8.5,0.035,-0.048,-0.251,-0.079,0.082,0.046,-0.26,0.041,0.105,-0.001,-0.06,-0.058,-0.033,0.023,0.0,-0.103,-0.028,0.252,-0.14,-0.043,-0.078,-0.017,0.16,-0.423,0.024,-0.028,-0.147,-0.011,-0.039,0.322,-0.022,0.121,-0.082,-0.067,-0.015,-0.021,-0.034,-0.068,-0.169,0.06,-0.08,-0.013,-0.039,-0.066,0.114,0.077,-0.073,-0.19,-0.05,-0.004,-0.224,-0.166,-0.002,0.011,-0.052,-0.092,-0.039,0.166,0.102,-0.202,0.091,0.301,-0.011,-0.006,0.608,0.035,-0.0,0.502,0.531,-0.23,0.224,0.113,0.032,0.081,-0.024,-0.033
220,Otic placode,E9.0,0.007,-0.076,-0.275,-0.07,0.011,-0.03,-0.254,-0.002,0.122,-0.004,-0.044,-0.046,-0.035,0.063,-0.02,-0.12,-0.032,0.137,-0.125,-0.039,-0.078,0.184,0.178,-0.192,-0.032,-0.028,-0.158,-0.001,-0.108,0.155,-0.022,0.008,-0.091,-0.054,-0.03,-0.026,-0.038,-0.092,-0.131,0.051,-0.098,-0.011,-0.038,-0.079,-0.023,0.074,-0.044,-0.203,-0.081,-0.005,-0.283,-0.173,0.1,0.285,-0.038,-0.136,-0.021,0.163,0.081,-0.196,0.083,0.256,-0.014,-0.01,0.483,0.017,-0.017,0.414,0.301,-0.079,0.136,0.132,0.118,0.218,-0.032,-0.013
221,Otic placode,E9.5,0.015,-0.089,-0.277,-0.051,-0.12,0.018,-0.226,-0.064,0.123,0.013,-0.022,-0.055,-0.033,0.102,-0.019,-0.124,-0.026,0.075,-0.117,-0.035,-0.062,0.352,0.105,-0.222,-0.108,-0.03,-0.134,0.008,-0.04,0.175,-0.019,-0.077,-0.089,-0.032,-0.025,-0.021,-0.037,-0.096,-0.105,0.01,-0.092,-0.013,-0.029,-0.086,-0.058,0.055,-0.004,-0.197,-0.081,-0.02,-0.303,0.067,0.131,0.358,-0.023,-0.144,-0.016,0.194,0.203,-0.143,0.07,0.228,-0.012,-0.009,0.366,0.004,-0.024,0.316,0.172,0.142,0.066,0.089,0.071,0.136,0.031,-0.044
222,Otic placode,E10.0,0.015,-0.113,-0.31,-0.053,-0.18,0.021,-0.224,-0.068,0.152,0.013,-0.015,-0.07,-0.044,0.117,-0.017,-0.152,-0.03,0.078,-0.142,-0.04,-0.038,0.351,0.082,-0.253,-0.138,-0.036,-0.158,0.014,-0.0,0.223,-0.021,-0.086,-0.108,-0.028,-0.028,-0.032,-0.049,-0.113,-0.125,-0.022,-0.111,-0.02,-0.035,-0.126,-0.065,0.047,-0.0,-0.244,-0.107,-0.022,-0.325,-0.215,0.169,0.342,-0.032,-0.175,-0.034,0.241,0.285,-0.118,0.074,0.257,-0.011,-0.011,0.407,-0.004,-0.038,0.32,0.178,0.017,0.053,0.13,0.062,0.139,0.046,-0.024
223,Otic sensory neuron,E9.0,-0.066,-0.067,-0.304,-0.084,0.077,-0.074,-0.35,-0.302,-0.025,0.025,0.015,0.291,0.557,-0.092,-0.009,-0.174,-0.053,0.092,-0.18,-0.059,-0.083,-0.074,0.382,-0.163,-0.018,-0.022,-0.0,-0.009,-0.077,0.048,-0.028,-0.015,-0.112,-0.074,0.0,-0.015,-0.041,-0.133,-0.152,-0.066,0.158,-0.026,0.007,-0.075,-0.09,-0.071,-0.07,-0.191,0.045,-0.057,-0.257,-0.219,-0.02,0.159,-0.079,-0.184,-0.025,0.069,-0.02,-0.231,0.038,0.121,0.006,-0.015,0.37,-0.007,-0.047,0.079,0.17,-0.22,-0.054,-0.111,0.046,0.198,0.273,-0.086
224,Otic sensory neuron,E9.5,-0.058,-0.109,-0.294,-0.098,-0.076,-0.086,-0.284,-0.311,0.022,0.045,0.064,0.469,0.978,-0.107,0.014,-0.148,-0.039,-0.021,-0.1,-0.062,-0.052,-0.072,0.173,-0.088,0.459,-0.023,0.328,-0.026,-0.08,0.219,-0.028,-0.176,-0.11,-0.06,-0.0,-0.021,-0.049,-0.104,-0.167,-0.101,0.342,-0.021,-0.035,-0.101,-0.031,-0.039,-0.029,-0.125,0.08,0.032,-0.129,0.085,0.006,-0.038,-0.07,-0.166,-0.042,-0.067,-0.021,-0.214,0.007,-0.033,-0.017,-0.012,0.047,-0.015,-0.035,-0.016,-0.0,-0.104,-0.047,-0.138,0.043,0.271,0.432,-0.093
225,Otic sensory neuron,E10.0,-0.077,-0.15,-0.342,-0.124,-0.094,-0.116,-0.29,-0.386,0.036,0.077,0.088,0.621,1.197,-0.135,0.015,-0.199,-0.031,-0.044,-0.145,-0.086,-0.047,-0.149,0.121,-0.077,0.753,-0.011,0.614,-0.038,-0.085,0.223,-0.036,-0.25,-0.149,-0.037,-0.004,-0.039,-0.071,-0.13,-0.216,-0.141,0.304,-0.033,-0.061,-0.136,-0.045,-0.004,-0.033,-0.162,0.058,0.017,-0.19,-0.121,0.003,-0.037,-0.091,-0.197,-0.059,-0.133,-0.045,-0.246,-0.006,-0.075,-0.024,-0.017,-0.03,-0.021,-0.043,-0.053,-0.025,-0.061,-0.061,-0.147,0.062,0.29,0.541,-0.117
226,Parietal endoderm,E7.5,-0.045,-0.101,-0.279,-0.093,0.446,-0.1,-0.264,0.189,-0.011,-0.07,-0.281,-0.135,-0.044,-0.185,-0.054,-0.142,-0.05,-0.06,-0.174,0.136,-0.114,-0.201,0.409,-0.222,-0.078,-0.029,-0.216,0.166,-0.234,-0.215,-0.075,-0.315,0.156,-0.144,0.078,0.041,0.043,0.321,-0.103,0.425,-0.086,-0.022,0.021,-0.053,0.043,-0.176,-0.043,-0.134,-0.156,-0.112,0.031,-0.092,-0.061,-0.11,-0.051,0.01,-0.084,2.352,-0.068,-0.155,0.023,-0.029,0.112,-0.003,-0.007,0.2,0.108,-0.043,-0.027,0.194,-0.041,-0.218,-0.004,0.064,0.024,-0.097
227,Parietal endoderm,E8.0,-0.008,-0.175,-0.239,-0.126,-0.135,-0.12,-0.314,0.054,-0.096,-0.059,-0.261,-0.108,-0.061,-0.187,-0.08,-0.147,0.031,-0.057,-0.219,0.126,-0.112,-0.215,0.306,0.065,0.255,-0.023,-0.249,-0.063,-0.069,-0.257,-0.063,-0.294,0.408,-0.15,0.11,0.041,0.021,0.41,-0.042,0.59,-0.047,-0.026,-0.062,0.106,0.172,-0.183,-0.044,-0.141,-0.137,0.027,-0.084,-0.256,-0.076,0.004,-0.062,-0.161,-0.075,2.48,-0.082,-0.236,-0.006,-0.059,0.081,-0.025,0.055,0.066,-0.105,-0.034,-0.054,0.039,-0.035,-0.23,-0.087,-0.006,-0.066,-0.164
228,Parietal endoderm,E9.0,-0.051,-0.134,-0.249,-0.121,0.492,-0.095,-0.33,0.096,-0.024,-0.06,-0.257,-0.141,-0.04,-0.145,-0.014,-0.123,-0.045,-0.049,-0.177,0.165,-0.111,-0.161,0.373,0.108,-0.1,-0.036,-0.181,0.07,-0.183,-0.22,-0.07,-0.277,0.197,-0.136,0.065,0.047,0.054,0.348,-0.118,0.391,-0.1,-0.025,0.034,-0.043,0.008,-0.173,-0.049,-0.145,-0.158,-0.117,-0.124,-0.132,-0.069,-0.096,-0.066,0.049,-0.068,2.48,-0.076,-0.078,0.011,-0.023,0.12,-0.028,0.072,0.075,0.168,-0.042,-0.055,0.243,-0.03,-0.187,-0.017,0.031,0.038,-0.105
229,Parietal endoderm,E9.5,-0.035,-0.116,-0.278,-0.09,0.486,-0.093,-0.344,-0.002,-0.047,-0.064,-0.269,-0.114,-0.048,-0.134,0.032,-0.07,-0.033,-0.061,-0.118,0.096,-0.097,-0.023,0.338,0.083,-0.095,-0.034,-0.236,0.093,-0.231,-0.169,-0.056,-0.33,-0.042,-0.122,0.065,0.003,0.072,0.352,-0.132,0.223,-0.078,-0.035,-0.061,-0.053,0.066,-0.178,-0.037,-0.146,-0.155,-0.117,-0.033,-0.099,-0.071,-0.181,-0.015,0.063,-0.06,2.485,-0.068,0.028,0.023,-0.031,0.095,-0.008,0.271,0.124,0.15,-0.044,-0.051,-0.023,-0.043,-0.167,-0.029,0.031,0.102,-0.093
230,Parietal endoderm,E10.0,-0.022,-0.125,-0.318,-0.124,0.289,-0.077,-0.356,0.084,-0.016,-0.073,-0.292,-0.128,-0.008,-0.133,0.033,-0.142,-0.05,-0.057,-0.18,0.068,-0.096,-0.123,0.254,0.052,-0.132,-0.027,-0.179,0.015,-0.253,-0.171,-0.061,-0.332,-0.06,-0.049,0.064,0.038,0.083,0.274,-0.142,0.19,-0.102,-0.033,-0.055,-0.107,0.069,-0.103,-0.058,-0.186,-0.164,-0.096,-0.265,-0.164,-0.065,-0.134,-0.054,0.065,-0.058,2.105,-0.069,-0.113,0.022,-0.014,0.159,-0.031,0.214,-0.036,0.266,-0.038,-0.044,-0.035,-0.037,-0.194,-0.008,0.058,-0.016,-0.034
231,Periocular mesoderm,E8.5,-0.021,-0.073,-0.349,-0.069,0.28,-0.048,-0.023,0.049,0.166,-0.025,-0.256,-0.104,0.006,-0.098,0.006,-0.035,-0.003,-0.028,-0.032,-0.026,-0.065,-0.159,-0.117,-0.368,-0.07,-0.016,-0.059,-0.005,-0.013,0.245,-0.008,-0.169,-0.083,0.082,0.049,-0.003,0.016,0.145,0.002,0.133,-0.044,-0.002,0.032,0.209,0.634,0.048,0.061,0.332,0.31,-0.054,0.006,-0.165,0.136,-0.136,-0.015,0.243,0.093,0.45,0.429,-0.128,0.021,-0.048,-0.012,-0.003,-0.14,-0.005,-0.038,-0.023,-0.018,-0.025,-0.015,-0.146,-0.013,-0.084,-0.035,-0.08
232,Periocular mesoderm,E9.0,-0.017,-0.12,-0.352,-0.075,0.133,-0.053,0.059,0.046,0.051,-0.021,-0.244,-0.103,-0.006,-0.091,-0.004,-0.096,0.002,-0.034,0.002,-0.031,-0.06,-0.144,-0.107,-0.273,-0.105,-0.024,-0.064,-0.008,-0.064,0.092,-0.012,-0.26,-0.091,0.041,0.033,-0.002,0.018,0.161,0.069,0.08,-0.043,-0.005,0.086,0.318,0.087,0.082,0.086,0.327,0.267,-0.048,-0.046,-0.167,0.113,-0.054,-0.017,0.266,0.028,0.348,0.256,-0.045,0.023,-0.05,-0.014,-0.004,-0.216,-0.008,-0.046,-0.027,-0.022,-0.114,-0.019,-0.076,-0.001,-0.039,-0.035,-0.095
233,Periocular mesoderm,E9.5,0.007,-0.14,-0.345,-0.077,0.035,-0.063,0.164,0.141,-0.034,-0.007,-0.218,-0.104,-0.023,-0.095,-0.016,-0.114,0.003,-0.039,0.002,-0.037,-0.055,-0.131,-0.129,-0.136,-0.102,-0.031,-0.039,-0.011,-0.077,0.072,-0.011,-0.275,-0.097,0.032,0.031,-0.012,0.008,0.127,0.086,0.054,-0.054,-0.006,0.113,0.271,0.021,-0.041,0.116,0.352,0.19,0.009,-0.066,0.081,0.144,0.041,-0.022,0.173,-0.003,0.318,0.102,0.22,0.016,-0.051,-0.014,-0.004,-0.217,-0.008,-0.056,-0.029,-0.022,0.173,-0.026,0.056,-0.007,0.01,-0.043,-0.046
234,Periocular mesoderm,E10.0,0.015,-0.171,-0.406,-0.091,0.025,-0.081,0.246,0.213,-0.028,-0.002,-0.249,-0.133,-0.036,-0.11,-0.014,-0.153,-0.002,-0.053,0.007,-0.038,-0.072,-0.158,-0.138,-0.14,-0.141,-0.042,-0.057,-0.026,-0.095,0.027,-0.015,-0.319,-0.123,0.065,0.033,-0.023,-0.009,0.111,0.072,0.025,-0.077,-0.011,0.082,0.262,-0.009,-0.085,0.155,0.383,0.177,0.024,-0.085,-0.251,0.21,0.08,-0.037,0.174,-0.006,0.44,0.088,0.404,0.016,-0.058,-0.016,-0.006,-0.292,-0.011,-0.079,-0.042,-0.027,-0.092,-0.035,0.202,-0.02,-0.013,-0.054,-0.02
235,Pharyngeal arch mesenchyme,E8.5,-0.019,-0.075,-0.217,-0.049,0.232,-0.041,-0.134,0.026,-0.043,-0.037,-0.222,-0.09,-0.013,-0.067,-0.032,-0.079,-0.031,-0.029,0.05,-0.038,-0.059,-0.13,-0.241,-0.259,0.061,-0.02,-0.172,0.011,0.078,-0.187,-0.014,-0.056,-0.069,0.066,0.018,-0.01,0.026,-0.033,-0.112,0.004,-0.051,-0.003,0.004,0.118,0.126,-0.023,-0.052,0.243,0.015,-0.05,0.021,-0.118,0.033,-0.017,0.188,-0.023,0.028,-0.155,0.025,-0.151,0.014,-0.043,-0.012,-0.005,-0.049,0.003,0.005,0.094,-0.018,-0.223,0.016,-0.14,0.213,0.568,-0.017,1.148
236,Pharyngeal arch mesenchyme,E9.0,-0.024,-0.078,-0.239,-0.045,0.161,-0.032,-0.141,0.156,-0.069,-0.036,-0.234,-0.088,-0.02,-0.068,-0.034,-0.065,-0.025,-0.029,0.019,-0.03,-0.048,-0.135,-0.286,-0.24,0.019,-0.013,-0.167,0.017,0.078,-0.164,-0.011,-0.109,-0.023,-0.0,0.005,-0.013,0.005,-0.034,-0.046,0.012,-0.043,-0.01,-0.022,0.073,0.115,-0.069,-0.01,0.328,0.061,-0.024,0.05,-0.11,0.045,-0.047,0.311,-0.046,0.012,0.024,-0.008,-0.161,-0.007,-0.044,-0.01,-0.003,-0.186,0.002,-0.011,0.233,-0.014,-0.102,0.012,-0.165,0.163,0.435,0.037,0.957
237,Pharyngeal arch mesenchyme,E9.5,0.004,-0.08,-0.152,-0.039,0.061,-0.031,-0.086,0.2,-0.015,-0.028,-0.205,-0.076,-0.021,-0.075,-0.029,-0.076,-0.021,-0.028,-0.034,-0.026,-0.029,-0.133,-0.21,-0.307,-0.035,-0.013,-0.146,0.01,-0.039,-0.168,-0.009,-0.178,0.089,-0.009,-0.009,-0.009,-0.003,-0.025,0.027,-0.014,-0.014,-0.008,-0.009,0.071,0.065,-0.089,0.05,0.334,0.078,0.065,0.115,0.142,0.197,0.035,0.652,-0.021,-0.011,0.144,-0.001,0.069,-0.016,-0.043,-0.01,-0.001,-0.225,-0.001,-0.019,0.33,-0.013,0.039,-0.006,-0.122,0.057,0.086,-0.004,0.159
238,Pharyngeal arch mesenchyme,E10.0,0.0,-0.107,-0.171,-0.052,0.081,-0.049,-0.051,0.234,0.016,-0.033,-0.229,-0.096,-0.029,-0.095,-0.038,-0.106,-0.021,-0.039,-0.073,-0.034,-0.039,-0.162,-0.217,-0.412,-0.067,-0.019,-0.169,0.007,-0.064,-0.218,-0.013,-0.22,0.107,0.003,-0.014,-0.017,-0.013,-0.029,-0.01,-0.051,-0.04,-0.011,-0.016,0.035,0.022,-0.126,0.08,0.378,0.08,0.085,0.145,-0.157,0.284,0.06,0.712,-0.067,-0.014,0.101,0.003,0.309,-0.02,-0.056,-0.013,-0.001,-0.282,-0.004,-0.035,0.265,-0.018,-0.02,-0.01,-0.127,0.05,0.066,-0.017,0.119
239,Pharyngeal endoderm,E8.5,-0.01,-0.047,-0.231,-0.088,-0.073,-0.006,-0.012,0.029,0.072,-0.039,-0.138,-0.102,-0.045,-0.05,0.011,-0.135,-0.029,-0.035,-0.031,0.382,-0.086,0.083,-0.189,-0.37,-0.148,-0.004,-0.164,-0.031,-0.103,0.221,0.021,-0.311,-0.109,-0.06,0.005,0.001,-0.022,-0.011,-0.001,0.074,0.023,-0.021,-0.029,0.032,0.126,0.293,-0.052,-0.258,-0.081,-0.061,-0.252,-0.217,-0.049,0.06,-0.062,0.058,-0.05,0.45,0.119,-0.218,0.1,0.31,0.111,0.013,0.692,0.041,0.124,-0.047,0.158,0.143,0.307,0.109,-0.006,-0.052,-0.073,-0.125
240,Pharyngeal endoderm,E9.0,-0.007,-0.058,-0.191,-0.087,-0.113,-0.019,-0.009,0.049,0.03,-0.025,-0.129,-0.111,-0.043,-0.032,0.005,-0.144,-0.027,0.021,-0.063,0.176,-0.069,0.118,-0.169,-0.344,-0.163,-0.017,-0.191,-0.025,-0.118,0.178,0.104,-0.263,-0.093,-0.06,-0.003,0.008,-0.031,-0.026,0.046,0.035,0.017,-0.002,-0.027,0.073,-0.007,0.245,-0.025,-0.228,-0.065,-0.062,-0.221,-0.199,-0.035,0.065,-0.054,-0.009,-0.052,0.347,0.149,-0.132,0.102,0.299,0.044,-0.004,0.602,0.021,0.009,-0.04,0.287,-0.068,0.43,0.209,-0.021,-0.068,-0.065,-0.107
241,Pharyngeal endoderm,E9.5,0.018,-0.084,-0.139,-0.073,-0.202,-0.036,0.082,0.063,0.054,-0.016,-0.098,-0.102,-0.047,-0.022,0.032,-0.132,-0.017,0.02,-0.044,0.138,-0.058,0.129,-0.168,-0.327,-0.146,-0.028,-0.153,-0.012,-0.073,0.067,0.026,-0.274,-0.009,-0.044,-0.008,0.0,-0.033,-0.026,-0.012,0.047,0.01,0.011,-0.025,0.007,-0.029,0.105,0.002,-0.212,-0.042,-0.074,-0.158,0.027,-0.039,0.116,-0.055,-0.028,-0.044,0.332,0.146,-0.016,0.086,0.313,0.023,-0.007,0.561,0.008,-0.035,-0.042,0.235,-0.057,0.573,0.565,-0.031,-0.103,-0.043,-0.099
242,Pharyngeal endoderm,E10.0,0.008,-0.123,-0.163,-0.087,-0.264,-0.067,0.1,0.135,0.094,-0.019,-0.11,-0.124,-0.061,-0.026,0.03,-0.166,-0.027,0.008,-0.065,0.199,-0.078,0.133,-0.212,-0.401,-0.187,-0.033,-0.153,-0.009,-0.079,-0.042,0.054,-0.329,0.008,-0.032,-0.011,-0.012,-0.045,-0.036,-0.035,0.046,0.002,0.008,-0.047,-0.043,-0.038,0.108,0.012,-0.256,-0.067,-0.093,-0.179,-0.234,-0.058,0.15,-0.072,-0.049,-0.058,0.37,0.125,0.164,0.103,0.387,0.022,-0.01,0.587,-0.003,-0.058,-0.056,0.212,-0.199,0.555,0.78,-0.045,-0.116,-0.043,-0.122
243,Pharyngeal mesoderm,E8.5,0.024,-0.02,-0.122,-0.088,0.277,0.102,-0.153,-0.113,0.155,-0.029,-0.218,-0.09,-0.025,-0.106,0.013,-0.106,-0.026,-0.036,-0.053,-0.042,0.072,-0.148,-0.083,-0.368,-0.104,0.003,-0.025,0.045,0.014,0.478,-0.015,-0.257,-0.086,-0.034,0.044,0.04,0.042,0.051,0.109,0.018,0.107,0.032,-0.002,0.186,0.49,0.362,0.036,0.054,0.102,-0.018,-0.142,-0.174,0.077,-0.156,-0.031,0.199,-0.023,0.111,0.78,-0.156,0.023,-0.031,-0.015,0.0,-0.032,-0.002,-0.036,-0.034,-0.012,-0.068,0.199,-0.102,-0.0,-0.122,0.072,0.21
244,Pharyngeal mesoderm,E9.0,0.028,-0.059,-0.095,-0.091,0.255,0.062,-0.109,-0.127,0.172,-0.023,-0.213,-0.092,-0.02,-0.107,0.008,-0.13,-0.021,-0.041,-0.058,-0.047,0.144,-0.146,-0.159,-0.384,-0.085,0.003,-0.06,0.022,-0.079,0.33,-0.017,-0.231,-0.098,-0.055,0.045,0.023,0.034,0.042,0.099,-0.012,0.096,0.02,0.02,0.187,0.136,0.172,0.068,0.105,0.098,0.019,-0.084,-0.2,0.105,-0.137,-0.029,0.207,-0.022,0.061,0.786,-0.123,0.022,-0.037,-0.017,0.002,-0.103,-0.004,-0.048,-0.037,-0.006,-0.073,0.15,-0.045,-0.005,-0.114,0.165,0.209
245,Pharyngeal mesoderm,E9.5,0.019,-0.102,-0.067,-0.07,0.154,-0.036,0.016,-0.119,0.093,-0.015,-0.179,-0.088,-0.013,-0.073,0.039,-0.127,-0.017,-0.03,-0.046,-0.042,0.1,-0.117,-0.128,-0.307,-0.021,-0.002,-0.081,0.006,-0.062,0.148,-0.017,-0.176,-0.088,-0.046,0.047,0.013,0.013,0.025,0.073,-0.035,0.081,-0.0,0.038,0.173,0.001,0.054,0.11,0.185,0.099,0.073,-0.001,0.006,0.114,-0.076,-0.023,0.052,-0.017,0.089,0.596,0.085,0.017,-0.039,-0.016,0.008,-0.136,-0.006,-0.05,-0.031,-0.014,0.246,0.04,0.165,-0.007,-0.062,0.193,0.056
246,Pharyngeal mesoderm,E10.0,0.016,-0.135,-0.118,-0.076,0.175,-0.066,0.079,-0.109,0.107,-0.015,-0.192,-0.107,-0.014,-0.074,0.045,-0.16,-0.018,-0.036,-0.053,-0.05,0.078,-0.13,-0.157,-0.345,-0.007,-0.012,-0.123,0.006,-0.061,0.056,-0.021,-0.189,-0.102,-0.043,0.048,0.009,-0.005,0.025,0.044,-0.061,0.056,-0.002,0.06,0.174,-0.033,0.068,0.127,0.167,0.095,0.09,-0.007,-0.245,0.117,-0.083,-0.035,-0.017,-0.024,0.134,0.545,0.274,0.02,-0.047,-0.021,0.011,-0.163,-0.009,-0.051,-0.042,-0.023,0.138,0.008,0.224,-0.012,-0.079,0.216,0.002
247,Pre-placodal ectoderm,E8.5,-0.017,-0.062,-0.25,-0.079,-0.199,-0.017,-0.296,0.259,0.026,-0.018,-0.092,-0.073,-0.028,0.106,0.188,-0.094,0.018,-0.027,-0.124,-0.024,-0.067,-0.012,-0.105,-0.425,0.052,-0.022,-0.045,-0.019,0.101,0.285,-0.019,0.236,-0.038,-0.079,-0.017,-0.019,-0.035,-0.062,-0.065,0.161,0.058,-0.017,-0.025,-0.019,0.063,0.229,-0.078,-0.242,-0.04,0.059,-0.33,-0.159,-0.063,-0.06,-0.044,-0.051,-0.034,0.139,-0.04,-0.15,0.091,0.38,-0.013,-0.006,0.662,0.04,0.006,0.525,0.164,-0.136,0.111,0.106,-0.02,0.055,-0.059,-0.064
248,Pre-placodal ectoderm,E9.0,-0.002,-0.106,-0.23,-0.083,-0.22,-0.041,-0.199,0.211,0.022,-0.005,-0.103,-0.087,-0.029,0.082,0.156,-0.107,0.024,-0.044,-0.091,-0.021,-0.071,0.026,-0.135,-0.448,-0.084,-0.018,-0.143,-0.018,0.026,0.269,-0.018,0.227,0.023,-0.065,-0.018,-0.018,-0.039,-0.072,-0.032,0.15,0.062,-0.017,-0.021,0.001,-0.023,0.206,-0.061,-0.229,-0.071,0.007,-0.264,-0.16,-0.06,-0.018,-0.026,0.006,-0.038,0.319,-0.04,-0.144,0.078,0.392,-0.007,-0.008,0.664,0.023,-0.001,0.441,0.286,0.03,0.06,0.27,-0.032,0.053,-0.044,-0.076
249,Presomitic mesoderm,E7.5,0.15,0.523,-0.096,-0.003,0.113,0.277,0.142,0.412,0.066,-0.041,-0.115,-0.017,0.002,-0.016,-0.034,-0.048,-0.041,-0.045,-0.117,-0.001,-0.084,-0.085,0.659,-0.013,0.34,0.056,-0.143,-0.041,-0.119,-0.077,-0.023,-0.318,-0.085,0.125,0.021,-0.016,-0.004,-0.074,0.013,-0.012,0.036,-0.019,-0.047,-0.038,0.18,-0.156,-0.09,-0.13,-0.114,-0.087,0.008,-0.145,-0.06,-0.129,-0.044,-0.139,-0.035,0.348,0.014,0.155,0.005,0.01,-0.003,-0.021,0.059,0.304,-0.048,-0.029,-0.042,-0.128,-0.028,-0.148,-0.021,-0.111,-0.061,-0.151
250,Presomitic mesoderm,E8.0,0.178,0.677,0.159,-0.047,0.317,0.717,0.532,0.076,0.311,-0.017,-0.104,-0.059,-0.028,-0.075,-0.041,-0.078,-0.025,-0.03,-0.078,-0.039,-0.053,-0.088,0.597,-0.291,0.248,-0.019,-0.124,0.034,-0.062,-0.178,-0.012,-0.217,-0.062,-0.062,-0.002,-0.017,-0.007,-0.063,-0.135,-0.014,-0.076,-0.013,-0.01,-0.07,-0.006,-0.004,-0.059,-0.166,-0.087,-0.07,0.101,-0.066,-0.04,-0.096,-0.038,-0.077,-0.029,0.047,-0.051,-0.047,0.003,-0.006,-0.013,-0.007,0.032,0.038,-0.03,-0.022,-0.031,-0.096,-0.019,-0.122,-0.027,-0.091,-0.05,-0.105
251,Presomitic mesoderm,E8.5,0.176,0.955,0.15,0.022,0.515,0.358,0.686,0.288,0.466,-0.03,-0.141,-0.078,-0.028,-0.104,-0.032,-0.083,-0.025,-0.033,-0.061,-0.036,-0.07,-0.098,0.617,-0.404,0.145,-0.014,-0.148,-0.006,-0.036,-0.209,-0.014,-0.232,-0.077,-0.079,-0.003,-0.012,-0.012,-0.051,-0.149,-0.001,-0.016,-0.008,0.045,-0.064,0.291,0.217,-0.08,-0.172,-0.079,-0.064,0.19,-0.103,-0.041,-0.122,-0.035,-0.078,-0.025,-0.052,-0.036,-0.157,-0.018,-0.025,-0.016,-0.005,-0.069,0.002,-0.023,-0.021,0.006,-0.207,-0.021,-0.121,-0.013,-0.096,-0.05,-0.106
252,Presomitic mesoderm,E9.0,0.181,1.023,0.203,0.222,0.591,0.165,0.763,0.37,0.551,-0.027,-0.158,-0.084,-0.033,-0.112,-0.038,-0.104,-0.01,-0.037,-0.065,-0.039,-0.067,0.019,0.751,-0.253,-0.027,-0.014,-0.158,-0.014,-0.057,-0.221,-0.014,-0.21,-0.082,-0.078,-0.028,-0.018,-0.017,-0.069,-0.123,-0.03,-0.026,-0.012,0.058,-0.085,0.074,0.104,-0.068,-0.164,-0.021,-0.075,0.408,-0.124,-0.043,-0.142,-0.036,-0.079,-0.024,-0.041,-0.04,-0.166,-0.028,-0.034,-0.018,-0.006,-0.144,-0.004,-0.043,-0.026,0.009,-0.187,-0.024,-0.147,-0.023,-0.086,-0.049,-0.095
253,Presomitic mesoderm,E9.5,0.2,0.899,0.15,0.828,0.52,0.122,0.609,0.327,0.426,-0.023,-0.156,-0.082,-0.039,-0.103,-0.047,-0.12,-0.02,-0.041,-0.021,-0.045,-0.072,0.074,0.846,-0.162,-0.109,-0.018,-0.168,-0.015,-0.04,-0.191,-0.015,-0.067,-0.089,-0.082,-0.015,-0.011,-0.019,-0.046,-0.103,-0.032,-0.037,-0.014,0.022,0.002,0.062,0.099,-0.031,-0.098,-0.024,-0.083,0.618,0.045,-0.039,-0.137,-0.04,-0.083,-0.027,-0.109,-0.045,0.135,-0.029,-0.049,-0.016,-0.006,-0.161,-0.005,-0.052,-0.029,0.011,-0.049,-0.028,-0.118,-0.028,-0.092,-0.058,-0.08
254,Presomitic mesoderm,E10.0,0.243,0.906,0.14,0.906,0.639,0.119,0.743,0.367,0.39,-0.023,-0.184,-0.108,-0.046,-0.112,-0.056,-0.147,-0.036,-0.046,-0.081,-0.054,-0.092,0.087,0.859,-0.202,-0.147,-0.022,-0.204,-0.011,-0.009,-0.15,-0.019,-0.072,-0.105,-0.097,-0.009,-0.018,-0.027,-0.054,-0.115,-0.038,-0.064,-0.019,0.015,0.036,0.062,0.103,-0.031,-0.109,-0.034,-0.097,0.76,-0.184,-0.052,-0.15,-0.053,-0.12,-0.033,-0.116,-0.051,0.34,-0.032,-0.057,-0.012,-0.008,-0.182,-0.007,-0.065,-0.031,-0.001,-0.089,-0.034,-0.208,-0.043,-0.118,-0.07,-0.097
255,Primitive erythrocyte,E8.5,-0.055,-0.073,-0.234,-0.037,-0.11,-0.071,-0.207,0.076,-0.048,-0.056,-0.172,-0.079,-0.035,-0.09,-0.023,-0.076,-0.019,-0.028,-0.049,-0.038,-0.045,0.185,-0.21,-0.318,-0.123,-0.019,-0.144,-0.01,-0.101,-0.151,-0.008,-0.188,-0.076,-0.067,-0.012,0.012,0.022,-0.045,-0.117,-0.031,-0.053,-0.01,-0.013,-0.085,-0.036,-0.047,-0.097,-0.181,-0.076,-0.071,-0.154,0.742,-0.012,-0.115,-0.026,-0.058,-0.019,-0.202,-0.047,-0.086,0.031,-0.048,-0.006,-0.001,-0.018,-0.003,-0.039,-0.018,-0.023,0.191,-0.01,-0.149,0.002,-0.078,-0.044,-0.089
256,Primitive erythrocyte,E9.0,-0.055,-0.078,-0.217,-0.042,-0.105,-0.068,-0.185,0.069,-0.047,-0.052,-0.158,-0.073,-0.034,-0.088,-0.024,-0.073,-0.018,-0.028,-0.044,-0.039,-0.046,0.22,-0.185,-0.32,-0.123,-0.02,-0.137,-0.008,-0.108,-0.147,-0.007,-0.169,-0.075,-0.066,-0.021,0.006,0.011,-0.043,-0.114,-0.044,-0.068,-0.008,-0.025,-0.09,-0.044,-0.072,-0.09,-0.171,-0.081,-0.074,-0.113,0.871,-0.012,-0.111,-0.025,-0.079,-0.019,-0.189,-0.045,-0.085,0.032,-0.051,-0.004,-0.004,-0.052,-0.0,-0.042,-0.019,-0.022,0.131,-0.011,-0.141,-0.009,-0.088,-0.042,-0.093
257,Primitive erythrocyte,E9.5,-0.047,-0.067,-0.178,-0.039,-0.113,-0.062,-0.142,0.005,-0.044,-0.045,-0.128,-0.057,-0.029,-0.075,-0.022,-0.065,-0.02,-0.025,-0.027,-0.036,-0.039,0.228,-0.143,-0.254,-0.11,-0.018,-0.113,-0.011,-0.084,-0.123,-0.006,-0.131,-0.068,-0.056,-0.023,0.005,0.004,-0.036,-0.095,-0.035,-0.065,-0.008,-0.023,-0.076,-0.043,-0.085,-0.075,-0.13,-0.077,-0.064,-0.153,1.213,-0.011,-0.093,-0.019,-0.073,-0.016,-0.145,-0.039,-0.083,0.028,-0.046,0.013,-0.004,-0.048,0.0,-0.04,-0.017,-0.02,0.151,-0.005,-0.12,0.0,-0.079,-0.038,-0.087
258,Primitive erythrocyte,E10.0,-0.051,-0.084,-0.2,-0.044,-0.13,-0.071,-0.167,0.03,-0.046,-0.049,-0.148,-0.065,-0.034,-0.087,-0.024,-0.075,-0.024,-0.03,-0.037,-0.041,-0.047,0.257,-0.172,-0.302,-0.125,-0.021,-0.131,-0.013,-0.104,-0.146,-0.007,-0.156,-0.077,-0.066,-0.028,0.002,0.005,-0.051,-0.117,-0.043,-0.08,-0.008,-0.029,-0.093,-0.051,-0.094,-0.083,-0.155,-0.091,-0.072,-0.158,0.903,-0.011,-0.105,-0.025,-0.084,-0.02,-0.177,-0.044,-0.096,0.031,-0.053,0.024,-0.005,-0.059,0.001,-0.047,-0.02,-0.024,0.195,-0.005,-0.138,-0.003,-0.095,-0.043,-0.103
259,Primitive streak,E7.5,0.149,0.42,-0.126,-0.063,0.4,0.538,0.005,0.212,-0.026,-0.024,-0.088,-0.056,-0.031,-0.063,-0.061,0.049,-0.032,-0.038,-0.119,-0.03,-0.073,-0.057,0.293,-0.182,0.451,-0.016,-0.072,-0.002,-0.113,-0.132,-0.021,-0.228,-0.081,0.037,0.021,-0.018,-0.002,-0.07,-0.1,-0.018,-0.085,-0.02,-0.035,-0.042,0.142,-0.003,-0.07,-0.194,-0.118,-0.082,-0.125,-0.071,-0.029,-0.1,-0.047,-0.091,-0.035,0.063,-0.066,0.172,0.043,0.063,0.013,-0.02,0.284,0.463,-0.044,-0.029,-0.031,-0.105,-0.026,-0.115,-0.012,-0.127,-0.066,-0.121
260,Primitive streak,E8.0,0.18,0.657,0.017,-0.031,0.517,0.63,0.048,0.356,0.209,-0.035,-0.077,-0.059,-0.017,-0.05,-0.057,-0.085,-0.003,0.0,-0.065,0.052,-0.069,-0.14,0.238,-0.107,0.13,0.099,-0.218,0.084,-0.034,-0.22,-0.019,-0.187,-0.074,-0.016,0.005,-0.016,0.002,-0.048,-0.144,-0.02,-0.07,-0.014,-0.042,-0.105,-0.099,-0.13,-0.059,-0.225,-0.143,-0.102,0.204,-0.1,-0.058,-0.138,-0.045,0.134,0.025,0.172,-0.058,-0.133,0.015,0.026,-0.004,0.001,0.174,0.004,-0.058,-0.029,0.027,0.028,-0.025,-0.17,0.007,-0.152,-0.058,-0.136
261,Primordial germ cell,E7.5,0.108,0.277,-0.318,-0.089,0.267,0.104,-0.068,-0.001,-0.066,-0.059,-0.142,-0.115,-0.023,-0.12,-0.053,-0.104,-0.063,-0.047,-0.138,-0.04,-0.081,-0.118,-0.024,0.025,0.232,0.001,-0.198,-0.038,-0.072,-0.26,-0.035,-0.278,-0.111,-0.129,-0.011,-0.018,-0.013,-0.073,0.059,0.092,-0.092,-0.033,-0.064,-0.133,0.128,0.314,-0.094,-0.28,-0.16,-0.062,-0.021,-0.089,-0.074,-0.146,-0.058,-0.087,0.002,-0.136,-0.042,0.176,0.056,0.158,0.013,0.009,0.422,0.436,-0.039,-0.051,0.024,-0.15,0.419,-0.088,0.039,-0.108,-0.073,-0.144
262,Primordial germ cell,E8.0,0.067,0.203,-0.247,-0.053,0.313,0.286,-0.008,0.07,-0.057,-0.04,-0.131,-0.091,-0.039,-0.102,-0.043,-0.076,-0.031,-0.044,-0.11,-0.015,-0.057,-0.058,-0.093,-0.143,0.211,-0.027,-0.114,-0.028,-0.042,-0.192,-0.021,-0.225,-0.086,-0.088,-0.013,-0.012,-0.023,-0.071,0.023,0.013,-0.056,-0.005,-0.02,-0.116,-0.01,0.276,-0.083,-0.21,-0.14,-0.068,-0.108,-0.085,-0.052,-0.12,-0.044,-0.102,-0.025,-0.138,-0.057,-0.015,0.04,0.16,0.053,0.009,0.453,0.39,-0.046,0.004,0.063,0.065,0.356,-0.048,0.013,-0.058,-0.06,-0.125
263,Primordial germ cell,E8.5,0.035,0.092,-0.283,-0.058,0.271,0.236,-0.011,-0.052,-0.04,-0.043,-0.135,-0.097,-0.04,-0.127,-0.038,-0.08,-0.037,-0.057,-0.125,-0.006,-0.072,-0.073,-0.117,-0.215,0.131,-0.014,-0.115,-0.033,-0.046,-0.211,-0.03,-0.248,-0.098,-0.102,0.001,-0.006,-0.02,-0.069,-0.023,-0.028,-0.044,0.017,-0.023,-0.133,0.095,0.24,-0.098,-0.21,-0.163,-0.08,-0.224,-0.151,-0.064,-0.12,-0.055,-0.095,-0.027,-0.198,-0.068,0.063,0.036,0.181,0.057,-0.006,0.503,0.49,-0.044,0.012,0.044,-0.126,0.399,-0.073,0.011,-0.043,-0.054,-0.135
264,Primordial germ cell,E9.0,0.012,0.022,-0.286,-0.067,0.227,0.193,0.016,-0.065,-0.038,-0.046,-0.127,-0.094,-0.024,-0.097,-0.044,-0.072,-0.043,-0.053,-0.153,-0.017,-0.026,-0.017,-0.049,-0.17,0.16,-0.035,-0.13,-0.019,-0.037,-0.211,-0.028,-0.213,-0.085,-0.112,-0.016,-0.013,-0.022,-0.085,-0.053,-0.034,-0.026,0.033,-0.048,-0.145,0.02,0.093,-0.101,-0.208,-0.145,-0.088,-0.286,-0.112,-0.057,-0.085,-0.049,-0.105,-0.022,-0.204,-0.068,-0.01,0.038,0.156,0.059,0.017,0.541,0.655,-0.059,-0.026,0.033,-0.241,0.457,-0.104,-0.003,-0.027,-0.06,-0.104
265,Primordial germ cell,E9.5,-0.015,-0.035,-0.258,-0.06,0.203,0.081,-0.077,-0.092,-0.031,-0.037,-0.106,-0.069,-0.006,-0.086,-0.034,-0.076,-0.035,-0.04,-0.131,-0.01,-0.015,0.103,-0.03,-0.172,0.133,-0.032,-0.049,-0.023,-0.025,-0.186,-0.027,-0.207,-0.068,-0.092,-0.015,-0.015,-0.012,-0.084,-0.088,-0.026,0.006,0.055,-0.042,-0.115,-0.039,0.048,-0.088,-0.173,-0.137,-0.062,-0.292,0.103,-0.047,-0.041,-0.039,-0.066,-0.027,-0.188,-0.057,0.089,0.026,0.129,0.056,0.031,0.44,0.641,-0.055,-0.029,0.017,-0.171,0.469,-0.103,-0.017,-0.035,-0.052,-0.09
266,Primordial germ cell,E10.0,-0.037,-0.063,-0.313,-0.081,0.28,0.085,-0.035,-0.172,-0.031,-0.047,-0.118,-0.088,0.014,-0.111,-0.057,-0.086,-0.045,-0.066,-0.205,-0.01,0.055,0.126,-0.055,-0.322,0.273,-0.041,-0.016,0.004,-0.022,-0.281,-0.041,-0.286,-0.085,-0.117,-0.022,-0.04,-0.012,-0.122,-0.087,-0.073,-0.019,0.06,-0.042,-0.172,-0.063,-0.033,-0.109,-0.23,-0.17,-0.041,-0.287,-0.188,-0.069,-0.079,-0.057,-0.09,-0.038,-0.244,-0.078,0.031,0.029,0.101,0.06,0.045,0.649,0.627,-0.071,-0.005,-0.039,-0.271,0.51,-0.145,-0.01,-0.041,-0.073,-0.124
267,Roof plate,E8.5,0.03,0.037,0.175,-0.082,-0.043,0.225,-0.178,-0.153,-0.016,0.03,0.09,-0.062,-0.015,0.004,-0.029,0.498,-0.013,0.013,-0.07,0.038,0.188,0.095,-0.115,-0.299,0.209,-0.017,-0.051,0.015,0.134,0.103,-0.019,0.644,-0.052,0.066,0.003,-0.012,-0.027,-0.056,-0.142,-0.039,-0.095,-0.009,-0.012,0.026,0.069,0.033,-0.051,-0.202,-0.141,-0.067,-0.253,-0.122,-0.036,-0.139,-0.03,0.108,-0.021,-0.119,-0.026,-0.171,0.008,-0.01,0.006,0.005,0.313,0.012,0.603,0.01,-0.022,-0.041,-0.01,-0.042,0.106,0.178,-0.046,-0.127
268,Roof plate,E9.0,0.003,0.016,0.132,-0.09,-0.047,0.079,-0.212,-0.159,-0.017,0.048,0.114,-0.071,-0.019,0.019,-0.044,0.656,0.0,0.047,-0.108,0.003,0.231,0.256,-0.066,-0.032,0.065,-0.025,0.132,0.009,0.055,-0.04,-0.021,0.747,0.036,0.195,-0.005,-0.023,-0.032,-0.056,-0.104,-0.034,-0.117,-0.014,-0.018,0.015,-0.012,0.007,-0.041,-0.185,-0.156,-0.072,-0.283,-0.168,-0.039,-0.104,-0.039,0.096,-0.007,-0.086,-0.042,-0.201,0.001,-0.02,0.006,-0.005,0.224,-0.001,0.343,0.0,-0.023,-0.075,-0.026,-0.101,0.064,0.123,-0.04,-0.124
269,Roof plate,E9.5,-0.008,-0.031,0.017,-0.1,-0.108,-0.047,-0.203,-0.138,-0.082,0.083,0.109,-0.088,-0.035,0.06,-0.059,0.821,0.033,0.063,-0.126,-0.016,0.157,0.491,-0.053,0.186,0.061,-0.034,0.485,-0.02,0.036,-0.094,-0.023,0.552,0.063,0.253,-0.007,-0.028,-0.041,-0.018,0.007,-0.008,-0.141,-0.02,-0.019,-0.026,-0.028,-0.079,0.008,-0.154,-0.176,-0.099,-0.288,0.024,-0.049,-0.006,-0.046,0.132,0.022,-0.041,-0.05,-0.17,0.002,-0.031,-0.006,-0.009,0.245,-0.003,0.09,-0.031,-0.028,0.278,-0.034,-0.132,0.002,-0.003,-0.012,-0.076
270,Roof plate,E10.0,-0.021,-0.063,-0.003,-0.111,-0.122,-0.072,-0.195,-0.124,-0.111,0.094,0.113,-0.118,-0.048,0.091,-0.075,0.855,0.026,0.07,-0.18,-0.015,0.122,0.57,-0.106,0.131,0.075,-0.044,0.524,-0.021,-0.008,-0.152,-0.032,0.493,0.005,0.254,-0.012,-0.039,-0.06,-0.009,-0.005,-0.011,-0.192,-0.031,-0.021,-0.043,-0.053,-0.086,0.024,-0.183,-0.218,-0.123,-0.323,-0.301,-0.062,0.05,-0.066,0.152,0.043,-0.077,-0.067,-0.113,0.01,-0.038,-0.008,-0.015,0.312,-0.01,0.068,-0.048,-0.04,0.23,-0.047,-0.158,-0.013,-0.024,-0.015,-0.072
271,Rostral ectoderm,E7.5,-0.001,-0.054,-0.313,-0.048,-0.137,0.045,0.014,0.395,-0.023,-0.012,-0.037,-0.027,-0.007,0.163,-0.006,0.198,-0.013,-0.028,-0.016,-0.008,-0.054,-0.081,-0.165,-0.266,0.537,0.001,0.084,-0.023,0.191,0.131,-0.021,-0.259,-0.083,-0.054,-0.006,-0.019,-0.022,-0.069,-0.165,-0.052,-0.054,-0.012,-0.029,-0.043,0.166,0.049,-0.084,-0.242,-0.132,-0.064,-0.229,-0.06,-0.036,-0.09,-0.036,-0.111,-0.034,-0.02,-0.014,0.457,0.071,0.143,0.015,-0.009,0.618,0.642,0.026,0.024,0.015,-0.104,-0.023,-0.102,0.022,-0.047,-0.049,-0.14
272,Sacral neural crest,E9.0,0.049,0.257,0.097,0.043,0.13,0.286,-0.136,-0.101,0.129,-0.001,0.033,-0.11,-0.037,0.01,-0.05,0.173,-0.037,-0.005,-0.032,-0.055,-0.014,0.023,-0.113,-0.085,0.011,0.005,-0.041,-0.03,-0.098,-0.176,-0.014,0.59,-0.082,-0.043,-0.024,-0.01,-0.035,-0.063,-0.136,-0.03,-0.138,-0.02,0.003,0.114,0.009,0.05,-0.034,-0.186,-0.167,-0.033,-0.127,-0.1,-0.047,-0.05,-0.045,0.042,0.02,-0.213,-0.054,-0.161,-0.008,-0.001,-0.007,-0.001,0.42,-0.016,0.128,0.032,0.015,0.018,-0.03,-0.161,0.104,0.407,-0.052,-0.073
273,Sacral neural crest,E9.5,0.008,0.111,0.09,0.138,0.112,0.051,-0.087,0.001,-0.006,-0.001,-0.014,-0.053,-0.014,-0.044,-0.032,0.14,-0.025,-0.023,-0.064,-0.024,0.015,0.06,-0.143,0.38,0.022,-0.02,-0.143,-0.002,-0.104,-0.094,-0.015,0.472,-0.071,-0.035,-0.019,-0.017,-0.017,-0.033,-0.088,-0.033,-0.073,-0.015,-0.026,-0.038,0.017,-0.064,-0.017,-0.097,-0.113,-0.068,-0.041,0.078,-0.016,-0.055,-0.029,0.043,0.031,-0.269,-0.026,-0.153,-0.008,-0.041,0.003,-0.003,0.122,0.002,0.254,0.039,-0.01,0.148,-0.018,-0.161,0.195,0.685,0.192,0.113
274,Sacral neural crest,E10.0,-0.006,0.077,0.088,0.248,0.139,0.065,-0.088,0.03,-0.01,-0.005,-0.047,-0.045,-0.017,-0.053,-0.042,0.037,-0.037,-0.034,-0.071,-0.036,0.027,0.02,-0.134,0.614,-0.017,-0.024,-0.183,0.004,-0.177,-0.189,-0.02,0.466,-0.093,-0.054,-0.019,-0.021,-0.025,-0.024,-0.104,-0.057,-0.057,-0.018,-0.033,0.043,0.018,-0.073,-0.019,-0.1,-0.126,-0.09,0.019,-0.181,-0.008,-0.096,-0.036,-0.004,0.033,-0.31,-0.037,-0.074,-0.01,-0.052,-0.007,-0.006,0.079,-0.002,0.159,0.028,-0.012,0.058,-0.021,-0.198,0.24,0.803,0.394,0.277
275,Sclerotome,E8.5,-0.015,-0.069,0.043,-0.065,0.29,0.054,-0.067,-0.14,0.181,-0.032,-0.222,-0.095,-0.015,-0.115,-0.038,-0.029,-0.026,-0.025,0.068,-0.014,-0.049,-0.162,-0.103,-0.431,-0.068,-0.017,-0.065,-0.013,-0.124,-0.187,-0.012,-0.126,-0.067,0.038,0.002,-0.011,0.013,0.069,-0.104,-0.004,-0.044,-0.002,-0.015,0.031,0.098,-0.081,0.067,0.252,0.602,-0.07,0.246,-0.146,-0.036,-0.147,-0.038,0.575,0.101,0.18,0.104,-0.174,-0.02,-0.054,-0.012,-0.002,-0.219,-0.003,0.022,-0.026,-0.018,-0.033,-0.018,-0.121,0.012,-0.147,-0.042,-0.034
276,Sclerotome,E9.0,-0.017,-0.087,0.104,-0.057,0.216,0.017,-0.033,-0.078,0.114,-0.038,-0.241,-0.108,-0.017,-0.118,-0.04,-0.006,-0.03,-0.034,0.076,-0.021,-0.053,-0.13,-0.045,-0.39,-0.1,-0.016,-0.112,-0.004,-0.179,-0.245,-0.014,-0.183,-0.064,-0.008,-0.008,-0.015,0.009,0.065,-0.076,-0.022,-0.05,-0.005,-0.02,0.016,0.028,-0.097,0.085,0.323,0.601,-0.063,0.282,-0.169,-0.03,-0.114,-0.036,0.39,0.115,0.255,0.053,-0.153,-0.02,-0.056,-0.013,-0.001,-0.272,-0.005,0.009,-0.026,-0.015,-0.147,-0.018,-0.074,0.01,-0.136,-0.036,-0.051
277,Sclerotome,E9.5,-0.012,-0.043,0.107,-0.033,0.141,-0.02,0.077,-0.011,-0.006,-0.037,-0.229,-0.107,-0.022,-0.112,-0.037,0.067,-0.027,-0.03,0.039,-0.016,-0.052,-0.103,-0.056,-0.319,-0.105,-0.018,-0.151,-0.002,-0.172,-0.255,-0.012,-0.225,-0.034,-0.03,-0.007,-0.012,0.006,0.054,0.013,-0.039,-0.051,-0.008,-0.011,0.02,-0.006,-0.116,0.113,0.361,0.476,-0.022,0.407,0.004,-0.016,-0.005,-0.03,0.149,0.121,0.268,0.016,0.055,-0.02,-0.054,-0.012,-0.001,-0.277,-0.006,-0.009,-0.024,-0.015,-0.038,-0.019,0.039,0.001,-0.089,-0.027,-0.043
278,Sclerotome,E10.0,-0.012,-0.052,0.109,-0.018,0.162,-0.034,0.162,0.036,-0.031,-0.04,-0.264,-0.138,-0.03,-0.136,-0.048,0.106,-0.036,-0.039,0.007,-0.025,-0.068,-0.131,-0.087,-0.382,-0.143,-0.024,-0.188,-0.003,-0.204,-0.334,-0.016,-0.273,-0.034,-0.04,-0.013,-0.021,-0.005,0.054,0.01,-0.072,-0.084,-0.012,-0.014,0.0,-0.02,-0.155,0.152,0.41,0.478,-0.016,0.454,-0.242,-0.02,0.069,-0.043,0.134,0.166,0.274,0.013,0.186,-0.025,-0.068,-0.014,-0.002,-0.339,-0.008,-0.017,-0.033,-0.02,-0.122,-0.027,0.101,-0.01,-0.099,-0.033,-0.058
279,Second heart field,E8.0,-0.001,-0.023,-0.134,-0.082,0.256,-0.004,0.012,-0.006,-0.028,-0.044,-0.212,-0.092,-0.03,-0.068,-0.021,-0.098,-0.026,-0.041,-0.004,-0.044,-0.028,-0.151,-0.037,-0.107,-0.108,0.004,-0.118,-0.006,0.299,0.274,-0.018,-0.233,-0.049,-0.07,0.049,0.263,0.009,0.101,0.5,0.084,0.094,0.064,0.163,0.1,0.16,0.877,-0.029,-0.073,-0.085,-0.063,-0.298,-0.111,-0.018,-0.125,-0.037,0.292,-0.026,0.085,0.101,-0.087,-0.002,-0.02,-0.006,-0.01,-0.019,0.042,-0.038,-0.024,-0.029,-0.001,0.08,-0.142,-0.027,-0.096,-0.042,0.411
280,Second heart field,E8.5,-0.047,-0.12,-0.185,-0.135,0.31,-0.072,-0.013,-0.122,-0.077,-0.073,-0.257,-0.135,-0.066,-0.028,-0.043,-0.174,-0.065,-0.078,-0.03,-0.067,-0.019,-0.185,-0.283,0.173,-0.183,-0.013,-0.16,-0.007,0.243,-0.061,-0.044,-0.371,-0.048,-0.132,0.124,0.725,-0.023,0.201,0.566,0.077,0.041,0.237,0.285,0.641,0.258,0.918,-0.029,-0.064,-0.155,-0.072,-0.308,-0.19,-0.044,-0.102,-0.069,0.234,-0.055,-0.064,0.019,-0.105,-0.018,-0.044,-0.024,-0.022,-0.115,-0.017,-0.064,-0.05,-0.052,0.322,0.007,-0.155,-0.043,-0.149,-0.066,0.433
281,Second heart field,E9.0,-0.061,-0.155,-0.187,-0.135,0.304,-0.1,0.055,-0.145,-0.097,-0.083,-0.264,-0.151,-0.069,0.008,-0.056,-0.184,-0.075,-0.085,0.003,-0.055,-0.002,-0.17,-0.329,0.292,-0.213,-0.01,-0.187,0.021,0.198,-0.159,-0.05,-0.375,-0.037,-0.124,0.123,0.825,-0.033,0.22,0.607,0.065,-0.026,0.173,0.334,0.776,0.153,0.824,-0.021,-0.038,-0.157,-0.038,-0.273,-0.193,-0.047,-0.052,-0.077,0.22,-0.061,-0.074,-0.004,0.013,-0.011,-0.04,-0.027,-0.023,-0.153,-0.026,-0.073,-0.061,-0.056,-0.034,-0.01,-0.153,-0.065,-0.152,-0.074,0.451
282,Second heart field,E9.5,-0.046,-0.171,-0.142,-0.115,0.231,-0.108,0.124,-0.145,-0.094,-0.071,-0.244,-0.144,-0.061,0.014,-0.06,-0.17,-0.072,-0.082,0.021,-0.019,0.006,-0.17,-0.308,0.283,-0.196,-0.031,-0.173,0.059,0.15,-0.133,-0.043,-0.32,-0.049,-0.104,0.102,0.711,-0.032,0.189,0.566,0.022,-0.034,0.101,0.361,0.754,0.139,0.486,0.011,0.055,-0.121,0.018,-0.159,0.001,-0.044,0.117,-0.066,0.169,-0.057,-0.047,0.018,0.445,0.003,-0.039,-0.02,-0.014,-0.187,-0.023,-0.068,-0.059,-0.053,-0.024,-0.023,-0.017,-0.052,-0.122,-0.049,0.4
283,Second heart field,E10.0,-0.046,-0.204,-0.154,-0.129,0.296,-0.13,0.19,-0.134,-0.114,-0.074,-0.285,-0.172,-0.064,-0.014,-0.071,-0.207,-0.083,-0.09,0.013,-0.012,-0.003,-0.202,-0.348,0.227,-0.209,-0.039,-0.211,0.077,0.166,-0.191,-0.045,-0.349,-0.061,-0.109,0.113,0.629,-0.034,0.22,0.631,0.022,-0.054,0.098,0.427,0.731,0.092,0.432,0.033,0.121,-0.141,0.03,-0.144,-0.246,-0.031,0.21,-0.079,0.173,-0.061,-0.003,0.033,0.677,0.009,-0.048,-0.015,-0.008,-0.258,-0.024,-0.083,-0.06,-0.059,-0.157,-0.033,0.037,-0.057,-0.147,-0.03,0.431
284,Somatic mesoderm,E8.5,0.051,0.03,0.139,-0.065,0.252,0.197,0.182,0.145,0.103,-0.032,-0.206,-0.098,-0.024,-0.101,-0.03,-0.113,-0.026,-0.026,-0.084,-0.028,-0.038,-0.153,-0.208,-0.259,-0.074,-0.013,-0.115,-0.01,0.15,0.205,-0.011,-0.264,-0.051,-0.061,0.045,0.033,-0.001,0.103,0.304,0.114,0.071,0.082,0.01,0.027,0.088,0.206,-0.008,0.115,-0.056,0.041,-0.1,-0.135,-0.021,-0.037,-0.029,0.163,-0.013,-0.099,0.049,-0.126,-0.001,-0.02,0.005,-0.002,-0.121,-0.001,-0.005,-0.02,-0.012,-0.084,0.025,-0.073,0.002,-0.127,-0.025,0.029
285,Somatic mesoderm,E9.0,0.023,0.054,0.204,-0.007,0.223,0.09,0.237,0.199,0.045,-0.037,-0.23,-0.107,-0.026,-0.109,-0.038,-0.116,-0.028,-0.029,-0.118,-0.028,-0.047,-0.161,-0.248,-0.269,-0.096,-0.018,-0.126,-0.01,0.058,0.103,-0.011,-0.236,-0.048,-0.07,0.045,0.021,-0.013,0.104,0.413,0.091,0.124,0.039,0.013,0.004,0.112,0.176,0.005,0.171,-0.089,0.07,-0.017,-0.145,-0.013,0.106,-0.028,0.058,-0.015,-0.095,0.015,-0.1,-0.007,-0.025,0.001,-0.004,-0.179,-0.005,-0.024,-0.02,-0.015,-0.162,0.022,-0.066,-0.018,-0.139,-0.034,0.064
286,Somatic mesoderm,E9.5,0.004,0.014,0.119,0.15,0.186,-0.019,0.269,0.217,-0.024,-0.033,-0.23,-0.103,-0.028,-0.103,-0.039,-0.12,-0.022,-0.025,-0.101,-0.032,-0.054,-0.164,-0.234,-0.171,-0.116,-0.02,-0.137,-0.012,0.132,0.063,-0.011,-0.198,0.003,-0.084,0.034,0.02,-0.015,0.128,0.477,0.074,0.261,0.013,0.038,0.077,0.056,0.015,0.049,0.305,-0.08,0.109,0.079,0.047,0.016,0.521,-0.027,-0.023,-0.016,-0.006,0.004,0.188,-0.008,-0.035,0.007,-0.003,-0.244,-0.005,-0.044,-0.022,-0.018,-0.112,0.007,-0.055,-0.03,-0.116,-0.039,0.044
287,Somatic mesoderm,E10.0,-0.002,-0.037,0.136,0.12,0.214,-0.046,0.358,0.233,-0.06,-0.039,-0.271,-0.13,-0.038,-0.125,-0.055,-0.158,-0.025,-0.035,-0.121,-0.042,-0.07,-0.201,-0.25,-0.203,-0.151,-0.027,-0.139,-0.015,0.166,0.037,-0.015,-0.216,-0.0,-0.105,0.04,0.014,-0.026,0.16,0.505,0.071,0.17,0.008,0.047,0.076,0.022,-0.054,0.083,0.385,-0.095,0.146,0.12,-0.214,0.044,0.836,-0.041,-0.062,-0.023,-0.041,-0.006,0.448,-0.008,-0.047,0.01,-0.005,-0.32,-0.008,-0.059,-0.033,-0.025,-0.173,-0.007,-0.05,-0.036,-0.143,-0.048,0.072
288,Somatic motor neuron,E9.0,-0.003,0.02,0.4,-0.113,-0.183,0.126,-0.118,-0.407,-0.086,0.059,0.29,0.952,0.187,-0.045,-0.068,-0.164,-0.042,-0.053,0.508,0.013,-0.051,-0.164,0.426,0.106,0.372,0.205,0.358,-0.023,0.005,-0.235,-0.032,-0.356,-0.092,-0.074,-0.005,-0.044,-0.05,-0.154,-0.27,-0.161,0.144,-0.028,-0.041,-0.144,-0.098,-0.012,-0.115,-0.363,-0.028,-0.13,-0.11,-0.209,-0.059,-0.169,-0.055,-0.037,-0.043,-0.377,-0.066,-0.266,-0.03,-0.075,-0.014,-0.01,0.023,-0.018,0.151,-0.041,-0.033,-0.276,-0.02,-0.226,-0.05,0.032,0.054,-0.111
289,Somatic motor neuron,E9.5,0.007,-0.025,0.408,-0.102,0.118,-0.052,0.161,-0.368,-0.063,0.077,0.299,1.182,0.178,-0.059,-0.078,-0.172,-0.047,-0.063,0.312,-0.069,-0.082,-0.206,0.388,0.282,0.838,1.317,0.498,-0.002,-0.043,-0.167,-0.028,-0.346,-0.099,-0.033,-0.018,-0.053,-0.057,-0.15,-0.274,-0.148,0.327,-0.025,-0.047,-0.183,-0.13,-0.083,-0.085,-0.297,-0.024,-0.141,-0.248,-0.028,-0.068,-0.061,-0.058,-0.074,-0.045,-0.383,-0.073,-0.209,-0.028,-0.098,-0.021,-0.012,-0.043,-0.017,-0.014,-0.052,-0.042,-0.255,-0.038,0.055,-0.036,0.09,0.181,-0.127
290,Somatic motor neuron,E10.0,0.008,-0.055,0.398,-0.114,0.155,-0.091,0.119,-0.427,-0.082,0.104,0.339,1.263,0.186,-0.067,-0.103,-0.22,-0.062,-0.083,0.298,-0.096,-0.109,-0.247,0.355,0.282,1.076,1.638,0.727,0.007,-0.059,-0.195,-0.036,-0.42,-0.128,0.007,-0.036,-0.071,-0.078,-0.179,-0.332,-0.188,0.23,-0.031,-0.062,-0.232,-0.179,-0.095,-0.079,-0.333,-0.083,-0.179,-0.31,-0.268,-0.091,-0.01,-0.081,-0.092,-0.063,-0.482,-0.092,-0.195,-0.033,-0.13,-0.028,-0.015,-0.084,-0.023,-0.051,-0.07,-0.059,-0.27,-0.051,0.083,-0.029,0.12,0.168,-0.161
291,Spinal cord,E8.0,0.06,0.235,0.12,-0.059,0.127,1.061,-0.037,0.096,-0.007,-0.004,0.04,-0.047,-0.009,-0.015,-0.032,0.051,-0.015,-0.018,0.038,0.006,-0.022,-0.033,-0.051,-0.364,0.278,-0.014,-0.048,0.004,0.118,-0.015,-0.016,-0.156,-0.034,-0.059,-0.012,-0.02,-0.022,-0.066,-0.162,-0.052,-0.073,-0.008,-0.021,-0.039,0.026,0.064,-0.063,-0.229,-0.111,-0.055,-0.219,-0.048,-0.037,-0.111,-0.033,-0.06,-0.023,-0.017,-0.038,0.011,0.034,0.045,0.023,0.004,0.365,0.098,0.242,0.0,-0.025,-0.085,-0.017,-0.03,0.017,-0.032,-0.035,-0.117
292,Spinal cord (cervical),E8.5,0.011,-0.064,0.276,-0.079,-0.192,0.25,-0.148,-0.21,-0.055,0.034,0.278,-0.012,-0.001,0.016,-0.034,0.118,-0.026,-0.003,0.282,0.04,0.035,0.125,-0.025,-0.181,0.241,-0.017,-0.043,0.022,0.409,0.418,-0.017,-0.076,-0.074,0.005,-0.013,-0.012,-0.023,-0.073,-0.249,-0.091,-0.062,-0.01,-0.022,0.035,0.029,0.114,-0.062,-0.282,-0.127,-0.088,-0.262,-0.133,-0.036,-0.155,-0.035,-0.005,-0.026,-0.092,-0.014,-0.154,0.015,-0.023,0.018,0.011,0.303,0.007,0.735,-0.02,-0.022,-0.247,-0.02,0.111,-0.003,-0.004,-0.045,-0.145
293,Spinal cord (cervical),E9.0,-0.001,-0.066,0.319,-0.069,-0.252,0.099,-0.183,-0.182,-0.061,0.031,0.345,0.028,-0.005,-0.003,-0.034,0.091,-0.024,-0.005,0.23,-0.012,0.074,0.058,0.094,0.172,0.091,-0.004,-0.072,0.019,0.289,0.385,-0.012,-0.001,-0.066,0.002,-0.027,-0.019,-0.022,-0.087,-0.23,-0.095,-0.06,-0.008,-0.027,0.034,0.023,0.046,-0.067,-0.29,-0.121,-0.085,-0.253,-0.111,-0.024,-0.149,-0.026,-0.046,-0.02,-0.241,-0.026,-0.141,-0.003,-0.037,0.005,-0.001,0.216,-0.002,0.436,-0.019,-0.016,-0.207,-0.017,-0.033,-0.028,-0.054,-0.034,-0.132
294,Spinal cord (cervical),E9.5,-0.012,-0.041,0.464,-0.056,-0.285,0.013,-0.111,-0.224,-0.042,0.038,0.457,0.156,-0.009,-0.013,-0.035,0.121,-0.018,-0.016,0.094,-0.029,0.28,0.044,0.365,0.546,0.008,0.027,0.067,-0.009,0.118,0.323,-0.011,0.402,-0.047,-0.017,-0.03,-0.026,-0.026,-0.111,-0.216,-0.111,-0.078,-0.009,-0.024,-0.084,-0.04,-0.042,-0.055,-0.299,-0.14,-0.09,-0.247,0.076,-0.034,-0.064,-0.01,-0.087,-0.02,-0.38,-0.037,-0.04,-0.019,-0.052,-0.001,-0.005,0.098,-0.004,0.062,-0.022,-0.016,-0.22,-0.018,-0.123,-0.034,-0.016,-0.025,-0.132
295,Spinal cord (cervical),E10.0,-0.023,-0.053,0.577,-0.072,-0.351,0.0,-0.153,-0.295,-0.044,0.053,0.545,0.192,-0.018,-0.001,-0.048,0.25,-0.01,-0.026,-0.011,-0.045,0.519,0.077,0.444,0.698,0.003,0.013,0.168,-0.019,0.039,0.279,-0.016,0.685,-0.046,-0.005,-0.047,-0.041,-0.043,-0.151,-0.265,-0.157,-0.125,-0.014,-0.035,-0.153,-0.08,-0.077,-0.043,-0.367,-0.187,-0.125,-0.309,-0.231,-0.052,-0.008,-0.019,-0.12,-0.03,-0.497,-0.053,0.133,-0.024,-0.073,-0.003,-0.008,0.075,-0.008,0.044,-0.034,-0.022,-0.265,-0.028,-0.137,-0.051,-0.034,-0.04,-0.176
296,Spinal cord (lumbar),E8.5,0.089,0.729,0.164,0.02,0.703,1.048,-0.2,0.412,0.18,0.005,0.104,-0.035,0.038,-0.162,-0.035,-0.008,-0.035,0.016,0.125,-0.018,-0.042,-0.029,-0.101,-0.555,0.174,-0.021,-0.21,-0.035,-0.002,-0.01,-0.012,-0.194,-0.073,-0.128,-0.017,-0.039,-0.032,-0.109,-0.236,-0.063,-0.104,-0.013,0.029,-0.18,0.106,0.15,-0.077,-0.297,-0.168,0.019,-0.133,-0.381,-0.047,-0.039,-0.041,-0.157,-0.024,-0.324,-0.055,-0.154,-0.005,0.014,-0.006,0.012,0.285,-0.013,-0.019,-0.029,-0.029,-0.396,-0.027,-0.134,-0.033,-0.102,-0.05,-0.1
297,Spinal cord (lumbar),E9.0,0.117,0.783,0.199,0.31,0.331,0.778,-0.182,0.554,0.111,-0.013,0.036,-0.06,-0.031,-0.09,-0.039,0.042,-0.022,-0.008,0.081,-0.032,-0.073,-0.07,-0.027,-0.378,0.029,0.022,-0.191,-0.006,-0.13,-0.123,-0.014,-0.089,-0.084,-0.07,-0.027,-0.022,-0.025,-0.079,-0.173,-0.051,-0.056,-0.01,0.011,-0.098,0.007,0.279,-0.065,-0.314,-0.161,-0.017,0.017,-0.159,-0.039,-0.148,-0.032,-0.109,-0.023,-0.251,-0.038,-0.151,-0.012,-0.008,-0.007,-0.004,0.301,-0.002,0.009,-0.019,0.01,-0.237,-0.021,-0.149,-0.03,-0.102,-0.051,-0.126
298,Spinal cord (lumbar),E9.5,0.034,0.195,0.305,0.324,-0.105,0.201,-0.135,-0.016,0.004,0.019,0.261,0.016,-0.022,-0.04,-0.036,0.051,-0.025,-0.011,0.152,-0.011,0.042,0.088,0.149,-0.041,-0.054,-0.017,-0.07,-0.009,-0.035,0.414,-0.01,0.063,-0.076,-0.006,-0.026,-0.017,-0.025,-0.075,-0.162,-0.077,-0.076,-0.01,-0.008,-0.097,0.032,0.027,-0.034,-0.298,-0.139,-0.059,-0.027,0.061,-0.033,-0.117,-0.028,-0.092,-0.019,-0.28,-0.006,-0.046,-0.006,-0.037,0.035,0.0,0.224,-0.002,0.237,-0.015,-0.006,0.072,-0.019,-0.141,-0.019,-0.016,-0.028,-0.135
299,Spinal cord (lumbar),E10.0,0.038,0.167,0.301,0.505,-0.148,0.199,-0.114,-0.006,0.016,0.027,0.288,0.022,-0.026,-0.053,-0.043,0.02,-0.034,-0.007,0.152,-0.015,0.062,0.117,0.21,-0.002,-0.093,-0.022,-0.053,-0.01,-0.08,0.384,-0.014,0.084,-0.098,0.011,-0.034,-0.029,-0.034,-0.097,-0.197,-0.102,-0.098,-0.014,-0.011,-0.138,0.061,0.026,-0.033,-0.344,-0.167,-0.072,-0.012,-0.211,-0.045,-0.148,-0.04,-0.119,-0.026,-0.302,0.003,0.193,-0.003,-0.047,0.028,-0.001,0.293,-0.005,0.26,-0.021,-0.012,-0.204,-0.027,-0.187,-0.045,-0.028,-0.031,-0.162
300,Spinal cord (sacral),E9.0,-0.011,0.3,-0.214,0.22,-0.063,0.008,-0.108,0.235,0.0,-0.03,0.053,-0.092,0.022,0.222,0.293,0.051,-0.015,-0.02,0.159,0.046,-0.03,-0.012,-0.077,-0.563,-0.035,-0.036,-0.108,-0.039,0.088,-0.306,0.204,-0.033,-0.12,-0.12,0.02,-0.018,-0.009,-0.05,-0.068,-0.047,-0.154,-0.032,-0.061,0.25,0.01,0.152,-0.068,-0.271,-0.093,0.003,0.003,-0.186,-0.053,-0.217,-0.043,-0.164,-0.036,0.009,-0.056,0.027,0.044,0.115,0.187,-0.018,0.284,-0.02,0.176,-0.054,0.268,-0.253,-0.032,-0.256,-0.059,-0.066,-0.066,0.098
301,Spinal cord (sacral),E9.5,0.086,0.518,0.185,0.87,0.075,0.5,0.029,0.273,0.025,-0.009,0.072,-0.034,-0.035,-0.105,-0.044,0.097,-0.026,-0.015,0.075,-0.024,-0.034,0.04,-0.088,-0.146,-0.049,-0.009,-0.139,-0.018,-0.112,0.04,-0.014,-0.076,-0.09,-0.044,-0.019,-0.019,-0.03,-0.059,-0.159,-0.067,-0.035,-0.013,0.009,-0.036,0.075,0.145,-0.031,-0.294,-0.136,-0.042,0.012,0.012,-0.048,-0.159,-0.039,-0.13,-0.024,-0.303,-0.025,0.224,-0.01,-0.033,0.006,0.001,0.278,-0.002,0.211,-0.016,0.009,0.102,-0.029,-0.121,-0.035,-0.019,-0.053,-0.136
302,Spinal cord (sacral),E10.0,0.103,0.506,0.21,0.943,0.112,0.535,0.057,0.304,0.05,-0.006,0.077,-0.045,-0.042,-0.134,-0.052,0.104,-0.032,-0.001,0.047,-0.032,-0.018,0.075,-0.039,-0.173,-0.077,-0.008,-0.174,-0.023,-0.145,0.013,-0.019,-0.019,-0.112,-0.033,-0.025,-0.034,-0.038,-0.079,-0.177,-0.092,-0.049,-0.017,0.005,-0.089,0.068,0.12,-0.033,-0.33,-0.162,-0.056,0.034,-0.239,-0.06,-0.19,-0.051,-0.167,-0.03,-0.357,-0.015,0.465,-0.01,-0.038,0.023,-0.001,0.322,-0.003,0.253,0.003,0.004,-0.149,-0.038,-0.18,-0.049,0.0,-0.062,-0.164
303,Spinal cord (thoracic),E8.5,0.095,0.626,0.204,-0.049,0.264,0.92,-0.195,0.268,0.079,-0.005,0.098,-0.039,-0.017,-0.041,-0.028,0.065,-0.016,-0.002,0.115,-0.015,-0.009,-0.048,-0.031,-0.436,0.283,0.018,-0.141,0.006,0.064,0.058,-0.014,-0.135,-0.068,-0.059,-0.018,-0.02,-0.021,-0.078,-0.191,-0.053,-0.086,-0.007,0.016,-0.075,0.061,0.296,-0.08,-0.288,-0.153,-0.01,-0.169,-0.106,-0.031,-0.15,-0.034,-0.094,-0.025,-0.168,-0.029,-0.168,0.005,-0.001,0.017,0.004,0.343,0.01,0.174,-0.015,-0.009,-0.273,-0.02,-0.131,0.011,-0.038,-0.05,-0.132
304,Spinal cord (thoracic),E9.0,0.048,0.294,0.287,-0.035,-0.011,0.402,-0.213,0.041,0.008,0.011,0.233,-0.012,-0.016,-0.036,-0.032,0.034,-0.023,-0.013,0.219,-0.009,0.009,0.012,0.061,-0.259,0.053,-0.004,-0.127,0.003,0.1,0.248,-0.011,-0.037,-0.073,-0.013,-0.027,-0.019,-0.024,-0.091,-0.197,-0.082,-0.079,-0.008,-0.005,-0.078,-0.004,0.127,-0.066,-0.307,-0.136,-0.053,-0.159,-0.127,-0.032,-0.143,-0.029,-0.081,-0.02,-0.235,-0.024,-0.171,-0.004,-0.022,0.031,-0.002,0.273,-0.003,0.233,-0.016,-0.008,-0.22,-0.019,-0.148,-0.012,-0.045,-0.04,-0.14
305,Spinal cord (thoracic),E9.5,0.01,0.076,0.292,-0.034,-0.235,0.032,-0.157,-0.139,-0.038,0.036,0.419,0.124,-0.011,-0.02,-0.035,0.021,-0.022,-0.023,0.257,-0.024,0.119,0.026,0.38,0.253,-0.052,0.014,-0.005,-0.001,0.113,0.319,-0.01,0.11,-0.069,-0.023,-0.033,-0.024,-0.025,-0.11,-0.211,-0.104,-0.071,-0.009,-0.017,-0.116,-0.058,-0.016,-0.045,-0.301,-0.133,-0.08,-0.176,0.069,-0.032,-0.08,-0.016,-0.085,-0.019,-0.353,-0.029,-0.135,-0.015,-0.048,0.013,-0.005,0.082,-0.005,0.033,-0.021,-0.012,-0.177,-0.017,-0.126,-0.02,0.004,-0.027,-0.127
306,Spinal cord (thoracic),E10.0,0.009,0.041,0.361,0.006,-0.296,0.012,-0.174,-0.187,-0.047,0.053,0.519,0.176,-0.018,-0.019,-0.05,0.038,-0.028,-0.034,0.217,-0.039,0.2,0.041,0.494,0.392,-0.07,0.018,0.069,-0.005,0.087,0.297,-0.014,0.191,-0.092,-0.027,-0.048,-0.037,-0.041,-0.145,-0.27,-0.148,-0.115,-0.014,-0.023,-0.182,-0.095,-0.03,-0.039,-0.368,-0.173,-0.114,-0.214,-0.232,-0.049,-0.05,-0.021,-0.117,-0.029,-0.472,-0.045,-0.096,-0.02,-0.07,0.004,-0.008,0.064,-0.008,0.02,-0.033,-0.017,-0.299,-0.026,-0.134,-0.036,-0.007,-0.036,-0.162
307,Spinal cord interneuron,E9.0,-0.003,-0.055,0.106,-0.119,-0.329,0.038,-0.345,-0.407,-0.016,0.083,0.421,0.702,0.127,0.021,-0.06,0.024,-0.032,0.025,0.284,-0.046,0.167,-0.036,0.603,0.183,0.245,0.002,0.41,-0.006,0.106,0.252,-0.024,0.094,-0.0,0.02,-0.011,-0.043,-0.049,-0.143,-0.241,-0.15,-0.059,-0.018,-0.031,-0.05,-0.097,-0.09,-0.102,-0.342,-0.049,-0.111,-0.129,-0.225,-0.049,-0.186,-0.052,-0.114,-0.029,-0.353,-0.056,-0.241,-0.027,-0.067,-0.019,-0.009,0.093,-0.008,0.098,-0.045,-0.03,-0.31,-0.028,-0.223,-0.08,0.02,0.031,-0.07
308,Spinal cord interneuron,E9.5,-0.024,-0.052,0.212,-0.122,-0.262,-0.06,-0.222,-0.389,0.007,0.099,0.425,0.96,0.249,0.007,-0.072,-0.052,0.022,0.043,0.098,-0.064,0.158,-0.103,0.351,0.341,0.659,0.135,0.789,-0.031,-0.013,0.217,-0.028,0.054,0.024,0.077,-0.021,-0.05,-0.059,-0.153,-0.227,-0.16,-0.048,-0.023,-0.028,-0.112,-0.128,-0.126,-0.089,-0.331,-0.007,-0.108,-0.162,-0.044,-0.073,-0.123,-0.055,-0.087,-0.04,-0.409,-0.072,-0.226,-0.032,-0.097,-0.021,-0.014,-0.071,-0.017,-0.044,-0.049,-0.039,-0.246,-0.04,-0.224,-0.067,0.123,0.251,-0.12
309,Spinal cord interneuron,E10.0,-0.031,-0.065,0.296,-0.146,-0.27,-0.08,-0.237,-0.459,-0.009,0.123,0.481,1.041,0.272,0.007,-0.093,-0.09,0.028,0.055,0.056,-0.083,0.181,-0.143,0.332,0.313,0.754,0.203,0.956,-0.038,-0.042,0.202,-0.035,0.031,0.024,0.162,-0.037,-0.067,-0.08,-0.197,-0.285,-0.206,-0.109,-0.026,-0.035,-0.172,-0.168,-0.148,-0.089,-0.396,-0.032,-0.142,-0.203,-0.289,-0.097,-0.089,-0.069,-0.08,-0.057,-0.505,-0.089,-0.237,-0.037,-0.128,-0.024,-0.019,-0.131,-0.023,-0.066,-0.054,-0.053,-0.246,-0.054,-0.257,-0.08,0.133,0.309,-0.16
310,Splanchnic mesoderm,E8.5,0.06,0.342,0.087,0.012,0.299,0.206,0.233,0.405,0.028,-0.044,-0.209,-0.103,-0.029,-0.114,-0.04,-0.119,-0.027,-0.036,-0.026,-0.032,-0.067,-0.143,-0.163,-0.168,-0.064,0.006,-0.167,-0.014,-0.011,-0.079,-0.014,-0.289,-0.048,-0.088,0.038,0.023,0.008,0.108,0.274,0.093,0.505,0.137,0.076,-0.0,0.133,0.395,-0.047,-0.049,-0.105,-0.042,-0.086,-0.141,-0.023,-0.11,-0.019,0.102,-0.017,-0.056,0.012,-0.142,0.002,-0.007,0.01,-0.003,-0.031,0.007,-0.021,-0.023,-0.015,-0.069,0.007,-0.051,-0.006,-0.155,-0.035,-0.019
311,Splanchnic mesoderm,E9.0,0.031,0.207,0.151,0.096,0.237,0.052,0.258,0.306,0.019,-0.041,-0.219,-0.11,-0.031,-0.118,-0.043,-0.128,-0.031,-0.038,-0.047,-0.024,-0.067,-0.144,-0.13,-0.102,-0.114,0.007,-0.164,-0.017,-0.025,-0.155,-0.015,-0.269,-0.031,-0.08,0.041,0.013,-0.005,0.135,0.311,0.091,0.564,0.206,0.074,0.015,0.061,0.301,-0.014,0.001,-0.093,-0.05,-0.062,-0.164,-0.032,-0.062,0.011,0.124,-0.018,-0.014,0.007,-0.119,0.003,0.002,0.0,-0.005,-0.052,-0.002,-0.028,-0.027,-0.013,-0.176,-0.007,-0.009,-0.02,-0.162,-0.035,-0.01
312,Splanchnic mesoderm,E9.5,0.007,-0.063,0.115,0.004,0.079,-0.054,0.236,0.042,0.008,-0.023,-0.204,-0.099,-0.024,-0.087,-0.025,-0.129,-0.036,-0.042,0.031,0.005,-0.055,-0.131,-0.116,-0.021,-0.129,-0.005,-0.101,-0.019,0.042,-0.226,-0.016,-0.254,0.044,-0.054,0.058,0.03,-0.011,0.152,0.33,0.055,0.366,0.263,0.124,0.116,0.011,0.126,0.056,0.115,-0.071,-0.034,-0.004,-0.004,-0.01,0.162,0.058,0.12,-0.018,0.019,0.015,0.333,0.012,-0.001,-0.003,-0.005,-0.132,-0.005,-0.037,-0.033,-0.018,-0.146,-0.002,0.203,-0.027,-0.146,-0.006,0.12
313,Splanchnic mesoderm,E10.0,0.008,-0.114,0.128,0.011,0.083,-0.075,0.271,0.021,-0.001,-0.021,-0.238,-0.123,-0.032,-0.095,-0.03,-0.161,-0.049,-0.054,0.003,0.014,-0.073,-0.141,-0.153,-0.062,-0.165,-0.016,-0.11,-0.024,0.034,-0.3,-0.023,-0.319,0.009,-0.064,0.067,0.016,-0.018,0.164,0.36,0.038,0.368,0.297,0.189,0.087,0.003,0.077,0.068,0.137,-0.113,-0.03,-0.004,-0.232,-0.001,0.237,0.074,0.052,-0.023,-0.041,0.018,0.606,0.016,-0.017,-0.005,-0.006,-0.199,-0.007,-0.048,-0.044,-0.023,-0.172,-0.007,0.287,-0.041,-0.169,-0.0,0.172
314,Surface ectoderm,E8.0,-0.001,0.024,-0.149,-0.063,-0.042,0.185,-0.141,0.223,-0.029,-0.031,-0.131,-0.072,-0.024,0.003,0.033,-0.042,-0.002,0.0,-0.111,-0.026,-0.053,-0.077,-0.169,-0.258,0.167,-0.01,-0.043,-0.017,-0.043,0.286,-0.017,-0.105,-0.064,-0.064,-0.01,-0.007,-0.019,-0.03,0.044,0.17,-0.017,-0.01,-0.01,0.012,0.03,0.194,-0.068,-0.195,-0.105,-0.013,-0.288,-0.069,-0.036,-0.105,-0.029,-0.033,-0.026,0.097,-0.03,-0.056,0.063,0.267,-0.012,-0.008,0.532,0.093,-0.011,0.241,0.084,0.187,0.163,0.042,-0.008,-0.002,-0.038,-0.099
315,Surface ectoderm,E8.5,0.018,0.162,-0.096,-0.052,-0.017,0.155,-0.218,0.352,0.029,-0.044,-0.165,-0.095,-0.037,-0.063,-0.034,-0.115,0.003,-0.013,-0.125,-0.034,-0.076,-0.076,-0.226,-0.418,-0.041,-0.021,-0.172,-0.025,-0.15,0.205,-0.022,-0.131,-0.088,-0.084,-0.009,-0.017,-0.029,-0.055,0.058,0.2,0.02,-0.015,-0.017,0.01,0.173,0.291,-0.088,-0.211,-0.098,-0.03,-0.251,-0.158,-0.05,-0.118,-0.018,0.041,-0.037,0.117,-0.031,-0.187,0.085,0.401,-0.008,-0.008,0.519,0.043,0.003,0.168,0.197,-0.112,0.227,0.261,-0.024,-0.029,-0.06,-0.105
316,Surface ectoderm,E9.0,-0.004,-0.046,-0.186,-0.074,-0.094,-0.013,-0.155,0.185,0.023,-0.037,-0.158,-0.109,-0.042,-0.009,-0.031,-0.124,-0.004,0.001,-0.158,-0.039,-0.079,-0.01,-0.202,-0.353,-0.129,-0.03,-0.221,-0.025,-0.119,0.18,-0.025,-0.166,-0.088,-0.073,-0.015,-0.008,-0.035,-0.035,0.098,0.139,0.098,-0.011,-0.015,0.011,0.057,0.237,-0.048,-0.2,-0.073,-0.003,-0.27,-0.172,-0.046,-0.098,-0.013,0.064,-0.038,0.207,-0.014,-0.135,0.1,0.399,0.002,-0.01,0.59,0.023,-0.018,0.08,0.304,-0.068,0.434,0.35,-0.033,-0.036,-0.061,-0.091
317,Surface ectoderm,E9.5,0.023,0.044,-0.129,-0.018,0.023,-0.063,-0.118,0.411,-0.03,-0.041,-0.195,-0.054,-0.049,-0.042,-0.071,-0.14,-0.018,0.004,-0.13,-0.051,-0.083,-0.077,-0.16,-0.455,-0.141,-0.016,-0.228,-0.021,-0.257,-0.174,-0.022,-0.297,-0.09,-0.112,0.004,-0.034,-0.037,-0.059,0.142,0.318,-0.113,-0.019,-0.044,-0.087,0.211,-0.073,-0.044,-0.218,-0.167,-0.056,-0.13,0.011,-0.033,0.081,0.231,-0.112,-0.034,0.27,-0.059,0.007,0.092,0.501,-0.012,-0.01,0.262,0.005,-0.047,0.343,0.002,0.913,0.013,0.945,-0.012,-0.025,-0.069,-0.072
318,Surface ectoderm,E10.0,0.032,0.061,-0.162,-0.019,0.123,-0.086,-0.05,0.527,-0.009,-0.046,-0.218,-0.061,-0.056,-0.021,-0.087,-0.169,-0.027,-0.005,-0.115,-0.057,-0.098,-0.088,-0.172,-0.546,-0.187,-0.001,-0.28,-0.022,-0.309,-0.241,-0.024,-0.355,-0.112,-0.134,-0.003,-0.048,-0.049,-0.075,0.143,0.286,-0.137,-0.025,-0.052,-0.149,0.159,-0.109,-0.05,-0.27,-0.205,-0.067,-0.13,-0.23,-0.037,0.098,0.29,-0.15,-0.04,0.353,-0.069,0.206,0.107,0.55,-0.011,-0.012,0.292,-0.004,-0.063,0.421,-0.005,0.56,0.024,1.042,-0.03,-0.018,-0.08,-0.094
319,Telencephalon,E8.5,-0.002,-0.059,-0.257,-0.088,-0.19,-0.026,-0.17,-0.261,0.055,0.034,0.153,-0.008,-0.017,0.426,0.558,0.128,0.222,0.052,0.024,-0.031,-0.066,0.081,0.021,-0.444,0.389,-0.009,0.078,0.021,0.566,-0.219,-0.008,-0.082,-0.033,0.045,-0.002,-0.022,-0.025,-0.071,-0.223,-0.074,-0.079,-0.015,0.019,-0.053,0.039,0.019,-0.067,-0.254,-0.087,0.002,-0.229,-0.135,-0.052,-0.115,-0.043,-0.054,-0.029,-0.096,-0.019,-0.173,0.033,-0.015,-0.017,-0.004,0.444,0.025,0.01,-0.007,-0.019,-0.253,-0.019,-0.157,-0.002,0.067,-0.042,-0.118
320,Telencephalon,E9.0,-0.0,-0.096,-0.253,-0.085,-0.219,-0.035,-0.197,-0.278,0.005,0.038,0.196,-0.02,-0.018,0.41,0.47,0.155,0.337,0.026,-0.016,-0.029,-0.048,0.201,0.094,-0.33,0.175,-0.009,0.003,0.046,0.419,-0.24,0.008,-0.091,-0.013,0.058,-0.019,-0.019,-0.029,-0.083,-0.194,-0.091,-0.093,-0.014,0.01,-0.062,-0.024,-0.019,-0.045,-0.275,-0.115,0.005,-0.247,-0.131,-0.048,-0.088,-0.035,-0.073,-0.027,-0.14,-0.025,-0.161,0.023,-0.03,-0.016,-0.005,0.38,0.005,0.001,-0.008,-0.017,-0.105,-0.022,-0.152,-0.02,0.049,-0.046,-0.1
321,Telencephalon,E9.5,-0.024,-0.13,-0.26,-0.082,-0.275,-0.061,-0.209,-0.255,-0.02,0.046,0.285,0.003,-0.018,0.325,0.428,0.279,0.391,-0.007,-0.055,-0.026,-0.004,0.378,0.115,0.112,0.029,-0.02,0.032,0.046,0.281,-0.255,0.083,-0.102,-0.022,0.05,-0.031,-0.022,-0.032,-0.093,-0.155,-0.099,-0.093,-0.014,-0.003,-0.116,-0.015,-0.063,-0.023,-0.291,-0.152,-0.027,-0.23,0.082,-0.046,0.014,-0.023,-0.114,-0.028,-0.282,-0.03,0.038,0.007,-0.042,-0.017,-0.006,0.311,-0.003,-0.033,-0.02,-0.022,0.085,-0.024,-0.153,-0.038,0.033,-0.038,-0.121
322,Telencephalon,E10.0,-0.035,-0.165,-0.318,-0.105,-0.329,-0.088,-0.236,-0.276,-0.037,0.067,0.338,0.022,-0.022,0.367,0.431,0.364,0.482,-0.013,-0.096,-0.032,0.004,0.481,0.136,0.171,0.012,-0.026,0.045,0.042,0.247,-0.337,0.108,-0.094,-0.042,0.054,-0.046,-0.036,-0.047,-0.122,-0.202,-0.135,-0.125,-0.019,-0.008,-0.163,-0.04,-0.085,-0.016,-0.347,-0.2,-0.056,-0.257,-0.225,-0.063,0.03,-0.029,-0.149,-0.037,-0.365,-0.043,0.294,0.005,-0.057,-0.024,-0.009,0.329,-0.006,-0.058,-0.026,-0.026,-0.036,-0.032,-0.168,-0.052,0.027,-0.045,-0.157
323,Trigeminal ganglion neuron,E9.5,-0.07,-0.138,-0.323,-0.094,-0.091,-0.074,-0.24,-0.277,-0.032,0.063,0.042,0.561,1.252,-0.083,-0.064,-0.14,-0.022,-0.059,-0.088,-0.069,-0.047,-0.184,-0.078,0.244,0.598,-0.015,0.47,-0.029,-0.16,-0.195,-0.033,-0.091,-0.104,-0.031,-0.004,-0.027,-0.056,-0.086,-0.165,-0.102,0.41,-0.028,-0.061,0.006,-0.046,-0.073,-0.043,-0.147,0.035,-0.025,-0.063,0.138,-0.077,-0.086,-0.06,-0.164,-0.05,0.003,-0.072,-0.074,-0.013,-0.071,-0.027,-0.016,0.008,-0.017,-0.052,-0.059,-0.047,0.063,-0.047,-0.166,0.15,0.528,0.525,-0.043
324,Trigeminal ganglion neuron,E10.0,-0.098,-0.203,-0.383,-0.135,-0.088,-0.137,-0.194,-0.377,-0.057,0.115,0.086,0.788,1.663,-0.128,-0.106,-0.193,0.012,-0.093,-0.148,-0.102,-0.055,-0.237,-0.175,0.237,1.069,0.014,0.956,-0.053,-0.204,-0.269,-0.047,-0.237,-0.152,-0.004,-0.01,-0.046,-0.088,-0.124,-0.235,-0.15,0.348,-0.043,-0.098,-0.086,-0.057,-0.079,-0.039,-0.206,0.023,-0.03,-0.176,-0.009,-0.114,-0.12,-0.099,-0.216,-0.078,-0.113,-0.117,0.0,-0.023,-0.113,-0.039,-0.026,-0.027,-0.027,-0.086,-0.091,-0.075,0.051,-0.072,-0.237,0.165,0.582,0.788,-0.105
325,Trigeminal placode,E9.0,-0.011,-0.134,-0.284,-0.106,-0.207,-0.029,-0.284,0.38,-0.007,-0.038,-0.171,-0.104,-0.045,-0.063,-0.065,-0.127,-0.024,-0.064,-0.181,-0.041,-0.082,0.019,-0.24,-0.339,0.01,-0.035,0.039,-0.037,-0.149,0.295,-0.026,0.486,-0.1,-0.102,-0.017,-0.015,-0.042,-0.028,-0.033,0.549,-0.123,-0.023,-0.038,0.181,0.031,0.24,-0.09,-0.23,-0.19,0.01,-0.326,-0.227,-0.07,0.011,-0.063,-0.109,-0.025,0.309,-0.068,-0.133,0.118,0.62,-0.012,-0.012,0.697,0.055,0.021,0.17,0.256,0.453,-0.012,0.434,-0.003,0.089,-0.068,-0.045
326,Trigeminal placode,E9.5,-0.018,-0.158,-0.236,-0.102,-0.256,-0.053,-0.17,0.302,-0.021,-0.041,-0.179,-0.111,-0.051,-0.085,-0.065,-0.138,-0.027,-0.072,-0.167,-0.03,-0.087,-0.038,-0.217,-0.267,-0.123,-0.04,-0.016,-0.043,-0.069,0.172,-0.027,0.111,-0.051,-0.092,-0.005,-0.011,-0.044,-0.016,-0.031,0.609,-0.11,-0.024,-0.044,0.143,0.026,0.128,-0.058,-0.214,-0.191,0.008,-0.263,0.039,-0.059,0.026,-0.025,-0.111,-0.019,0.407,-0.067,0.032,0.108,0.61,-0.012,-0.013,0.673,0.037,-0.019,0.031,0.185,1.111,-0.015,0.564,0.006,0.096,-0.063,-0.126
327,Trigeminal placode,E10.0,-0.027,-0.192,-0.273,-0.119,-0.302,-0.061,-0.159,0.411,-0.034,-0.054,-0.214,-0.126,-0.06,-0.105,-0.087,-0.172,-0.03,-0.088,-0.2,-0.015,-0.111,-0.057,-0.237,-0.249,-0.146,-0.049,-0.052,-0.052,-0.076,0.1,-0.036,0.093,-0.06,-0.112,-0.004,-0.021,-0.059,-0.017,-0.02,0.691,-0.147,-0.032,-0.061,0.155,0.015,0.138,-0.057,-0.257,-0.235,0.004,-0.297,-0.281,-0.065,0.02,-0.011,-0.147,-0.017,0.477,-0.087,0.189,0.137,0.688,-0.015,-0.018,0.765,0.032,-0.043,0.011,0.165,1.089,-0.022,0.673,0.005,0.127,-0.07,-0.178
328,Trigeminal sensory neuron,E9.0,-0.028,-0.11,-0.297,-0.104,0.092,-0.062,-0.163,-0.165,0.274,-0.002,-0.065,0.281,0.524,0.053,-0.015,-0.144,-0.052,-0.054,-0.17,-0.052,-0.07,-0.128,0.17,-0.169,-0.043,-0.034,-0.016,-0.024,-0.221,0.518,-0.024,0.433,-0.094,-0.062,0.024,-0.018,-0.046,-0.104,-0.077,0.024,0.272,-0.021,-0.036,0.162,-0.049,0.068,-0.031,-0.154,0.01,-0.028,-0.224,-0.216,-0.061,-0.088,-0.062,-0.123,-0.043,0.278,-0.061,-0.113,0.063,0.173,-0.018,-0.013,0.245,0.003,-0.022,0.023,0.229,-0.0,0.02,-0.023,0.025,0.224,0.286,-0.078
329,Trigeminal sensory neuron,E9.5,-0.049,-0.146,-0.252,-0.107,0.005,-0.082,-0.144,-0.256,0.163,0.036,0.02,0.561,1.212,0.024,-0.051,-0.154,-0.012,-0.063,-0.137,-0.066,-0.057,-0.081,-0.02,0.199,0.53,-0.022,0.516,-0.034,-0.184,0.411,-0.024,0.085,-0.092,-0.052,0.006,-0.019,-0.059,-0.114,-0.126,-0.034,0.414,-0.027,-0.056,0.066,-0.023,0.002,-0.002,-0.149,0.041,0.009,-0.138,0.132,-0.079,-0.104,-0.067,-0.145,-0.045,0.078,-0.083,-0.039,0.031,-0.018,-0.026,-0.015,0.051,-0.015,-0.052,-0.049,0.06,0.138,-0.049,-0.093,0.052,0.373,0.42,-0.119
330,Trigeminal sensory neuron,E10.0,-0.07,-0.196,-0.305,-0.139,0.001,-0.116,-0.148,-0.357,0.127,0.066,0.054,0.752,1.572,-0.014,-0.087,-0.2,0.012,-0.088,-0.189,-0.094,-0.075,-0.198,-0.096,0.253,0.908,0.002,0.903,-0.048,-0.211,0.382,-0.031,-0.03,-0.11,-0.044,-0.005,-0.032,-0.083,-0.155,-0.193,-0.087,0.368,-0.037,-0.086,-0.017,-0.03,0.033,-0.009,-0.209,0.029,-0.001,-0.201,-0.046,-0.107,-0.138,-0.095,-0.177,-0.064,-0.011,-0.111,-0.061,0.023,-0.065,-0.034,-0.021,-0.002,-0.022,-0.082,-0.076,0.008,0.034,-0.069,-0.136,0.071,0.46,0.622,-0.149
331,Trunk neural crest,E8.5,0.035,0.114,0.113,-0.074,0.184,0.293,-0.139,-0.03,-0.032,0.011,-0.028,-0.065,-0.008,-0.052,-0.02,0.311,-0.012,-0.001,-0.065,0.014,0.027,-0.013,-0.199,-0.162,0.246,-0.005,-0.099,0.004,-0.057,-0.004,-0.018,0.575,-0.074,-0.022,0.006,0.003,-0.019,-0.003,-0.101,0.047,-0.088,-0.015,0.001,0.234,0.074,0.018,-0.068,-0.153,-0.15,-0.066,-0.217,-0.143,-0.04,-0.097,-0.024,0.055,-0.023,-0.204,-0.019,-0.188,0.014,-0.003,0.025,0.004,0.236,0.008,0.526,0.123,-0.026,-0.148,-0.01,-0.054,0.196,0.375,-0.043,-0.099
332,Trunk neural crest,E9.0,0.0,0.08,0.173,-0.06,0.167,0.167,-0.19,-0.049,-0.052,-0.004,-0.022,-0.069,-0.008,-0.032,-0.033,0.188,-0.027,-0.027,-0.058,-0.019,0.1,-0.006,-0.171,0.224,0.055,-0.021,-0.168,0.012,-0.054,-0.098,-0.019,0.473,-0.074,-0.018,-0.024,-0.019,-0.022,-0.037,-0.135,-0.057,-0.083,-0.014,-0.03,0.001,0.014,-0.053,-0.043,-0.092,-0.127,-0.076,-0.122,-0.116,-0.018,-0.057,-0.032,0.089,0.03,-0.189,-0.037,-0.171,-0.001,-0.036,0.003,-0.003,0.099,0.002,0.529,0.017,-0.021,-0.052,-0.021,-0.142,0.224,0.719,0.081,0.083
333,Trunk neural crest,E9.5,-0.008,0.053,0.088,-0.035,0.087,0.052,-0.148,0.016,-0.063,-0.011,-0.054,0.011,0.013,-0.055,-0.034,-0.077,-0.027,-0.012,0.028,-0.034,0.048,-0.102,-0.046,0.606,-0.018,-0.016,-0.164,0.017,-0.142,-0.164,-0.013,0.169,-0.066,-0.043,-0.016,-0.018,-0.017,-0.018,-0.113,-0.058,0.035,-0.011,-0.026,0.052,-0.056,-0.053,-0.027,-0.056,-0.08,-0.067,0.027,0.116,-0.025,-0.071,0.013,-0.019,0.021,-0.036,-0.028,-0.109,-0.015,-0.038,-0.011,-0.004,-0.091,-0.005,0.059,-0.018,-0.013,-0.034,-0.017,-0.097,0.266,0.905,0.357,0.326
334,Trunk neural crest,E10.0,-0.007,0.014,0.074,-0.034,0.091,0.015,-0.134,0.048,-0.084,-0.01,-0.05,0.02,0.014,-0.069,-0.046,-0.119,-0.038,0.002,0.052,-0.046,0.046,-0.12,-0.028,0.765,-0.055,-0.019,-0.192,0.015,-0.172,-0.237,-0.017,0.101,-0.089,-0.067,-0.015,-0.028,-0.031,-0.015,-0.158,-0.086,0.016,-0.016,-0.035,0.051,-0.091,-0.062,-0.017,-0.092,-0.098,-0.09,0.05,-0.141,-0.03,-0.092,0.027,-0.074,0.007,0.061,-0.04,-0.017,-0.021,-0.047,-0.015,-0.006,-0.156,-0.009,0.006,-0.029,-0.018,-0.156,-0.024,-0.035,0.355,1.061,0.599,0.411
335,Vagal neural crest,E8.5,-0.011,-0.049,0.011,-0.071,0.145,0.104,-0.186,-0.059,-0.058,0.009,-0.062,-0.069,-0.014,-0.024,-0.022,0.205,-0.024,-0.023,-0.077,-0.015,0.121,0.01,-0.187,0.083,0.208,-0.019,-0.133,0.017,0.088,0.084,-0.017,0.336,-0.059,0.032,-0.003,-0.004,-0.011,-0.024,-0.14,-0.02,-0.063,-0.012,-0.023,0.041,0.131,-0.037,-0.05,-0.044,-0.121,-0.079,-0.211,-0.094,-0.027,-0.074,-0.006,0.14,0.03,-0.155,-0.02,-0.156,0.009,-0.027,-0.004,0.003,0.169,0.023,0.633,-0.008,-0.021,-0.071,-0.017,-0.051,0.208,0.684,-0.006,0.082
336,Vagal neural crest,E9.0,-0.016,-0.07,0.096,-0.064,0.188,0.09,-0.198,-0.0,-0.071,-0.008,-0.093,-0.069,-0.013,-0.042,-0.034,-0.004,-0.028,-0.027,-0.034,-0.028,0.04,-0.082,-0.165,0.45,0.107,-0.016,-0.172,0.028,-0.017,-0.04,-0.018,0.186,-0.053,0.012,-0.024,-0.01,-0.006,-0.02,-0.137,-0.045,-0.048,-0.011,-0.029,0.111,0.001,-0.069,-0.054,0.017,-0.072,-0.075,-0.125,-0.093,-0.009,-0.063,0.026,0.038,0.044,-0.174,-0.027,-0.151,-0.005,-0.033,-0.006,-0.003,0.016,0.004,0.321,-0.021,-0.017,-0.179,-0.015,-0.05,0.228,0.782,0.104,0.432
337,Vagal neural crest,E9.5,-0.01,-0.061,0.103,-0.05,0.068,0.013,-0.106,-0.01,-0.069,-0.01,-0.051,-0.02,-0.011,-0.05,-0.035,-0.088,-0.029,-0.001,0.085,-0.038,0.068,-0.089,-0.13,0.784,-0.022,-0.016,-0.144,0.018,-0.132,-0.191,-0.013,0.08,-0.064,-0.044,-0.012,-0.019,-0.02,-0.004,-0.126,-0.067,-0.008,-0.01,-0.028,0.052,-0.062,-0.071,-0.022,-0.051,-0.08,-0.073,-0.038,0.092,-0.021,-0.094,0.078,-0.065,0.014,0.021,-0.03,-0.063,-0.017,-0.035,-0.01,-0.004,-0.149,-0.007,0.023,-0.024,-0.018,-0.083,-0.019,0.083,0.325,1.063,0.556,0.455
338,Vagal neural crest,E10.0,-0.009,-0.1,0.088,-0.064,0.054,-0.019,-0.055,0.04,-0.091,-0.01,-0.034,-0.023,-0.014,-0.063,-0.047,-0.135,-0.043,0.013,0.11,-0.052,0.073,-0.096,-0.094,1.012,-0.052,-0.022,-0.152,0.027,-0.153,-0.271,-0.018,0.026,-0.097,-0.071,-0.011,-0.031,-0.037,0.001,-0.187,-0.092,-0.043,-0.018,-0.038,0.036,-0.101,-0.093,-0.013,-0.086,-0.11,-0.105,-0.042,-0.173,-0.016,-0.11,0.082,-0.112,0.006,0.187,-0.041,0.129,-0.025,-0.048,-0.013,-0.007,-0.201,-0.011,-0.014,-0.035,-0.025,-0.23,-0.027,0.184,0.436,1.252,0.892,0.574
339,Visceral endoderm,E7.5,-0.022,-0.04,-0.304,-0.1,0.04,-0.081,0.093,0.012,0.036,-0.103,-0.225,-0.146,-0.031,-0.102,-0.044,-0.111,-0.047,-0.05,-0.162,0.004,-0.102,-0.08,-0.143,-0.395,-0.063,-0.037,-0.244,-0.044,-0.187,-0.17,-0.059,-0.288,-0.107,-0.083,0.012,-0.042,0.007,0.035,0.024,-0.002,-0.104,-0.045,-0.033,-0.154,-0.021,0.008,-0.115,-0.21,-0.108,-0.073,-0.257,-0.087,-0.017,-0.056,-0.061,0.049,-0.061,0.446,-0.085,-0.183,0.04,0.152,0.394,0.527,0.78,0.1,0.537,-0.052,-0.017,0.05,0.069,0.073,0.013,0.027,-0.067,-0.179
340,Visceral endoderm,E8.0,-0.02,-0.042,-0.272,-0.088,0.069,-0.061,0.125,0.055,0.0,-0.092,-0.206,-0.132,-0.029,-0.087,-0.032,-0.101,-0.05,-0.054,-0.146,0.027,-0.089,-0.044,-0.112,-0.342,-0.047,-0.036,-0.212,-0.047,-0.147,-0.183,-0.057,-0.257,-0.096,-0.082,0.002,-0.038,-0.001,0.05,0.102,0.036,-0.095,-0.042,-0.042,-0.128,-0.052,0.003,-0.104,-0.192,-0.083,-0.08,-0.24,-0.11,-0.019,-0.055,-0.056,-0.006,-0.057,0.469,-0.073,-0.174,0.048,0.173,0.369,0.673,0.733,0.135,0.572,-0.047,-0.015,-0.147,0.05,0.118,0.01,0.047,-0.049,-0.158
341,Visceral endoderm,E8.5,-0.037,-0.074,-0.281,-0.097,0.074,-0.09,0.11,0.074,-0.011,-0.103,-0.213,-0.139,-0.028,-0.088,-0.037,-0.113,-0.051,-0.063,-0.153,0.011,-0.101,-0.021,-0.161,-0.347,-0.09,-0.051,-0.221,-0.055,-0.203,-0.162,-0.073,-0.275,-0.103,-0.097,0.01,-0.031,0.0,0.076,0.032,0.085,-0.069,-0.049,-0.035,-0.113,-0.037,0.034,-0.113,-0.184,-0.087,-0.056,-0.228,-0.128,-0.047,-0.053,-0.061,-0.023,-0.068,0.385,-0.082,-0.184,0.045,0.218,0.532,0.935,0.718,0.088,0.533,-0.061,-0.028,-0.151,0.088,-0.008,-0.002,0.029,-0.055,-0.161
342,Visceral endoderm,E9.0,-0.051,-0.088,-0.287,-0.093,0.027,-0.092,0.121,0.127,-0.011,-0.102,-0.214,-0.137,-0.032,-0.09,-0.037,-0.111,-0.054,-0.067,-0.151,0.035,-0.102,-0.001,-0.139,-0.334,-0.068,-0.054,-0.236,-0.048,-0.216,-0.148,-0.073,-0.262,-0.106,-0.103,0.005,-0.036,-0.011,0.095,0.033,0.114,-0.082,-0.048,-0.047,-0.135,-0.048,0.067,-0.114,-0.193,-0.087,-0.063,-0.244,-0.12,-0.043,-0.049,-0.063,-0.004,-0.068,0.558,-0.083,-0.187,0.054,0.252,0.516,0.967,0.707,0.106,0.563,-0.064,-0.028,-0.157,0.08,-0.029,-0.012,0.02,-0.059,-0.174
343,Visceral endoderm,E9.5,-0.036,-0.09,-0.269,-0.094,-0.137,-0.13,0.142,-0.028,-0.089,-0.106,-0.21,-0.136,-0.049,-0.064,-0.02,-0.053,-0.087,-0.092,-0.188,0.088,-0.109,0.127,-0.108,-0.317,0.018,-0.07,-0.276,-0.071,-0.233,-0.268,-0.08,-0.259,-0.117,-0.073,0.045,-0.035,-0.009,0.161,0.048,0.158,-0.071,-0.06,-0.063,-0.221,0.093,0.042,-0.144,-0.238,-0.132,-0.071,-0.201,0.033,-0.026,0.189,-0.063,-0.001,-0.053,0.646,-0.095,-0.253,0.043,0.3,0.551,1.301,0.61,0.065,0.584,-0.078,-0.023,-0.182,0.394,-0.001,0.025,0.032,0.075,-0.129
344,Visceral endoderm,E10.0,-0.064,-0.134,-0.321,-0.117,-0.052,-0.075,0.308,0.039,-0.031,-0.135,-0.27,-0.179,-0.015,-0.157,-0.074,-0.113,-0.07,-0.083,-0.238,0.222,-0.151,0.034,-0.254,-0.46,-0.041,-0.078,-0.332,-0.083,-0.359,-0.272,-0.092,-0.349,-0.153,-0.142,0.008,-0.066,-0.025,0.083,0.047,0.119,-0.141,-0.065,-0.069,-0.275,0.026,-0.069,-0.122,-0.273,-0.166,-0.088,-0.415,-0.178,-0.05,0.019,-0.042,0.138,-0.097,0.497,-0.114,-0.249,0.071,0.318,0.431,1.292,0.588,0.103,0.511,-0.091,0.074,-0.003,0.171,0.168,0.018,-0.079,-0.087,-0.232
